id,series_title,issue_number,publisher,release_year,variant_name,created_by
8bc6e7e5-e94a-471f-80b1-1d83e59ca64d,Amazing Spider-Man,1,Marvel,2008,,
1b579106-6544-4fab-bbab-e37d608269a2,Amazing Spider-Man,2,Marvel,2007,,
b3948504-457e-409a-857d-fa67db7045d2,Amazing Spider-Man,3,Marvel,2008,,
eddae66f-3ed0-4cd3-af95-b0449404bd87,Amazing Spider-Man,4,Marvel,1977,,
c1cca7c8-aad7-4dd1-9cfb-c3241d3c8b6f,Amazing Spider-Man,5,Marvel,2005,,
a7d88278-a0c2-4800-a344-fd35c4e16cfc,Amazing Spider-Man,6,Marvel,2004,,
f4c9e699-7603-4ac2-85ee-20e60d70d0e3,Amazing Spider-Man,7,Marvel,1999,,
e99da729-b60c-4b73-b318-612fc8cd999e,Amazing Spider-Man,8,Marvel,1989,,
390ba544-76e3-4840-9625-7786170f335b,Amazing Spider-Man,9,Marvel,1960,,
f10caced-33b9-45eb-b9d6-3748438e653c,Amazing Spider-Man,10,Marvel,2003,,
f4bc3c53-80c8-48bc-ad43-86c1b22d7c9d,Amazing Spider-Man,11,Marvel,1964,,
ba09704c-48c6-4f36-9a0e-b6545226ca68,Amazing Spider-Man,12,Marvel,1975,,
81bddd0d-7a59-4caa-b9ea-16b92bcd027e,Amazing Spider-Man,13,Marvel,2014,,
95c33b00-eccb-464c-8e9d-01fd7ebcceb4,Amazing Spider-Man,14,Marvel,1997,,
1c1c3ab3-75c8-4aa8-9ae1-21ba27279f1a,Amazing Spider-Man,15,Marvel,2019,,
05f4bdbd-dd57-4c57-b6cd-eba4cd880f82,Amazing Spider-Man,16,Marvel,1988,,
ff13c244-2809-4bc3-890e-4abd884cf339,Amazing Spider-Man,17,Marvel,1963,,
2b617b4b-ed61-45c7-82e9-1aac24a9d58f,Amazing Spider-Man,18,Marvel,2024,,
e6635a89-db1c-4009-b8f3-7808440e6627,Amazing Spider-Man,19,Marvel,2012,,
49b0c2a5-6135-4c58-ac13-d01a6d36a70d,Amazing Spider-Man,20,Marvel,1986,,
72239525-8d91-425c-b168-42aebca85f74,Amazing Spider-Man,21,Marvel,2019,,
d1fa1958-f6ec-4a64-b2be-e4dd004e7b80,Amazing Spider-Man,22,Marvel,1967,,
07e2ca65-87f7-4efa-9cd3-12ec61e58566,Amazing Spider-Man,23,Marvel,1986,,
d02a603e-ee9f-434f-9a27-9106cac67e8c,Amazing Spider-Man,24,Marvel,1994,,
ddf888bc-1297-4fa3-9e8f-8de5a0ecd939,Amazing Spider-Man,25,Marvel,2022,,
6d02d041-9df6-42a4-ae0b-0c06afb328d9,Amazing Spider-Man,26,Marvel,2007,,
54cdb2f1-a82a-47c0-b939-953d192c8dab,Amazing Spider-Man,27,Marvel,1990,,
cf9d2f83-9942-4452-a6b6-71f5dbfa6ce1,Amazing Spider-Man,28,Marvel,2003,,
626cd935-a34d-43ef-bbb6-64589cf4fc8f,Amazing Spider-Man,29,Marvel,1972,,
30fd4144-295e-42ab-9b55-8207c04dc1ea,Amazing Spider-Man,30,Marvel,1981,,
8ab9a74f-c5f7-4d1c-af76-b6f1ca71591c,Amazing Spider-Man,31,Marvel,1970,,
4216eb19-fce2-4bba-9400-c47ea0d661e3,Amazing Spider-Man,32,Marvel,2004,,
553039d9-3bff-48dd-b951-60ce57aad93a,Amazing Spider-Man,33,Marvel,2007,,
ac485c59-f407-466d-8160-b3c6e7de9119,Amazing Spider-Man,34,Marvel,1983,,
692f96df-f753-4744-8c6e-b957b57be93a,Amazing Spider-Man,35,Marvel,1983,,
dbb9f02d-24a8-4ea2-94ff-b632b3fc38e5,Amazing Spider-Man,36,Marvel,2024,,
6de67810-e480-4cf0-a0da-cb25f3680605,Amazing Spider-Man,37,Marvel,1961,,
5d3c2c7f-053a-48b1-9c67-2ad563c0771d,Amazing Spider-Man,38,Marvel,1972,,
17662412-ff04-47a4-89f9-eff2e88608ac,Amazing Spider-Man,39,Marvel,1991,,
39ba12b9-5a24-48d4-a972-7c85742fbecf,Amazing Spider-Man,40,Marvel,1960,,
91a6561b-aa12-46d5-9a45-644d9a429738,Amazing Spider-Man,41,Marvel,2024,,
ea5efb41-1cee-42de-aeed-e796bb9eab5a,Amazing Spider-Man,42,Marvel,1971,,
ebf5623d-5a34-4e14-8c59-b3ba160c40b3,Amazing Spider-Man,43,Marvel,2020,,
d7d6054f-dba4-4410-9eb5-0b2d9961a334,Amazing Spider-Man,44,Marvel,1997,,
424d03dd-5db9-4864-a90c-498003f98118,Amazing Spider-Man,45,Marvel,2006,,
2f28dddd-d480-42de-9e8c-6821ffac9cbf,Amazing Spider-Man,46,Marvel,1977,,
e34154ed-dd10-45ab-b915-315a1719b07d,Amazing Spider-Man,47,Marvel,1989,,
98691fb8-0eca-4786-b0b8-867efb1af1d2,Amazing Spider-Man,48,Marvel,1985,,
f81538ff-53bd-4bd6-9954-515c336684fb,Amazing Spider-Man,49,Marvel,2014,,
66edf673-0275-4f93-89f2-7bc910e60c67,Amazing Spider-Man,50,Marvel,1982,,
1b116d58-e8df-4fdf-a0cd-a63b7019f373,Amazing Spider-Man,51,Marvel,1980,,
14ca235e-f306-4b88-bc85-a8c24fa2b710,Amazing Spider-Man,52,Marvel,1990,,
18ed3196-ec7e-41fc-8e0d-1baa0870bc75,Amazing Spider-Man,53,Marvel,2015,,
6e86d79c-d9c8-43cf-b168-0c9723980b97,Amazing Spider-Man,54,Marvel,2020,,
9894e343-566a-4c56-978e-6065bdaaa895,Amazing Spider-Man,55,Marvel,1967,,
8e8811a0-535f-4be4-8168-e6aa2ac58549,Amazing Spider-Man,56,Marvel,1992,,
a6234b9c-5b88-43d5-9845-a178dd55e4e4,Amazing Spider-Man,57,Marvel,1987,,
fcd2473e-6b63-4663-bc6b-2e6932945b70,Amazing Spider-Man,58,Marvel,2008,,
6986cf67-30f3-4733-b213-ad4f6e9e2a12,Amazing Spider-Man,59,Marvel,1983,,
fc76271d-db6b-4b3f-b3b8-d025154bdb79,Amazing Spider-Man,60,Marvel,2004,,
89f0675b-e2df-488b-a358-bfd0ac2abc8f,Amazing Spider-Man,61,Marvel,1999,,
9c623a13-e886-4fd9-b7ef-c73a9740096b,Amazing Spider-Man,62,Marvel,2010,,
b3382f8d-3d3d-4110-a906-eddc14406f82,Amazing Spider-Man,63,Marvel,1972,,
cf75d4aa-186d-4b4d-8a0c-e2aebe041291,Amazing Spider-Man,64,Marvel,1980,,
f121fae9-6948-459f-83b5-3df7acedb4a2,Amazing Spider-Man,65,Marvel,1997,,
65410fb9-9ee7-4620-a745-b90183817b26,Amazing Spider-Man,66,Marvel,2005,,
35737a38-59c7-4fad-bcf2-d6ea24f3ee43,Amazing Spider-Man,67,Marvel,1985,,
95145d17-2673-4055-a67f-d9b3ba8732a2,Amazing Spider-Man,68,Marvel,2008,,
e87ebfc6-e5b5-42e5-aee3-87b44e97c5d0,Amazing Spider-Man,69,Marvel,1986,,
ab2ef185-0765-42a4-aa84-4b1e0698892e,Amazing Spider-Man,70,Marvel,1992,,
63335192-a945-4b3a-a952-d9c6a124106a,Amazing Spider-Man,71,Marvel,2022,,
13eef753-a340-4a5e-a582-e5ebb6d8bf1b,Amazing Spider-Man,72,Marvel,1972,,
e93a517f-2af8-4711-b0dd-8c1fc6d17b7e,Amazing Spider-Man,73,Marvel,2017,,
891da32b-b83d-465e-a92f-1509f1c6c4c0,Amazing Spider-Man,74,Marvel,2006,,
ae354bb1-5e61-46ca-b268-f7e2bc5f78d1,Amazing Spider-Man,75,Marvel,2015,,
a8170f50-9eff-4d84-9999-45cd94a0b5f7,Amazing Spider-Man,76,Marvel,1974,,
3f13e746-900d-439b-897f-49afeb4b855f,Amazing Spider-Man,77,Marvel,1994,,
af39ffe5-b12f-4a52-8bf8-c8047fcf788b,Amazing Spider-Man,78,Marvel,1961,,
49d0d52f-6854-43eb-858c-30d92938f109,Amazing Spider-Man,79,Marvel,1977,,
592b32e7-0a40-4da3-87b8-d8d64cae8d61,Amazing Spider-Man,80,Marvel,2017,,
c3893217-7dca-4a94-bca7-348e79c9894b,Amazing Spider-Man,81,Marvel,1987,,
be411bed-12aa-4eae-bd3e-47b6f51f6a5f,Amazing Spider-Man,82,Marvel,1996,,
d1cad20d-9873-48b9-bbec-32086fef67dc,Amazing Spider-Man,83,Marvel,2024,,
efbbfba5-bea1-4451-b53b-5f483b196b38,Amazing Spider-Man,84,Marvel,1981,,
5fb0fe23-9019-42b7-a5c6-6a19b53f9049,Amazing Spider-Man,85,Marvel,1981,,
9fe5998f-d897-41f8-94c7-a80585a653be,Amazing Spider-Man,86,Marvel,2016,,
126c5623-6a12-4316-bd63-bab378de2670,Amazing Spider-Man,87,Marvel,1985,,
bbdad9b0-5d15-461c-a7f9-fa1972bb6c1a,Amazing Spider-Man,88,Marvel,1977,,
0a42a8d6-a474-4a96-bea8-65a29b20aee1,Amazing Spider-Man,89,Marvel,1980,,
3bc42e35-6d1e-4246-b622-fff328758ebe,Amazing Spider-Man,90,Marvel,1975,,
62b593f0-4fe5-4868-a9af-b73ca396fbdb,Amazing Spider-Man,91,Marvel,1999,,
3cb7a840-10ec-4995-82f3-5d99c847e786,Amazing Spider-Man,92,Marvel,2009,,
3ac844f7-3491-4563-b382-9f186c659671,Amazing Spider-Man,93,Marvel,2016,,
3d5c0739-1cc0-43f0-a8d4-7f24768e0fd4,Amazing Spider-Man,94,Marvel,1972,,
42ab99ce-8341-4dd8-8519-76aa1bcc10b6,Amazing Spider-Man,95,Marvel,1992,,
013647ce-6311-4255-903a-f3f62ef6b794,Amazing Spider-Man,96,Marvel,2024,,
c34b48d0-1dde-4634-89e2-cb7187624084,Amazing Spider-Man,97,Marvel,1960,,
d20140b6-33d2-49e9-a459-f99e17860837,Amazing Spider-Man,98,Marvel,1974,,
7a1e90ea-946d-4653-99c8-c3e1e89a838a,Amazing Spider-Man,99,Marvel,2008,,
3aa18a8a-ccde-46bf-90fe-b3eead5b8769,Amazing Spider-Man,100,Marvel,2017,,
841c8e6e-fef4-47a0-a60f-72ceadb4f732,Amazing Spider-Man,101,Marvel,2014,,
13cb6736-9bb5-4fd2-949c-17548b8d526e,Amazing Spider-Man,102,Marvel,1972,,
c5b9896b-0844-42ac-b431-66f2431e3fc7,Amazing Spider-Man,103,Marvel,1995,,
52268bf8-1d1a-4d9f-adae-e8f9f448e53a,Amazing Spider-Man,104,Marvel,2010,,
6739c031-3483-4fca-9079-292b65873dda,Amazing Spider-Man,105,Marvel,1996,,
ac46dfef-eb7d-48dc-9e98-eced4138fa8d,Amazing Spider-Man,106,Marvel,2012,,
7f04db39-fc69-4304-87cc-3f7b035f7876,Amazing Spider-Man,107,Marvel,2023,,
f8d5b17a-bb50-4025-8df0-712febd246c2,Amazing Spider-Man,108,Marvel,1972,,
e42ca0bc-c6e3-4360-984f-dc39621d2bb2,Amazing Spider-Man,109,Marvel,2009,,
3977486d-9ae0-4335-859a-358c3dcd34f7,Amazing Spider-Man,110,Marvel,1988,,
87afb94e-227f-448d-9d39-0532b1d42b15,Amazing Spider-Man,111,Marvel,2014,,
0d162878-ae8a-475f-ae3e-a2cdade32684,Amazing Spider-Man,112,Marvel,2015,,
73ee6476-0800-423c-ada1-fe166ef2d110,Amazing Spider-Man,113,Marvel,1992,,
bb6e3714-5b72-4a2f-808f-ff163ef84faf,Amazing Spider-Man,114,Marvel,1999,,
0353de39-82b9-4b25-b640-fb7b88595d5f,Amazing Spider-Man,115,Marvel,1993,,
d8243e2c-27f6-453a-a047-776d36f19af3,Amazing Spider-Man,116,Marvel,1984,,
1ac01b01-3d34-473e-b982-a30329ab92dd,Amazing Spider-Man,117,Marvel,1960,,
6465cf47-0f52-4e99-8ea1-1afa7dff59eb,Amazing Spider-Man,118,Marvel,2004,,
008475d4-c579-431a-8abe-81e273cbbb85,Amazing Spider-Man,119,Marvel,1966,,
69291375-b196-48cc-9c58-744e35eb62df,Amazing Spider-Man,120,Marvel,2018,,
de5f3065-bffd-4292-9eec-2d43cae1dd72,Amazing Spider-Man,121,Marvel,2005,,
db320090-140b-41dc-ad1c-6a13832c1ae3,Amazing Spider-Man,122,Marvel,2008,,
25872c37-c40c-43c3-899c-57af14fad833,Amazing Spider-Man,123,Marvel,1986,,
63a7049b-1c95-44b7-bd24-7d34ff578bdd,Amazing Spider-Man,124,Marvel,2015,,
7b72f836-a937-49d9-b148-a31543664719,Amazing Spider-Man,125,Marvel,2017,,
db4fa560-cec8-4397-9d4c-078a71ce273a,Amazing Spider-Man,126,Marvel,1998,,
532cbe45-9b84-4aee-b525-822302173eea,Amazing Spider-Man,127,Marvel,2014,,
860b9ca5-10ba-4910-a765-f834a0b59640,Amazing Spider-Man,128,Marvel,1974,,
4a3b7cdd-3358-425e-bf17-282386453962,Amazing Spider-Man,129,Marvel,1970,,
9eb57230-9fd5-4ed6-bf6a-1cceb9780b99,Amazing Spider-Man,130,Marvel,2020,,
14d11e18-3b43-463e-a276-40eca5a3d4f9,Amazing Spider-Man,131,Marvel,2021,,
71dc1304-6988-4075-b881-e98758005030,Amazing Spider-Man,132,Marvel,1977,,
f24ce67e-79cd-4a53-a0b5-f20a7cf12401,Amazing Spider-Man,133,Marvel,2021,,
30c61bfb-54cc-4961-b8a6-6677132997a5,Amazing Spider-Man,134,Marvel,1971,,
2e2d7058-dedc-4ed2-b80f-95583aea8fa3,Amazing Spider-Man,135,Marvel,2012,,
0919d0b5-633d-4112-bc44-2791c81f5b83,Amazing Spider-Man,136,Marvel,2014,,
a400a488-7d99-4f8e-ab18-60add4f4978d,Amazing Spider-Man,137,Marvel,1965,,
c42de4e6-fd90-401a-aaa4-91165398fdae,Amazing Spider-Man,138,Marvel,2003,,
9e8f3c69-22a3-4c62-816d-29e881f32481,Amazing Spider-Man,139,Marvel,2022,,
7666cffe-b02f-4742-8b1e-adafb2b2f495,Amazing Spider-Man,140,Marvel,1970,,
4c094ac1-f7ee-459c-a8d6-c8015bae4b3e,Amazing Spider-Man,141,Marvel,2011,,
40f3b047-f4a5-4c41-b2cb-a45ed63ec9b5,Amazing Spider-Man,142,Marvel,2002,,
cf2bfa5f-7fb7-4c9d-9ff1-0daff26fd2a1,Amazing Spider-Man,143,Marvel,1971,,
66c1fb06-991b-41c4-970c-a61ed2b99422,Amazing Spider-Man,144,Marvel,1982,,
01d09265-ba08-4674-8082-053afd2b9e6c,Amazing Spider-Man,145,Marvel,2021,,
1cc4b6d0-3c77-4043-869b-e7deaf920ab7,Amazing Spider-Man,146,Marvel,1993,,
49f32b22-e274-46df-b9c5-d6b09affc363,Amazing Spider-Man,147,Marvel,2004,,
a3c71c27-5a46-4360-a4bc-97802c746af7,Amazing Spider-Man,148,Marvel,1993,,
9ce59cdc-71cb-4363-b24d-54706c24e970,Amazing Spider-Man,149,Marvel,1961,,
a638b319-9f65-4d43-9cb3-5e7d84ae6eb4,Amazing Spider-Man,150,Marvel,2015,,
39c2b235-3823-4713-9efb-5e19464a736e,Amazing Spider-Man,151,Marvel,1968,,
0a5c709d-7197-4c71-acfe-d841c2527962,Amazing Spider-Man,152,Marvel,1970,,
29b060ed-ff9d-42e8-bd47-005bf7b53c65,Amazing Spider-Man,153,Marvel,1986,,
5bc035b9-1bb0-427b-889b-dc73620288fc,Amazing Spider-Man,154,Marvel,1967,,
ea4efa10-2d07-4ebf-b8c0-7fabbb5e33f1,Amazing Spider-Man,155,Marvel,1983,,
860eb457-cf94-4653-a59c-a5dec0036be3,Amazing Spider-Man,156,Marvel,1991,,
31218cad-2bce-4f9d-a73c-70d8529eca02,Amazing Spider-Man,157,Marvel,1977,,
80cc56e7-319a-4b44-ba0f-fefd6a32ffc5,Amazing Spider-Man,158,Marvel,2019,,
de0b9e6e-f424-4190-8060-c3628d18e4d2,Amazing Spider-Man,159,Marvel,1961,,
f263f440-7fbc-4863-b253-1a7bf77e8c27,Amazing Spider-Man,160,Marvel,1963,,
8ee6bef1-bc33-4c8c-901b-e1cfa70f04ec,Amazing Spider-Man,161,Marvel,2013,,
7d452f51-99fb-4915-946e-894364fd9b57,Amazing Spider-Man,162,Marvel,1970,,
d5ae203b-84f6-4662-b45c-2b4fa4e2d660,Amazing Spider-Man,163,Marvel,1987,,
5b7e4755-5788-480c-94a0-847d7211568f,Amazing Spider-Man,164,Marvel,2006,,
fe676671-5632-4b89-8bb4-9a15bd3712dd,Amazing Spider-Man,165,Marvel,1967,,
8e6dd275-2885-4dd6-9bb9-9205c8407d27,Amazing Spider-Man,166,Marvel,2018,,
79171df0-e1f8-47f3-8966-5b62bb205eb4,Amazing Spider-Man,167,Marvel,1973,,
40d7a0fc-aa69-4eff-9194-b85edc5d8d41,Amazing Spider-Man,168,Marvel,1970,,
f55dac4e-23bb-49b9-aedf-7656948e5d10,Amazing Spider-Man,169,Marvel,2007,,
0795d2c6-5317-446e-86ca-d1dc211ba2a5,Amazing Spider-Man,170,Marvel,2018,,
26969a08-0037-43f6-bf44-2cadc694729f,Amazing Spider-Man,171,Marvel,2009,,
3423f9d1-62ac-4c56-80df-4f463cddc528,Amazing Spider-Man,172,Marvel,2020,,
089f2b90-966d-4a3a-b0e1-9f6c69bc3dd8,Amazing Spider-Man,173,Marvel,1999,,
1c1f801f-2229-4e63-aee5-7a373a135ac3,Amazing Spider-Man,174,Marvel,1991,,
3e584561-5081-4401-9d51-ad3f2b7a2b45,Amazing Spider-Man,175,Marvel,1973,,
a0e5c11b-e4d7-4160-87fe-51031228440c,Amazing Spider-Man,176,Marvel,2016,,
c12f219b-9df7-419c-a2a6-28b035b18b20,Amazing Spider-Man,177,Marvel,2014,,
abad164a-26f3-4835-8b50-9ee82e6e57e0,Amazing Spider-Man,178,Marvel,2000,,
d495e5bc-d6fa-47c4-93e5-b6291fcb639f,Amazing Spider-Man,179,Marvel,2003,,
ca57d384-fd74-48ac-96b2-2ed44fa86f57,Amazing Spider-Man,180,Marvel,1986,,
829e160b-efd5-40b8-8cd1-8cd88be67f32,Amazing Spider-Man,181,Marvel,2011,,
614dccfd-2f06-48db-bc2f-e683f2038e2c,Amazing Spider-Man,182,Marvel,1968,,
223c0eaf-c705-41d3-9290-72965de0cc08,Amazing Spider-Man,183,Marvel,1993,,
e127e159-8700-4150-9e36-baba438885cb,Amazing Spider-Man,184,Marvel,2024,,
74c03e6a-d1d3-4f82-bf62-9097aa0b4432,Amazing Spider-Man,185,Marvel,1981,,
0928ed3f-a43a-4973-80ad-e55ca7a1215d,Amazing Spider-Man,186,Marvel,1966,,
92d9f00d-0882-420d-b856-d1bc30c8a707,Amazing Spider-Man,187,Marvel,1963,,
549f383e-0db1-4043-888a-e7590346d639,Amazing Spider-Man,188,Marvel,2021,,
1e3fc4e0-ac7d-4fc5-8837-f08c7018bbf3,Amazing Spider-Man,189,Marvel,2005,,
9ccb85f2-257f-467b-b4cf-011c53391a02,Amazing Spider-Man,190,Marvel,2014,,
09d69036-401a-4aa4-ae8c-229bd5c57cf4,Amazing Spider-Man,191,Marvel,2003,,
b5319945-1b9b-4b87-ae5f-8d0d3d763852,Amazing Spider-Man,192,Marvel,2007,,
3a937454-9cae-4fe7-8c04-9d6296e53c29,Amazing Spider-Man,193,Marvel,1978,,
3b84fea7-c993-40fc-bf95-e4eb74c53094,Amazing Spider-Man,194,Marvel,1970,,
dacf10d6-e347-452e-affa-10a67c98d309,Amazing Spider-Man,195,Marvel,1967,,
93c50a09-a8f7-4647-a55c-07ad2938afdc,Amazing Spider-Man,196,Marvel,1987,,
d54c7724-0f3b-402f-af38-ab686ef83520,Amazing Spider-Man,197,Marvel,1979,,
47983f27-e07c-4e59-ae9b-c3156b325091,Amazing Spider-Man,198,Marvel,1968,,
952d19a4-1708-4fa1-979b-047ba9bbfb6f,Amazing Spider-Man,199,Marvel,1967,,
8ea42625-4a33-48e9-b78c-46655d21bb9d,Amazing Spider-Man,200,Marvel,1981,,
44afa1d5-7776-4ba2-8b97-1109820e00be,Amazing Spider-Man,201,Marvel,1973,,
18e3c85b-4960-4f74-a6ff-d47e25ec2f95,Amazing Spider-Man,202,Marvel,1963,,
be15e397-c1fe-475d-a51b-96401fd3f2ca,Amazing Spider-Man,203,Marvel,1964,,
13155489-2837-4c14-a46b-dec4b66aabe1,Amazing Spider-Man,204,Marvel,1963,,
adc49cae-c8b1-42be-a56f-b48c9e2b4da7,Amazing Spider-Man,205,Marvel,1961,,
39e4678e-012b-4542-a8d8-3f7384ac6629,Amazing Spider-Man,206,Marvel,2012,,
9775d391-cd44-43c9-b5fa-f1794f15399a,Amazing Spider-Man,207,Marvel,1969,,
0b4d1018-db4a-400b-a1af-e78663efa003,Amazing Spider-Man,208,Marvel,2008,,
891bca01-505f-426a-ad6e-9217b2388600,Amazing Spider-Man,209,Marvel,2005,,
eaf3154b-699a-4f2d-8995-c44a2e2f4acf,Amazing Spider-Man,210,Marvel,2024,,
ab24581c-2c3c-48f8-98bf-74b10d310901,Amazing Spider-Man,211,Marvel,2002,,
50c8291e-08a9-40a3-8671-5b2943d8faa8,Amazing Spider-Man,212,Marvel,2002,,
d10bd154-7d56-4720-ba20-6eaceae02dcc,Amazing Spider-Man,213,Marvel,2016,,
eef8149f-e52c-4c1b-b10f-3cdde938e300,Amazing Spider-Man,214,Marvel,1981,,
72885c9f-458f-46b3-a017-97283afea469,Amazing Spider-Man,215,Marvel,2013,,
6deb0b4c-80f0-4e5a-a038-5c0529fbba05,Amazing Spider-Man,216,Marvel,1985,,
1c8e2e9e-01dc-41b0-b8af-92a8c46f569e,Amazing Spider-Man,217,Marvel,2008,,
d2269c8f-e98b-4826-9119-9d8d582c6c1f,Amazing Spider-Man,218,Marvel,1973,,
e0ecdd1d-44e7-4166-ba62-62a8d89aa796,Amazing Spider-Man,219,Marvel,1965,,
7ba660ae-7e12-447d-85e7-34d234f8392e,Amazing Spider-Man,220,Marvel,2022,,
9c4b1edf-52a7-453e-ad60-7169d99cf695,Amazing Spider-Man,221,Marvel,1981,,
50bcd63b-74a1-4847-a700-bf6ba1614047,Amazing Spider-Man,222,Marvel,2004,,
a1e638fb-5dce-4701-89af-1c4ed626b70b,Amazing Spider-Man,223,Marvel,1964,,
d6fbf9e8-4a0c-4712-953a-6f92faf1d1da,Amazing Spider-Man,224,Marvel,1997,,
1c4364c2-d8b2-41fe-988f-b732353c9631,Amazing Spider-Man,225,Marvel,1974,,
4bd53c4b-016a-4a10-80b4-d2b7e0d46ba1,Amazing Spider-Man,226,Marvel,2011,,
aaaae0c4-85f5-4869-bee0-2901c6959eb1,Amazing Spider-Man,227,Marvel,2011,,
7af5373e-2ac7-41df-9da6-a12e326f2ce5,Amazing Spider-Man,228,Marvel,2007,,
7176b577-62d2-4e57-beb7-c96af0a3cea1,Amazing Spider-Man,229,Marvel,1993,,
17c302c2-fc09-47ed-beda-42e7c502e140,Amazing Spider-Man,230,Marvel,1981,,
775235b3-1265-42a3-b8da-2302dd050ca1,Amazing Spider-Man,231,Marvel,2011,,
fabb3505-27f0-4e2c-b4c6-a7bef39d7900,Amazing Spider-Man,232,Marvel,1995,,
2a534f05-7868-42cd-a9dc-614385630425,Amazing Spider-Man,233,Marvel,1988,,
b6588e3c-a495-4699-8980-356c296bad23,Amazing Spider-Man,234,Marvel,2006,,
d7023441-208b-413f-b67d-1872bd3c59f1,Amazing Spider-Man,235,Marvel,1987,,
9e1fd82f-60fb-4dd0-9e71-bc2aaeb6ac45,Amazing Spider-Man,236,Marvel,1970,,
be77839b-342f-4363-be18-bd18568b8be4,Amazing Spider-Man,237,Marvel,2005,,
7e434ad5-87da-47ba-a3db-af7d3347d6c7,Amazing Spider-Man,238,Marvel,2009,,
f7592b6f-955f-4d5d-ba8b-39beef10123c,Amazing Spider-Man,239,Marvel,2012,,
6efaaa85-8c9c-481f-9db0-581cadc7c8a2,Amazing Spider-Man,240,Marvel,2022,,
ae7b6628-c37a-4fca-93b4-75a9d65bb705,Amazing Spider-Man,241,Marvel,1974,,
420c2e67-f68f-4dfe-a68b-b4a293c6f1f5,Amazing Spider-Man,242,Marvel,2015,,
1eb2002d-9173-47c0-aeb4-9029bce8dabc,Amazing Spider-Man,243,Marvel,1977,,
4ab843e0-7cd5-401b-af8f-3c6f6e3c9205,Amazing Spider-Man,244,Marvel,2002,,
7ac909a0-ffd9-493c-ac82-123b52cf1a46,Amazing Spider-Man,245,Marvel,1967,,
e5f33a29-9dfe-4168-b1a8-2bac171fcdd0,Amazing Spider-Man,246,Marvel,1994,,
cac600a2-6086-465c-9234-10e1858de0bf,Amazing Spider-Man,247,Marvel,1998,,
921508f3-7d0e-46ed-b1bd-808308984275,Amazing Spider-Man,248,Marvel,2004,,
cebf04ad-503a-4260-95af-1b97b2e2df4b,Amazing Spider-Man,249,Marvel,1999,,
51b0e59f-e684-4650-bb62-77a0d26aca8a,Amazing Spider-Man,250,Marvel,2010,,
46d4a2b9-8eed-4536-8b5b-a0e54ddb7f36,Amazing Spider-Man,251,Marvel,2005,,
0e734d91-3e35-490c-a0bd-5cd55ebcc980,Amazing Spider-Man,252,Marvel,1994,,
e40fb803-5dd2-49ed-9a37-ea0547d1a2f5,Amazing Spider-Man,253,Marvel,2006,,
57c254c5-e8d8-4868-ad36-597c8cfa0ccf,Amazing Spider-Man,254,Marvel,1988,,
32096d75-f74c-48e6-a51d-80b47c2c3067,Amazing Spider-Man,255,Marvel,1974,,
0d9b7988-0dff-4dd8-ad38-9be68b44a93b,Amazing Spider-Man,256,Marvel,2016,,
a8a7384f-9b53-4a21-bfa8-b49a936d951f,Amazing Spider-Man,257,Marvel,2002,,
ca7cc2af-e626-4d23-8006-195074c96e1e,Amazing Spider-Man,258,Marvel,1989,,
a1d579cf-ad8d-4823-aba0-01f95fddb5d1,Amazing Spider-Man,259,Marvel,2014,,
75dc2171-d232-4882-93df-c6eca44f5171,Amazing Spider-Man,260,Marvel,1992,,
31977491-ba93-4297-b7ca-b60fdd2ec8c0,Amazing Spider-Man,261,Marvel,1974,,
1b8ef112-6c1d-46f1-b45c-9b5be396447b,Amazing Spider-Man,262,Marvel,1979,,
6ceecfa1-d574-4ff2-9e15-39fa84b71edc,Amazing Spider-Man,263,Marvel,1971,,
e02484d1-390b-417f-b7b2-762a5d9c7a1b,Amazing Spider-Man,264,Marvel,2001,,
66632bf1-1815-49fb-8670-5fe5b3342658,Amazing Spider-Man,265,Marvel,1984,,
4e1973b9-4b4f-4d4d-b236-49f1be29f9d9,Amazing Spider-Man,266,Marvel,1968,,
348593a3-0ca6-4097-bc88-9c874fcb9730,Amazing Spider-Man,267,Marvel,2016,,
249439f9-a56f-41f4-b806-86581dd1daea,Amazing Spider-Man,268,Marvel,1966,,
3b360ca5-231b-4944-9256-46256a595c06,Amazing Spider-Man,269,Marvel,2022,,
58b2b6fe-8806-4219-b64e-71a219a1591e,Amazing Spider-Man,270,Marvel,2024,,
62eefd08-ba29-4e3c-b17c-35efb2d979b9,Amazing Spider-Man,271,Marvel,1996,,
45cfdcf9-8a88-48e4-b08f-874a76e1ec3c,Amazing Spider-Man,272,Marvel,1969,,
f65ae22e-f808-409d-9b74-dcf0ce3c0a29,Amazing Spider-Man,273,Marvel,1994,,
54858aa5-1063-4ca3-8572-65dac4d8e689,Amazing Spider-Man,274,Marvel,1962,,
cdf8c438-607e-4ff6-a7cd-50a407c8fd27,Amazing Spider-Man,275,Marvel,1969,,
302da074-d3aa-4aa6-b9bb-24bf64946911,Amazing Spider-Man,276,Marvel,1974,,
1ce1f699-7f24-48ca-928b-2daf539b1cdf,Amazing Spider-Man,277,Marvel,2004,,
9fc69367-a7af-4cbc-8406-2176a868ef4b,Amazing Spider-Man,278,Marvel,1999,,
f44decc9-ac9a-45d0-9d07-99740d8a3228,Amazing Spider-Man,279,Marvel,1972,,
229aad50-7381-43ff-8970-41209fecc7c2,Amazing Spider-Man,280,Marvel,1969,,
d253b51e-ae0b-4f73-8115-d5b43fb67639,Amazing Spider-Man,281,Marvel,1967,,
b0470202-e40a-4e04-a1d4-3f4aa0a5246f,Amazing Spider-Man,282,Marvel,2012,,
e196a2b1-3ff4-4be9-b6b0-60fce3256200,Amazing Spider-Man,283,Marvel,2007,,
f8a84ae3-f6be-46ba-bff3-9162250b2e2a,Amazing Spider-Man,284,Marvel,1984,,
b940efd2-4c40-4b19-a5ea-855bb11ed00d,Amazing Spider-Man,285,Marvel,2005,,
3b5f5cbf-468e-4dd2-a71e-68e4af9b6960,Amazing Spider-Man,286,Marvel,2022,,
500b296a-e538-4513-8714-cb99494c13fb,Amazing Spider-Man,287,Marvel,2006,,
0d4f995e-c1b2-4ac0-8135-546406653605,Amazing Spider-Man,288,Marvel,1973,,
5e6017d6-f58c-44aa-a6a4-afee18962866,Amazing Spider-Man,289,Marvel,1969,,
9748ecf7-39a1-43f6-a443-bb803724ea94,Amazing Spider-Man,290,Marvel,2014,,
6b89ec10-72de-41f5-9072-4562638c99fd,Amazing Spider-Man,291,Marvel,1970,,
fa3da661-bdc4-4c38-9dd8-3e121ddbf830,Amazing Spider-Man,292,Marvel,1992,,
12dff92e-750a-40fe-8dd3-9cb2d084cad7,Amazing Spider-Man,293,Marvel,2006,,
20d977f4-3248-411c-be64-5e1ff32b0183,Amazing Spider-Man,294,Marvel,2011,,
333f0045-394b-46ab-bf1c-429ff50e731e,Amazing Spider-Man,295,Marvel,2024,,
6eda0ee4-5434-459e-887b-981ea54e9c24,Amazing Spider-Man,296,Marvel,1966,,
3791bbfc-b07f-4f25-8016-f312311a7bad,Amazing Spider-Man,297,Marvel,2020,,
d1be15c5-edb8-40e0-b53e-d9314042b8a8,Amazing Spider-Man,298,Marvel,1962,,
00e6181e-64aa-4cb8-8150-f91d025e7c07,Amazing Spider-Man,299,Marvel,1998,,
edb8bfa9-c6ab-4a5d-925a-af61c263e8a0,Amazing Spider-Man,300,Marvel,1960,,
a37c08dc-19e9-4597-bb23-adf6f2960186,Amazing Spider-Man,301,Marvel,2004,,
b6d403d1-c86b-4b58-b24a-26f3611e29b9,Amazing Spider-Man,302,Marvel,1969,,
832b0992-da8f-415a-84db-2afd72cbf044,Amazing Spider-Man,303,Marvel,2024,,
7d55780b-b572-4a24-ab69-4890e4021794,Amazing Spider-Man,304,Marvel,1966,,
3557643c-0668-43f9-880f-40d372eab159,Amazing Spider-Man,305,Marvel,2010,,
0ede7f31-7d7c-4ef3-aed4-dc0c7f9ce3c8,Amazing Spider-Man,306,Marvel,1960,,
ad17ae01-606e-42d5-af80-506b33e1afac,Amazing Spider-Man,307,Marvel,1998,,
56dc9e02-90e5-4052-8824-3e43cab8eb7a,Amazing Spider-Man,308,Marvel,2002,,
96eb880f-e31c-4e56-a09c-d276a0e4838c,Amazing Spider-Man,309,Marvel,2012,,
ef596ed9-cbc9-4a32-9340-88cde9a75c49,Amazing Spider-Man,310,Marvel,1980,,
c39e7d52-845c-44b3-8708-08564f682bfb,Amazing Spider-Man,311,Marvel,2004,,
515849b8-5514-4310-8164-d745efeb238e,Amazing Spider-Man,312,Marvel,2010,,
6eca1234-ec7b-4998-ae53-4c865c79be38,Amazing Spider-Man,313,Marvel,1979,,
096e9c80-118f-4ed5-aebd-bdb5cf85a810,Amazing Spider-Man,314,Marvel,1968,,
4e1ef497-4aba-4693-91b7-ba74f7e1dac6,Amazing Spider-Man,315,Marvel,1972,,
bc47177b-9fff-4f25-a3b6-8d8b4477906e,Amazing Spider-Man,316,Marvel,2016,,
299ea91a-04a3-4297-be5f-34f70c086b8f,Amazing Spider-Man,317,Marvel,2011,,
c7d7180d-f8d1-425d-aeb5-823f476afa5f,Amazing Spider-Man,318,Marvel,1976,,
182f47cf-4edb-4df3-b6e3-82eccaa4e571,Amazing Spider-Man,319,Marvel,1974,,
72dce95e-f20c-4778-a786-5cfa27e66d0d,Amazing Spider-Man,320,Marvel,1965,,
90e1c88b-c45c-400d-bcc2-9daeefc69238,Amazing Spider-Man,321,Marvel,1976,,
dc449cf5-ee2a-4798-bf28-ce99f6195d97,Amazing Spider-Man,322,Marvel,2019,,
806ac6ee-21e1-40c0-817b-e031a7689563,Amazing Spider-Man,323,Marvel,2005,,
2750cdfa-03ab-420e-84f4-6c1d34293d06,Amazing Spider-Man,324,Marvel,2024,,
4a395431-12ba-45a6-a555-4e8243fc753b,Amazing Spider-Man,325,Marvel,2008,,
b6f1d28b-8352-48ea-b163-138274823dd4,Amazing Spider-Man,326,Marvel,2023,,
906cdbb9-0bef-44ae-b892-985fae69ddc5,Amazing Spider-Man,327,Marvel,2003,,
d0936c6e-83b5-4deb-a0cb-77d52757350b,Amazing Spider-Man,328,Marvel,2002,,
9e137e6c-de28-4551-b638-567423b39ada,Amazing Spider-Man,329,Marvel,1984,,
b5d1776d-4523-42ae-a625-10bc24616698,Amazing Spider-Man,330,Marvel,2003,,
8d5f50cc-e486-47a9-9e03-72675c6b4bde,Amazing Spider-Man,331,Marvel,1992,,
27ac5639-fd96-4aa0-bdc9-24e7fc54c3f0,Amazing Spider-Man,332,Marvel,1966,,
36f8be94-b5ee-4835-9357-58a41e226ce9,Amazing Spider-Man,333,Marvel,1965,,
c67a9256-722a-4a3b-8b3d-a22d8911ff69,Amazing Spider-Man,334,Marvel,1990,,
24faf60d-5f2f-4d78-9835-406d99af78c7,Amazing Spider-Man,335,Marvel,2004,,
8f18a4dd-d133-4df0-b242-503d2ce28314,Amazing Spider-Man,336,Marvel,2006,,
e19ee3cf-15b6-4f0b-be4f-2fec12900c2e,Amazing Spider-Man,337,Marvel,1997,,
a35a7d76-0790-48ec-bf95-4f8c35154ca9,Amazing Spider-Man,338,Marvel,1969,,
eb620db4-a4d5-4bcb-824b-c779ccdc46ee,Amazing Spider-Man,339,Marvel,1970,,
71b173c2-06de-4c12-832c-218ac6ae8666,Amazing Spider-Man,340,Marvel,1970,,
0756c6ca-3b67-4156-a325-0c5e243378de,Amazing Spider-Man,341,Marvel,2009,,
73f77652-0ecb-4ad9-86b2-db4957c4990c,Amazing Spider-Man,342,Marvel,2022,,
43b0dfe4-2fa8-4c23-94bf-46436dc1e6f7,Amazing Spider-Man,343,Marvel,1985,,
81d8d070-26c2-47ad-a89e-299e4f2b11ac,Amazing Spider-Man,344,Marvel,1998,,
5fa11d2c-e981-4592-8205-04b2f8c0a636,Amazing Spider-Man,345,Marvel,1986,,
1b2413cd-4036-47e5-8221-7ab73a5f2cf7,Amazing Spider-Man,346,Marvel,1975,,
d82e7ffa-5e1a-4ad5-bc44-8e1094ef4efc,Amazing Spider-Man,347,Marvel,1972,,
8eda2a1a-88fe-4972-a694-8dd33ddd3ab0,Amazing Spider-Man,348,Marvel,1974,,
5aeb717f-0f16-42fe-ad4b-89d0cc436df5,Amazing Spider-Man,349,Marvel,2008,,
a43e68ec-b6d7-421f-8ecd-eca10308a344,Amazing Spider-Man,350,Marvel,1992,,
57d9e156-a93f-4b69-9a0d-bb4c03b2e6b9,Amazing Spider-Man,351,Marvel,1983,,
250e2538-e8ae-4e23-a8bd-9209a38a01f7,Amazing Spider-Man,352,Marvel,2018,,
1d262b30-bd1a-4502-ae36-821fcb4d42f1,Amazing Spider-Man,353,Marvel,1989,,
44cdc3da-c15a-4a04-98b5-73a1c349db7f,Amazing Spider-Man,354,Marvel,1989,,
a181385c-ca92-4eb4-b9f1-8a1da6cf7d75,Amazing Spider-Man,355,Marvel,1992,,
e688a4e0-6294-4fc1-9e02-602eada1a466,Amazing Spider-Man,356,Marvel,1990,,
0e617e78-7dc2-41c6-ad79-848b8e02bf1c,Amazing Spider-Man,357,Marvel,1976,,
64388608-2ffa-436a-a259-17dcbf25c93b,Amazing Spider-Man,358,Marvel,2005,,
6de69516-22a2-441d-a263-baeefea27834,Amazing Spider-Man,359,Marvel,1983,,
1bcaf09a-97a1-406a-981f-a0d880b5564b,Amazing Spider-Man,360,Marvel,2019,,
a105bb00-3cec-4103-907b-f32207e6b0fe,Amazing Spider-Man,361,Marvel,2001,,
37696adb-4d26-4ccb-9f66-07f744e73f83,Amazing Spider-Man,362,Marvel,1996,,
f70d2a53-d38b-4883-bc73-1cb555274406,Amazing Spider-Man,363,Marvel,1960,,
bf69ca0a-fb50-46f7-959b-67a1acd36168,Amazing Spider-Man,364,Marvel,1975,,
69a6a387-4c9c-46ff-8ae6-463e5b5e4ee7,Amazing Spider-Man,365,Marvel,2000,,
d9167e4e-45d7-4cb6-8bb6-1370bd9ef521,Amazing Spider-Man,366,Marvel,1986,,
28a34d53-9f33-4743-a91d-8413ce6d2fc6,Amazing Spider-Man,367,Marvel,1969,,
8b5bd989-b0b1-443d-81d1-757cae6388d9,Amazing Spider-Man,368,Marvel,2022,,
d6a8d498-b59c-4543-b79a-8937049e95d8,Amazing Spider-Man,369,Marvel,2024,,
14e20466-256e-421a-baa1-c7f907972afb,Amazing Spider-Man,370,Marvel,2015,,
69235bed-5b9b-462e-bc9d-19df70c7d0df,Amazing Spider-Man,371,Marvel,2004,,
4ba6f784-6114-4cbd-9274-9c95dc5a9fcc,Amazing Spider-Man,372,Marvel,2013,,
8a655873-c27d-4a28-bf84-a07eab9040aa,Amazing Spider-Man,373,Marvel,1987,,
41f5754b-6bb5-4203-b1ff-78ee287aa46d,Amazing Spider-Man,374,Marvel,1983,,
f2c79231-5fac-4090-9634-6a5bb9a31e6e,Amazing Spider-Man,375,Marvel,1976,,
58a51dc5-cc7a-487a-b157-2c8b93abe5d1,Amazing Spider-Man,376,Marvel,1972,,
55699dd2-db1c-4618-b6dd-881606cb3f5a,Amazing Spider-Man,377,Marvel,1977,,
366ca1e7-bc0c-48c7-b437-f8b769d50641,Amazing Spider-Man,378,Marvel,1969,,
0ded6f0d-0d60-452a-a554-96a6f887fac5,Amazing Spider-Man,379,Marvel,1992,,
cb47a6cb-1313-47d3-8651-b893e4886091,Amazing Spider-Man,380,Marvel,2011,,
737c935e-3861-40bb-9820-f8ac283de393,Amazing Spider-Man,381,Marvel,1977,,
9e33393a-535a-4f1f-882f-9ac9c09070ee,Amazing Spider-Man,382,Marvel,2024,,
d8401d85-b5a4-447c-9c59-93789b35a7d9,Amazing Spider-Man,383,Marvel,1961,,
37178527-2d58-402f-8400-2218480d2097,Amazing Spider-Man,384,Marvel,1990,,
bc201cb8-28dd-43fb-805d-91822493eca7,Amazing Spider-Man,385,Marvel,2014,,
4d16e67b-9f0f-4854-93c1-4ab6187c534c,Amazing Spider-Man,386,Marvel,1984,,
8bdc9a6a-693e-4c6a-8f62-612e3d8f0a19,Amazing Spider-Man,387,Marvel,2019,,
fdda994a-325e-4a88-b638-3211b526beb3,Amazing Spider-Man,388,Marvel,1971,,
132cb7b2-2ecf-4d68-98d1-095d1aab2ddf,Amazing Spider-Man,389,Marvel,1972,,
54c2724b-af37-40bd-925e-565e04ac2b04,Amazing Spider-Man,390,Marvel,2005,,
b1af73a0-d88b-47f9-8c73-c293b042c221,Amazing Spider-Man,391,Marvel,2017,,
3fc85462-cccc-4170-9678-05a170205d70,Amazing Spider-Man,392,Marvel,2016,,
f4c56e7b-7e33-4529-91c9-efd1875f6d09,Amazing Spider-Man,393,Marvel,2001,,
c1b9302c-65c9-4e04-b021-18455d728d62,Amazing Spider-Man,394,Marvel,2022,,
fa98ec17-bebd-4770-b90f-2522b00f2948,Amazing Spider-Man,395,Marvel,1990,,
4b9c009b-e2be-4388-8d09-fdb06cd4e72c,Amazing Spider-Man,396,Marvel,2014,,
85df1509-231b-4269-a250-ea5423c582db,Amazing Spider-Man,397,Marvel,2008,,
ed1d2acb-af93-48b0-a3e3-a6964a7e7385,Amazing Spider-Man,398,Marvel,1965,,
01009453-6fbd-4919-bcb4-f3eef5f18483,Amazing Spider-Man,399,Marvel,1964,,
db53684f-1fc4-44a8-8c20-d42d81929fb1,Amazing Spider-Man,400,Marvel,2018,,
5d89128e-212a-4fcc-9deb-28831a793824,Amazing Spider-Man,401,Marvel,1996,,
b6dd19fc-c258-4321-b11d-df2a29c9620c,Amazing Spider-Man,402,Marvel,2024,,
b99e0770-be13-4288-bcdf-f1b023e76e5e,Amazing Spider-Man,403,Marvel,1975,,
d9a9125e-5541-4546-9bd0-4ee07d2e083c,Amazing Spider-Man,404,Marvel,2023,,
18d1c5d0-c2fd-400e-8b4b-02e1e59e8397,Amazing Spider-Man,405,Marvel,1967,,
475db34c-7f23-45f9-beec-d3e797eb7056,Amazing Spider-Man,406,Marvel,2023,,
cf5240bd-8f5a-4810-8436-7b3c832f0b84,Amazing Spider-Man,407,Marvel,1997,,
fcd5bcff-d832-4a35-8818-841eca76d7bc,Amazing Spider-Man,408,Marvel,1960,,
4b959be0-78c3-4aa5-9656-e400e0e0c357,Amazing Spider-Man,409,Marvel,1997,,
ec93a78a-d682-46bb-a5ca-5a304a837f27,Amazing Spider-Man,410,Marvel,2005,,
da746e3d-eb06-4b41-816f-fc1ea23f7511,Amazing Spider-Man,411,Marvel,2009,,
98daaccb-f422-4be5-8251-200434a2ecf6,Amazing Spider-Man,412,Marvel,1987,,
2f154328-8ede-48bf-bf7a-d78b8ac6e91c,Amazing Spider-Man,413,Marvel,2024,,
de1d1a0d-52d3-40cf-b840-02016785489d,Amazing Spider-Man,414,Marvel,2019,,
31bc3e54-ebc7-4650-b400-9dad08f59cfb,Amazing Spider-Man,415,Marvel,1969,,
4b364b0a-a158-484a-bb98-47d73638b443,Amazing Spider-Man,416,Marvel,1967,,
85ec38ef-736e-4686-a604-e48b9b6bdcc3,Amazing Spider-Man,417,Marvel,1984,,
063d0ebe-11d1-4341-835c-c591eb17b1db,Amazing Spider-Man,418,Marvel,1976,,
01ab04e6-0ad9-4b87-b582-994ad7a8a4d8,Amazing Spider-Man,419,Marvel,2018,,
49c7ca55-80a2-453d-be26-1f5e05e34f6d,Amazing Spider-Man,420,Marvel,2024,,
6bd18c1d-219b-4298-b950-9a2a6e0407f6,Amazing Spider-Man,421,Marvel,1976,,
a1cfbf69-a649-4bde-9639-778aaf584ca0,Amazing Spider-Man,422,Marvel,1992,,
e672aad0-c9c6-4811-a406-f4b61da47050,Amazing Spider-Man,423,Marvel,1992,,
b5620ffa-5895-4990-8a77-5fb37ff70fc9,Amazing Spider-Man,424,Marvel,2021,,
b6e25a5f-a128-401f-acbc-9f8886bb0be5,Amazing Spider-Man,425,Marvel,2001,,
e798e42c-f4e7-4a62-a0ed-b51cb1917386,Amazing Spider-Man,426,Marvel,2015,,
b73583e2-a9ba-466c-830e-d8beb7f86fb4,Amazing Spider-Man,427,Marvel,1988,,
442c74b7-38a5-4525-97b0-948e191f1291,Amazing Spider-Man,428,Marvel,1983,,
1c1c4af6-45f6-47e5-bb6e-a36af6b7e86e,Amazing Spider-Man,429,Marvel,1984,,
332aebbf-e537-4a21-8199-40d11d811c44,Amazing Spider-Man,430,Marvel,1994,,
a78fbf21-6617-42ee-a9a9-71443e409355,Amazing Spider-Man,431,Marvel,1972,,
5db998bd-7d04-47de-988e-e4fabbb438d6,Amazing Spider-Man,432,Marvel,2000,,
d18b3990-e031-46d5-9d37-fb1eff632b94,Amazing Spider-Man,433,Marvel,1986,,
a2fb6403-863b-4f34-ad27-d39e55b6b9a0,Amazing Spider-Man,434,Marvel,1974,,
30dae9e0-f7d1-4e16-abe4-652b4ee55293,Amazing Spider-Man,435,Marvel,1994,,
2b74bddd-9a0c-434e-a1f0-4281c310b81c,Amazing Spider-Man,436,Marvel,1987,,
68721698-8d32-447e-a92b-1075ff058ac3,Amazing Spider-Man,437,Marvel,2011,,
1df5c317-9a0a-4747-b22c-276d40065a64,Amazing Spider-Man,438,Marvel,1991,,
29dd28ff-a56d-4ba1-9923-3009c7e2fa69,Amazing Spider-Man,439,Marvel,2024,,
c0719396-7871-4eaf-a90c-feec49fa411f,Amazing Spider-Man,440,Marvel,2021,,
ac27aced-3024-42e1-8e61-14875f3e4939,Amazing Spider-Man,441,Marvel,2011,,
84242af9-0704-454d-9fc9-019bb674fe55,Amazing Spider-Man,442,Marvel,2024,,
ce2a8edc-15e3-4a0e-979a-7f873e302f5b,Amazing Spider-Man,443,Marvel,1979,,
110ded74-6feb-4fed-8496-caced69e7e1b,Amazing Spider-Man,444,Marvel,1991,,
e91e0157-d5a6-4f7e-8f2c-64d89248c16e,Amazing Spider-Man,445,Marvel,1968,,
be5b34ce-88ae-4100-9349-2fa37e3fe04b,Amazing Spider-Man,446,Marvel,1983,,
1d82f32c-3f88-41cf-ba8f-b782ee985d4c,Amazing Spider-Man,447,Marvel,1992,,
fadf030e-5625-4dda-8eb4-8e51180edabd,Amazing Spider-Man,448,Marvel,2001,,
7f488724-2380-4d62-bbd8-36c64f2448d1,Amazing Spider-Man,449,Marvel,1997,,
478c0909-2266-4f6e-b834-060fddf3411d,Amazing Spider-Man,450,Marvel,1962,,
193fd73c-cef5-457a-821d-7b9c0b50f761,Amazing Spider-Man,451,Marvel,1994,,
0d0be3f2-07ba-4643-902b-a7d2d15f25a5,Amazing Spider-Man,452,Marvel,1992,,
890ccd6c-1d8c-41e5-8527-9700c0b5e156,Amazing Spider-Man,453,Marvel,1986,,
21eccae1-f16e-4af6-8352-0f0015620b4f,Amazing Spider-Man,454,Marvel,2020,,
57c121e4-c47a-42ad-9d21-5c5daac28656,Amazing Spider-Man,455,Marvel,1981,,
b6a81669-c61e-4f73-9fca-d3593204e9ee,Amazing Spider-Man,456,Marvel,2003,,
07e27379-ea8d-40a6-9d22-f4100c9e1acb,Amazing Spider-Man,457,Marvel,1994,,
b3476342-2374-4c05-a2d6-b0acf377c2e4,Amazing Spider-Man,458,Marvel,1969,,
ba4afbb2-8e55-4393-a73c-b7a9f9796abc,Amazing Spider-Man,459,Marvel,1970,,
eec69b60-1d43-4639-bab4-5e2a2e1c8222,Amazing Spider-Man,460,Marvel,2008,,
c6bc2c6d-ff31-42fb-a75c-a1ddd4673718,Amazing Spider-Man,461,Marvel,1971,,
4a2fe9d2-15c0-4798-9c05-94d714c16c74,Amazing Spider-Man,462,Marvel,2012,,
e5daf7b0-1f36-4f79-af69-1acf81203bd9,Amazing Spider-Man,463,Marvel,1988,,
df0f64f8-cf1b-4f73-aed9-dd8166c1de33,Amazing Spider-Man,464,Marvel,2019,,
2731a0f9-5351-4c6b-aa26-53a90e28e879,Amazing Spider-Man,465,Marvel,1999,,
dcedfdcf-4da3-46fd-ab46-224aa506e2ec,Amazing Spider-Man,466,Marvel,1986,,
ad1aab18-ae1f-49f2-a9e4-bfde898af539,Amazing Spider-Man,467,Marvel,1967,,
611fd476-40b8-4d61-a00e-e51c121a110f,Amazing Spider-Man,468,Marvel,2000,,
e25f70a7-1349-4ff2-879c-f924aad59c37,Amazing Spider-Man,469,Marvel,1990,,
918389c8-7717-4653-aae1-751f1120eb03,Amazing Spider-Man,470,Marvel,1995,,
638460f6-6d9a-4d00-9fea-153289fd0b11,Amazing Spider-Man,471,Marvel,1974,,
6a78ec3e-56a6-4174-ba58-c79f3e96a2de,Amazing Spider-Man,472,Marvel,1982,,
b355dddf-2fc7-44a9-a2fb-34e0e12f7efd,Amazing Spider-Man,473,Marvel,1997,,
5dd8a29a-3b2b-45a5-9deb-25fdfb702647,Amazing Spider-Man,474,Marvel,1980,,
b6c21a1d-b7db-40dc-8e3a-97b36fcac842,Amazing Spider-Man,475,Marvel,2020,,
5f24ec40-5ec3-404c-9e2c-d71972d646f6,Amazing Spider-Man,476,Marvel,1980,,
5bf35670-d3d2-4074-8c8b-d5fbf5c7e561,Amazing Spider-Man,477,Marvel,1980,,
494a3815-d2ad-4dfd-a8ca-ee4a227bad78,Amazing Spider-Man,478,Marvel,1962,,
e5622206-a378-4b29-9f33-d7246b259a92,Amazing Spider-Man,479,Marvel,2024,,
98b321ff-10b2-46c3-b1f4-eba0ff03b277,Amazing Spider-Man,480,Marvel,1996,,
a470e503-7927-4315-95ae-5816a9ed1bb5,Amazing Spider-Man,481,Marvel,1995,,
5b5a7a2f-a3d2-4b8a-97f5-b5961824a317,Amazing Spider-Man,482,Marvel,1996,,
3dd763f3-3aac-4d5d-abe4-0570fa732c5a,Amazing Spider-Man,483,Marvel,1960,,
ede5c8ff-489a-4123-9287-b3fcfeb650b4,Amazing Spider-Man,484,Marvel,1991,,
da897984-c540-46e9-9903-35dc4dbaccd0,Amazing Spider-Man,485,Marvel,2018,,
6051cc7e-4fa8-49a7-9f1a-50dd17ac648b,Amazing Spider-Man,486,Marvel,1993,,
e09e877b-1916-4cab-b080-f1770836060c,Amazing Spider-Man,487,Marvel,1992,,
d541ca13-8694-4256-8340-6cb9f14cc82d,Amazing Spider-Man,488,Marvel,2006,,
f85fda6b-a04c-4ba6-86f1-56a0aacd91e2,Amazing Spider-Man,489,Marvel,1995,,
59abe4ca-af29-4305-b9e1-bcb0270b60bb,Amazing Spider-Man,490,Marvel,1993,,
cc642a27-99e5-4e22-8654-72eda6a7530b,Amazing Spider-Man,491,Marvel,1961,,
87763edd-7641-4ba3-adfb-b5b40fd24476,Amazing Spider-Man,492,Marvel,2008,,
efe9c826-5ffd-40cf-9fce-63657fc73267,Amazing Spider-Man,493,Marvel,1991,,
31cf70e4-982d-4ca2-91c9-074dd2e62c89,Amazing Spider-Man,494,Marvel,1985,,
9fc19aff-4d04-49bd-a053-77cc812b2589,Amazing Spider-Man,495,Marvel,2022,,
2dac9334-c61e-4584-83b2-08d80b47ced3,Amazing Spider-Man,496,Marvel,1979,,
38e8edf1-59c3-48f7-af0f-ab974d22db69,Amazing Spider-Man,497,Marvel,1982,,
98293c05-2a47-4366-8439-efe5b1b6ff71,Amazing Spider-Man,498,Marvel,2001,,
876cd540-a087-43f7-b0c7-f7afe55ad9ca,Amazing Spider-Man,499,Marvel,1980,,
29246a84-12a0-4ea7-aacf-70916f80bd6f,Amazing Spider-Man,500,Marvel,1972,,
9816e9df-115e-427c-ac64-52e87cda5d71,Amazing Spider-Man,501,Marvel,1998,,
b1af85a2-883d-42e1-bee5-13f6e88ccf28,Amazing Spider-Man,502,Marvel,1995,,
d20de879-7316-4589-b78a-ea77c7ffd151,Amazing Spider-Man,503,Marvel,2024,,
d9c77af2-1d25-4e15-889a-95dd49c426b0,Amazing Spider-Man,504,Marvel,1982,,
c4ba67ae-ec40-416c-a18d-af033e1cdf2f,Amazing Spider-Man,505,Marvel,2018,,
87d45c6e-226a-48dd-9169-400d8eb70a55,Amazing Spider-Man,506,Marvel,1994,,
333ab8fc-dabb-4df8-b8d8-e059d2a5362c,Amazing Spider-Man,507,Marvel,1965,,
387cacbb-158e-4d3c-93e1-bbb17ba99981,Amazing Spider-Man,508,Marvel,2005,,
1023eeec-885f-4c97-bd30-598298eab057,Amazing Spider-Man,509,Marvel,1996,,
c72aa2f8-3165-4500-83ec-4140ebaee047,Amazing Spider-Man,510,Marvel,1963,,
9744d806-c241-406e-9fe8-2e104d5a03d6,Amazing Spider-Man,511,Marvel,1996,,
949a5417-4278-481b-afc8-0cd3d66a7432,Amazing Spider-Man,512,Marvel,2015,,
ce9186f3-bf62-48cf-8e9f-d45e339f9906,Amazing Spider-Man,513,Marvel,2006,,
fd5f605b-6680-4f03-88e8-24e69eb4dcb8,Amazing Spider-Man,514,Marvel,2010,,
53749588-028a-4187-9c98-24a7b0d62e98,Amazing Spider-Man,515,Marvel,1966,,
4f92f69e-adaa-4d82-ae60-f24445312394,Amazing Spider-Man,516,Marvel,1963,,
a425ba45-1d22-4450-b95e-13c2edbec772,Amazing Spider-Man,517,Marvel,2023,,
c63a9ec3-2e6f-4244-8c1c-9137f18e1b22,Amazing Spider-Man,518,Marvel,2023,,
3b687461-7f40-496f-8859-0c8857337cc1,Amazing Spider-Man,519,Marvel,2003,,
3daa8dcb-97ce-4e77-8a0a-ff570f49c083,Amazing Spider-Man,520,Marvel,2014,,
5acc97bd-3ce3-410e-88a0-798763ef808f,Amazing Spider-Man,521,Marvel,2002,,
a0e8139a-9138-4922-b92b-ad41b4cab0fe,Amazing Spider-Man,522,Marvel,2015,,
16e20fb6-0484-4bbf-b852-cbb5263e91f4,Amazing Spider-Man,523,Marvel,2005,,
ac255b60-ec16-4879-9c7c-0953255af41d,Amazing Spider-Man,524,Marvel,1960,,
33bda3f4-3e58-4d3f-bacd-f6599d1c7440,Amazing Spider-Man,525,Marvel,1966,,
5da9cd0b-b0de-4e5d-a148-de6b87268d92,Amazing Spider-Man,526,Marvel,1970,,
3024711f-a161-4b9a-9e78-b0c217611127,Amazing Spider-Man,527,Marvel,2024,,
85a2220a-01a2-4c5c-a113-418e3688f5c3,Amazing Spider-Man,528,Marvel,1963,,
41aa619d-ca76-4b5e-b032-6d34646bd41a,Amazing Spider-Man,529,Marvel,2024,,
225571cf-ca6f-477d-9087-431e3721321e,Amazing Spider-Man,530,Marvel,1997,,
60724e35-4731-4651-a33b-8f41426ac77a,Amazing Spider-Man,531,Marvel,2002,,
f9e60208-628d-4e4c-9dbf-6828fddfb01d,Amazing Spider-Man,532,Marvel,1963,,
ed26e444-253c-4a45-a131-bfa11ee02b22,Amazing Spider-Man,533,Marvel,1990,,
6e162aad-c511-4f7e-a0a0-0576847074bc,Amazing Spider-Man,534,Marvel,1980,,
46ee41f7-f657-4bdb-8df6-bbf4899bfb9b,Amazing Spider-Man,535,Marvel,1984,,
58e8d82c-bbcc-410b-b212-75d88980e1c6,Amazing Spider-Man,536,Marvel,2013,,
af38bb0e-ec83-461c-9542-0b960eead0d2,Amazing Spider-Man,537,Marvel,1967,,
62a10579-55c3-4521-b7c3-5d17e74341ca,Amazing Spider-Man,538,Marvel,2002,,
80b0034e-575e-40f2-8c93-1b43943b9da9,Amazing Spider-Man,539,Marvel,2021,,
675880ac-1ce9-433f-91c6-9f45bcd97d0e,Amazing Spider-Man,540,Marvel,1998,,
8844f2cb-8e8f-4857-9bd7-7ef55ee35e59,Amazing Spider-Man,541,Marvel,1964,,
56c8ca5d-9f2f-400b-82fa-469d52634718,Amazing Spider-Man,542,Marvel,2004,,
3f75d2c0-5bf9-405b-9f69-fabce0b67347,Amazing Spider-Man,543,Marvel,1995,,
d437f03c-2eb9-4230-9f2b-4233f00da582,Amazing Spider-Man,544,Marvel,1961,,
b4a3a3a5-d0a6-47f1-800f-7bd0a85a910b,Amazing Spider-Man,545,Marvel,1991,,
a7e03fde-fcdd-4b46-8947-4f252800be31,Amazing Spider-Man,546,Marvel,1979,,
28f5dd3d-5d56-44ba-abbd-843af72fc73b,Amazing Spider-Man,547,Marvel,1985,,
df763f62-89aa-416f-ae33-81be9b6fadb8,Amazing Spider-Man,548,Marvel,1967,,
ec529ffd-d245-4fee-9660-6eea80490079,Amazing Spider-Man,549,Marvel,1971,,
76356d92-ffcc-441d-8b53-6bab9851a53b,Amazing Spider-Man,550,Marvel,1982,,
2f4cc23e-0929-458b-bce2-9a4f079f1709,Amazing Spider-Man,551,Marvel,1987,,
731079e9-db85-4a5d-b073-5d301bad493c,Amazing Spider-Man,552,Marvel,2008,,
5397b062-5e6f-47da-be2d-f5a74eb6fe80,Amazing Spider-Man,553,Marvel,2003,,
6a51e88d-953c-4c83-9160-a5ba5befaf74,Amazing Spider-Man,554,Marvel,2015,,
5c8e2f3f-16a7-40f2-8a16-1fa32e60bd0b,Amazing Spider-Man,555,Marvel,1969,,
23c69c3f-ae7b-4158-9efa-c41fb5d377f1,Amazing Spider-Man,556,Marvel,1984,,
3f87291e-f51e-4eb4-a285-2171ff46becf,Amazing Spider-Man,557,Marvel,1962,,
8b1f55e3-e5d0-4537-8a41-ae1a14239eb7,Amazing Spider-Man,558,Marvel,1994,,
5100d5b4-6023-4d48-bf18-e9606ca18b24,Amazing Spider-Man,559,Marvel,1984,,
0c9b67e1-d286-4545-aa0c-2827296ec3e7,Amazing Spider-Man,560,Marvel,1983,,
e29381b5-7f52-481c-bfba-26b3bdf895e5,Amazing Spider-Man,561,Marvel,1996,,
bff09362-7921-43ed-8028-d6f76d31f653,Amazing Spider-Man,562,Marvel,1993,,
ceed08aa-7a7d-4f43-9917-0ce85cd6c21f,Amazing Spider-Man,563,Marvel,1991,,
6b45dde3-a15b-4779-879c-b2ecf417994e,Amazing Spider-Man,564,Marvel,1984,,
cd59dfde-8b8d-45d9-8621-9359a38e8a9a,Amazing Spider-Man,565,Marvel,2022,,
587ae487-2363-40cc-ba10-8486a7c31c14,Amazing Spider-Man,566,Marvel,1968,,
dcc54938-0d85-46af-ba16-d68d825ff867,Amazing Spider-Man,567,Marvel,2015,,
edd96f42-e6f2-48aa-ba7e-b14ab885a7af,Amazing Spider-Man,568,Marvel,1978,,
6c001a81-a775-49d1-82e7-20da0842cf50,Amazing Spider-Man,569,Marvel,1974,,
8092367b-244a-4df5-a4e5-0e406b1ec65e,Amazing Spider-Man,570,Marvel,1971,,
f29ccdc5-77cf-41d3-8ad7-f0911aecf8c7,Amazing Spider-Man,571,Marvel,1981,,
cd7834af-1d84-478e-93fa-b512ca3e1b86,Amazing Spider-Man,572,Marvel,2009,,
725f5a35-9ab6-46ca-b856-214ec0848f53,Amazing Spider-Man,573,Marvel,1972,,
50e8b976-79f5-48c7-ae91-552693ccc17d,Amazing Spider-Man,574,Marvel,1989,,
31a49ee3-e0a7-4e8e-bdf0-aa5d8dda19e3,Amazing Spider-Man,575,Marvel,2012,,
d1ed6297-c0c6-4b12-9550-e10334fa629c,Amazing Spider-Man,576,Marvel,1992,,
065e1a19-c507-432d-8d0b-19be71701236,Amazing Spider-Man,577,Marvel,2003,,
f6f78e72-0ec8-4338-b218-481ae2ed7667,Amazing Spider-Man,578,Marvel,2014,,
aaf4f3c1-aaaf-4a3f-b84c-3fbb4e75efeb,Amazing Spider-Man,579,Marvel,2003,,
943dc681-39aa-4142-a538-ffcd9fa427c3,Amazing Spider-Man,580,Marvel,1965,,
47f91fe0-4d66-4e27-b39d-c04f9835b98f,Amazing Spider-Man,581,Marvel,2003,,
0cd8d0fa-cb0d-4221-a5d1-2f8767257272,Amazing Spider-Man,582,Marvel,2004,,
b04fcf5a-db3a-40bc-83df-219ec66e734e,Amazing Spider-Man,583,Marvel,2020,,
456ff153-7c57-4e6f-a090-7fac827a64a9,Amazing Spider-Man,584,Marvel,1961,,
e011287f-ebba-4d5b-8ced-9a810931ee56,Amazing Spider-Man,585,Marvel,2012,,
0b9fbd43-f05a-43a5-bbef-96d6a1148aaf,Amazing Spider-Man,586,Marvel,1975,,
9f3ed335-f53d-4a80-b5c8-89fa11de215f,Amazing Spider-Man,587,Marvel,1968,,
2fe4f14a-1fb9-43ee-a2d1-ebfcaf7e20ae,Amazing Spider-Man,588,Marvel,1975,,
af094570-340e-42eb-88a3-a7086d15075d,Amazing Spider-Man,589,Marvel,2001,,
617c6f54-d4e9-4e2e-b246-72f230d5b4a8,Amazing Spider-Man,590,Marvel,2000,,
42cbd5dc-66bb-4d61-9933-3bf0b95f6413,Amazing Spider-Man,591,Marvel,2013,,
96795d8b-1555-4d1f-9e33-4dfc40f72464,Amazing Spider-Man,592,Marvel,2010,,
bb19f602-d684-43e5-8476-3f0888184c3f,Amazing Spider-Man,593,Marvel,1979,,
1f79f782-ee13-46cd-b9bb-5ba51a103b4e,Amazing Spider-Man,594,Marvel,2013,,
9d7ecca8-9518-431a-96a4-40488bc01314,Amazing Spider-Man,595,Marvel,1969,,
9cfef6cb-fc9f-4917-a58f-b651b0c82dbf,Amazing Spider-Man,596,Marvel,1996,,
a9e2b13a-821b-424c-8f3f-05cc4715ec57,Amazing Spider-Man,597,Marvel,1991,,
43425e4e-d715-4abb-a636-5c3df7ee6b73,Amazing Spider-Man,598,Marvel,1965,,
5b79c541-ade5-4ffe-9fd2-6f7ef78cbe8b,Amazing Spider-Man,599,Marvel,1960,,
49b9e459-0835-41ba-b4bc-cda93f884b63,Amazing Spider-Man,600,Marvel,1976,,
1b1a3cdc-ca54-42cf-b101-e449a50f5963,Amazing Spider-Man,601,Marvel,1984,,
b5619360-51fe-4f7f-a1e5-dfd217675f5b,Amazing Spider-Man,602,Marvel,1993,,
6425b104-fc11-4799-ba3e-a2a19b5591ab,Amazing Spider-Man,603,Marvel,1992,,
cec5e220-f94a-4abe-9f95-116bf11322d2,Amazing Spider-Man,604,Marvel,1977,,
1053378c-e4d4-427a-bc8d-7c9d956165ec,Amazing Spider-Man,605,Marvel,1991,,
0b5c4941-292f-4795-b181-db3e31af6a57,Amazing Spider-Man,606,Marvel,1999,,
54bb8aaf-a58b-49ed-8188-161e76334bd1,Amazing Spider-Man,607,Marvel,2018,,
72bc4d88-584c-4ce6-bfce-86d4362fc193,Amazing Spider-Man,608,Marvel,1961,,
556cc75e-22c8-4e23-9498-c175eba6bec3,Amazing Spider-Man,609,Marvel,2005,,
52dc7e44-9833-4b17-be01-8ded262de0ea,Amazing Spider-Man,610,Marvel,2020,,
59e7f204-eb3d-4799-bb1d-e3bfd39f5a42,Amazing Spider-Man,611,Marvel,1969,,
53a01e1c-49d0-4f2d-b0a8-bc40a5a388aa,Amazing Spider-Man,612,Marvel,1997,,
7b63a66a-5a8c-484f-938e-29f0595e777a,Amazing Spider-Man,613,Marvel,1971,,
068e387e-19f7-4125-bc6d-af692ef30c12,Amazing Spider-Man,614,Marvel,1988,,
3cb599e3-5abb-47df-a0df-55518362ad6d,Amazing Spider-Man,615,Marvel,2004,,
fb46ae68-3f5e-43d5-887b-6fd2472fb027,Amazing Spider-Man,616,Marvel,2012,,
1417439f-b50a-48d7-a7d7-be1a3e499b58,Amazing Spider-Man,617,Marvel,1960,,
f08bc650-8786-44da-916a-029fd1d79eaf,Amazing Spider-Man,618,Marvel,1982,,
57a50130-a774-4c6e-bf9b-b23fa3e87716,Amazing Spider-Man,619,Marvel,2012,,
449a5676-a27d-444f-af38-8a22ad527cc8,Amazing Spider-Man,620,Marvel,1963,,
4aee1457-9a63-4929-8e96-fc75c39faf69,Amazing Spider-Man,621,Marvel,2003,,
e8520843-66e8-4418-b939-6dc824dec598,Amazing Spider-Man,622,Marvel,2019,,
879b4498-fae2-4627-a333-27a83e75ace8,Amazing Spider-Man,623,Marvel,2016,,
7969fe5a-74ec-49fe-929d-8a0886d69df3,Amazing Spider-Man,624,Marvel,2006,,
91db52eb-2210-4eab-8fcb-8e2f9bbbf21e,Amazing Spider-Man,625,Marvel,2011,,
d662487c-5201-49d6-831e-09293d5b94d8,Amazing Spider-Man,626,Marvel,1982,,
18e2beb8-72cc-4b76-95bb-82d4642dfb12,Amazing Spider-Man,627,Marvel,1995,,
95815eae-dd71-461f-bf0a-7a5e89d8d6aa,Amazing Spider-Man,628,Marvel,1992,,
3314965c-cbcc-4850-86cf-f9be5033b86a,Amazing Spider-Man,629,Marvel,2015,,
6c43d759-f778-4b3d-a0db-4837a9ea3390,Amazing Spider-Man,630,Marvel,1960,,
dcd99971-44b7-4a9a-9c97-971a3aa953f9,Amazing Spider-Man,631,Marvel,1988,,
f3763ead-a595-462f-8715-94a0a14719e5,Amazing Spider-Man,632,Marvel,2023,,
098a6783-f7a4-4fd9-bfe6-733f63ecaddd,Amazing Spider-Man,633,Marvel,2004,,
c03766e8-8eff-4758-ac24-9384656bc9d8,Amazing Spider-Man,634,Marvel,1982,,
be895240-3e1c-4dc4-ab3d-06e818083d21,Amazing Spider-Man,635,Marvel,1996,,
b769abe5-601f-41ff-99fc-c40d031d4647,Amazing Spider-Man,636,Marvel,1970,,
fd564be4-e595-4afe-a99b-363727c2d383,Amazing Spider-Man,637,Marvel,1979,,
f0173c8c-7fd5-4b95-8b34-d5e2aff02239,Amazing Spider-Man,638,Marvel,2013,,
e2a51c20-46a0-4276-97dc-e6cbd9df15a4,Amazing Spider-Man,639,Marvel,1994,,
cda5c1f0-9331-49fe-8677-06e7d3e653c3,Amazing Spider-Man,640,Marvel,1984,,
d9ee769d-87d9-45e2-a64d-b370a7a76583,Amazing Spider-Man,641,Marvel,1993,,
1e5e14cd-2b40-4447-9274-7a29e9e6cc1b,Amazing Spider-Man,642,Marvel,1961,,
de9e4817-140e-4df5-aad7-c812715f2f0a,Amazing Spider-Man,643,Marvel,2020,,
557fb839-8009-4956-9e96-150191650e21,Amazing Spider-Man,644,Marvel,2007,,
55b11746-5815-42ec-9a04-604c449d7e7f,Amazing Spider-Man,645,Marvel,2004,,
fe67d068-18c8-46ed-bac3-7445b82e9a8a,Amazing Spider-Man,646,Marvel,1976,,
605ac506-d2fd-4be6-ae6e-742a5e971597,Amazing Spider-Man,647,Marvel,1967,,
b58aedb2-fa3a-431f-a82e-f2172b90cb51,Amazing Spider-Man,648,Marvel,1991,,
30f7f533-c935-4fda-ad85-6ff2c43b9d87,Amazing Spider-Man,649,Marvel,2016,,
fc3db310-f76c-4e40-a596-f72c023d88d9,Amazing Spider-Man,650,Marvel,1983,,
d25a9c3a-e5c6-451f-a3ce-cab4b554d6e3,Amazing Spider-Man,651,Marvel,1991,,
8b1bbe7e-7d32-45d8-a0c0-0ac1ab1737f2,Amazing Spider-Man,652,Marvel,1962,,
a6e38009-9362-4826-8980-9d605080915b,Amazing Spider-Man,653,Marvel,1965,,
1672c38b-7e68-4a8c-89e4-2358d54297e5,Amazing Spider-Man,654,Marvel,1987,,
da6d8bc5-5027-4fd0-9272-fd89c17676ca,Amazing Spider-Man,655,Marvel,1985,,
b6771edc-25c1-416f-972d-36f971c48749,Amazing Spider-Man,656,Marvel,2012,,
8f8b54ed-58a2-4aa1-9722-d398ac23f698,Amazing Spider-Man,657,Marvel,1972,,
2ab08f35-e1de-4e63-9e77-bce2f0338590,Amazing Spider-Man,658,Marvel,2016,,
531401ad-4681-436f-b6fb-5d15e66cc246,Amazing Spider-Man,659,Marvel,2018,,
7d66265d-0120-4a00-b103-55ab63850cf3,Amazing Spider-Man,660,Marvel,2005,,
121f861c-9642-4355-adac-9c0eb7c49481,Amazing Spider-Man,661,Marvel,2000,,
9a4bbe44-fc4c-470d-a1a2-9532f9942c20,Amazing Spider-Man,662,Marvel,1992,,
bfb0efd5-99b6-4d68-947f-e070f02d04f4,Amazing Spider-Man,663,Marvel,1968,,
8cca466e-b507-434f-ac98-c19a18fea31b,Amazing Spider-Man,664,Marvel,2019,,
d7d44ccf-b3fc-4dd2-996c-8c2f589ed410,Amazing Spider-Man,665,Marvel,1961,,
721543f8-20c6-4210-8c74-e397986912d9,Amazing Spider-Man,666,Marvel,1966,,
f358358d-9096-4fb1-9bb2-789c8e7d5b21,Amazing Spider-Man,667,Marvel,2003,,
6c7efdee-d3b5-4ea6-87a7-d51c2345a1c5,Amazing Spider-Man,668,Marvel,1989,,
e99e2e39-af2b-4741-997e-45a7d8087135,Amazing Spider-Man,669,Marvel,2002,,
47e1acd0-ac8e-4676-b1f7-66e5870bb243,Amazing Spider-Man,670,Marvel,1979,,
149bffe1-abf1-4444-ba5a-2788b586c37c,Amazing Spider-Man,671,Marvel,1971,,
69d8e83c-e9de-482c-8998-f1aef6e1e708,Amazing Spider-Man,672,Marvel,2012,,
711755a4-38d6-4948-8f67-e5596887b916,Amazing Spider-Man,673,Marvel,1977,,
b3e13648-41d7-44d8-a7eb-57da88f22ca8,Amazing Spider-Man,674,Marvel,1985,,
ee304b0f-086f-4e03-9d28-30b6f69a2341,Amazing Spider-Man,675,Marvel,2003,,
8fb10231-883c-462d-90ca-8e3cd45bdec9,Amazing Spider-Man,676,Marvel,2023,,
dc7296e0-d37f-4939-9a70-b635b367cfa3,Amazing Spider-Man,677,Marvel,1984,,
202ea458-30a4-4760-8bbf-6b8c10721821,Amazing Spider-Man,678,Marvel,2019,,
5db47032-76f6-434d-ac25-1f6d4fde09fe,Amazing Spider-Man,679,Marvel,1991,,
6276049d-f8bb-420a-a4e7-d0313048eb7f,Amazing Spider-Man,680,Marvel,1961,,
9c4cb19b-f183-459a-8646-89019cdf34e4,Amazing Spider-Man,681,Marvel,1971,,
970b0ec2-13e3-443f-8425-4311cd0d08b8,Amazing Spider-Man,682,Marvel,1995,,
0e43715c-93cc-4dad-adc3-390dd185926a,Amazing Spider-Man,683,Marvel,2022,,
367b6af0-8d61-4ad7-bee4-8f4fb8949b45,Amazing Spider-Man,684,Marvel,1975,,
d0f982f4-f861-4303-8e95-0c96a17e4ed9,Amazing Spider-Man,685,Marvel,1986,,
f9acfa82-8f95-4f48-9d13-0f97dbd54f2d,Amazing Spider-Man,686,Marvel,2021,,
cb9fdb98-2794-4867-95aa-2836e8ec97bf,Amazing Spider-Man,687,Marvel,1962,,
692fb317-7874-43fa-b8b7-67d0a3884690,Amazing Spider-Man,688,Marvel,1976,,
742bbb67-c86e-48fa-9cec-77128b4fa24f,Amazing Spider-Man,689,Marvel,1976,,
195160fa-79e4-4604-a139-2fadb6a237e9,Amazing Spider-Man,690,Marvel,2017,,
633c5f5e-8c0d-4549-8c20-79b6093bd6d5,Amazing Spider-Man,691,Marvel,1972,,
39902318-1a67-4721-a2f2-088163befa0f,Amazing Spider-Man,692,Marvel,1978,,
367aa3ab-9635-453c-8f01-7ae37999cb64,Amazing Spider-Man,693,Marvel,1971,,
513380d6-83a7-47a2-ad18-b28bea1c6f5b,Amazing Spider-Man,694,Marvel,2011,,
2de6a231-8136-4c4a-9d9a-b171077280f2,Amazing Spider-Man,695,Marvel,2022,,
e3011478-08a9-4089-a936-bc95864d7060,Amazing Spider-Man,696,Marvel,2009,,
c000d9a6-4f7f-4793-989d-54adb276c090,X-Men,1,Marvel,2004,,
3de56895-b78a-4366-91a2-cde2c689ac23,X-Men,2,Marvel,2012,,
3eb41e3c-f262-43ef-8581-2218ad37165a,X-Men,3,Marvel,2000,,
a0a31847-c532-42b4-b3b6-b8b539033913,X-Men,4,Marvel,1989,,
15f75390-9f54-4b8c-9a3b-3d03f2ec34ff,X-Men,5,Marvel,2007,,
83d3ecf7-c2f3-4119-ad40-04fe6c17eb81,X-Men,6,Marvel,2010,,
d9690f08-7b58-431b-8995-f39b86b243ad,X-Men,7,Marvel,1996,,
38fbf8bb-b710-4f8c-9c53-13eab71612ce,X-Men,8,Marvel,2003,,
6fe2a7b3-177a-454e-a0c8-9a9ef0647c2a,X-Men,9,Marvel,2016,,
a682eef1-8792-40b1-bfa5-bfb83975ecf0,X-Men,10,Marvel,1978,,
fdac90c3-b01b-4bff-8b0f-7e3b1328965e,X-Men,11,Marvel,1965,,
5ca20cd1-ac84-41b4-855c-4e01b5685474,X-Men,12,Marvel,1990,,
7229f929-fdc0-495c-917d-58b6915bc2d2,X-Men,13,Marvel,1976,,
9cbea006-6260-40e6-b5b5-ffc7377856b7,X-Men,14,Marvel,2000,,
35c5cb47-e735-407d-9ade-8db89e23cd68,X-Men,15,Marvel,2020,,
918039a4-bc7a-43e9-beca-0f7c85495f00,X-Men,16,Marvel,2005,,
d08408c3-90b0-47ab-a818-7ca5b16aac95,X-Men,17,Marvel,1962,,
bb9f52af-c699-41bf-b908-0019ed6aea86,X-Men,18,Marvel,2000,,
752fd35c-d4f1-417e-8077-33f7990ed037,X-Men,19,Marvel,1962,,
6b4738d3-a8f5-4faa-9e3a-35e228c6f620,X-Men,20,Marvel,1976,,
a07ba948-4878-4b75-9b3c-7745d8994b30,X-Men,21,Marvel,1982,,
0a3ab3c8-dba7-4070-b245-674d0e5c055a,X-Men,22,Marvel,1960,,
088cd549-2ddd-4d3f-9bfc-83fb4b8ec068,X-Men,23,Marvel,1978,,
83e6fc08-1fd5-41ab-9a4b-003070e8c536,X-Men,24,Marvel,2013,,
c0e7079b-c437-4980-965b-44cf016bdb21,X-Men,25,Marvel,1976,,
f091cccd-4c4b-42f8-85e7-074c307a75af,X-Men,26,Marvel,1967,,
01654f23-8689-4c47-accb-32278be7be5d,X-Men,27,Marvel,1980,,
d65b7087-f344-4f48-bfe6-3f82c027a30c,X-Men,28,Marvel,2020,,
07cfc25b-53a9-4f51-b43d-0d87a2f4f2ce,X-Men,29,Marvel,1992,,
f9e7e198-3547-4cc7-b9ef-da4e007e5998,X-Men,30,Marvel,2013,,
143c6053-1ced-48d0-aab4-2a9a70858294,X-Men,31,Marvel,1970,,
99c500c9-728a-4838-b146-7b6d62755aef,X-Men,32,Marvel,1966,,
c661ecb3-5c75-4d15-aed4-9b70ec6647cc,X-Men,33,Marvel,1961,,
e8dfacbd-bf88-4ea3-8573-057723b7dcdf,X-Men,34,Marvel,1967,,
a1a2f237-1fa7-4ff5-a354-49a5fa37acc5,X-Men,35,Marvel,1980,,
e0e070f5-b069-40c7-a974-a8e2cbe3de7f,X-Men,36,Marvel,2022,,
ffebce93-0fb6-4030-9641-eabe3e58ae34,X-Men,37,Marvel,1981,,
1a5328a1-e769-4181-af7e-e32fac85dd9d,X-Men,38,Marvel,2012,,
53e0280a-225c-45bd-8450-9872f13ead16,X-Men,39,Marvel,2002,,
aa50a281-ac17-4533-8c28-5fc6d0d13300,X-Men,40,Marvel,2015,,
78a274ea-58ce-4284-86d7-acf185c7200a,X-Men,41,Marvel,1961,,
cc305ae9-be74-4729-8336-c092d39e68d3,X-Men,42,Marvel,1994,,
0b5f6a6f-cf83-40af-8c2a-cfa339d861a8,X-Men,43,Marvel,2018,,
a4f1fd9f-4a9f-4ea9-9ff5-87e4e2658710,X-Men,44,Marvel,1989,,
7c2af74a-fc4f-4dd2-b9fa-d9e7d2199492,X-Men,45,Marvel,1977,,
bb1badb1-c05e-4969-af11-95213e2e5f0c,X-Men,46,Marvel,1973,,
f4fbf442-7743-4801-b529-3ca672f38dcf,X-Men,47,Marvel,1983,,
6f17825b-04db-4442-9dca-931cb0c4b081,X-Men,48,Marvel,2017,,
6203e6c8-4e7e-43f6-8d1f-9b04dee3d8c5,X-Men,49,Marvel,1990,,
7269f495-a2a1-4c33-9e46-9509918c2c76,X-Men,50,Marvel,1962,,
ea0a8354-d8d4-41ef-8517-15ba6d3ad384,X-Men,51,Marvel,1967,,
e187518f-765b-4216-bfce-84d797cac1b1,X-Men,52,Marvel,2000,,
ebf2193a-f92d-4d80-a7d9-04d336796872,X-Men,53,Marvel,1984,,
9876e03a-0882-4db1-9364-159239910536,X-Men,54,Marvel,1973,,
d9f092e1-7826-469e-967d-a7bc14c1e990,X-Men,55,Marvel,1972,,
2adb2f41-9a90-44cc-b35f-499be9a5716d,X-Men,56,Marvel,1995,,
8c138ac4-0b67-4614-a8c4-28fe321d55b7,X-Men,57,Marvel,2022,,
9359a0e5-9c28-4a60-8f0c-75b722b02924,X-Men,58,Marvel,2002,,
f6ef755a-c545-4f1a-9872-99f4f09eeddb,X-Men,59,Marvel,1967,,
2820b465-8198-45a5-987d-6b9f68716b9e,X-Men,60,Marvel,2019,,
69f11896-d686-4aa1-a2ce-f1b3e21f35a5,X-Men,61,Marvel,2003,,
4e61af3a-33a0-4345-85ee-a822d76d622d,X-Men,62,Marvel,1976,,
63f1b56f-212a-4093-86cc-c6395105fd1e,X-Men,63,Marvel,2005,,
fc2d5adc-1d23-47d0-bcee-ffc723d47e94,X-Men,64,Marvel,2002,,
4593ec9a-19f4-465b-9e6d-88ee905a90c8,X-Men,65,Marvel,1988,,
ab585560-c18b-4de4-9921-97b2a1ee6fb5,X-Men,66,Marvel,1984,,
1e2f4ccc-99ad-40f0-8838-d0ca21916eb5,X-Men,67,Marvel,2008,,
2f82f3cd-c05b-48fa-a9ad-386d99c2a611,X-Men,68,Marvel,1987,,
1cf5cf56-798e-4a90-85d1-aa154f96dca0,X-Men,69,Marvel,2010,,
d853f01c-ee2d-4c11-8b9e-ee8ddfee15c4,X-Men,70,Marvel,1994,,
abc873ff-8ab4-4d38-87d8-698830d68c6a,X-Men,71,Marvel,1976,,
1d390273-16a5-41e1-bba2-f366771f4b2d,X-Men,72,Marvel,2021,,
861b738f-0908-4f33-8334-f2ae5f57b14e,X-Men,73,Marvel,2011,,
11d51fe8-ffe3-41ec-8f10-83949ba1d724,X-Men,74,Marvel,2014,,
b1a62778-5bc0-46ae-90a0-0dc16f1fdefc,X-Men,75,Marvel,2004,,
7640981f-7c82-4887-ac82-617f4f46777b,X-Men,76,Marvel,1977,,
ae541f5c-c5bc-4cc6-996c-a39477007529,X-Men,77,Marvel,2020,,
7984721c-29e2-4f47-aeff-551cf067f831,X-Men,78,Marvel,1972,,
5c20550c-f972-4c45-861a-0b703fcb2ee1,X-Men,79,Marvel,2005,,
b77a6abd-2f17-42d0-904f-dac96b7b2df8,X-Men,80,Marvel,2007,,
a3e7d49f-4926-4e9a-a28c-e4b2235cf829,X-Men,81,Marvel,2012,,
a2b856c1-bf0a-43f2-a85f-f7caf0182c5f,X-Men,82,Marvel,1996,,
f94c6d0c-6ae0-44f0-8457-6b582c434fe9,X-Men,83,Marvel,2003,,
af1f5649-e426-48e0-ba9e-91ca12ba0c5d,X-Men,84,Marvel,1982,,
67561917-882a-4ddc-88d6-81edf4e3f2d0,X-Men,85,Marvel,2018,,
361dd6fa-4a00-4cff-b25f-290309a140f5,X-Men,86,Marvel,1970,,
e2d85ddd-6de5-4594-9d6d-fbeabe3f5e73,X-Men,87,Marvel,1981,,
afb3e7dd-ee92-42e5-aec0-0adb8f043aa1,X-Men,88,Marvel,1990,,
83d2c1f5-7547-46c6-a732-0a100ee6fa2d,X-Men,89,Marvel,1979,,
958edbeb-6bbf-4980-a561-71004b1a9c85,X-Men,90,Marvel,1990,,
41c6228a-3ff7-4181-b610-eed9deff92d3,X-Men,91,Marvel,2000,,
0f8f047b-3637-44ed-b764-1e81f475ad8c,X-Men,92,Marvel,1986,,
fc304ed7-6d4e-4421-be8e-b5fb8f40e71e,X-Men,93,Marvel,1971,,
a11f1b7d-e109-4299-a108-9d2b396be404,X-Men,94,Marvel,2005,,
3b0cb779-921b-4122-819a-9b826893268f,X-Men,95,Marvel,1990,,
dfcf7146-d0bc-4959-a504-95f02c43b2e7,X-Men,96,Marvel,1973,,
00dc6d8d-65c4-4b7e-b2b9-2ada7fffe7b1,X-Men,97,Marvel,1988,,
2d0abdd7-0300-4ea6-8a6a-5c9035e0738e,X-Men,98,Marvel,2023,,
2e194ef6-cbd7-4e8e-bc59-93183f6641f8,X-Men,99,Marvel,1986,,
5d732b6f-04ab-4d57-8582-b9069e9be538,X-Men,100,Marvel,2016,,
44a8f54b-e8c4-4d7c-ba34-2774874fe553,X-Men,101,Marvel,1991,,
fb7bc4a6-13e4-4258-a432-9d2a972c1922,X-Men,102,Marvel,1996,,
920f06a9-9852-4d7d-9500-91af3e340728,X-Men,103,Marvel,1965,,
fb4e2f9b-7634-4bc1-95f2-b553c217788d,X-Men,104,Marvel,2003,,
0cb14ddd-eb2e-44ab-9116-ce628b068828,X-Men,105,Marvel,2014,,
613b7ba7-e850-450f-8558-78e542b410e8,X-Men,106,Marvel,1977,,
f3ffed6f-d3e1-4b92-a892-5d5822aa1398,X-Men,107,Marvel,2002,,
2fb45390-d000-45a2-98a4-82566decaf7a,X-Men,108,Marvel,2003,,
4df000e6-faed-483a-8f49-30cbfa441d3e,X-Men,109,Marvel,1995,,
6c842079-b4ca-447f-8ce1-0f02c92c01bb,X-Men,110,Marvel,2004,,
48b3d3ed-5799-45c0-ae08-b6b14f1f034a,X-Men,111,Marvel,1993,,
22780642-e797-4d7c-a9f4-3c289c998072,X-Men,112,Marvel,2001,,
30faf6ba-e9de-4087-b326-50c765a08978,X-Men,113,Marvel,1989,,
f8f9656c-37bf-4a22-bff2-eef4aeeac407,X-Men,114,Marvel,1984,,
40bfcc0b-c1b8-49b4-96fa-4e2fab6278c1,X-Men,115,Marvel,1962,,
121b3edb-6c04-4a94-88c4-a4fd1b151873,X-Men,116,Marvel,2018,,
f1472f9f-6b47-47b1-97bd-0bfa962ed2da,X-Men,117,Marvel,1997,,
48b02880-b024-4514-a2cc-b282fe31ff83,X-Men,118,Marvel,1965,,
70f4d34a-7867-4a19-9695-3849ddbc3463,X-Men,119,Marvel,1985,,
c5a9adb5-a37e-4e91-b0fe-ca116177bd19,X-Men,120,Marvel,1993,,
e2333197-5a56-470b-9a17-5454a529614d,X-Men,121,Marvel,2023,,
0b488622-5b42-4467-875f-cf0222657c10,X-Men,122,Marvel,1985,,
a34a6ee9-17d2-4840-a067-7875f74bc979,X-Men,123,Marvel,1996,,
e6674313-1c6d-42ca-a76b-5f574f3e0ea0,X-Men,124,Marvel,2020,,
78b45ba1-eee0-4e2d-be28-f8743eaacc86,X-Men,125,Marvel,1989,,
942da5f9-8d5b-4db2-b837-d9c765d1ad16,X-Men,126,Marvel,2021,,
b3f52d76-eb74-439f-842d-cf8a21c5f849,X-Men,127,Marvel,2010,,
788aa047-ebb5-4242-8146-4536b5404454,X-Men,128,Marvel,1969,,
e6a77846-b63e-45f6-94c8-59d35921cb33,X-Men,129,Marvel,1999,,
2b72e889-1ffb-4ca7-9eb7-c3d60c6f9317,X-Men,130,Marvel,1996,,
e9098fa4-6cc8-469b-8f1f-d7b283f6636f,X-Men,131,Marvel,2005,,
a1b7a3fb-a3a3-4d6b-9a3f-4a4db7f8e90d,X-Men,132,Marvel,1976,,
953ed7a8-e979-4d2a-a354-c335e722a71c,X-Men,133,Marvel,2007,,
f469efec-a82f-4919-b8a2-5efefd3ad38b,X-Men,134,Marvel,1995,,
bbe095d7-ad19-4deb-a7ce-24c40d5329a5,X-Men,135,Marvel,2000,,
2f9c361b-ff15-4e2a-99a4-0788b6cf4158,X-Men,136,Marvel,2015,,
5ca76b8f-bed9-449d-8f73-e5dd1f9370f3,X-Men,137,Marvel,2006,,
2e05aeac-bc52-44e5-bfd7-1596212cd638,X-Men,138,Marvel,1989,,
d25d5a2d-c13f-44fe-b1b8-0e716eb388f7,X-Men,139,Marvel,1975,,
2d5e2c41-c4ad-4b7a-bac1-94c0440e1739,X-Men,140,Marvel,2005,,
bddb3c6e-065f-4002-b79a-500b1414489b,X-Men,141,Marvel,1970,,
ada51cf1-cec3-4949-9dd8-cef2815e54ad,X-Men,142,Marvel,2014,,
9c7a6cb6-d372-4ecb-95f5-14f48d202d0a,X-Men,143,Marvel,1987,,
95da5754-b522-4f10-9fcc-dcf146d3b0e9,X-Men,144,Marvel,2010,,
7db6ac60-15fc-4439-a477-ed52bb39ef3b,X-Men,145,Marvel,1963,,
3d2e1232-f497-4dab-9038-6251ba63bbe0,X-Men,146,Marvel,1986,,
62f6182e-29b7-4556-8dda-7453d51c83d2,X-Men,147,Marvel,1983,,
2a485a09-83d8-4f57-8877-254d6448a437,X-Men,148,Marvel,1966,,
b4fd246f-3d98-4d78-a71b-542f6bcdf2f8,X-Men,149,Marvel,2014,,
173cfa20-e2ec-4d95-a1ce-17082159b534,X-Men,150,Marvel,1974,,
c0b9bfe2-3978-4d52-96fd-acd12b888810,X-Men,151,Marvel,2014,,
613b35d9-c02e-4ad4-903b-a6b7375683f4,X-Men,152,Marvel,2019,,
64d74aa8-517c-4b0e-a7c1-a4ed0a4a57fc,X-Men,153,Marvel,1975,,
4a8a5b94-1f59-4393-96e6-23ac1f87685e,X-Men,154,Marvel,2005,,
4336cd63-8b51-4965-9ae5-4db9f653e216,X-Men,155,Marvel,1988,,
3fdc8fb5-8b9f-41db-9dbe-f30af8abe989,X-Men,156,Marvel,2015,,
b7bc1bdc-8945-47d4-8a61-ace561c0daa9,X-Men,157,Marvel,1992,,
e1d9928d-6536-411a-a596-b92730f4178a,X-Men,158,Marvel,1969,,
59490961-c3ab-4af1-af1b-9631b29b1bad,X-Men,159,Marvel,2016,,
f2dcfab4-adc1-4c4f-a86f-615180800a71,X-Men,160,Marvel,1977,,
24e42d1c-7e35-4d2b-890b-4381f3f2213b,X-Men,161,Marvel,1987,,
13f6387d-7a20-490f-b29d-ed75b63747c8,X-Men,162,Marvel,2012,,
9e4c0fd4-7261-489f-ba4c-d232f01a8643,X-Men,163,Marvel,1978,,
51d5a8d3-3085-4b3b-bc1d-a39cadfe7c85,X-Men,164,Marvel,1965,,
f9f70724-b1a4-4706-a88e-ed4a817639c4,X-Men,165,Marvel,1977,,
457ad121-3392-45e2-9d02-a047b70abe83,X-Men,166,Marvel,2009,,
befeef42-8433-4128-a232-6fc7425bf4e2,X-Men,167,Marvel,2005,,
f2a568b6-aa22-432f-96d5-8e11f57a44b4,X-Men,168,Marvel,1980,,
3c31eec0-5ff7-4d3b-b339-30c1308d5711,X-Men,169,Marvel,1977,,
01003203-6f73-4409-a062-d594ecc4c5ac,X-Men,170,Marvel,1963,,
e62b2417-2bf3-48b8-9eb9-be3ec5b671ae,X-Men,171,Marvel,2010,,
effb6a37-27b0-4311-8f36-93e61033be15,X-Men,172,Marvel,2020,,
429109bb-9ef3-4445-90eb-dbeeaa7df8bf,X-Men,173,Marvel,2009,,
34bb061f-a7a6-41c0-a052-2aacb6d7a3b7,X-Men,174,Marvel,2013,,
5901cf82-8b0b-47bf-9294-8d20a1c3add5,X-Men,175,Marvel,1977,,
26961ee3-b9b6-4204-aacf-cbfa05c5fbb2,X-Men,176,Marvel,1976,,
e138fcd3-cf2a-4a46-bd85-f9201b0d2a8d,X-Men,177,Marvel,1974,,
092a7ea2-2204-4953-a848-3ae2f0c583c7,X-Men,178,Marvel,1987,,
ebf34310-674c-4474-842f-47d43d75872c,X-Men,179,Marvel,2005,,
e18cb37e-f40d-4502-a86e-74a5bc3399df,X-Men,180,Marvel,1990,,
771aa0d9-d51b-4b97-a9ac-6e59cdf60ff7,X-Men,181,Marvel,2006,,
eb706282-7024-4e5c-b48c-5897d2eb9623,X-Men,182,Marvel,2011,,
16533aca-ffe9-4654-b6bd-7c58d530b49f,X-Men,183,Marvel,2003,,
4c62a8f5-c60b-44a5-ab3f-b4b4c8b157ab,X-Men,184,Marvel,2015,,
c0ff1e4b-51e1-40be-aa6d-1c3a4384c1ef,X-Men,185,Marvel,2018,,
0a66ed85-480a-4db8-bff1-2f9eef2da5ab,X-Men,186,Marvel,2004,,
ba2dacdb-749d-449b-b68c-c23640190f86,X-Men,187,Marvel,2013,,
a90563e2-5bfa-42f8-8630-abe6762ffaeb,X-Men,188,Marvel,1998,,
ab70276b-2849-4d5c-964d-a89a7d431868,X-Men,189,Marvel,2002,,
0d1ed1dd-70af-4d7a-b0d9-8e74a1a5051c,X-Men,190,Marvel,1978,,
5badf1aa-840a-47e3-83ee-52b240ccdceb,X-Men,191,Marvel,1986,,
2390401d-198a-49a1-abdc-f2c8ed6af303,X-Men,192,Marvel,2018,,
1c7a7bf7-0257-469d-8203-f81234be7b36,X-Men,193,Marvel,2016,,
d363f412-f7b9-4650-b3b8-1b82740a0cb0,X-Men,194,Marvel,1980,,
80669a98-176e-487e-85e0-656bc3c8facf,X-Men,195,Marvel,1987,,
afc96210-d731-4834-8c48-1e2a2ec52719,X-Men,196,Marvel,1991,,
ab38bd09-f048-4fd1-880e-649a30c12d57,X-Men,197,Marvel,1963,,
82749b19-3850-4ffc-8df0-ace3661ec937,X-Men,198,Marvel,1998,,
e38ba6c5-bd9c-4303-acf5-c7f058d94cc6,X-Men,199,Marvel,1993,,
c293422d-4359-4b41-8f2f-82c044edc6d7,X-Men,200,Marvel,1981,,
e8a664c8-94ae-44fc-afba-8f68c38134b0,X-Men,201,Marvel,1966,,
ef6c467c-c7c7-420a-a3ff-4cfc26f16c06,X-Men,202,Marvel,1988,,
a574658b-d036-46bb-9f64-bc4031f2f00b,X-Men,203,Marvel,1961,,
c9f75df4-5c3c-47a8-bceb-a6ebdf24891c,X-Men,204,Marvel,2020,,
ca94a284-3e01-4675-bed1-c29d0868fa52,X-Men,205,Marvel,2015,,
7dc6b5ec-4fdb-41a3-ac5d-1987103235dc,X-Men,206,Marvel,1989,,
15fe0255-f9e6-4faa-bdd4-cd787d928b91,X-Men,207,Marvel,1989,,
84fb07db-c218-4dbf-935c-46a8e63ae5ba,X-Men,208,Marvel,2020,,
48cfbbbb-56da-42df-971f-e85edddb309e,X-Men,209,Marvel,2010,,
7621792e-bb00-48fb-a7ce-21608a167159,X-Men,210,Marvel,1967,,
f137ee57-5200-42b1-ab2b-3fcf6c1a4138,X-Men,211,Marvel,2008,,
a624b1b6-8021-4146-9e52-1904544b21d3,X-Men,212,Marvel,2004,,
2917b6de-ee88-4866-93bc-d278866f9f27,X-Men,213,Marvel,1967,,
24632b55-b72a-4e31-bfd0-1b0c3b5ace13,X-Men,214,Marvel,1962,,
e2fd71a3-db35-43f0-86cf-33302c5ce8e6,X-Men,215,Marvel,1996,,
e7bb74ca-8dad-4782-b82f-c094d40df578,X-Men,216,Marvel,1995,,
a9a09d63-e639-435a-9cd6-d54c3b44784d,X-Men,217,Marvel,1992,,
3cfeb3de-46ac-4be3-af03-8bf26cffa7d2,X-Men,218,Marvel,1960,,
4ac3e218-cf75-44c1-ad9f-4ac5df02f737,X-Men,219,Marvel,1972,,
bf4bda6a-14a7-450d-9ef4-6492bec5e959,X-Men,220,Marvel,2017,,
6a276b19-b8ee-42f9-8c8a-839b0596e54e,X-Men,221,Marvel,2012,,
90edf1b4-f5bc-4009-813a-a5d412ac8d65,X-Men,222,Marvel,1980,,
cdced33f-ddea-45a0-b681-936bf79e4783,X-Men,223,Marvel,1970,,
669c68cf-3255-4ca2-ba5a-80d33e44fdd9,X-Men,224,Marvel,1987,,
12968677-19fd-4b2c-b434-e070253a8338,X-Men,225,Marvel,1979,,
cf4b6b98-bd48-4468-ae43-f4d621ac882f,X-Men,226,Marvel,1982,,
d4f38ce7-0649-4d1e-913c-6a320f7c4d4f,X-Men,227,Marvel,1986,,
53c7bacd-10cd-477b-a939-621b7e31baa7,X-Men,228,Marvel,2013,,
d0fc14ef-4e2c-48db-bd4a-3fe5a92a88dc,X-Men,229,Marvel,1982,,
58fa0753-b328-4499-86ee-484fb17bf5d3,X-Men,230,Marvel,1992,,
6e28fd8c-d3de-47c8-a2d6-2e904dad0fd1,X-Men,231,Marvel,2002,,
3faadc75-13ca-4e16-9cd8-b5f17b90acaf,X-Men,232,Marvel,1969,,
af3ccf66-18d2-458f-920e-a57c2c17fa1f,X-Men,233,Marvel,1960,,
7ddd65fe-6e81-40c1-841e-c25e9f388b76,X-Men,234,Marvel,2023,,
e8b3f10a-8ca6-4260-84bb-e053829b4882,X-Men,235,Marvel,1975,,
3fcb60fa-0d72-4d31-88c7-390534fe5edd,X-Men,236,Marvel,2016,,
d9d718e6-206b-47b0-86aa-9b8c95b1e6dc,X-Men,237,Marvel,1962,,
26033733-cf94-4bba-9701-fcd23b85cba0,X-Men,238,Marvel,2018,,
8ce007de-3b60-4c46-bde5-930b8e91b275,X-Men,239,Marvel,1970,,
8a28f63e-3c57-44c0-b368-c8da7ace6810,X-Men,240,Marvel,2012,,
0ac5becd-c7cd-4362-a73b-87362d1da7a7,X-Men,241,Marvel,2024,,
5c5c734d-33d8-4240-a24c-1f47b80fe454,X-Men,242,Marvel,1984,,
4b094b54-d000-415e-9205-2298f9a82d21,X-Men,243,Marvel,2024,,
7ebbee78-14bf-44f1-9083-665d314c2136,X-Men,244,Marvel,1992,,
bc2ef2e1-a71b-4dc4-aced-80e266144612,X-Men,245,Marvel,1993,,
916e9687-d29d-485b-9adf-f3f5fa5aaf51,X-Men,246,Marvel,1968,,
9326a550-64b3-4ed5-82bd-10ecdd930bc2,X-Men,247,Marvel,1974,,
413ba9c5-be47-4bfb-9343-33e141b1e377,X-Men,248,Marvel,1979,,
f3e95b29-af02-46af-a078-a96540af181b,X-Men,249,Marvel,2011,,
a136f4c1-4553-495a-bec3-75eff0120f04,X-Men,250,Marvel,2002,,
5553c09c-c976-45b7-a681-9cc400981b73,X-Men,251,Marvel,2022,,
34c0a9f1-5936-43d9-8a5d-94b6affd3bc4,X-Men,252,Marvel,1981,,
74179391-6369-48e3-a174-622b171203db,X-Men,253,Marvel,1999,,
aaa6664b-1988-4d79-a5c8-e0a3e1d7803d,X-Men,254,Marvel,2013,,
f7b20fdf-4197-40ce-9724-62edf56b83c4,X-Men,255,Marvel,1975,,
f301726b-3ddb-4888-b8e0-15aa6dbef221,X-Men,256,Marvel,2009,,
00181c43-bf2e-42c3-8aeb-4dbc4c4afaf9,X-Men,257,Marvel,1963,,
fb8a533b-8780-486e-93cd-d85da582d9d1,X-Men,258,Marvel,1983,,
6b6b3f99-ceac-4a3e-b3d4-80d1479a05c1,X-Men,259,Marvel,2014,,
efe0e5b7-d2f1-4bf1-8bf2-98e1e0b5a44f,X-Men,260,Marvel,1977,,
cef81780-4cb2-4e62-8c25-af170245df83,X-Men,261,Marvel,1978,,
55e07141-fbef-48c7-bfd4-e30a95b0f40f,X-Men,262,Marvel,2018,,
6e923813-cd79-4282-9718-e95f7aecbdab,X-Men,263,Marvel,1968,,
538bd954-b12d-4b9c-a86d-0abd431791a5,X-Men,264,Marvel,2022,,
1e9aca6e-d977-4ac1-953e-7bd1e9d5d4f2,X-Men,265,Marvel,2002,,
3869ee3e-5684-41b8-957d-5aa3212d03a7,X-Men,266,Marvel,1964,,
87620218-1caa-4c29-be3f-27454ed26e10,X-Men,267,Marvel,1977,,
68738b6c-5b89-408c-8133-4b562dee595d,X-Men,268,Marvel,1987,,
e779f510-ad90-4df7-a039-706b217df8cd,X-Men,269,Marvel,2000,,
f40af237-c6e1-4165-ab8b-1a57574c2858,X-Men,270,Marvel,2021,,
28899ea9-3e17-45c9-990c-e661d0d837e6,X-Men,271,Marvel,1998,,
70978081-52ac-47b4-b164-970fe7b4b524,X-Men,272,Marvel,2020,,
ed4de389-3d06-402e-b1eb-cc16a8c43994,X-Men,273,Marvel,1999,,
bb03d902-224f-4975-8aa3-f1d88e564b57,X-Men,274,Marvel,1984,,
fe3fcf78-64eb-40bc-8178-6228297014ab,X-Men,275,Marvel,2022,,
74ecb5b3-5f3b-4bc5-9b13-50f655ee1737,X-Men,276,Marvel,2002,,
4df4d8a0-774c-4327-a789-5b8064158ff4,X-Men,277,Marvel,1973,,
ef36b58e-6fdb-44cb-983e-eca78076fc6e,X-Men,278,Marvel,1990,,
588c64da-1609-4eb1-967a-16845a156e15,X-Men,279,Marvel,1966,,
b2005928-b037-43b7-9bee-553663b8ed9a,X-Men,280,Marvel,2022,,
b5e16e82-23d2-4d18-8d01-470924902032,X-Men,281,Marvel,2003,,
2deeae16-187a-4b4a-9ed3-13d1f9dd09a4,X-Men,282,Marvel,1979,,
2e77b099-3fc2-44ac-8c27-88a265d6a93d,X-Men,283,Marvel,1967,,
ff306042-5fd4-4b4d-b1db-0ae122008b71,X-Men,284,Marvel,2012,,
97dce0a9-891f-4b32-bd2e-5a19a3969f23,X-Men,285,Marvel,1961,,
125023d5-8cd2-468d-8f79-95cebdb4d2cf,X-Men,286,Marvel,2009,,
8f22d83f-afca-4b7c-8368-51866c7b278e,X-Men,287,Marvel,1987,,
f2a6d0cf-dcb7-4660-870f-46bfac2b8fc7,X-Men,288,Marvel,2014,,
bf17c192-c6fa-49cb-b45f-4b3c030d3e06,X-Men,289,Marvel,2013,,
bb668599-8476-47d0-8a59-530779385a2b,X-Men,290,Marvel,2011,,
b90b9034-4730-4556-9ccc-a1ac378d9882,X-Men,291,Marvel,1990,,
727231c4-b960-4d38-897c-d50300017968,X-Men,292,Marvel,1970,,
f04597c7-974e-42b2-ad3c-f3150f3a677e,X-Men,293,Marvel,1991,,
cff0cee0-efad-496f-b32b-9bcfb81877e9,X-Men,294,Marvel,1973,,
089232a0-f030-4524-9b8f-0b0eb0e2c264,X-Men,295,Marvel,2012,,
e3c93c58-5a8a-4e3a-a584-97b95bd42d90,X-Men,296,Marvel,1978,,
3854e0c3-f5c5-4cc9-9c35-10807d734843,X-Men,297,Marvel,1992,,
7b3b5fc0-3c87-40cf-ba5f-00612eacb9cb,X-Men,298,Marvel,1988,,
77c28a09-2d5b-44a3-bb5f-56da04bd520f,X-Men,299,Marvel,1976,,
5350efbf-cbd5-4141-915c-66102484b1fc,X-Men,300,Marvel,1975,,
9845c3ca-5780-482c-8995-3a3da2735be6,X-Men,301,Marvel,1998,,
08f83054-c9a3-45b8-9d53-02e5f1c5754a,X-Men,302,Marvel,2009,,
158cf00f-7547-46d6-9f26-d1d5e06f399c,X-Men,303,Marvel,2024,,
f54c2304-53ab-49b5-a3f4-c563d95f395a,X-Men,304,Marvel,1987,,
cb3d59c3-e51a-4578-ad28-4f0ec9e6a90d,X-Men,305,Marvel,1961,,
935cf1e9-c599-4ee3-9cde-25975bee141f,X-Men,306,Marvel,1981,,
8b7edc82-1110-409c-b914-9697024a076a,X-Men,307,Marvel,1976,,
523f9120-42ba-48fe-a969-02a69ed14675,X-Men,308,Marvel,2002,,
e262287f-3aca-4c4e-986b-23197986f504,X-Men,309,Marvel,2007,,
2c3fb92c-7011-4fad-be4d-ffea20e115ef,X-Men,310,Marvel,2015,,
4e33a83c-0761-4c6e-87a9-dda61e996c7d,X-Men,311,Marvel,1974,,
3969aa6d-f148-498e-b7d8-fa0c4ccd3dd3,X-Men,312,Marvel,2003,,
d4b1b793-deda-4806-a57f-b48287715928,X-Men,313,Marvel,1974,,
749eb741-9a07-4fe4-90d2-bdbfe7b515b6,X-Men,314,Marvel,1984,,
6f1c68f7-8bbc-4407-a1ad-818be9bc21dd,X-Men,315,Marvel,2000,,
a30bac84-ebd1-4af6-9079-95b987b283ed,X-Men,316,Marvel,2007,,
26721a9f-d3e1-4599-841a-55790ef75867,X-Men,317,Marvel,1968,,
02bfafa2-4a9c-4578-b52c-5ae31ab3033e,X-Men,318,Marvel,1967,,
ea23fdf5-5d10-47b3-a6c5-b13b918e3932,X-Men,319,Marvel,2005,,
889b8ccc-736e-4f36-8bed-77da16151139,X-Men,320,Marvel,1995,,
1b093d89-4fd9-4886-81c7-73289aa867d8,X-Men,321,Marvel,2015,,
01f3b5cf-c489-43a8-82d9-6f79a6415d22,X-Men,322,Marvel,1992,,
0cce8a7d-8099-440b-80ec-2b546399f947,X-Men,323,Marvel,1988,,
ed8ad8f8-c79b-4887-9f8f-3071a01ccaa5,X-Men,324,Marvel,2015,,
c889c44c-ea50-4dd1-a91f-59d4c959ae3a,X-Men,325,Marvel,1992,,
cef636c9-0f97-4ba0-9b8f-3f41e0a3a3c6,X-Men,326,Marvel,2014,,
2ba20bf1-9a2c-46e2-b811-0f5d1b49eec4,X-Men,327,Marvel,1972,,
00228a24-6089-40c5-8aba-130170cb709a,X-Men,328,Marvel,1972,,
6371f1fd-26ab-4489-83aa-302234d53602,X-Men,329,Marvel,2011,,
2671370c-2dd3-4fd9-8fa2-86a7d5a7e4cf,X-Men,330,Marvel,1985,,
dbc0d514-1eed-49f5-9031-31f6a6d38055,X-Men,331,Marvel,2020,,
e650a006-ece4-4a10-ad66-f31213ed4549,X-Men,332,Marvel,1998,,
f2dab189-151a-4f35-a471-e4038cee41eb,X-Men,333,Marvel,1971,,
6c541a89-a76b-43fd-b783-1241da88535c,X-Men,334,Marvel,1987,,
920dd8a6-0414-425c-8e88-0360d65b8b7c,X-Men,335,Marvel,1966,,
4f3622f1-d14a-4738-9f03-58ca80bfd6a1,X-Men,336,Marvel,1983,,
e0cfe232-694f-4964-9aff-4056c5b1ce4b,X-Men,337,Marvel,2019,,
887ff8d8-119a-4589-9cc1-2d4c2d5988e9,X-Men,338,Marvel,1983,,
71984f11-e769-444a-90f2-f7be0da53f36,X-Men,339,Marvel,1975,,
2b154a62-ad0d-49f6-ac2c-1af37155a966,X-Men,340,Marvel,1979,,
a99e6b6b-8906-4a8d-bd28-bf397e8a1fa7,X-Men,341,Marvel,1974,,
f2956c53-e18c-4ae4-8936-76cd2f987285,X-Men,342,Marvel,1986,,
a53d4bad-bcd3-4632-b10e-31abe9cc5229,X-Men,343,Marvel,1978,,
52033635-eb14-43a9-8c0b-5769103c201e,X-Men,344,Marvel,2024,,
c1c445b7-1dc9-4fb9-a1b5-d9ed6f971279,X-Men,345,Marvel,1986,,
06ad9469-05d9-46e0-aa33-ba46ec610c27,X-Men,346,Marvel,2012,,
63268fa5-b28f-43b7-a5bf-05006eba8399,X-Men,347,Marvel,1960,,
dceb6cbe-f4af-49ac-9131-3403aa20c996,X-Men,348,Marvel,2023,,
0799f509-4e2b-40bf-9f78-f0196a3a8352,X-Men,349,Marvel,1970,,
589673ef-5c36-4649-a542-3095a6f53c4b,X-Men,350,Marvel,1993,,
49048ec3-5b7d-46bb-85ed-c7ff2f9681f3,X-Men,351,Marvel,1996,,
b843d45f-808e-4159-9f52-c6e9fd435690,X-Men,352,Marvel,1967,,
c2c081e1-63d3-414f-91e6-e3216f7ae28d,X-Men,353,Marvel,2022,,
8f5ba248-5518-4134-bb0f-d7433b7a4474,X-Men,354,Marvel,1997,,
4d6101ea-858b-489d-8a10-6f00ba281753,X-Men,355,Marvel,2004,,
c8e72aef-1228-4f13-9f32-a10770a2c98d,X-Men,356,Marvel,1967,,
8ede4cdd-0379-49bb-86f3-bbdbaf65859b,X-Men,357,Marvel,1960,,
2ef4683c-88a7-462f-9cfc-a5f3a5e5325c,X-Men,358,Marvel,1983,,
c1fae756-a097-4ceb-a73a-a5037ef4bdbb,X-Men,359,Marvel,2003,,
b7a0a63e-03e7-4496-8705-56361e6543d0,X-Men,360,Marvel,1980,,
ee5a72bd-4417-4202-80f8-b6e46098a12d,X-Men,361,Marvel,2008,,
2b52bb3a-a7e6-4ed1-a3c2-c2d829b75230,X-Men,362,Marvel,1999,,
0a33fc76-d101-4ef9-b78c-33937ff07907,X-Men,363,Marvel,1987,,
7f7898b1-0133-4f7d-b83e-19aa2d38247e,X-Men,364,Marvel,2020,,
6b9f0e47-f78a-4ba8-a027-bf48c7e800d5,X-Men,365,Marvel,1980,,
9f1bec09-df76-42a9-9bcb-88e7b48de07f,X-Men,366,Marvel,1991,,
09a37bc9-78ce-4b26-87b5-7e65a68e4f37,X-Men,367,Marvel,1980,,
022e3dec-3292-4413-a1c2-3f75be349298,X-Men,368,Marvel,2021,,
052d0273-dd3a-4d83-bf64-2228c09b2320,X-Men,369,Marvel,1965,,
8940fc81-fb72-46c7-b925-69bd1e5340a1,X-Men,370,Marvel,1962,,
552fa356-e856-4e07-9f58-837605347e38,X-Men,371,Marvel,2019,,
894579f2-463b-4737-b0aa-012ef5638c77,X-Men,372,Marvel,1968,,
370d0cce-9fe9-463d-aad3-014b36979a60,X-Men,373,Marvel,1977,,
d28ce71c-7cae-4559-9e0f-075b61bc30f0,X-Men,374,Marvel,2006,,
3caf6ce2-daff-4ec6-acbb-b7e510dfa967,X-Men,375,Marvel,1983,,
2eba7a05-60d7-46d2-b24e-f15e34991514,X-Men,376,Marvel,1989,,
d97d7588-56b8-428a-9abc-7f3488ef6731,X-Men,377,Marvel,1997,,
35bdbf53-2837-4d62-abef-fdff4ccfceb9,X-Men,378,Marvel,1973,,
bf39447e-859c-4c74-89c0-89bbe911eb99,X-Men,379,Marvel,2002,,
04f6a1b3-d47b-491c-99dd-8676b7b51b5c,X-Men,380,Marvel,1988,,
a23872f0-8030-41a5-a597-70809428fa15,X-Men,381,Marvel,2012,,
b5fe5ec2-d331-4953-b245-daf547005e2e,X-Men,382,Marvel,2017,,
0d35d83e-657f-4d6a-ac9b-e34df69ce842,X-Men,383,Marvel,1986,,
1ec33f5e-f796-410e-8a7c-23ccd6d75024,X-Men,384,Marvel,2001,,
59149df4-7e1f-4f91-b1c8-acf0319e57db,X-Men,385,Marvel,2001,,
3bc85f5f-674d-4198-8cbd-71d7dfd5fd89,X-Men,386,Marvel,1996,,
83656981-618e-429f-91cd-451cc7eeefba,X-Men,387,Marvel,1986,,
f0cc7d4e-61d9-4fdc-8f09-954c47c79e74,X-Men,388,Marvel,1983,,
61e270f4-8c45-471e-a091-878665c82825,X-Men,389,Marvel,2009,,
46308d29-ab93-4d98-96af-c881702783ac,X-Men,390,Marvel,1968,,
52b9763b-0cf5-4d7b-b99b-30f928eb69ed,X-Men,391,Marvel,2004,,
1393ce6a-7e5a-4adb-aa63-c70cc15c8a6e,X-Men,392,Marvel,1992,,
55f070e0-142f-4e62-b189-1103e9c35041,X-Men,393,Marvel,2011,,
ab51af0a-60d8-4216-8ebf-e283b1be800f,X-Men,394,Marvel,1998,,
b6ef7821-a528-48f5-bb89-91c9dd956276,X-Men,395,Marvel,1983,,
f2ae45c4-b319-4f09-978e-b7fc7ac446b5,X-Men,396,Marvel,1996,,
d5f5944f-ec20-4c3b-93d6-015b4f75dcc8,X-Men,397,Marvel,1985,,
55fdf476-478b-40bf-a7d0-0eb746ff2358,X-Men,398,Marvel,1979,,
68495028-7a8c-4076-bc04-037e1f8e1f0f,X-Men,399,Marvel,2024,,
68ea80a6-ab0d-45a0-8d80-e7226779f6d2,X-Men,400,Marvel,1994,,
360e0330-c63c-432b-b9e7-cca05a8b31c4,X-Men,401,Marvel,1970,,
cce06ea9-3f28-440c-aa15-0736de1855db,X-Men,402,Marvel,2024,,
51839964-4559-4023-8b6d-9ee1517aadbb,X-Men,403,Marvel,1989,,
39c76d91-5a06-4ad1-97de-591e1742a734,X-Men,404,Marvel,1973,,
3920ef37-a1fc-4ecc-9474-4060248b51b9,X-Men,405,Marvel,1964,,
2e74f406-8785-4642-baf7-3e0adaa61854,X-Men,406,Marvel,1981,,
7cefaf51-e51f-4415-a919-a008ba70fce1,X-Men,407,Marvel,2017,,
3974be81-337b-4ebc-89fc-ee4221f4ce3c,X-Men,408,Marvel,2012,,
dd897587-693a-446a-ace7-a6075f989ab5,X-Men,409,Marvel,1984,,
632fc133-38af-4222-9317-42c879d71c8a,X-Men,410,Marvel,2014,,
a6952073-5bcf-4c45-b500-0b2e4f692ac0,X-Men,411,Marvel,1985,,
dacc0eaf-e91d-44e0-a61f-a4a34491df02,X-Men,412,Marvel,2006,,
2e4386e6-ac7a-4c9d-9b22-e54f17751a8d,X-Men,413,Marvel,1999,,
4399750b-b885-4342-b0a9-605f34cef2d8,X-Men,414,Marvel,1970,,
847218e0-b0d4-4ccc-88df-106c2998afb7,X-Men,415,Marvel,1979,,
abfacbf0-2a06-42e2-ad8a-a2a10e9cd2b7,X-Men,416,Marvel,1993,,
a3762d94-0f93-433f-aef6-97a251032c91,X-Men,417,Marvel,1988,,
bfeb6417-970c-4b0b-b88e-2567891b0ad2,X-Men,418,Marvel,1991,,
4f9eb5ca-4d45-4402-bdc5-0f95ce81066b,X-Men,419,Marvel,1999,,
775258ca-54f6-4e46-9697-525c98c67df8,X-Men,420,Marvel,2003,,
8bbf6e23-16f7-45fe-9618-ea896168ff68,X-Men,421,Marvel,1992,,
2e3148f9-f210-4984-b3c1-729c50acb60b,X-Men,422,Marvel,1964,,
07a750d0-cac5-4de3-b7a6-3041e72faf4a,X-Men,423,Marvel,2006,,
8cf8c077-0d27-4d59-945c-81c2c5416333,X-Men,424,Marvel,2004,,
5a982c77-7544-42d4-9c3a-54a920ce2607,X-Men,425,Marvel,2007,,
33fbf07d-5948-4045-bca8-258e4c347025,X-Men,426,Marvel,2012,,
e363c711-e966-46ce-9d8d-5a00eafef7b8,Avengers,1,Marvel,1985,,
3a8cd2a1-94f0-485b-9898-27dcc93cacf4,Avengers,2,Marvel,1962,,
04bc4ca5-21ce-4133-bf7c-4b2c5489c263,Avengers,3,Marvel,1999,,
bbc253ef-be27-4236-b12d-592c35fc6e29,Avengers,4,Marvel,1963,,
053815f0-b43d-4353-b3f3-bac943066f26,Avengers,5,Marvel,2007,,
5ff5fc87-d7b5-4ab1-8bda-697b0f136814,Avengers,6,Marvel,2011,,
a2ae99a5-47b7-40cc-929c-a03384367bd2,Avengers,7,Marvel,1974,,
725ebe3f-61b1-4ad4-8715-55616bf4fda6,Avengers,8,Marvel,2019,,
e0c7e1ba-147e-4ff1-be78-994d7ba86395,Avengers,9,Marvel,1977,,
04f30687-4b94-4b6a-b238-a43a7126813b,Avengers,10,Marvel,1981,,
5a2e32c0-9fe7-43ae-8735-4fac1597a8f4,Avengers,11,Marvel,2015,,
e66748fe-1fe1-4fc0-8ade-818aaf216900,Avengers,12,Marvel,1966,,
cad99692-a6c7-4fdd-886d-a869fbe0fc5a,Avengers,13,Marvel,1974,,
d3b406ea-03ca-4ee2-9c74-69e85eb25c90,Avengers,14,Marvel,1998,,
a8a59d09-91cc-4863-a706-f7e17b4c249f,Avengers,15,Marvel,1977,,
e7eee877-8ef3-4b66-80b0-d12f8d32db01,Avengers,16,Marvel,1982,,
e78b7043-482a-4cb4-b08b-89da3390b06e,Avengers,17,Marvel,1969,,
4fe3db82-8b08-4ba4-a7b4-54501cc1c11e,Avengers,18,Marvel,2022,,
88c07378-2055-471f-83c3-cb6031092313,Avengers,19,Marvel,1988,,
12cdc72f-b688-4431-8024-b8b335b81081,Avengers,20,Marvel,2013,,
56081ca4-8a5e-4a8c-a2b8-c40aa73f31ca,Avengers,21,Marvel,2002,,
0d158401-98d8-4644-9b16-e4d06e8f35c1,Avengers,22,Marvel,1970,,
96af1f2a-058b-421b-b6eb-bb9559676189,Avengers,23,Marvel,1966,,
e6535149-307a-469c-a3e9-b396f129fa58,Avengers,24,Marvel,2006,,
68dabcf4-5555-4fd5-966e-5c99a5eed311,Avengers,25,Marvel,1994,,
7e805423-28d9-4d56-8263-34b3b09c6e7a,Avengers,26,Marvel,2000,,
2e6afe70-16da-4f6a-ab95-8408e8e3117a,Avengers,27,Marvel,1983,,
dbf18efd-63b7-4cd9-b35a-4d253a5e356a,Avengers,28,Marvel,1977,,
c37e902d-d318-460e-9041-f170c39eafd6,Avengers,29,Marvel,1968,,
c3d5eda7-99f6-4dab-b15a-11f47a7e8443,Avengers,30,Marvel,1999,,
f4918cb7-0be3-43a8-8342-e150fb6cc500,Avengers,31,Marvel,2018,,
76a59426-e49c-4469-8be7-8b1ce4ccf94e,Avengers,32,Marvel,1992,,
7122b231-2340-4045-b7d9-6a8d7df13076,Avengers,33,Marvel,1997,,
cc7892ee-c458-4a08-88d8-69a59aaa6281,Avengers,34,Marvel,2004,,
40b150ac-89d6-4967-acea-db5c943945a4,Avengers,35,Marvel,1999,,
0bd2768f-02fd-4b0e-a1ae-dab9ec8e2dbc,Avengers,36,Marvel,1985,,
6f745f23-45b8-44b1-a951-b649cc6183af,Avengers,37,Marvel,1986,,
bfafe900-1221-44ef-8816-25459015a250,Avengers,38,Marvel,2010,,
7ca16850-bfa8-49de-8f75-82be0e33ccf3,Avengers,39,Marvel,1992,,
e34d94a5-4e57-405a-8a67-651c9640bbc1,Avengers,40,Marvel,2008,,
c1622269-8c4f-44a8-9b6d-6998a667a73f,Avengers,41,Marvel,2008,,
9599e5ae-9231-410e-a887-95e384b60062,Avengers,42,Marvel,1965,,
6f3ea564-2168-43e4-9f46-36cafa6b3500,Avengers,43,Marvel,1970,,
5856f862-dc77-4d71-9800-c269868c4549,Avengers,44,Marvel,2010,,
ad632fec-83ad-49e2-835c-a2030e22187b,Avengers,45,Marvel,1994,,
18b398b4-4018-43a2-8924-a28bc25ef988,Avengers,46,Marvel,1968,,
b87d8885-820d-4492-98c2-7dcf4237922b,Avengers,47,Marvel,1984,,
07867144-6427-429d-84a6-58f0846040cc,Avengers,48,Marvel,1978,,
bfadf7e8-f88a-4687-b40e-557168907cfc,Avengers,49,Marvel,2022,,
f0e8e61e-1d9d-4a38-95e9-1ced4bfb1b04,Avengers,50,Marvel,1988,,
8fa16dad-3023-4f30-8a72-dffafb0e6e89,Avengers,51,Marvel,1979,,
d11764db-fa3f-4870-9869-0e6e2328313a,Avengers,52,Marvel,2020,,
bd51c6b7-af35-4f7d-94e2-b588b0de6411,Avengers,53,Marvel,1992,,
b2f27c96-db30-4dab-87bf-8bd647d754f3,Avengers,54,Marvel,2020,,
d9b4f820-a2c0-426b-9301-c67f8b1bc1fe,Avengers,55,Marvel,1974,,
9e09b3b2-a1af-4c95-990b-9bb1cddb66e3,Avengers,56,Marvel,1990,,
1487261c-6610-47e3-88d9-38988d4d8f7b,Avengers,57,Marvel,1995,,
f90c2b39-318a-4263-8832-0ef7507adc53,Avengers,58,Marvel,1993,,
cae04f52-3432-434e-95c8-2a5f1702cdc3,Avengers,59,Marvel,2016,,
8d4d0a12-afcd-48cd-8311-247460d8b60c,Avengers,60,Marvel,2001,,
3970cbdb-85fe-4f58-887c-8fc759bfadc7,Avengers,61,Marvel,2013,,
6706ca18-f137-44d6-9c5e-58aa46032829,Avengers,62,Marvel,1992,,
1b7053a9-b6fd-4b85-bb3a-45a62326817e,Avengers,63,Marvel,1994,,
1f32cf99-614a-4285-99ae-5bc163daaf26,Avengers,64,Marvel,2016,,
0bd4c20a-b5c6-4cee-9fea-de385ca57809,Avengers,65,Marvel,1973,,
5cefe767-b8af-4f0f-b7ed-1f55c8a5914e,Avengers,66,Marvel,2014,,
3e7250b4-0778-4ef0-b009-2e0a59bc8cd7,Avengers,67,Marvel,1976,,
aeac6532-c461-48ff-989e-1f116757701a,Avengers,68,Marvel,1978,,
a9133939-c4e1-4fb2-b687-e515b79846f0,Avengers,69,Marvel,2017,,
45a8436f-bf6d-433a-b496-f21393bf1992,Avengers,70,Marvel,2021,,
feee7755-d84c-44ac-a625-818e0cc2e916,Avengers,71,Marvel,1993,,
d65b7fce-ca00-4f7c-93c6-19dd63d2a0e3,Avengers,72,Marvel,2009,,
0f567646-3c15-4d22-8cf9-1289b4621582,Avengers,73,Marvel,1998,,
1a846d9d-ef24-4ee9-a780-b20dd401d666,Avengers,74,Marvel,2017,,
fbb8a7fe-b1cb-4d34-9d71-9698df5f6f80,Avengers,75,Marvel,1966,,
89d40274-4c73-4250-8ea7-e81f50f248a0,Avengers,76,Marvel,1993,,
d993d24f-336b-4ed0-b859-b36a2dc77889,Avengers,77,Marvel,1978,,
63e0935d-15a1-4917-aef4-fa77a43f0c54,Avengers,78,Marvel,1983,,
f6a693e4-3702-4011-9149-80eae5c997ef,Avengers,79,Marvel,1970,,
7606fe8e-8d67-4857-ba9a-c24f03695b88,Avengers,80,Marvel,1993,,
48a5fff5-a082-40ea-abb6-f05a3f21c204,Avengers,81,Marvel,1984,,
6cda8ab0-7ff5-4854-b1b4-f0749ff31199,Avengers,82,Marvel,2004,,
7d06bde3-37f7-443c-af28-16fa6b4b8abc,Avengers,83,Marvel,1975,,
8a5f7138-cba2-4334-b25b-8f53bca10b44,Avengers,84,Marvel,2016,,
a548e502-b99f-404e-b4a7-7d3e25eaddde,Avengers,85,Marvel,1986,,
83984b7d-d6ec-46bf-b989-697a4fc11c59,Avengers,86,Marvel,1987,,
f49e487a-1ecc-4207-983f-c5d923cea204,Avengers,87,Marvel,1981,,
f393d926-31e9-4b6b-a47c-db7633a7e8a7,Avengers,88,Marvel,1969,,
0b4293f2-c02b-443d-81b3-02fcfd9f05e3,Avengers,89,Marvel,2003,,
30b74361-55f9-46ad-97aa-77abc031e326,Avengers,90,Marvel,1986,,
820f18c8-a964-4cc2-a2d4-0294aabb58fd,Avengers,91,Marvel,1983,,
5f9f106e-1e1e-4f15-b41e-298985550788,Avengers,92,Marvel,1987,,
8d33cd98-7330-4b61-97db-216d9d7e628e,Avengers,93,Marvel,1965,,
7423ad51-b0d9-4af2-8b5a-519cf3c2e58e,Avengers,94,Marvel,2004,,
18eb5a3b-2b7c-44ec-8b51-c901b0368f2a,Avengers,95,Marvel,2001,,
85540128-4a74-4b1a-aae5-9c66b5c75310,Avengers,96,Marvel,1975,,
16b399be-9de2-4915-8085-9df3041d4068,Avengers,97,Marvel,1967,,
3deab5cc-5bfc-4bbe-804f-16bdf80e8953,Avengers,98,Marvel,1987,,
86ac0789-963e-472c-bec6-772cb12129b0,Avengers,99,Marvel,2010,,
f7ad336f-2354-410e-9366-cfc7490706d1,Avengers,100,Marvel,2007,,
f4bdbc40-47ae-447a-b2ac-cb7b5d3fbba9,Avengers,101,Marvel,2004,,
fab18c2a-252a-4100-ac23-3ded21818f8e,Avengers,102,Marvel,1978,,
c20de837-d6dc-4a0e-b613-7a991534c82a,Avengers,103,Marvel,1986,,
0229bac3-1522-4581-819a-2de7332f65d9,Avengers,104,Marvel,1988,,
755f9b89-eb4a-4956-a8e1-4b44de23e9b0,Avengers,105,Marvel,2012,,
48b85b8a-e9a9-49f6-8b01-ac0b5db61d0e,Avengers,106,Marvel,1987,,
7404396d-3499-4979-9951-1c84a3c89fda,Avengers,107,Marvel,1999,,
f2880b8e-6aa8-46f9-b109-3a7228f740b9,Avengers,108,Marvel,1990,,
6e2136f3-4eb3-4008-8b4a-40128d2c83d3,Avengers,109,Marvel,1974,,
00f55751-9fd0-4705-8194-4a7b8cd764da,Avengers,110,Marvel,1980,,
cf3496d3-a9e3-4803-9fdd-2876108dc570,Avengers,111,Marvel,1977,,
210531ac-b1c1-4b34-ad76-475575b81aa3,Avengers,112,Marvel,2013,,
5aed47d7-c252-46f0-be75-d7e62fd8782b,Avengers,113,Marvel,1981,,
57633ee1-388c-4439-9792-bed696c11964,Avengers,114,Marvel,1993,,
f447fdab-c6eb-4932-a014-bb8a6e5d6cf7,Avengers,115,Marvel,2007,,
b6c11919-91ea-423c-83e7-8b58aff28c6f,Avengers,116,Marvel,2009,,
5db13560-d460-4f2a-88a8-20bb3ca1d8f0,Avengers,117,Marvel,1985,,
40d5a7fe-b8ca-43c3-a06a-966a2c6d0fdc,Avengers,118,Marvel,2020,,
f4f73473-7fd7-439e-845f-55d3fbb8355d,Avengers,119,Marvel,1965,,
68855c41-5b8b-40c5-bc48-b31ea82793b2,Avengers,120,Marvel,2000,,
39684fb1-573a-42cc-895c-a9e19e9e9c98,Avengers,121,Marvel,2009,,
15c56110-75aa-4e5f-9182-844d2ff77551,Avengers,122,Marvel,1982,,
eebb28d3-6a33-4281-b427-931e604f9c77,Avengers,123,Marvel,1987,,
31581613-09ac-4d13-9357-7cfe1e745e3c,Avengers,124,Marvel,1986,,
4cc2d869-9ab0-4415-9ee0-fbcc934c1ee8,Avengers,125,Marvel,2019,,
ea1f3375-6056-44ce-aa02-22da4803abc1,Avengers,126,Marvel,1975,,
fa843395-ecbf-4924-9301-f7a6b6146349,Avengers,127,Marvel,2001,,
9fd33ed7-3341-43c7-9758-2a542948bb55,Avengers,128,Marvel,1972,,
da7e3f61-d482-4b46-852c-49ac7cd31e50,Avengers,129,Marvel,1969,,
4041d144-d38e-4e42-bc4b-f3a722979720,Avengers,130,Marvel,2009,,
c0a7886a-0eed-4394-bad5-44b155dce8e1,Avengers,131,Marvel,2004,,
ae892a4a-d431-476f-93bb-d773fed574dd,Avengers,132,Marvel,1997,,
94289ab0-5ca6-480a-aa77-6569b96ae398,Avengers,133,Marvel,2017,,
2047e10e-bef1-4989-99c9-865206e80050,Avengers,134,Marvel,1985,,
8a6bc201-ac84-4ac0-9304-57e0f9251672,Avengers,135,Marvel,1973,,
53cd3b9d-0f9e-4cf9-a5ee-e359de8d882b,Avengers,136,Marvel,1970,,
436b1245-1586-46cc-a354-342792db8c5f,Avengers,137,Marvel,1963,,
dd579016-9045-4769-af79-ba050b11b471,Avengers,138,Marvel,1987,,
66c19d36-16fd-46aa-ba61-c45683488d8a,Avengers,139,Marvel,1986,,
af022859-61ef-4114-af14-71fe5aa39b02,Avengers,140,Marvel,1991,,
feae34a4-3db4-4545-8104-e2cbaaeb0ea8,Avengers,141,Marvel,2012,,
f66d5a67-62d9-4a12-b2df-22d34b4dd512,Avengers,142,Marvel,1982,,
d38356ff-e22e-44ff-acde-3414c639a188,Avengers,143,Marvel,1978,,
c601b61b-6055-42ee-9a7e-fc2b54024820,Avengers,144,Marvel,2014,,
6af52723-a170-4358-95f5-0bedb5d7f60d,Avengers,145,Marvel,1987,,
282cea0f-adbb-4ad4-b854-7c25f9b4e652,Avengers,146,Marvel,2007,,
33b40432-7227-49e9-8997-48da38e3ba36,Avengers,147,Marvel,1985,,
7af09395-ecb1-4ee0-9684-d55f2d6a2d7a,Avengers,148,Marvel,1982,,
39cd6289-f2cc-4f91-b5e3-ccab630a7d24,Avengers,149,Marvel,1968,,
30499819-08cf-4c41-8eda-40e4d4875834,Avengers,150,Marvel,1965,,
0a54d2e8-c44b-43cd-9021-80f6723db062,Avengers,151,Marvel,2010,,
27919fcd-4672-48a9-9841-e1f8a0d81296,Avengers,152,Marvel,2013,,
94301961-c9ab-4351-a22e-6d7091d37d24,Avengers,153,Marvel,1979,,
053c42c6-27ec-4dba-abcc-597f37846570,Avengers,154,Marvel,1960,,
b618db33-ca17-48fe-837f-d598bbd893ec,Avengers,155,Marvel,2017,,
ca7eb1d9-d4f7-48b0-9227-7e32a0dc6328,Avengers,156,Marvel,1983,,
e582e9bd-a3b8-4f01-bd57-0caa1516b804,Avengers,157,Marvel,1960,,
03197b87-2f65-4e92-844b-3d304ead8437,Avengers,158,Marvel,2023,,
11eca9b7-8528-410f-ad55-bef113e8be60,Avengers,159,Marvel,2008,,
00aa0847-5fc1-4c23-a140-0a968e909c33,Avengers,160,Marvel,1973,,
48d4a687-7496-4732-a29f-980b39b27bf8,Avengers,161,Marvel,1994,,
45481e5c-f370-446e-ab77-0e6d00491e8c,Avengers,162,Marvel,1967,,
151eefa4-158c-4aac-ba17-eb6e0e4edaaf,Avengers,163,Marvel,1962,,
27f2ad82-29ab-4161-aca4-488238854629,Avengers,164,Marvel,1981,,
98c6afec-3088-4b71-a1be-3577f6cc5240,Avengers,165,Marvel,2001,,
8bb0aa0f-6439-4ef7-9089-5c33319bd473,Avengers,166,Marvel,1961,,
992cb2e0-701a-4ed0-a56f-befcd20f20e7,Avengers,167,Marvel,1997,,
79005f13-ddb1-4cc8-9ec2-709ba861e093,Avengers,168,Marvel,2008,,
7ae21f10-9601-4f42-bd19-eb2a4a64d432,Avengers,169,Marvel,1963,,
34aa6c9d-3508-47ff-bcbc-b077b82702db,Avengers,170,Marvel,1995,,
c414569f-f148-428b-964f-6a38d3532808,Avengers,171,Marvel,2011,,
f3786976-7184-4fee-a6ce-ce4a3b84f290,Avengers,172,Marvel,2011,,
8c4d248e-ea41-45cd-9a46-fc3d2501309a,Avengers,173,Marvel,1965,,
5df44bee-7d53-47fe-a633-380444960fb8,Avengers,174,Marvel,2005,,
94553baa-4c0d-4f13-ab40-79c7b1541f57,Avengers,175,Marvel,2003,,
878bfd69-84a6-4b30-aea2-60bb58667df6,Avengers,176,Marvel,1978,,
d251aaf3-3973-44ad-995d-5b44edbd136f,Avengers,177,Marvel,1969,,
59c3839b-9839-4b42-afd8-305d6ea60318,Avengers,178,Marvel,1992,,
65cecce5-e729-4a53-861b-92c36eeae345,Avengers,179,Marvel,2012,,
259582b1-bf22-4b2d-9304-c66ca555ac94,Avengers,180,Marvel,2008,,
48625ff8-26f8-4631-bfe3-ef43c1a0c892,Avengers,181,Marvel,2002,,
4d938d09-7fae-4348-ad09-fd6ebd93b5c2,Avengers,182,Marvel,1994,,
b446d41f-1064-4b8a-9998-e56291d42303,Avengers,183,Marvel,1978,,
c4c38902-eec5-4df6-b159-e81db878021d,Avengers,184,Marvel,1992,,
52ee2342-7839-440a-9fa2-a974aacdd955,Avengers,185,Marvel,2007,,
92e6ff97-19dd-417f-bc2d-aef80d97a797,Avengers,186,Marvel,1986,,
ca607146-a461-4050-8e86-d660ed728b1c,Avengers,187,Marvel,1998,,
1fbe0b19-32f4-4d2e-819e-1611714c16cb,Avengers,188,Marvel,1974,,
581d4e89-7ab7-496a-8df9-17bb187a4465,Avengers,189,Marvel,1983,,
8869c4bc-7d6d-4eab-9249-ef8240947fd0,Avengers,190,Marvel,2012,,
174c8d23-3b9a-47cd-9bff-cd089f52ceb6,Avengers,191,Marvel,1985,,
03481d4a-7ca4-46e6-bdac-6e047163f28f,Avengers,192,Marvel,1980,,
94c63c1d-ef1f-42db-9b19-0221cc0f2b28,Avengers,193,Marvel,1963,,
93984f44-9a8c-4d0c-b4a7-bba2266c8891,Avengers,194,Marvel,1996,,
d06993c8-2c69-48f9-a6e5-1e39343b71d4,Avengers,195,Marvel,1965,,
f4b4153f-f290-427a-a864-6a1ec8d15012,Avengers,196,Marvel,1982,,
471f4947-fcef-436e-9f11-35f2dcac6068,Avengers,197,Marvel,2009,,
e889002b-6d2e-4ddb-a454-4097b81c880e,Avengers,198,Marvel,2020,,
bd3d1dc4-6c1c-4e76-b6f3-f2b76925a34a,Avengers,199,Marvel,1961,,
80280fe3-954c-40ee-9c65-a151f74a649f,Avengers,200,Marvel,1961,,
09c965df-d7e1-47f5-9d71-a15c102fc421,Avengers,201,Marvel,2020,,
5bf1804f-e195-4918-8073-b655d103b1c5,Avengers,202,Marvel,1991,,
95c804bb-b29d-4250-b25e-a956e18b411e,Avengers,203,Marvel,1983,,
bc11312b-f796-4dba-b897-b14968328fce,Avengers,204,Marvel,2017,,
1e05bfa0-05e3-4bac-99ae-c70dba9acc0c,Avengers,205,Marvel,1976,,
93620986-d45b-433b-a8d9-25029dca0134,Avengers,206,Marvel,2009,,
b0a53629-ec0b-442d-9e9e-872dae8fbfd8,Avengers,207,Marvel,2006,,
883148e9-72ff-4ab9-8a0c-98c0fa18b3fd,Avengers,208,Marvel,1985,,
a62cb4d6-b486-4958-a843-a2c0732d8982,Avengers,209,Marvel,2009,,
46f9136d-0ad4-4937-b53d-0b2b6ce34d78,Avengers,210,Marvel,1972,,
5da0f039-306d-4249-8fcd-a05934df641d,Avengers,211,Marvel,1960,,
8d507653-3302-4984-b8d9-83a48f3e4f33,Avengers,212,Marvel,1974,,
c142f680-8ad5-4ea1-abee-3fb402ff6fff,Avengers,213,Marvel,2006,,
f0e07902-82a0-4bd0-b1ab-b7fd77aeacc2,Avengers,214,Marvel,2001,,
2c863af1-5aaa-4d42-ad3e-54fc6a2d1c66,Avengers,215,Marvel,1987,,
b48e9735-4c31-4277-930e-ff8b11dcae2c,Avengers,216,Marvel,2000,,
aa95ad5e-e0fd-47ad-b88c-b783f3e0683b,Avengers,217,Marvel,1960,,
9fd01bb4-6f1b-478a-b82c-3134d59736bc,Avengers,218,Marvel,1986,,
28ceccb1-d443-4e84-ac34-264648c3e465,Avengers,219,Marvel,1968,,
acef309e-30fc-4bd5-abde-acedb462cc89,Avengers,220,Marvel,2012,,
ed8b6bf8-2a39-45fd-b2df-4284f45ac085,Avengers,221,Marvel,2002,,
e00c67a0-e8e7-42ac-85cb-15999eb66c35,Avengers,222,Marvel,2014,,
2e679b4c-477b-4bab-a1f9-5fe1ff969b11,Avengers,223,Marvel,1970,,
d36a97ff-e49e-424e-a0b9-9138548decaf,Avengers,224,Marvel,2013,,
b2594b59-d5ef-4efe-ab0f-69f4598a40f5,Avengers,225,Marvel,2017,,
46a6ee4d-883e-4372-b794-b45b8226a615,Avengers,226,Marvel,1967,,
6fca9fae-5a11-485d-adc6-317732c45efb,Avengers,227,Marvel,2000,,
6bda5964-773c-44e9-b908-38c1251da221,Avengers,228,Marvel,2007,,
c3c4ed82-bb0d-4f4f-a73a-b9434b251e7e,Avengers,229,Marvel,1989,,
7ac519ab-0df2-4952-8b85-64ebd9ce3a64,Avengers,230,Marvel,1970,,
7d592185-84d0-407b-978a-af16944d2c17,Avengers,231,Marvel,1973,,
fe27a5a3-a17d-472b-9afa-f1dcffdf2744,Avengers,232,Marvel,2024,,
3463d82e-9469-465c-b6f8-115f2a3c9d1a,Avengers,233,Marvel,1995,,
819ccf66-c72f-4c20-b2f6-57845f80f2b3,Avengers,234,Marvel,2020,,
4910fad5-1ce7-4ab0-a45b-6312da93fd86,Avengers,235,Marvel,1961,,
eb3db0fb-16ae-41de-878e-a55d1a918568,Avengers,236,Marvel,1980,,
6618457d-3e8c-44a6-b1f9-0e7244f3faf5,Avengers,237,Marvel,1989,,
a18da855-5441-43d4-8d32-85ed7c4d057e,Avengers,238,Marvel,1996,,
11dd1422-76ef-4eb2-a536-0e9cd164ab4a,Avengers,239,Marvel,1987,,
a1a9b2d1-83d9-46c7-a425-d5f708ec319f,Avengers,240,Marvel,1996,,
40416205-249d-4e39-93b7-c6b92013d4ce,Avengers,241,Marvel,1974,,
8f945681-3152-4a8b-a58b-adcd94ff08c5,Avengers,242,Marvel,1977,,
bd3bdffb-0198-407a-b5ab-d134a6e6fda3,Avengers,243,Marvel,2016,,
0ba8adec-7f1b-425a-9d59-ee15eb08fbd8,Avengers,244,Marvel,1980,,
19a18dde-6e66-47bd-a575-5e53bb3065b2,Avengers,245,Marvel,1987,,
80e0bf58-be75-4320-acc4-b12e16a872cf,Avengers,246,Marvel,1997,,
84be8fda-84ae-4b35-b0fa-79e3a7573657,Avengers,247,Marvel,1979,,
52ce3ff3-df15-4916-88d7-199f2e790634,Avengers,248,Marvel,1967,,
b2d235b9-1a3d-4d41-8fa5-97915912b9ac,Avengers,249,Marvel,1970,,
089ddc09-3693-4023-9c5d-b14f91f67323,Avengers,250,Marvel,2018,,
4d4cf17b-b390-4ef2-ae1b-89239e4cd59b,Avengers,251,Marvel,1981,,
03cd918b-69dc-42ba-8c30-afceccb4ac90,Avengers,252,Marvel,1975,,
388c9366-7887-4ec0-aff2-d5ca6bfb5296,Avengers,253,Marvel,2014,,
70c9fbdd-c22f-48e7-8dee-edb8abd78f90,Avengers,254,Marvel,2003,,
77208411-2251-4699-853f-b746a01e7eb9,Avengers,255,Marvel,1997,,
28183a02-897d-4c50-a47c-17c73cab179e,Avengers,256,Marvel,2021,,
b43575e0-28ab-48a6-9b89-9c439eaea0b0,Avengers,257,Marvel,1994,,
1673bcd9-81e5-4ed8-ae50-81a6d32933a0,Avengers,258,Marvel,1987,,
049a3680-ef9e-4c35-afa2-c770e834de82,Avengers,259,Marvel,1985,,
b2b56658-db46-4934-be93-ec4e0d85071c,Avengers,260,Marvel,1964,,
09b1a678-1aca-4dcf-81ad-fd4508189ed4,Avengers,261,Marvel,1987,,
59cadfd8-37de-4f55-ba57-6c811b0e33bc,Avengers,262,Marvel,2018,,
f00c2aac-4484-4b3a-a808-8d8fca389d23,Avengers,263,Marvel,1962,,
39916350-20ad-4fdb-ab41-03ee8371e53a,Avengers,264,Marvel,1991,,
fa9014a5-1a29-438f-be45-1e4527e31d97,Avengers,265,Marvel,2023,,
da897a95-81be-4bc2-b2b3-0a3c3a1d9b8b,Avengers,266,Marvel,1990,,
617f68fb-a816-4da0-8693-307faaa03df7,Avengers,267,Marvel,2014,,
7812d727-d1aa-4e00-b3b7-e82b5f4aa74e,Avengers,268,Marvel,1965,,
1f86aae2-acec-4312-b46c-90767da2b528,Avengers,269,Marvel,1970,,
76f41e9f-b7d9-4727-9fd0-177eca0188ed,Avengers,270,Marvel,1997,,
7c483451-0de0-4930-bc6d-aa02de4e3dba,Avengers,271,Marvel,2020,,
bdfad230-5b1f-4731-8f73-28f1ecbbb4e0,Avengers,272,Marvel,1964,,
a35f4a41-71df-4fb7-ba86-d4243957e0ba,Avengers,273,Marvel,2015,,
c7a321eb-d13f-4a17-8467-1fa81b3a6117,Avengers,274,Marvel,1995,,
9c2fc78f-26f4-4428-bfc9-0dc57773ab45,Avengers,275,Marvel,1985,,
597e3f6c-2494-4122-9519-1b86c6e7baf2,Avengers,276,Marvel,1981,,
1d00f9fe-3df5-43dd-a2fb-d80e28e33a94,Avengers,277,Marvel,1995,,
a785bf81-ce16-47b0-9f1b-786a787f5551,Avengers,278,Marvel,1983,,
98d24925-819c-41cd-add0-3af61edce42f,Avengers,279,Marvel,2008,,
15eeefc4-f4e1-47f3-93b9-f85eaa9a14e7,Avengers,280,Marvel,1972,,
235075e4-decc-4667-9f94-96a8664d1b32,Avengers,281,Marvel,1962,,
fc43ea2d-93ee-45b8-bec2-3e2c2ab87d4b,Avengers,282,Marvel,1971,,
c90ab9eb-44d1-4dbc-aa03-ff1a1efb6d26,Avengers,283,Marvel,2024,,
5c4e21b0-240f-4977-a4be-aab147824b8e,Avengers,284,Marvel,1970,,
6649325d-15b5-49f2-8c67-76f321f3119e,Fantastic Four,1,Marvel,2017,,
1693c49e-5728-4c68-8077-7a12accbc0ab,Fantastic Four,2,Marvel,1981,,
ad1ad615-7f9d-4902-8c3a-6d16373900a5,Fantastic Four,3,Marvel,1974,,
d1f34af1-8ba1-495f-a14f-911319ab1880,Fantastic Four,4,Marvel,2016,,
0964de23-671f-4543-a02b-192ddd493218,Fantastic Four,5,Marvel,1992,,
8cf28ae6-e4f6-4c5b-a4b0-f3f238e4cd03,Fantastic Four,6,Marvel,2016,,
271fccb6-1c54-4c3c-9c74-a496f21e284b,Fantastic Four,7,Marvel,1975,,
26055e16-bad3-4a0c-9232-23c51c251deb,Fantastic Four,8,Marvel,1985,,
554c30f1-c8f1-4852-9748-8e395ac4ffb6,Fantastic Four,9,Marvel,1983,,
677e84cc-2c89-41d1-958d-5f9c2c6eb373,Fantastic Four,10,Marvel,1997,,
bc8f1378-7d95-4382-9e06-2afbb7e675c5,Fantastic Four,11,Marvel,1989,,
dae4866e-fbd8-4538-835a-8080e8dc37cf,Fantastic Four,12,Marvel,2024,,
e9a632e3-30c6-4640-9425-83715b5676d5,Fantastic Four,13,Marvel,2009,,
9b6bb62b-1960-42fd-86d7-d823387a9428,Fantastic Four,14,Marvel,1999,,
34eec6e7-58a6-476a-96f7-235a4850237a,Fantastic Four,15,Marvel,1990,,
1f54cb88-38e3-4821-9050-890abf441ea1,Fantastic Four,16,Marvel,2012,,
87bd2436-f544-4efb-81e9-85e8d583ee4a,Fantastic Four,17,Marvel,2015,,
c74adfe6-92d2-4c1e-9949-c6f4a957874f,Fantastic Four,18,Marvel,2013,,
bc118946-f4c9-4ea4-9c2b-244481a692f5,Fantastic Four,19,Marvel,1961,,
630be672-878a-4f4c-8e19-e1749ac920a7,Fantastic Four,20,Marvel,1994,,
f9e204f4-174c-43de-b106-3726071fbaa4,Fantastic Four,21,Marvel,1970,,
5b0b4cf7-1dc7-46e8-a95b-a1230a994767,Fantastic Four,22,Marvel,1989,,
2e1f2421-41de-4b9c-8254-f2403a0ee568,Fantastic Four,23,Marvel,2002,,
d2daf1e8-cdfc-4782-b56f-63ac1fe2cee9,Fantastic Four,24,Marvel,1968,,
5ee3f6f9-c105-4706-86ea-474ff456cc6b,Fantastic Four,25,Marvel,2001,,
f97c03cf-4133-425d-87fc-39f8d2f7c7e5,Fantastic Four,26,Marvel,2018,,
16c2eb2e-47e0-4b27-b7b0-755be883fe17,Fantastic Four,27,Marvel,1983,,
1ab8503d-96ba-4e92-9f41-8e731a4130d2,Fantastic Four,28,Marvel,1960,,
503e2205-764a-4c48-86b5-57e829984ee4,Fantastic Four,29,Marvel,1978,,
c3c65962-1265-428d-8095-0eb487a58833,Fantastic Four,30,Marvel,1989,,
66da2416-2a3d-4884-8d14-5aa22e359659,Fantastic Four,31,Marvel,2014,,
3e40043e-6fd2-4848-8912-5e3006f2c3b6,Fantastic Four,32,Marvel,2020,,
e6e0f2ff-4720-4681-a367-b93de5c2ea02,Fantastic Four,33,Marvel,1988,,
e9a23182-a0d4-4770-aac3-347ebe2a6938,Fantastic Four,34,Marvel,1966,,
423bd8d0-fb54-4d3d-8fbd-b7f8738792a7,Fantastic Four,35,Marvel,2016,,
dea2733c-4ba0-4a01-9eed-22c3fb3db4d3,Fantastic Four,36,Marvel,1991,,
de45e662-f6a7-4511-b723-faa9c9e832c6,Fantastic Four,37,Marvel,2023,,
306dd136-f638-44be-a37c-c48dc636b456,Fantastic Four,38,Marvel,1984,,
b6499448-38a6-4779-8f87-769bea60da67,Fantastic Four,39,Marvel,1978,,
b3f00803-55ba-482a-be19-f2b95e0c434a,Fantastic Four,40,Marvel,1972,,
81048013-82fa-4873-853e-da6b35fe122e,Fantastic Four,41,Marvel,1982,,
3f57f7b1-d0fd-4ddb-bf6e-06db03d7c8ce,Fantastic Four,42,Marvel,2007,,
75cd49c2-3b8f-4211-b200-cd11536e1f7c,Fantastic Four,43,Marvel,2019,,
5299025f-59fd-4a26-a6e6-d687c66f3aa5,Fantastic Four,44,Marvel,2024,,
ccab869b-702c-4e8e-8b84-b57674651dec,Fantastic Four,45,Marvel,1989,,
b2d0e3ee-4058-4f1e-8532-4436e9543904,Fantastic Four,46,Marvel,1991,,
73206d2d-467e-4621-9e58-c1d52d6127aa,Fantastic Four,47,Marvel,1981,,
7aa68bd3-e3f2-4129-b259-4a2bf84f8bb7,Fantastic Four,48,Marvel,1992,,
0f8c221b-5e97-499d-815b-a458ee68dc62,Fantastic Four,49,Marvel,2018,,
e6d74e41-cfec-45aa-9ce3-ba0784e43456,Fantastic Four,50,Marvel,1962,,
2f4627e5-8078-4406-bdec-341421892186,Fantastic Four,51,Marvel,2023,,
18840741-81eb-445a-8371-58d40571a2ee,Fantastic Four,52,Marvel,1982,,
9b0064bc-e34e-4556-a833-b4c02d2c4540,Fantastic Four,53,Marvel,1988,,
34cf80d7-f447-469c-8cc6-cc2fcae0d18c,Fantastic Four,54,Marvel,1983,,
e4f8a0fa-d65d-45d8-9e82-6eaa427463fa,Fantastic Four,55,Marvel,1981,,
64df53fd-29ac-4fc1-b7ca-30536bd3d8b8,Fantastic Four,56,Marvel,1991,,
064de395-846b-4845-90cd-f092ae599e10,Fantastic Four,57,Marvel,2021,,
3de0f49e-e195-4c87-8ccb-62f35b453f10,Fantastic Four,58,Marvel,1963,,
145e29ae-d03f-4e97-860c-8cecd8f19231,Fantastic Four,59,Marvel,1972,,
69ede4d5-3c9a-4b5e-94c4-566a0f7734f4,Fantastic Four,60,Marvel,1981,,
9d60505d-89f9-418b-bf8c-e43a6fe2dcf4,Fantastic Four,61,Marvel,1979,,
7717d74c-6927-4a5b-ac1c-8e504e0b1418,Fantastic Four,62,Marvel,1960,,
76b42d24-c4cc-4c83-b39a-1054bc42017f,Fantastic Four,63,Marvel,2015,,
75201609-5e99-4947-8412-d3640e9d3bd8,Fantastic Four,64,Marvel,2002,,
2c410d82-fb5e-442b-b3de-d26c24568930,Fantastic Four,65,Marvel,1967,,
abd2ca5f-7bda-40bb-a327-53fc3247c5f5,Fantastic Four,66,Marvel,1961,,
418fee57-58f2-43ca-b9ab-76da44e4176e,Fantastic Four,67,Marvel,1961,,
62fc03e7-2079-41a9-b41d-b6dbb5691fa5,Fantastic Four,68,Marvel,1986,,
dc5c4ca1-9861-4c3f-b29e-47331191adc1,Fantastic Four,69,Marvel,2022,,
6a6686b2-ed01-4798-9800-194c2b5f159d,Fantastic Four,70,Marvel,2008,,
b8089f59-7ceb-46d0-9b7d-6d5cc8377cfa,Fantastic Four,71,Marvel,1966,,
af687dec-222b-4320-a94b-c146de065896,Fantastic Four,72,Marvel,1999,,
d09f66a0-5fc3-4e5e-8d68-cd4a7d4d5461,Fantastic Four,73,Marvel,1995,,
29f75f17-2dd5-4a06-b8a4-dadd2b908729,Fantastic Four,74,Marvel,2014,,
729a8d7a-3238-4b33-b9ea-abe153014089,Fantastic Four,75,Marvel,2018,,
7da56478-140f-475a-80c2-022d362b0326,Fantastic Four,76,Marvel,1971,,
9141687a-a3c7-43b2-b32c-1fdd65ecfa8a,Fantastic Four,77,Marvel,1981,,
6b010a1e-c1a9-48b8-92f3-20d3038462bc,Fantastic Four,78,Marvel,1998,,
ba08451c-e770-4cd6-827a-d333617b81d7,Fantastic Four,79,Marvel,2024,,
0f363916-c536-4c7a-86f5-30952867a27d,Fantastic Four,80,Marvel,1986,,
162d2a62-23f7-4813-9d45-22837b677db9,Fantastic Four,81,Marvel,1966,,
8dbd8f22-41f2-41e5-a53f-a3b875aafb0f,Fantastic Four,82,Marvel,1966,,
c1cb957d-8bf5-4480-8cec-558ad178a6b4,Fantastic Four,83,Marvel,2005,,
cc641a1c-cd7c-42d1-8ed1-6bea2b52bac6,Fantastic Four,84,Marvel,1960,,
c99dc3bd-70ce-44dc-893f-b8cfcbff6259,Fantastic Four,85,Marvel,1980,,
9f602cc1-4a9f-4dfc-ad9f-afe2c805b160,Fantastic Four,86,Marvel,2016,,
aa6a5d87-401c-4466-acac-fdc6e519f3b2,Fantastic Four,87,Marvel,1986,,
c7d2e81b-0fe9-405e-b172-7b026ee18601,Fantastic Four,88,Marvel,1990,,
c0d1d4e4-cca5-416b-b12e-f1c1d4043fdd,Fantastic Four,89,Marvel,1991,,
5fcfadab-691f-4375-8f67-67f0f0d27679,Fantastic Four,90,Marvel,2002,,
91b5fc06-4a90-4ba1-86d5-37b37f772176,Fantastic Four,91,Marvel,1967,,
a4da6c61-dbc6-42a9-93a0-0b662cebb445,Fantastic Four,92,Marvel,2004,,
f724c2e9-cb03-4241-866e-88ba002f3964,Fantastic Four,93,Marvel,2016,,
3e2a9ec7-edaa-42b9-8549-3249ccfa7569,Fantastic Four,94,Marvel,1986,,
20472afd-1957-4c9d-bb15-dd4d4f935032,Fantastic Four,95,Marvel,1989,,
56b4b25e-23a5-4741-9709-9132d4144046,Fantastic Four,96,Marvel,2021,,
45c7447a-d3c9-4265-b5a9-2c0dc13c6604,Fantastic Four,97,Marvel,2001,,
754bdf35-4f28-44e5-b71a-cfd4aa6ca77c,Fantastic Four,98,Marvel,2015,,
2c5b5f74-977e-4cbd-9f9c-4bd7e46da28d,Fantastic Four,99,Marvel,1998,,
fd3ec15f-e6ca-47ca-9171-2e09d6e7ca68,Fantastic Four,100,Marvel,1968,,
5a403f79-b0d7-4dc7-95e9-8b18fc127cdc,Fantastic Four,101,Marvel,1976,,
0ad5a938-1ffd-4e3b-b9e1-d8fc415188d6,Fantastic Four,102,Marvel,1990,,
3153ff82-7fc5-42c5-9eb2-daf14ca682e9,Fantastic Four,103,Marvel,2014,,
bbc897ee-967a-402e-a608-a5db62b8e769,Fantastic Four,104,Marvel,1964,,
8c20eab4-65bf-4e86-ad55-e9c3e254ba37,Fantastic Four,105,Marvel,1967,,
aeaab887-e236-436d-a979-4e08a45c6dc3,Fantastic Four,106,Marvel,2012,,
58973470-ae35-49eb-917d-582fb8ce245c,Fantastic Four,107,Marvel,1985,,
ebb38043-383b-4404-b08c-42defe604835,Fantastic Four,108,Marvel,2015,,
d43d8b18-834a-40c0-bd33-63912c7919fc,Fantastic Four,109,Marvel,1974,,
31a8cd34-d357-428f-8225-6d0e502920a8,Fantastic Four,110,Marvel,1983,,
ab47fb41-b89e-45e2-972a-e0b98d829535,Fantastic Four,111,Marvel,2016,,
3e7e6366-6a42-4b98-baf5-b4cf2275b3d0,Fantastic Four,112,Marvel,1975,,
3e3bce98-6244-41f5-bfca-2b0bc5c050c6,Fantastic Four,113,Marvel,1974,,
fda78773-5754-40d8-8264-39398235937d,Fantastic Four,114,Marvel,1960,,
09bb67e5-5415-4791-8b60-9295f1d4741c,Fantastic Four,115,Marvel,2017,,
7b4e0317-2a1f-4473-a46d-a7741741a8fd,Fantastic Four,116,Marvel,1963,,
43790ba5-6f69-40b6-94f5-0d071066ead0,Fantastic Four,117,Marvel,2023,,
8cd59cdb-1a15-4d45-9397-1678bdfa0597,Fantastic Four,118,Marvel,1984,,
9ef58612-bc5c-47ad-8c67-cb1b3e2cac90,Fantastic Four,119,Marvel,1966,,
5f2e60ec-131a-4f47-b13d-35640492ad03,Fantastic Four,120,Marvel,2022,,
75ebb4cc-1e5b-46fa-bd19-26d32b7097b4,Fantastic Four,121,Marvel,1972,,
350d83cb-5b7c-4ede-9170-bd07678eb17e,Fantastic Four,122,Marvel,1979,,
3d331d5b-d0a3-4d7d-bc08-a579b6ee9c36,Fantastic Four,123,Marvel,2002,,
33a77db8-8acd-44fc-bac4-42c72cc7c3e1,Fantastic Four,124,Marvel,2019,,
c658a621-db85-4ebf-be4a-b821d80d76c2,Fantastic Four,125,Marvel,1973,,
3290ef1f-24db-43b2-baa0-1126ca872935,Fantastic Four,126,Marvel,1990,,
d9016074-c251-4e2f-8405-5c6a45b47658,Fantastic Four,127,Marvel,2023,,
d0138388-7253-46a1-928f-3647b3d311c1,Fantastic Four,128,Marvel,2020,,
3a59a15a-aa21-4387-9a92-a430e799ad6b,Fantastic Four,129,Marvel,2017,,
e9baf27a-56b8-4d5b-8c2b-6eb3a3e8df86,Fantastic Four,130,Marvel,1998,,
1c57324a-380d-4626-91e7-5a20069ceaf5,Fantastic Four,131,Marvel,1985,,
3e5476cc-caa1-4236-b6a6-f4125f9e03c2,Fantastic Four,132,Marvel,1976,,
2787a434-0111-4065-88da-629d39ae5a16,Fantastic Four,133,Marvel,1985,,
970f63c8-1467-45f7-870b-38be536ec1bd,Fantastic Four,134,Marvel,1960,,
9da30c08-3a4f-4734-b4c9-d7ba2fb27e28,Fantastic Four,135,Marvel,1971,,
4e3deeb1-499e-4e60-82a1-de602333251a,Fantastic Four,136,Marvel,2002,,
70474c6f-0fa4-4eb6-993b-01583e11932d,Fantastic Four,137,Marvel,2019,,
f65ebd6e-6cef-444f-9587-6188ef7faee4,Fantastic Four,138,Marvel,1990,,
900458d1-c860-4287-8de6-e34a33f01de3,Fantastic Four,139,Marvel,2018,,
1c543005-beca-4d0d-bb7a-64372a764a31,Fantastic Four,140,Marvel,2024,,
d496d17f-a581-441b-95e9-a11a88298597,Fantastic Four,141,Marvel,1987,,
24685feb-c2af-45a7-9443-7e183186c648,Fantastic Four,142,Marvel,1999,,
b14add16-abe7-4e04-88a4-01f1cad69b4b,Fantastic Four,143,Marvel,1989,,
2db0730a-b5ec-4a4d-b542-710571ec0fb1,Fantastic Four,144,Marvel,2022,,
06ca5b6a-4739-457a-b004-dbb02b2507c0,Fantastic Four,145,Marvel,1963,,
9a532c82-454b-458b-84e8-580a6d8cf64e,Fantastic Four,146,Marvel,1963,,
f8b509e5-9059-46fa-af61-edd1b039ffa3,Fantastic Four,147,Marvel,1992,,
f91e0e05-d0a1-4ce0-aae1-774ea392a37f,Fantastic Four,148,Marvel,1998,,
d19fa52c-4b56-40aa-a275-60738837207a,Fantastic Four,149,Marvel,2019,,
1420339d-2fbd-43ea-acac-67c60f6ee93f,Fantastic Four,150,Marvel,2007,,
7bb131f1-0524-4e65-864f-9df7407a47f2,Fantastic Four,151,Marvel,2016,,
bfc2bebb-b46c-49df-9728-9012321b755c,Fantastic Four,152,Marvel,2023,,
ef248203-c33a-4cd8-9cc3-dcca620637bf,Fantastic Four,153,Marvel,1972,,
e48f8659-14ee-4464-a9f3-23b0e62d7feb,Fantastic Four,154,Marvel,1973,,
2ad11c3f-7bb3-43a3-bf05-eae2aff20f59,Fantastic Four,155,Marvel,1985,,
150b96aa-3dfd-4d30-b123-27669c4cf7d0,Fantastic Four,156,Marvel,1975,,
0c84f695-7514-4810-bdfb-863ca9b87793,Fantastic Four,157,Marvel,2014,,
247c560d-c448-4d83-a87e-14eb50095a76,Fantastic Four,158,Marvel,1963,,
eaa6035c-8211-472c-9567-15e7d5ed9dc6,Fantastic Four,159,Marvel,2016,,
8367e9dc-098d-41f8-bcc3-e6e2c3974b23,Fantastic Four,160,Marvel,1994,,
99e392f3-9fc7-416b-bcf1-c79a473fc0a8,Fantastic Four,161,Marvel,1993,,
9e3a6eeb-a313-47aa-bef2-96b60958d0e3,Fantastic Four,162,Marvel,1991,,
179643f0-244a-40bb-ae44-cba8ebbf9c9c,Fantastic Four,163,Marvel,1982,,
50248496-dbe2-4761-8629-1500523f1014,Fantastic Four,164,Marvel,2001,,
667a6de0-fb8c-49a8-a0d1-200511dfdc28,Fantastic Four,165,Marvel,2015,,
2ec34349-a34a-4562-b453-d84bcf99606c,Fantastic Four,166,Marvel,2020,,
0eeba3c6-fff2-4996-a692-7bc1b9cfe4bb,Fantastic Four,167,Marvel,1979,,
ac96a4b9-e1ef-462e-afe8-0bebde13eab6,Fantastic Four,168,Marvel,1960,,
5f303f0f-f6e0-4f22-84ad-c038cce4e66f,Fantastic Four,169,Marvel,1966,,
864250e9-ad06-4391-8c54-7876e04ea2d6,Fantastic Four,170,Marvel,1969,,
bc9e3753-55ea-4426-92eb-c35ae2991148,Fantastic Four,171,Marvel,1973,,
f983d133-e1ca-4b3a-a7c3-6ef65117ed94,Fantastic Four,172,Marvel,1977,,
b08191a3-4933-4c59-9593-1a906c3a2bb0,Fantastic Four,173,Marvel,1987,,
992900e8-07e1-495b-aac0-aa2c2a94601f,Fantastic Four,174,Marvel,2003,,
0ae1306e-5f9b-4fc8-8796-840002b5179b,Fantastic Four,175,Marvel,1998,,
a7725cba-b60b-4202-b22a-629cb7b81ab4,Fantastic Four,176,Marvel,2018,,
da9e9b85-6c12-4d39-965d-8ee2f5628ca0,Fantastic Four,177,Marvel,2004,,
f49531d2-9a49-4b88-a0db-9afeba1c092c,Fantastic Four,178,Marvel,1998,,
8365f2f3-7ffa-4005-9211-d5d98d735202,Fantastic Four,179,Marvel,1976,,
82d37452-cb14-4b6f-abe2-833d3f46c704,Fantastic Four,180,Marvel,2023,,
6174e3a7-d1ed-4caa-9815-f53ccadf4176,Fantastic Four,181,Marvel,2016,,
8f9a21c2-54a0-4d79-a65d-5dc5989ea465,Fantastic Four,182,Marvel,2008,,
6c87b27b-5744-480b-a3bb-b0ffaec4b819,Fantastic Four,183,Marvel,2014,,
95c5ab6a-1a9e-413a-9560-b1dd751a6ae9,Fantastic Four,184,Marvel,2019,,
0e613f63-dc26-4fd2-932a-b431c1abae95,Fantastic Four,185,Marvel,1965,,
33f9ead7-d4fb-46dc-9654-8d68dd40aed4,Fantastic Four,186,Marvel,2004,,
54697f63-c796-4f38-b66c-058542114d41,Fantastic Four,187,Marvel,1983,,
e2da3f63-4944-44db-843f-841ce5f666b6,Fantastic Four,188,Marvel,1994,,
883eecb0-ff86-4764-a2ef-d9b1eff883c9,Fantastic Four,189,Marvel,1965,,
e863b86f-c7ac-4d00-87f5-59a7141b40e5,Fantastic Four,190,Marvel,1976,,
e9e5cea5-43a0-4d87-b14b-322f1c41dd1c,Fantastic Four,191,Marvel,1984,,
081a9037-1f05-46c1-93b9-9cfdf3514bd4,Fantastic Four,192,Marvel,1969,,
da994ad2-53c0-4dd3-9b74-06a71e581907,Fantastic Four,193,Marvel,1988,,
f50ff6c5-cd50-42dd-b928-2a1e104261be,Fantastic Four,194,Marvel,2005,,
4d433ec2-3770-43e5-b2a5-95cfe32c9218,Fantastic Four,195,Marvel,1964,,
d4104b17-0208-4c96-a11b-74023b5bd399,Fantastic Four,196,Marvel,1976,,
ca05b4e9-ef13-4eef-9194-29a42f70545b,Fantastic Four,197,Marvel,1993,,
5c589da4-4f66-40b8-b7fa-5bd7a51123d7,Fantastic Four,198,Marvel,2009,,
848b5d63-a336-42e7-8454-85da8e44f5d9,Fantastic Four,199,Marvel,1999,,
50f22bb0-7977-4c59-a172-32f0d6294fb1,Fantastic Four,200,Marvel,1967,,
8fa5d2d4-9acc-41b6-93a0-688751cd575b,Fantastic Four,201,Marvel,1968,,
212d9ac4-05cf-4553-bf6b-48aba6c374a2,Fantastic Four,202,Marvel,1979,,
f493bd55-1559-4b0a-a846-c06e22db42f8,Fantastic Four,203,Marvel,1960,,
3f1c2048-ab95-477e-ae0b-a54ba5a8c8fa,Fantastic Four,204,Marvel,2014,,
94f407fd-90a9-4d42-b0b4-d734f6b4dea3,Fantastic Four,205,Marvel,1993,,
c523ada4-6e36-4ed8-bcc9-15b498677f99,Fantastic Four,206,Marvel,2020,,
b549b951-d820-4670-a3bc-abe8e4256e06,Fantastic Four,207,Marvel,2016,,
f838a824-c06c-4cde-81e6-77778b79bf67,Fantastic Four,208,Marvel,2013,,
f16a79c8-44dd-438f-9ef0-6542ea90ab4d,Fantastic Four,209,Marvel,1961,,
24196db0-a52f-4965-8039-ce83f540bd0f,Fantastic Four,210,Marvel,1987,,
cde2f389-69a1-4630-8b8e-7ef4ba61affe,Fantastic Four,211,Marvel,2006,,
27845a66-8e89-4896-ae0c-6f618147546a,Fantastic Four,212,Marvel,1998,,
01b708f4-158c-4e97-bc3e-784de38c40e0,Fantastic Four,213,Marvel,1996,,
4a64672b-28bd-409c-bc89-49856be83626,Fantastic Four,214,Marvel,1988,,
e07de80a-43d8-48ba-87e6-0ceefb026fc0,Fantastic Four,215,Marvel,1997,,
911d0366-7ce5-4bf6-89fd-b231bd3c5f06,Fantastic Four,216,Marvel,2017,,
39ff96e6-2bfb-4a51-ae5c-6ae67024e798,Fantastic Four,217,Marvel,1983,,
9f689527-8668-4e2f-ac6f-13de72dda041,Fantastic Four,218,Marvel,1970,,
fc49614d-1fc4-4815-aed3-fd2f0504a929,Fantastic Four,219,Marvel,1966,,
a209dcd4-18eb-4f6f-bc39-16b7227fc7bb,Fantastic Four,220,Marvel,1963,,
dbd06b9b-8f3a-4ef1-a6c2-d4ab2edc9279,Fantastic Four,221,Marvel,2018,,
f7c5b6be-80e5-419e-af1f-64d1ccb49cb9,Fantastic Four,222,Marvel,1962,,
505dfc2c-a0a1-4fc0-bf39-fe6e1089f4d2,Fantastic Four,223,Marvel,1999,,
d97afbba-9c6a-4fcc-8ceb-d66f20f0506b,Fantastic Four,224,Marvel,1972,,
b8379426-0747-4d3a-bbed-bffe7ed7e92f,Fantastic Four,225,Marvel,2020,,
c5b4b2fa-e723-40b9-b937-5716fbbe9ccf,Fantastic Four,226,Marvel,1969,,
8279ed98-138e-446a-977c-1bc1a1d73580,Fantastic Four,227,Marvel,2013,,
5ee1592c-6bfc-42f4-bb44-3326716627b6,Fantastic Four,228,Marvel,1966,,
32f87416-e22f-42c2-8fa4-dd5265c98427,Fantastic Four,229,Marvel,2017,,
bde14659-2123-43b4-813d-a74afd14bf48,Fantastic Four,230,Marvel,2016,,
921b422e-1f03-44be-9b81-d1e9b36084ef,Fantastic Four,231,Marvel,2004,,
1ae2911a-7b32-4318-af8b-5fd1bf8f8a4a,Fantastic Four,232,Marvel,1997,,
cb5158c9-c12d-404a-a247-7d0d5c0f4c8d,Fantastic Four,233,Marvel,2022,,
caf8e451-e722-4f94-8c08-95979a38479e,Fantastic Four,234,Marvel,2007,,
33d36109-e229-4a5e-9a0e-940ef856efa8,Fantastic Four,235,Marvel,1991,,
eaae8a77-85a5-497c-a517-d6788551596c,Fantastic Four,236,Marvel,2023,,
69e5681c-cb07-4352-a261-2f5ba4926db8,Fantastic Four,237,Marvel,1975,,
7dd7cfa8-a8ed-4463-8ea4-50c1399eee90,Fantastic Four,238,Marvel,2017,,
663e8240-24a7-481f-a047-2860a5dd61ff,Fantastic Four,239,Marvel,1960,,
b99012c7-65e5-4578-8ae8-92654fcacda2,Fantastic Four,240,Marvel,2016,,
8c39b951-8c3e-4552-ab18-6137e31d6c71,Fantastic Four,241,Marvel,1995,,
792adcab-5cbd-4917-a53d-6adcbdbb3ef0,Fantastic Four,242,Marvel,1999,,
31902dcf-6167-4d6e-af92-c24db680bfa6,Fantastic Four,243,Marvel,1989,,
7baef330-5df3-4051-ad52-ef33325a0f3a,Fantastic Four,244,Marvel,1969,,
fda4323f-c07a-4976-afcf-c23d7e504fec,Fantastic Four,245,Marvel,1996,,
1327afaa-effb-4cd6-842f-5f57af7caa57,Fantastic Four,246,Marvel,2002,,
499d55c7-0564-4ff9-8233-06f87e31d545,Fantastic Four,247,Marvel,1970,,
b26e81eb-dde9-4444-8c29-0854fa10fc3c,Fantastic Four,248,Marvel,2018,,
20f3da79-b42d-4918-81cc-2dab506e204e,Fantastic Four,249,Marvel,1998,,
7e65e96f-5906-405b-b8d6-79356f1e4d9c,Fantastic Four,250,Marvel,1961,,
4e28d974-bc8b-41c6-8fdf-0e0a23b13e67,Fantastic Four,251,Marvel,1988,,
62926597-b909-40ca-b051-48dfaa718a47,Fantastic Four,252,Marvel,1970,,
813cb64f-825d-43b2-842d-d03aa8586aaf,Fantastic Four,253,Marvel,1967,,
8ddf686c-927d-49ed-b334-b1d85dae4370,Fantastic Four,254,Marvel,2002,,
61f1699a-4961-42a9-8ba6-f76c13d7922c,Fantastic Four,255,Marvel,2016,,
d39885bb-f9c0-400f-b340-00f7f5617ea2,Fantastic Four,256,Marvel,1963,,
d004aa99-4430-4cf1-8e09-6be90239146c,Fantastic Four,257,Marvel,1985,,
c6097ffe-dd4a-470a-96e7-1812f6d882f9,Fantastic Four,258,Marvel,2003,,
91544302-3ee5-4362-a100-2ac494af1257,Fantastic Four,259,Marvel,2023,,
362eeaf8-cda8-4b59-a2a1-ee93e99cc60f,Fantastic Four,260,Marvel,1985,,
9dd46ac1-0cd3-46a9-a920-6405780f829f,Fantastic Four,261,Marvel,1971,,
6040666d-62bb-446b-88bb-4e7f7ab68abe,Fantastic Four,262,Marvel,1989,,
9fdb7c18-37eb-4152-9fc4-cdd09d3b33a4,Fantastic Four,263,Marvel,1996,,
2381d933-d68f-4a3d-a52a-1c846756f7f7,Fantastic Four,264,Marvel,1978,,
b3b9c35b-09fa-4f23-81a0-ca2c7d766766,Fantastic Four,265,Marvel,1964,,
98ff33af-8f25-4a2e-b590-ea1cbb596896,Fantastic Four,266,Marvel,1994,,
8ce651bd-0f94-4a4a-8a80-5db10dfc4946,Fantastic Four,267,Marvel,1968,,
d416006b-98ca-49ad-8841-4983dac698c7,Fantastic Four,268,Marvel,2002,,
a7486134-e59b-4fcc-bd51-0a178dac9444,Fantastic Four,269,Marvel,1997,,
c197f2f9-9b25-4a4c-bb4f-d27f5c51f437,Fantastic Four,270,Marvel,1974,,
423944f9-4b77-4196-97bc-c366a2c647ef,Fantastic Four,271,Marvel,1986,,
4aa6ea54-d636-4995-9528-40b420e96aa5,Fantastic Four,272,Marvel,1991,,
2b5d9b5c-be3c-47cd-845c-f7e0f52d4f5e,Fantastic Four,273,Marvel,1980,,
3e22e1fb-7848-431e-8755-59b2a21364b6,Fantastic Four,274,Marvel,1983,,
99e0d7be-31cd-4b15-84d9-e5b52f03cdf6,Fantastic Four,275,Marvel,2023,,
b293ba36-7682-4875-9ba2-f056d7313d6a,Fantastic Four,276,Marvel,1986,,
339f3c0c-5ea4-40ae-9de7-5bae746a1622,Fantastic Four,277,Marvel,1973,,
67034e34-d489-43e6-9f2a-df16aa237f13,Fantastic Four,278,Marvel,1994,,
963bf69e-f0a7-4377-a7e7-95cac0e0b035,Fantastic Four,279,Marvel,2018,,
fa42fbbc-d523-4fac-b86e-e1e6257fec5e,Fantastic Four,280,Marvel,1961,,
bc5fefcc-6e17-4946-8788-12911b409bd7,Fantastic Four,281,Marvel,2020,,
a90cd5e6-65f6-41c2-aa71-1a1084603bd6,Fantastic Four,282,Marvel,1990,,
cfa8a815-f14b-434a-b3a8-64b3ecad937b,Fantastic Four,283,Marvel,2003,,
0ac8a34d-b4ff-47f6-8e89-fa10a6ed6850,Fantastic Four,284,Marvel,2016,,
b9a493d1-0320-4739-8af2-fa55a58ebd08,Fantastic Four,285,Marvel,1969,,
833389c1-6ac5-4047-b658-3b16144c4ef1,Fantastic Four,286,Marvel,1973,,
7ce7d813-8dd6-40c0-9ffc-ca76c98372bd,Fantastic Four,287,Marvel,2018,,
9f43f110-902c-4e41-a751-5876c9b7ce49,Fantastic Four,288,Marvel,2015,,
e9eb6696-bd07-4281-b161-e0e0e275c4e0,Fantastic Four,289,Marvel,1983,,
fdc35875-3ded-4bdd-a6a1-c0263766ea56,Fantastic Four,290,Marvel,2015,,
d3ed8bb3-c200-4bbe-8066-7c8282627356,Fantastic Four,291,Marvel,1971,,
cc2b049a-76ef-4502-8dd9-5152fed08908,Fantastic Four,292,Marvel,2001,,
54f11406-310e-4399-abe8-18e2ed3f19aa,Fantastic Four,293,Marvel,2016,,
ca161069-11a4-4874-936d-3cf1d21ada7c,Fantastic Four,294,Marvel,2004,,
459fc7e8-199b-460b-a9e0-d8bf00a6eee4,Fantastic Four,295,Marvel,1981,,
f247f2d1-9ae4-4b9a-810a-8b9ac8e3a6df,Fantastic Four,296,Marvel,1972,,
b652b99b-cae3-477b-bd60-7eefad9fa59a,Fantastic Four,297,Marvel,1961,,
1c4031dd-8e95-4691-925b-1a9a2f9e4ac1,Fantastic Four,298,Marvel,1978,,
f5bc6743-b7d9-474e-bc15-b03a26a6fdeb,Fantastic Four,299,Marvel,1973,,
69d8569d-68da-413d-90ee-49f68ffdcce4,Fantastic Four,300,Marvel,1997,,
ca1ec96a-dd90-4127-8bde-aa7e3859ec83,Fantastic Four,301,Marvel,2001,,
30eeb15a-def4-48d0-8f2b-19d52de2837f,Fantastic Four,302,Marvel,2001,,
53920748-097b-4d9a-a456-a8403877c9b3,Fantastic Four,303,Marvel,1972,,
d5c8d3f6-47d7-43bd-b429-743f2debb6e6,Fantastic Four,304,Marvel,1986,,
4c3197de-92e2-4fc2-b305-4ea843aa3006,Fantastic Four,305,Marvel,1974,,
3fe2e6bb-9c13-4b1b-8c94-3e9e84f68d06,Fantastic Four,306,Marvel,1969,,
a288143b-a2b1-460c-be60-83738542604f,Fantastic Four,307,Marvel,1992,,
faf6bee7-e474-4360-ae0c-ceb4f561e0a5,Fantastic Four,308,Marvel,1992,,
76f12988-777b-47ea-898f-da1d7d7cde81,Fantastic Four,309,Marvel,1988,,
ba0262bc-be87-4bbb-8bcd-f4ccc6785486,Fantastic Four,310,Marvel,1991,,
3df519c3-ca39-47da-bfdc-e76abc60e3cb,Fantastic Four,311,Marvel,2012,,
d05a14ff-8332-41ea-91b5-8ab2ffee119c,Fantastic Four,312,Marvel,2004,,
d0569f19-0325-46b4-9177-4471d8245334,Fantastic Four,313,Marvel,1960,,
f1ef2561-b5bc-4aa2-9fa0-22220f6f13c5,Fantastic Four,314,Marvel,1971,,
0aa341de-2bf5-4c6d-a15c-58df0627114f,Fantastic Four,315,Marvel,1977,,
25e2e536-02bb-420a-b395-a52f927160c4,Fantastic Four,316,Marvel,2012,,
99df0930-0e4d-4a39-b0ac-18c7fdf874ad,Fantastic Four,317,Marvel,1960,,
a3cae46e-5b9f-4ce2-9e7b-a11e17a0471a,Fantastic Four,318,Marvel,2003,,
986603e5-6b24-40ae-a1be-6790d45cb3d8,Fantastic Four,319,Marvel,2016,,
7aa58fbe-79e2-4eea-901b-aadc33e68249,Fantastic Four,320,Marvel,1969,,
827fec48-318d-4ec3-b4b2-d0ff2897aab0,Fantastic Four,321,Marvel,1999,,
80d07cdb-8374-4373-b972-342cd2ae3c16,Fantastic Four,322,Marvel,1999,,
5846aa53-98d0-4b56-8a6e-b0a42ae58734,Fantastic Four,323,Marvel,1966,,
380e4b21-5675-48a5-abc2-0d9a732dafbf,Fantastic Four,324,Marvel,1996,,
337ee296-f6d3-48aa-adef-087a203dbe9e,Fantastic Four,325,Marvel,2017,,
54f67923-9ad5-40f0-9550-c1a66830e5dd,Fantastic Four,326,Marvel,1979,,
0c2d6d26-acf7-4959-a7cf-21e572465acc,Fantastic Four,327,Marvel,1991,,
f1b85677-b820-4286-b69f-9a79d4b59dea,Fantastic Four,328,Marvel,1993,,
9dd643e8-ad68-4690-b1db-1454a728ea92,Fantastic Four,329,Marvel,1995,,
b6f1d2e9-8d5b-4fbb-ac24-1b60778e17e3,Fantastic Four,330,Marvel,1967,,
36ebccb6-1e42-4abc-a430-005383ab78f6,Fantastic Four,331,Marvel,1989,,
b610b9ba-9e5a-40fb-8b08-b9955da16dd3,Fantastic Four,332,Marvel,2013,,
63232618-aa65-4054-8898-285385631b9e,Fantastic Four,333,Marvel,2004,,
59bb8cc0-0b47-444d-9dcd-b27e066cd591,Fantastic Four,334,Marvel,2001,,
8a19dc16-7adc-4e20-873c-454d65572b5f,Fantastic Four,335,Marvel,1961,,
41f60018-a87a-4dab-ad3a-1ac2494b6434,Fantastic Four,336,Marvel,1976,,
098d022b-3da0-4943-ac2d-18b3100129f4,Fantastic Four,337,Marvel,1988,,
c831c36c-5149-4037-af19-46c765e0bea7,Fantastic Four,338,Marvel,1978,,
8c1641dd-5a28-4dfd-ac0a-b97d7779dfb4,Fantastic Four,339,Marvel,2004,,
5f0963bd-e304-47b0-8df2-297b2ad40105,Fantastic Four,340,Marvel,1965,,
886eb7d3-017b-4b7e-a6b4-851216ed4c40,Fantastic Four,341,Marvel,1989,,
787181c6-ad95-430e-9fc9-f50f06d7f588,Fantastic Four,342,Marvel,1996,,
3042679e-0e8a-4a26-90d1-b2dc25b6a126,Fantastic Four,343,Marvel,2020,,
74122ceb-7e61-476e-bcb9-7cdba2e5f173,Fantastic Four,344,Marvel,1978,,
6c466830-ec5b-48af-9d8a-ac5d435c9db4,Fantastic Four,345,Marvel,1975,,
21f38129-8c3e-42f3-b6ea-244c684e4afd,Fantastic Four,346,Marvel,1966,,
bd6ef848-2729-4a72-bb4f-1cfa6a0f94f3,Fantastic Four,347,Marvel,1994,,
6bd425fd-d6fe-4d51-a5a8-1671cf0b37bd,Fantastic Four,348,Marvel,1986,,
3151b209-afcf-4120-90b8-70fc6b2020d2,Fantastic Four,349,Marvel,2011,,
ca8c3598-6fb5-4f0f-a5b4-cf03461397a6,Fantastic Four,350,Marvel,2004,,
35237ab4-6d00-4f8c-90a9-1289c509cb68,Fantastic Four,351,Marvel,2023,,
8647019f-fc8f-455d-89f7-05cad6ffc9f1,Fantastic Four,352,Marvel,1973,,
b42b8992-e839-47bf-b352-ffb584ba648f,Fantastic Four,353,Marvel,1969,,
e21427a2-5210-478e-afe7-713ccf6abfb9,Fantastic Four,354,Marvel,1999,,
b05bc71a-906b-4673-bb9c-55f7e74e5624,Fantastic Four,355,Marvel,1966,,
266f569f-ff13-458d-b0c2-b50703ac6ddd,Fantastic Four,356,Marvel,1980,,
fd3a6c2d-1f61-4674-bbf6-cb61ef441752,Fantastic Four,357,Marvel,1993,,
91282c30-6433-4175-8753-7d13fc9135d0,Fantastic Four,358,Marvel,2015,,
ae9c834f-a865-4216-9e1a-02a2995227bd,Fantastic Four,359,Marvel,1985,,
b326264a-ba0d-4098-a060-5e6f500bdb59,Fantastic Four,360,Marvel,2008,,
96cb01e1-2517-4db5-9e52-1d7a73239a34,Fantastic Four,361,Marvel,1992,,
210baffe-b12f-4bbd-8c9e-cc3c2be7f4c0,Fantastic Four,362,Marvel,1986,,
00d5561f-256c-40e5-a148-4983d1986b18,Fantastic Four,363,Marvel,1971,,
935b2a4b-7a6d-4c47-b9d8-0f341c33395d,Fantastic Four,364,Marvel,2017,,
740eb8ac-8a01-44f7-bb14-b84b9b7b1484,Fantastic Four,365,Marvel,1976,,
6a6d8b75-b695-4dbc-8532-c85f17e17196,Fantastic Four,366,Marvel,1985,,
4bdabec0-9b63-461e-a199-d069ec54802f,Fantastic Four,367,Marvel,2020,,
c67f35bd-b724-4b4c-a0ea-83eec1097a6c,Fantastic Four,368,Marvel,2023,,
5f888cd2-647b-4822-9faa-8c112000cb1a,Fantastic Four,369,Marvel,1978,,
ea207dc6-d90a-4b93-bcb8-095dc3340681,Fantastic Four,370,Marvel,2012,,
8795951f-0806-4b24-890b-797c04c5fb60,Fantastic Four,371,Marvel,1982,,
b11d4c64-c91b-4a6c-bdd8-58fc12dc73d9,Fantastic Four,372,Marvel,1967,,
eddfcace-f51c-499c-b67a-f134c3e2965c,Fantastic Four,373,Marvel,2018,,
46880b50-cea1-404a-9051-848cd0bb1f1d,Fantastic Four,374,Marvel,2015,,
ea237b0e-1fb6-49e0-b9fe-e945556d1283,Fantastic Four,375,Marvel,1982,,
d3525957-c12d-4a10-84de-9e4a8cc569a8,Fantastic Four,376,Marvel,2021,,
5dcfd3c8-1103-429d-8986-d4e857ecfc7f,Fantastic Four,377,Marvel,1965,,
f306dcce-b071-4c11-8c97-1872e966e7ab,Fantastic Four,378,Marvel,2015,,
44397a87-1463-467b-bd81-5514e728dbdc,Fantastic Four,379,Marvel,1964,,
307b977d-cd7b-41b0-a6ae-6d7aac82be81,Fantastic Four,380,Marvel,2020,,
928ce7d3-97f2-4c13-8811-2e8bddd2b785,Fantastic Four,381,Marvel,1997,,
5b2e43c9-5273-42e1-a856-394a6d857d32,Fantastic Four,382,Marvel,2020,,
e1bfb898-ad24-4396-b0fd-f8e6339d1964,Fantastic Four,383,Marvel,1971,,
b8a396ab-ae87-40ef-b77d-8d32069b3e8e,Fantastic Four,384,Marvel,1970,,
00bf7fc5-2587-4aaa-980b-c8ed523b447e,Fantastic Four,385,Marvel,2019,,
add69582-1feb-480e-97a1-124d757181a1,Fantastic Four,386,Marvel,1986,,
3765d7ed-2a7f-4c8a-828d-9a1a76cc28c1,Fantastic Four,387,Marvel,2017,,
baeb8cc0-dcba-42c2-9ad7-4d79fc2a6ed8,Fantastic Four,388,Marvel,2014,,
eee33436-2d59-43fc-9e19-49b6b6fa6cdb,Fantastic Four,389,Marvel,1977,,
cbd1f9b6-6edf-430c-9882-1c1b2ee2a8ef,Fantastic Four,390,Marvel,1995,,
31e9a915-f10b-4c8d-934f-ca3de44bdfb3,Fantastic Four,391,Marvel,2009,,
f8ed5af5-6990-48af-9c22-0307228f6124,Fantastic Four,392,Marvel,2022,,
940e910b-4da3-49e9-825f-b145b9bf7263,Fantastic Four,393,Marvel,2009,,
344c6ad4-8c03-4b8d-90d9-09cbdab80590,Fantastic Four,394,Marvel,2013,,
29eb8231-45fc-4d38-9d32-77c582ed3a73,Fantastic Four,395,Marvel,2016,,
285e9fd2-adf6-4db0-bb8a-a5d280f73e99,Fantastic Four,396,Marvel,1989,,
473afe13-2199-4d44-9b78-46eb4931a239,Fantastic Four,397,Marvel,1966,,
edb63d29-b8ce-46aa-af34-3a1d014e4900,Fantastic Four,398,Marvel,2009,,
48f6264a-6422-4a92-a156-e0b3ec366607,Fantastic Four,399,Marvel,1979,,
dd5f7cfc-47be-48b0-91db-0c9405b4a30d,Fantastic Four,400,Marvel,1961,,
30765f27-566e-404a-ada5-5c6b0608db22,Fantastic Four,401,Marvel,2015,,
43aad165-21f3-4701-91db-9575412d2e3a,Fantastic Four,402,Marvel,2017,,
9b87c2f5-3e4f-4cf0-bfb7-9cc250c49bc5,Fantastic Four,403,Marvel,2015,,
48d0ab0a-6513-4098-b638-b6b4917eca80,Fantastic Four,404,Marvel,2004,,
52969d51-6dcd-4d58-ba22-3513260a6087,Fantastic Four,405,Marvel,2017,,
2879947a-9e70-464c-b14a-60ebf0fa1b37,Fantastic Four,406,Marvel,1960,,
ff2981ce-0fae-40c2-91df-e56dedaccc0d,Fantastic Four,407,Marvel,1973,,
84394f4f-0ca6-4b9c-b360-280d7ee4ba11,Fantastic Four,408,Marvel,2022,,
33ae0363-1aac-46fb-aa3f-45c3fe0f6f20,Fantastic Four,409,Marvel,1973,,
f06dab85-95c7-4e4e-ae5e-b2c76bb56282,Fantastic Four,410,Marvel,1980,,
05c48363-0922-4e87-b77f-5c7a0e9de031,Fantastic Four,411,Marvel,2009,,
e21c5142-5d2e-48fd-a1d1-4c308dafc621,Fantastic Four,412,Marvel,1979,,
30532c69-68e9-430e-a8f0-fa47ba42532f,Fantastic Four,413,Marvel,1984,,
c0ee80a0-f3bd-4007-be31-d74be45658b8,Fantastic Four,414,Marvel,2003,,
226c2029-f376-41f9-9309-cdc969f352a0,Fantastic Four,415,Marvel,1966,,
124ef09c-3f08-4d57-8a27-2f66f25ea8c9,Fantastic Four,416,Marvel,1960,,
de990084-ea3e-4591-b9db-a50620e9a61b,Fantastic Four,417,Marvel,2018,,
af45f4db-b849-47c1-9f0d-47488d8d0e25,Daredevil,1,Marvel,2009,,
ca7da63e-488b-4f2d-b793-c152770a5682,Daredevil,2,Marvel,1994,,
9c46ad91-719c-442e-b9a5-49da6b34cb74,Daredevil,3,Marvel,1985,,
fa6c6417-388c-4769-96d6-1f490bff3ef7,Daredevil,4,Marvel,1992,,
53d0ff36-7f5d-466f-b4ab-408c8d8e7a95,Daredevil,5,Marvel,2019,,
31055363-bcf3-4c93-a52a-64ab7e540f60,Daredevil,6,Marvel,1986,,
a65d8cc0-d80c-4d32-95d2-3dc99885b246,Daredevil,7,Marvel,1968,,
ab8f322a-0e88-4b07-b470-af61b696d152,Daredevil,8,Marvel,1965,,
c1aebe7d-cd9e-42c0-9c33-d4c5a84307f0,Daredevil,9,Marvel,2009,,
9a8fb3b9-acf1-4ad3-821a-a66c1de20278,Daredevil,10,Marvel,2007,,
593c0c6f-bd74-4e26-9754-c64f08575ee9,Daredevil,11,Marvel,1985,,
70c6c2dd-1e46-494e-abfb-278a99f05278,Daredevil,12,Marvel,2020,,
11f00d21-3ad6-4db9-920f-f41156286ba4,Daredevil,13,Marvel,1991,,
845ed360-d936-47df-9528-c73ffba85721,Daredevil,14,Marvel,2000,,
827fc1b2-7df1-4bcd-8edc-9b7e21de198f,Daredevil,15,Marvel,2019,,
0982310b-f840-42ed-a779-2d6becd1f8a3,Daredevil,16,Marvel,1964,,
d27dfb5e-2e9c-49e9-80c7-203da522ef24,Daredevil,17,Marvel,2016,,
29b10f7a-0bd0-4df2-a282-f11e127bfdf0,Daredevil,18,Marvel,2018,,
176f59f5-90d7-4a1a-878f-88476d9a2c37,Daredevil,19,Marvel,1988,,
b0dbfc78-a794-49a9-a556-3ffd976a2371,Daredevil,20,Marvel,2007,,
e99ded9b-cba3-4fb4-a05a-3448025ba162,Daredevil,21,Marvel,2010,,
f3a2dda0-5fc1-48b2-9109-512ddc72e1c6,Daredevil,22,Marvel,1992,,
b39de26f-d45e-4f38-a506-6f4a756552fa,Daredevil,23,Marvel,1974,,
afc94480-a93a-4409-afda-5b35eeceb004,Daredevil,24,Marvel,1999,,
d129a3e7-fc1f-4499-a06f-3c3c95aede36,Daredevil,25,Marvel,1986,,
aa8ec781-83ad-4b01-acff-ee60f0d5da43,Daredevil,26,Marvel,2023,,
4105b674-09ab-497c-97b9-cabd9c07c2fe,Daredevil,27,Marvel,1999,,
7568ffd3-1243-42b0-b074-3b538ca145fe,Daredevil,28,Marvel,2022,,
84e0a20f-6206-4120-a02d-8a521f15f6fd,Daredevil,29,Marvel,2019,,
391063d6-d49c-42e9-b508-b43abd77cc3c,Daredevil,30,Marvel,1974,,
2fb0cba7-1d6b-4be0-898e-2c86cae860b8,Daredevil,31,Marvel,2000,,
3b1469c4-ef10-4849-a7a0-346105619a27,Daredevil,32,Marvel,2000,,
9bb35ddc-4c79-4465-8761-5a4722b102b1,Daredevil,33,Marvel,1986,,
58602499-7423-4c96-8295-90d99342da5d,Daredevil,34,Marvel,2018,,
f79d4a54-88e8-4dd3-9ea9-bb9352ca1d37,Daredevil,35,Marvel,2000,,
2c39cac7-d9bc-42c6-ac33-3b20ea3b7149,Daredevil,36,Marvel,1970,,
a271db0a-39cc-49d2-86bb-e0a22dd90fa2,Daredevil,37,Marvel,2004,,
1f12c332-0e7a-4c19-a2f3-1634680ffb23,Daredevil,38,Marvel,2000,,
c23cc470-3e1d-4427-a874-b7eb15aa6b42,Daredevil,39,Marvel,1971,,
61d47aff-127a-4093-8b21-217513146cbd,Daredevil,40,Marvel,1979,,
98526d5f-779d-4612-b554-76793e95f85a,Daredevil,41,Marvel,1960,,
e1223ed9-80cc-4fb1-835d-287ae710c9d1,Daredevil,42,Marvel,1965,,
af6c9795-0bd9-4f4f-b48b-87aba79b89d0,Daredevil,43,Marvel,2014,,
4b1b625a-d7c6-4117-b841-56ca05908d49,Daredevil,44,Marvel,1985,,
27b88ebf-d6f5-47d5-8f70-5ad9df3e86c2,Daredevil,45,Marvel,2014,,
0e6d34fd-5a8a-4b2f-b68b-1ace86497fba,Daredevil,46,Marvel,1994,,
0d7d7c08-66c1-4b57-bbfd-ed6b15d197bf,Daredevil,47,Marvel,1967,,
a1600708-c1a1-477c-896c-01f057609624,Daredevil,48,Marvel,2023,,
7e91ce62-aad0-4a4b-bc6f-07861230a404,Daredevil,49,Marvel,1972,,
a4b32897-2f52-42fa-931c-5eee48aaba00,Daredevil,50,Marvel,2003,,
99ada7f2-fd81-48f0-a298-73470e423824,Daredevil,51,Marvel,1977,,
c9790e01-e2ce-41bd-96b2-28c07f95bf4b,Daredevil,52,Marvel,1980,,
e82f302d-70c9-4f0e-bb0a-eda7c8f9999a,Daredevil,53,Marvel,2020,,
b68e24ff-ddd3-44a2-8b5b-4d5691feb610,Daredevil,54,Marvel,1994,,
44c9f210-db45-46d0-92fe-fb5f5f8e764e,Daredevil,55,Marvel,1985,,
4988258d-fda9-4317-a3c3-afa7141f12ed,Daredevil,56,Marvel,1993,,
9853a584-aaf5-4142-8232-476ae9405e09,Daredevil,57,Marvel,1987,,
1f999f12-2237-4ac8-a19b-c11fe0077559,Daredevil,58,Marvel,2011,,
ea7e655f-fc04-4f7e-831c-446b9fe7048e,Daredevil,59,Marvel,2001,,
b8347670-390f-4ee1-a25f-e22b879cb5e9,Daredevil,60,Marvel,1995,,
043918cb-fefe-423b-bf51-9096f4236828,Daredevil,61,Marvel,1981,,
7293fd32-4b1f-4439-b8c7-b11d82f14a7e,Daredevil,62,Marvel,1990,,
3f47a59d-be32-4462-b10f-cc859b37dfb7,Daredevil,63,Marvel,1986,,
50bc30a5-7bb7-460c-b67f-23862698cb94,Daredevil,64,Marvel,1967,,
a0bfff41-bc9f-4b39-a103-95d8cba53423,Daredevil,65,Marvel,1984,,
a14d1220-af84-4626-9d17-035f2ec46edb,Daredevil,66,Marvel,2012,,
b9894d28-a8df-4c72-9bc1-366586af9ca1,Daredevil,67,Marvel,1969,,
f64fae75-456d-4ee5-b6c1-6208d721ed03,Daredevil,68,Marvel,2018,,
4dba655b-2568-4d63-96b3-bdee9dfd5dde,Daredevil,69,Marvel,1992,,
baace814-075e-4a8c-97bc-618ce0dff3e3,Daredevil,70,Marvel,1992,,
3a930e24-c779-453c-b633-ec34df6a32cd,Daredevil,71,Marvel,1983,,
f80b6d6d-5be5-4e9a-a63c-218a36c513b0,Daredevil,72,Marvel,1995,,
eafd358a-866e-42c8-bb83-d9609915c306,Daredevil,73,Marvel,1991,,
628bc6d4-3e0f-4d0d-9a82-caf3bee03aac,Daredevil,74,Marvel,1980,,
46b35825-ee67-42e4-acc5-b2d497ea8571,Daredevil,75,Marvel,1965,,
af8b86ff-6b39-4756-92bf-072c2592b8c3,Daredevil,76,Marvel,1961,,
246b843b-e805-41ad-9088-40f003360245,Daredevil,77,Marvel,1967,,
4c4702f3-bd96-480d-a8b5-1095ae6a2aaa,Daredevil,78,Marvel,1974,,
5587d412-75cf-4e35-811d-f241c44e1fbe,Daredevil,79,Marvel,2003,,
e9e202e9-98b1-4249-ac79-f0786389de63,Daredevil,80,Marvel,1965,,
f3d99379-bc3e-4c27-9e0f-7a62c597be78,Daredevil,81,Marvel,1988,,
c53d6a1f-d7ee-48d9-9682-569787e3e660,Daredevil,82,Marvel,2013,,
efa72436-d62a-4a66-88b2-2c3cbba7439d,Daredevil,83,Marvel,1996,,
dbd71838-0578-4ea0-9732-d7829c61a7e2,Daredevil,84,Marvel,2000,,
52d44a53-9dc8-4429-8fcb-921dc808bc80,Daredevil,85,Marvel,1993,,
9298b279-a405-4563-8517-feb782854f74,Daredevil,86,Marvel,1998,,
89e37abc-96d4-4a60-906c-98653b7fc032,Daredevil,87,Marvel,1964,,
59fe8bcc-ead1-401d-8199-e20539f26743,Daredevil,88,Marvel,1974,,
754dd133-5b31-46d4-b88b-5bbf55e3bf74,Daredevil,89,Marvel,1994,,
961bde33-b1ff-4dd8-bd80-f9db3f942f7a,Daredevil,90,Marvel,1987,,
534263d6-82c1-44f1-aff0-c86bee4ae3bd,Daredevil,91,Marvel,1997,,
dd151353-9072-4d67-9cf1-79f8f1d52e6d,Daredevil,92,Marvel,1962,,
d79ba6cb-92d6-470c-ab3a-1d21ab17f69d,Daredevil,93,Marvel,2022,,
c6658592-05c7-4240-9174-1052b3889377,Daredevil,94,Marvel,1969,,
e23cf2ca-42b4-4fd3-b9fc-0e6a824d8f6e,Daredevil,95,Marvel,1974,,
e0f36469-f9ad-4f1e-9333-ab71f7db7f85,Daredevil,96,Marvel,2009,,
6ecadcec-1c8b-4d34-84c4-a4959119104e,Daredevil,97,Marvel,1977,,
f59d8db3-3b4e-4ba9-a962-72b869b5a6b7,Daredevil,98,Marvel,1996,,
aff4d202-90e7-4165-94ce-418c3f1d9cee,Daredevil,99,Marvel,1961,,
18a6ba33-75d8-4ba0-b04b-856b76ea98b4,Daredevil,100,Marvel,1998,,
91182f1d-79ff-4644-8fbb-1c3e4c5b94a8,Daredevil,101,Marvel,1980,,
9305f6f8-b513-4101-b73e-5b90c8d5d911,Daredevil,102,Marvel,1999,,
906bb338-efc3-4c68-ab37-aec6463020ac,Daredevil,103,Marvel,2002,,
5000a597-d3b3-4c29-bdd4-691025f6694f,Daredevil,104,Marvel,1999,,
9306c202-4ff8-482c-a981-899c3de7ddf3,Daredevil,105,Marvel,2007,,
704fa853-1151-4029-acc8-4cfe30c81dda,Daredevil,106,Marvel,2001,,
b8d86243-415c-44db-af1c-b3c9a998042b,Daredevil,107,Marvel,1990,,
a035990a-bd93-4892-b144-213f78508f9c,Daredevil,108,Marvel,1965,,
32466998-749b-45b9-b8b2-465b9587648a,Daredevil,109,Marvel,2010,,
ad6de5d2-a4dd-4dc8-ae84-f522407a7b4e,Daredevil,110,Marvel,1986,,
94551438-afea-4158-9463-5f4cf563795b,Daredevil,111,Marvel,1972,,
274873c2-2198-4569-b354-9e90ad22934f,Daredevil,112,Marvel,1982,,
1ffc85f8-2f79-42e1-bf44-0fb9a85ed0d9,Daredevil,113,Marvel,1989,,
0333be10-11b2-4f96-a5fb-d8a332bfb717,Daredevil,114,Marvel,1976,,
bdcda679-8c5f-4889-9129-b79f1ed9cb41,Daredevil,115,Marvel,1962,,
e9a606e1-d7ec-4cae-bc2c-3da505b68987,Daredevil,116,Marvel,1989,,
ae444187-a436-4754-bc70-282ccb4c2327,Daredevil,117,Marvel,2019,,
22030f4f-52f4-4bd4-bf3b-d6d70f47e7b4,Daredevil,118,Marvel,1990,,
1cef873c-f51d-438e-b300-a97241ab32db,Daredevil,119,Marvel,2024,,
752d656b-6e19-4923-b891-4d978ee234f1,Daredevil,120,Marvel,2021,,
89df0425-9590-411f-9ec6-b2d47f5dac7b,Daredevil,121,Marvel,1967,,
4a7027d3-a4df-4d63-a8da-e603554c04b6,Daredevil,122,Marvel,2001,,
a6fd9a80-53b1-4a30-9ba6-79824d057598,Daredevil,123,Marvel,1983,,
9bd83994-07e5-4edc-bd86-e8cd7ee0f1f0,Daredevil,124,Marvel,1970,,
30edfe8e-e625-4425-b1f5-02da767910d1,Daredevil,125,Marvel,2017,,
c6c46c42-341d-4955-8891-9bd5cdedb163,Daredevil,126,Marvel,2000,,
99251544-cbe8-443d-af48-51ed8e72c430,Daredevil,127,Marvel,2024,,
b397dbfd-018e-4702-a1ca-ff5736b07d64,Daredevil,128,Marvel,1987,,
4eb67dee-5c77-473b-b978-380b7c06b371,Daredevil,129,Marvel,1973,,
f918a66a-2a5d-4360-903d-5dd3794a2a13,Daredevil,130,Marvel,1975,,
70f10b80-eb6f-4d5b-b0e6-4b32dc2f599c,Daredevil,131,Marvel,1987,,
ae219b4f-5d97-430f-9c2f-c467ba487d04,Daredevil,132,Marvel,1967,,
e0876f13-552f-47f5-a227-4a70829abe84,Daredevil,133,Marvel,2004,,
c33975af-c961-421f-8914-b18b515f6538,Daredevil,134,Marvel,2009,,
1732d884-3836-4e89-b3ca-acc370d2f366,Daredevil,135,Marvel,1990,,
4d70651c-3adf-4814-b60d-9cc239450477,Daredevil,136,Marvel,2000,,
4c3e32a5-24df-4b29-8207-9a99bbb300cc,Daredevil,137,Marvel,2021,,
39927e78-9891-4074-9bef-32566a4997f1,Daredevil,138,Marvel,2024,,
27747dcb-e34d-4cf8-a706-ccfad034b31a,Daredevil,139,Marvel,1997,,
ccaf9771-a4a9-4ce8-b14d-44bd1647ae4f,Daredevil,140,Marvel,2010,,
26fc943c-07c4-46e1-bdab-f2f8f81657a8,Daredevil,141,Marvel,2004,,
8a1cbe9c-d327-45d2-a869-f5525af6c98e,Daredevil,142,Marvel,1964,,
ab61a806-a732-4969-a770-74d881adf325,Daredevil,143,Marvel,2016,,
8f066e83-856c-4fe7-bd3c-b3eb8e990b54,Daredevil,144,Marvel,2011,,
9ccb2ee8-a06a-417f-be15-5332ccf05c77,Daredevil,145,Marvel,1982,,
f76ba957-3e12-4b9c-8c8c-0e84c77f8f36,Daredevil,146,Marvel,2024,,
76ecd0dd-7522-48ad-bbf4-f22e4bd20e6a,Daredevil,147,Marvel,2011,,
ac1efe9c-1710-4186-89d5-6698e84da191,Daredevil,148,Marvel,1994,,
45b737b2-8eb7-4a45-9a56-a829829132b0,Daredevil,149,Marvel,2001,,
b2a61f5c-205a-4177-a6dd-bc83c052026c,Daredevil,150,Marvel,1981,,
2a454d08-1da6-4e34-9240-90406b23cc3e,Daredevil,151,Marvel,2004,,
c255fb45-c33d-46df-b95f-46b1954a601b,Daredevil,152,Marvel,2003,,
c093136e-e8e8-4020-83b0-4085a9f0a2a7,Daredevil,153,Marvel,2002,,
e55db010-7642-4656-8488-42637f17bf98,Daredevil,154,Marvel,1969,,
b250163d-94d1-43b5-96c5-55e6843331dc,Daredevil,155,Marvel,1993,,
9c6b4a21-6246-4183-81ed-283b80ceee8d,Daredevil,156,Marvel,1963,,
a832b09d-af72-4928-9a22-a4bc1754ef6e,Daredevil,157,Marvel,2010,,
39045a7e-3dcc-42db-9690-f6d2e526fa5a,Daredevil,158,Marvel,1974,,
1cc753de-2950-4fd0-ab08-e29d4375da98,Daredevil,159,Marvel,1964,,
3e6a942d-e96c-49b1-b337-ff6027ea0c69,Daredevil,160,Marvel,1997,,
e7c3d678-4c87-4fc5-8676-f7221fa9e20e,Daredevil,161,Marvel,2005,,
384f4984-89e7-4e7a-929c-86906b2f1f8e,Daredevil,162,Marvel,1973,,
2a562528-383b-46a5-bf57-21e7dc9fd0d9,Daredevil,163,Marvel,2009,,
ac879cda-3b8c-4187-8b03-ccf3ff5dbe09,Daredevil,164,Marvel,2018,,
d2e55f2d-aa05-403c-b8b1-4961183bab18,Daredevil,165,Marvel,2012,,
3693e4f1-10c5-4c12-be7d-7cbaa71202c2,Daredevil,166,Marvel,1995,,
1fdfabbd-d447-4d7c-9291-c39f153be089,Daredevil,167,Marvel,1967,,
57eba856-d61e-4ead-9c0d-08f8c442345d,Daredevil,168,Marvel,1981,,
5cba7760-b599-436e-9170-436f22237e86,Daredevil,169,Marvel,2009,,
dd838571-0d6e-4427-9144-e702ae7127af,Daredevil,170,Marvel,1964,,
e5285851-4598-4b36-8d1a-9fc2f62f44b8,Daredevil,171,Marvel,2021,,
7d8bb5b0-419b-4a3c-a8ea-bbd9db607a71,Daredevil,172,Marvel,1961,,
2c3d752f-25cb-41e2-b931-81bf3b906d84,Daredevil,173,Marvel,1960,,
3799fb7b-8feb-4df7-af77-546f43b3818d,Daredevil,174,Marvel,1961,,
62d0cc12-9290-403e-8bb6-e4d09aab08f1,Daredevil,175,Marvel,2004,,
785ebdc4-2950-41ce-812b-006f637a7fae,Daredevil,176,Marvel,2012,,
8712307e-e561-4af2-b8c2-0c0bdd623e1b,Daredevil,177,Marvel,2022,,
ed0d671e-42ad-4b26-b9e6-5f032c5257b4,Daredevil,178,Marvel,2011,,
f2ba056d-3974-462d-8ada-e12193f83dce,Daredevil,179,Marvel,1993,,
21c2dc45-16ed-4ae6-aa8e-663cd5017965,Daredevil,180,Marvel,1981,,
8c76bc4d-38fe-4ac1-8bd4-887f36d06383,Daredevil,181,Marvel,2018,,
ffd020b6-3347-47ec-868b-f99ff424c1fb,Daredevil,182,Marvel,1994,,
2e27e224-8289-4ab7-8145-31535b6187ab,Daredevil,183,Marvel,1990,,
079b70c2-6b57-48db-80b8-bfcb29f66e6d,Daredevil,184,Marvel,2023,,
d1206eca-ffac-4ff8-a817-db2fb0bfdd83,Daredevil,185,Marvel,2005,,
a176dbdd-e94a-4ee8-b822-3d78aa96aa28,Daredevil,186,Marvel,1987,,
77ce37b9-12ff-4584-afcf-f117de463a4a,Daredevil,187,Marvel,1960,,
188f3985-ab4c-4048-84d0-b4378f49ca66,Daredevil,188,Marvel,1962,,
c2974b6f-bc80-4887-b5d8-74815ad532f8,Daredevil,189,Marvel,2004,,
051a062a-42bf-4ebd-98fd-6285ab60ece2,Daredevil,190,Marvel,1982,,
3b5a8e0d-c197-4148-91e0-3c80f42f125d,Daredevil,191,Marvel,1970,,
7fe27a25-5ef0-4860-bf77-63a782465855,Daredevil,192,Marvel,1970,,
b983f803-5881-4423-b2c4-b824a56f0d97,Daredevil,193,Marvel,2001,,
8238024c-2972-4a97-a32e-ff6e56136c15,Daredevil,194,Marvel,2002,,
dde6b11f-8d8e-404d-966a-8d327117fb46,Daredevil,195,Marvel,2020,,
4b565b45-2ff4-4494-b2ad-5953ed46d1ac,Daredevil,196,Marvel,1965,,
31c83aa5-a0f7-44d4-9322-73541c6b1633,Daredevil,197,Marvel,2023,,
bd13c174-1ad6-4dae-8629-2f62e202a6c0,Daredevil,198,Marvel,1988,,
6c4e3281-1ff0-437c-be3c-3f60b37dfae5,Daredevil,199,Marvel,1968,,
417417e1-7030-49d0-9196-0b51da38e024,Daredevil,200,Marvel,1994,,
efea55ed-6fed-4878-a611-d877da352f68,Daredevil,201,Marvel,2000,,
4cc2938d-b82f-4c93-8652-2b98e6e36a74,Daredevil,202,Marvel,1997,,
b4561f69-fe7c-4187-a9eb-ae83396704dd,Daredevil,203,Marvel,2020,,
2f5ab3bc-3ab4-4221-b472-96bd617e7a75,Daredevil,204,Marvel,1971,,
d3d8987b-3355-4c1d-9237-1f16b33b5814,Daredevil,205,Marvel,1977,,
40cc7f37-8385-4a5f-b04f-ec2cdc3632a6,Daredevil,206,Marvel,1960,,
26323996-41d4-4237-bc0a-d8704255aba6,Daredevil,207,Marvel,2024,,
31cade44-d2a0-4bf0-b70f-431d18ef3d65,Daredevil,208,Marvel,2001,,
82c83ec0-6417-4a2d-94c8-c9852ed4e8b5,Daredevil,209,Marvel,1976,,
ccd86a2d-611e-4914-93a0-8660fe96a37b,Daredevil,210,Marvel,2012,,
8a39e8b5-681a-40cf-b6d8-c498f07bf8f1,Daredevil,211,Marvel,2002,,
7f25e27f-a60b-4915-bab1-4f3fe2880b6c,Daredevil,212,Marvel,2012,,
7722fa25-e7ed-45d8-b85a-482af53e752c,Daredevil,213,Marvel,2012,,
43ff80df-9d54-4605-a446-5b55f828a593,Daredevil,214,Marvel,2004,,
93cb61f2-f24d-4cf1-b74b-5ffa99fb018c,Daredevil,215,Marvel,1980,,
092ae19f-e4cf-402a-ba79-2c9e919e4f5c,Daredevil,216,Marvel,1960,,
4cc871a0-e682-452d-b3a0-2add37c6219d,Daredevil,217,Marvel,1977,,
78e387c9-c025-4266-904a-cb2f08c46dd9,Daredevil,218,Marvel,2016,,
5e4afc19-c2a3-4319-a146-9f961e042618,Daredevil,219,Marvel,2001,,
abb24e45-bf4f-4028-b5cf-d8cf2220d3c5,Daredevil,220,Marvel,2001,,
6100d1e4-5f9f-41a2-a232-4fe193efbcc4,Daredevil,221,Marvel,1969,,
5aa6b412-ff2b-4a31-a363-05dc8db9d46b,Daredevil,222,Marvel,2012,,
26097150-21e9-4618-9048-e2051db92ebe,Daredevil,223,Marvel,2012,,
1899f73b-c0a9-4a2d-927c-99f32f035d86,Daredevil,224,Marvel,2018,,
9f7780b3-f563-42f4-b491-343de36d51db,Daredevil,225,Marvel,1972,,
a8b808de-6e10-4585-aafb-b4da9a01d875,Daredevil,226,Marvel,1960,,
f4f91888-5930-477e-a3bf-f5aab448d993,Daredevil,227,Marvel,1999,,
3d01d2e2-436d-4949-84de-71fbcaaa75c4,Daredevil,228,Marvel,1998,,
b8f4944e-d730-4c63-9334-9d55d1e3908f,Batman,1,DC,2021,,
461c2bb6-df34-447d-9b59-b776e361cb79,Batman,2,DC,1965,,
f237bd7b-28b2-4aa2-9751-0807417232a0,Batman,3,DC,1974,,
bdbb5865-73d9-4447-bd7c-d41c70eb67d5,Batman,4,DC,2018,,
bef01a9e-7f21-4b29-aa78-d5ab19ab4c1b,Batman,5,DC,2020,,
703d5335-e148-48d4-80ab-033bb40e92bf,Batman,6,DC,2018,,
bffa44a7-ee04-42e6-90dc-4c887e2f84e2,Batman,7,DC,2007,,
66f391ac-0fed-4744-8bf8-60e871f09e56,Batman,8,DC,1985,,
2435eb2c-a930-40fc-915d-b2e1f2e09f07,Batman,9,DC,1975,,
c8108e3f-04c1-4955-b4ac-969176fc5f4f,Batman,10,DC,1987,,
891ebbe8-17ab-4271-9741-78c35d6bb6c5,Batman,11,DC,2016,,
e58318d3-95d8-467c-805a-115ee2090f1d,Batman,12,DC,1965,,
ac852811-294b-4f78-922a-075eb334258a,Batman,13,DC,1985,,
f36475c9-57f0-4088-b4e5-d8e118e6c9aa,Batman,14,DC,1977,,
c67f9a4f-a60f-44f8-8c31-59f7554cfc5e,Batman,15,DC,1964,,
2bb8bdf0-b9b9-45a5-81fa-68ded48ef028,Batman,16,DC,1997,,
472bee93-4ee1-4305-b1ae-0af3034b3cd6,Batman,17,DC,1995,,
9c2a4055-1a45-4300-813c-bde60b6c6bb2,Batman,18,DC,2005,,
8dfffb27-dbf1-48b9-b220-1c467511beec,Batman,19,DC,2011,,
cba132d3-730a-460b-9671-d6c4baede75b,Batman,20,DC,2018,,
e2d4465e-20f3-4549-af71-05474ff8223c,Batman,21,DC,1974,,
3c0c82c8-248e-444e-a358-f15f80beb2fe,Batman,22,DC,1992,,
5e18c3e2-c8a3-421a-aedf-6351bb310088,Batman,23,DC,1978,,
225cb4f7-22d5-41dc-93b4-589fab54aa17,Batman,24,DC,2020,,
d10ce682-4ef6-4581-9590-541d1ebcef23,Batman,25,DC,1977,,
4bb03baf-f1fe-4fae-9269-b9b8c57fbfa0,Batman,26,DC,2012,,
4348404a-53f9-4562-9157-e9f707543de6,Batman,27,DC,2001,,
e334be8f-504d-4894-94af-6c92b3f24f00,Batman,28,DC,1960,,
42914d30-834d-4e2e-aaea-a02268dcca96,Batman,29,DC,1960,,
cc1a9ba2-c4c2-4061-bd5a-c2fcd3321de1,Batman,30,DC,1969,,
4e5323f2-8839-43b5-9478-e8949e6ab0b8,Batman,31,DC,2016,,
dd8e5c0f-f926-43be-8362-4ad25e16ecfe,Batman,32,DC,1971,,
92bd2e58-0db1-4c0b-8884-147f073e8c34,Batman,33,DC,2000,,
9e838c66-e1d4-4810-915d-dda9b5f20c79,Batman,34,DC,1990,,
a2cc9efc-9b78-4eb2-9f71-2776fbd75c4c,Batman,35,DC,2024,,
5f5b3229-4e6b-4766-9817-6855db61d66e,Batman,36,DC,2007,,
6551b39d-f386-4ffc-96e1-6280ae03f8c0,Batman,37,DC,2015,,
5acfe92a-38a1-44cb-aa20-23d160c37471,Batman,38,DC,1989,,
31e2687b-6456-4090-adad-97201b9725be,Batman,39,DC,1995,,
adab31d4-1c94-41cb-bd2c-8a1606038868,Batman,40,DC,2013,,
d47d6bd8-c045-42c8-be91-e1acbd62d1f4,Batman,41,DC,2014,,
18485c56-f7c2-4ef3-9eb9-8d9d050ce07c,Batman,42,DC,1963,,
79a6f03e-fcd3-42b2-a4cb-592f0a83c52e,Batman,43,DC,1991,,
d849a461-73c3-4a4b-8957-5e7ccf4d0a23,Batman,44,DC,2015,,
d666c230-0949-47e4-a423-975172b37926,Batman,45,DC,2018,,
65c3f097-9e36-4469-b90e-9aff6d061918,Batman,46,DC,1982,,
e7d717e9-92ec-4333-9bbf-6821100f51ae,Batman,47,DC,1988,,
2968fc2e-be2a-462e-b3fe-5f485f41229b,Batman,48,DC,2024,,
ae8680af-cdc8-494a-9764-649b300f22ea,Batman,49,DC,1997,,
2438051d-9835-40b7-a413-3845143bcc0e,Batman,50,DC,1966,,
8dff2351-a50f-46b6-9c55-08ae895fdbc4,Batman,51,DC,1963,,
ba7055eb-85f5-4df8-b3c2-bf0087bc40b7,Batman,52,DC,2022,,
3006d25e-cc7f-4fd0-974b-ce62b77a08e4,Batman,53,DC,1993,,
c875e4de-3209-4421-95dc-d3ecd1c4f4bb,Batman,54,DC,1974,,
eb1fd6b6-191a-44ac-8c8d-c0ee6c2430e3,Batman,55,DC,1996,,
e71476b5-0b72-4e49-9076-dfd9c4a3cb9c,Batman,56,DC,2017,,
2c59a92b-def4-434a-93c2-faf24cbad75c,Batman,57,DC,1974,,
a656bcde-3f88-4b3d-86fc-cecca38b11af,Batman,58,DC,1963,,
c396d1d1-1cf4-441c-a96f-19e5218a46ba,Batman,59,DC,1968,,
e19d15d2-aabb-417f-bc1f-b9555fcde096,Batman,60,DC,2009,,
90217cf8-965c-4310-99a6-5196f133b55e,Batman,61,DC,1971,,
c4cabf6a-9e5d-4388-9d5d-ac0b2cdc964a,Batman,62,DC,2001,,
7191b807-4b43-4f44-a49a-fa168fe3d14d,Batman,63,DC,2015,,
697e3174-a086-4275-a2a1-4e148d51f08b,Batman,64,DC,1961,,
ed547f0f-b1f5-40d4-b681-66857ee4cbe7,Batman,65,DC,1997,,
af693fa1-62dc-485b-b557-4888a6c5633f,Batman,66,DC,1990,,
3a38e7c2-d393-4309-a2bd-2fa98efe5d3b,Batman,67,DC,1990,,
4bb7fd98-e1d7-47e5-a6b9-7382e1fe6e12,Batman,68,DC,2014,,
6d53a1d9-674b-45ff-a896-de8bb876104b,Batman,69,DC,1988,,
9eab4330-23d8-4901-9ee4-05e620e51539,Batman,70,DC,2002,,
441cf6bd-0970-441d-aaad-f95faeca8be7,Batman,71,DC,1974,,
94286530-142e-46ee-8cf5-657b18587337,Batman,72,DC,1962,,
83b5ab12-2cf5-4737-90cd-28c98209e1a0,Batman,73,DC,1992,,
b3895536-fc40-4392-90ca-5fbd7a1e0237,Batman,74,DC,1994,,
2c5f180a-35b0-4ca1-b245-a1a2e3b65a5c,Batman,75,DC,2004,,
84350afa-873d-46c8-a322-82034eda15e5,Batman,76,DC,1988,,
9c45c334-a228-4b28-b5ad-851aad66c635,Batman,77,DC,1967,,
a0dce071-dcb3-45da-980c-fe44f4cba3a3,Batman,78,DC,1996,,
e3c35c25-87f6-4ac3-935f-6973ed6258ca,Batman,79,DC,1966,,
9607e1a7-06fb-49fd-a40b-ae358f78e492,Batman,80,DC,1989,,
5430691b-a8bb-4c67-af7a-022eea4d45df,Batman,81,DC,2011,,
16bb0885-59c7-4674-98cd-55b051b8785c,Batman,82,DC,2001,,
7f88f7db-0dce-4b64-aa47-9c8c8e9e2b4c,Batman,83,DC,2006,,
3b48df6c-9f02-479d-a226-ea9202e6707e,Batman,84,DC,1985,,
c88ac190-442b-44ca-abce-be59f687dfd3,Batman,85,DC,1965,,
116c79b2-4f0e-43e5-8485-f358fab9b9cd,Batman,86,DC,2011,,
f09dc2f8-d446-4a6f-8aa2-65b043842e2a,Batman,87,DC,1994,,
df90b76f-6117-41d2-87af-0a3d86944f98,Batman,88,DC,1961,,
8a9d36be-9ee0-4276-b398-a7dab7f5acd2,Batman,89,DC,1998,,
c3b6d7cd-7b28-4e14-97ed-3a7e9cf3f71e,Batman,90,DC,1965,,
177f7501-b4a0-41ae-b784-045b1daf0eab,Batman,91,DC,1976,,
0780b3a7-e471-40d0-bf66-52ce2d9659d3,Batman,92,DC,2008,,
bdead4f9-c3af-46df-9e02-6ee38d1d8744,Batman,93,DC,1976,,
bc2863fb-0494-4348-aafd-2d2fa812cc9c,Batman,94,DC,1977,,
9f2d847a-95a8-45fc-9d4e-0aeff5d27f2d,Batman,95,DC,1995,,
188585ab-7511-46d6-9e8f-4b67fc393f7c,Batman,96,DC,1968,,
b06bd840-70a2-4dfc-b4dc-2a52b0840458,Batman,97,DC,1999,,
ba665b8f-0da2-4d08-bc01-1eeb08acee16,Batman,98,DC,1985,,
cadb3d4f-b952-4647-8448-3c5661b2dc27,Batman,99,DC,2011,,
73e30639-6a9f-4c91-8b73-dd0537e707a2,Batman,100,DC,1961,,
0054691c-0998-4c9e-a55b-9f7a1b06c5a7,Batman,101,DC,2008,,
93742de1-980f-4106-bf8a-4a66672f0a4d,Batman,102,DC,2015,,
80b64f27-4dfe-41d3-b116-70e3fbf25fb9,Batman,103,DC,2023,,
53bc2b63-4b5f-498c-82e9-d0dd28fee5fc,Batman,104,DC,2018,,
c67e5113-cc71-45b3-ad9e-fec0d5aa9098,Batman,105,DC,1986,,
a1a89368-ecab-4d4a-8e84-fe5a08b9ebdd,Batman,106,DC,1975,,
5e7c1582-6900-43c8-8946-508f743a6d87,Batman,107,DC,1960,,
a53f4ca2-6eac-40e8-805b-29960fd8453a,Batman,108,DC,2019,,
bd32fcf2-cd59-42a4-995e-3314f16e3036,Batman,109,DC,2018,,
02fb9759-e096-4268-950c-91d65cf9db2d,Batman,110,DC,1995,,
10dc43d3-9305-4d87-8373-8ef1773d44c3,Batman,111,DC,1969,,
b8cf3415-274c-4e15-bac2-fd435705c960,Batman,112,DC,1970,,
57f32f43-cc49-405c-8fed-b85040442a67,Batman,113,DC,1997,,
5143e5c3-67e0-4465-b5fc-73675d3c0d84,Batman,114,DC,2000,,
47c690bc-f7d7-4f5f-ba71-9e55c63fab73,Batman,115,DC,2003,,
9e19f8e1-000b-46e8-8ed3-f1d34bd7e5e3,Batman,116,DC,1967,,
dc985ad1-d0c6-456b-b0a3-99db2e9d05d1,Batman,117,DC,1961,,
fe2050c7-f125-4a1c-a178-16bd52732701,Batman,118,DC,1964,,
242f7cd1-d582-4059-ba11-e95d9ced4dd7,Batman,119,DC,2022,,
9d87479a-383c-4b10-8721-3af25ee5ee90,Batman,120,DC,1979,,
b56c9f0a-bbac-4f9b-8bca-b0e396513c17,Batman,121,DC,2013,,
31ee0a57-62c3-4d65-a9f9-893e768e4154,Batman,122,DC,2023,,
3e275e0d-84a4-4d3e-8304-15c4c329369f,Batman,123,DC,1994,,
ff2a0d42-77ae-4f2c-846d-eebf078610fd,Batman,124,DC,2022,,
17ef1d66-5fe0-470b-aef8-00568aa3eaae,Batman,125,DC,2024,,
6fc007b0-5555-4fe9-aaa1-d3acd3a8e516,Batman,126,DC,1966,,
d601d4f1-6ed4-4f28-9e96-4a9d8afe81a2,Batman,127,DC,1970,,
e375c73c-ef41-4d5d-8631-edbbd90768b9,Batman,128,DC,1962,,
96ebf157-b6d3-4b96-9217-41b523ab2939,Batman,129,DC,2010,,
7fc5ac0b-2b86-4d77-89f4-1a9b82655a3d,Batman,130,DC,2001,,
0ef57bb6-c205-42bc-96bc-97eaf6d39ec7,Batman,131,DC,1968,,
85321c91-0e9a-4b60-ac82-9a9b6a3ce95a,Batman,132,DC,2018,,
ecd05513-28b1-4608-99e9-a04a8dae7558,Batman,133,DC,1983,,
f5459b82-026c-4df1-a897-21847865929b,Batman,134,DC,1977,,
7a3cac6c-ff02-4e59-b84b-53f9b15c593f,Batman,135,DC,1997,,
db1b4e0c-1fe9-424d-b44d-2ecba9b98850,Batman,136,DC,1997,,
5c157ef8-225f-4313-844e-e38ebe47f5c6,Batman,137,DC,1976,,
69026cc3-f62d-4123-9dc3-6a65a9a5dadd,Batman,138,DC,2020,,
84ef602f-4d91-43c3-9a74-0b79d3d68e3a,Batman,139,DC,1990,,
9b4833a2-19b4-4ed3-87b9-7953e67b4dc0,Batman,140,DC,2016,,
1bd936a9-0e5c-46f6-b9c8-897a78dc6013,Batman,141,DC,1995,,
a6be87a0-2202-4566-821b-4fd67df4c642,Batman,142,DC,1989,,
6095d34d-a19d-4d1b-8f87-201bd0c85d1e,Batman,143,DC,1998,,
1acd5161-f551-49e2-81f0-a3178054f313,Batman,144,DC,2012,,
b1bbe65b-f905-4516-ad5a-622a6d5d6d24,Batman,145,DC,2024,,
728aa9f6-14af-449f-9fea-6f3afd8bc880,Batman,146,DC,1963,,
a1a4d7e8-296b-4a10-8ca3-9ae7e18842c5,Batman,147,DC,1978,,
1eb22133-4a32-49b2-8131-3d80814cb024,Batman,148,DC,2013,,
59a561ac-110e-48d3-ad26-f318bcbb9bd3,Batman,149,DC,1998,,
d55c4e22-49fc-4888-a723-6ca82dc228d6,Batman,150,DC,1969,,
7ed36a3e-8037-4081-814a-bee511fe3b75,Batman,151,DC,2003,,
c97c201f-6834-4e0c-8789-5d7e9e127ec0,Batman,152,DC,2000,,
cb3ef379-75cf-4d15-aaed-5c12fbce1c16,Batman,153,DC,1988,,
85252abc-f3f5-41ec-8eb4-d28b89cb9b23,Batman,154,DC,2017,,
685da73a-6ab7-418c-b2d9-bfdbd9f1f318,Batman,155,DC,1963,,
f154f4d4-1cec-4332-85d1-2428524ec25b,Batman,156,DC,1966,,
14c1974a-7def-43e9-a8cf-cf6eac2153c6,Batman,157,DC,1975,,
9861e4c8-2950-475d-a57a-a37958b4a6a1,Batman,158,DC,1995,,
14d1fde6-7865-4a6d-aee3-a42561f1f306,Batman,159,DC,2016,,
e09c487b-a315-4b42-b600-9b38625bd8b6,Batman,160,DC,1968,,
539b0c8b-cf89-486c-8a3d-942f0ca073f6,Batman,161,DC,1984,,
89d16ff1-e8ac-4a32-8361-40300bcb5fc7,Batman,162,DC,2018,,
ae197eaa-9550-4dc1-bb71-ce5e121c8fe6,Batman,163,DC,1974,,
f758b4c6-358f-4b3b-9aa4-5c1d59ba1bcd,Batman,164,DC,1977,,
8339620d-6c94-4337-8cd8-8bee2b4fad48,Batman,165,DC,1994,,
6682806f-1526-4682-9067-bbc00cb71742,Batman,166,DC,1993,,
9f806c9e-bcfa-44d2-9f50-72845d3a1e10,Batman,167,DC,1985,,
ec58dda8-ec3e-4e48-82e6-be12d22ce87d,Batman,168,DC,1972,,
19ed85c4-1f20-4e5a-8d75-acf746903206,Batman,169,DC,1991,,
0abaa375-c05e-4924-a9cb-f945c867d9dd,Batman,170,DC,1980,,
3ff9e39e-0830-4158-a105-ad8b381dacbd,Batman,171,DC,2018,,
21de0e23-daf9-4802-a289-a0cfa434ed20,Batman,172,DC,1980,,
78759fd5-e4cc-4cef-9c6d-fbca0c4457c4,Batman,173,DC,2016,,
38e604a2-5985-4904-b0bc-fafe6319d994,Batman,174,DC,1967,,
8825a412-c9d3-44d6-b696-e0e85294e400,Batman,175,DC,1996,,
8350a919-3f15-434d-9843-a1904433dc73,Batman,176,DC,2004,,
4aa81529-3c6b-4ff2-83ae-06c9946adfef,Batman,177,DC,2013,,
1a766e77-d739-4e65-b342-084a385d7526,Batman,178,DC,1995,,
37fce2c8-2d74-4dd0-b165-77a5760c9ac1,Batman,179,DC,1988,,
a9129433-fce1-4e28-b425-29789d5e53bc,Batman,180,DC,1968,,
6ac16f0f-ac25-4c46-ba28-43415e44073d,Batman,181,DC,1999,,
962894ed-9619-4500-8ccb-f3625938b4b3,Batman,182,DC,1989,,
f9afdff9-f9d1-45d0-8328-61492d357b9a,Batman,183,DC,1970,,
d0975611-b647-423e-9bcd-5d1bf5352662,Batman,184,DC,2016,,
78702fa9-7dc5-4b17-9d91-5f7fba181c65,Batman,185,DC,1960,,
ea2325bf-f440-43a6-aa30-89eb10bd3d4b,Batman,186,DC,2006,,
5cfc2efd-a753-4659-825b-3fd346121c2e,Batman,187,DC,2002,,
744c2f01-7c39-4bb9-8314-105462f7d395,Batman,188,DC,1993,,
cdb5b095-4b83-4541-b09d-04a3b2587479,Batman,189,DC,2014,,
529df817-c288-4b55-8be4-007d7f5ff062,Batman,190,DC,1971,,
b02563ba-3188-4b95-8033-8e67692cede6,Batman,191,DC,2024,,
c24b01ed-9ed3-43e9-8bd3-8608bebcb523,Batman,192,DC,1986,,
843e081d-5edd-4a9f-bd33-6b231c0a918c,Batman,193,DC,1978,,
4fdf55ba-882a-4f1f-abff-deb6833f8fa1,Batman,194,DC,1997,,
1b6bf4ea-4464-47f9-9ad0-58da22f97d83,Batman,195,DC,2023,,
344e0c9d-4220-47e9-81ee-0da6d68b038e,Batman,196,DC,2005,,
0dc2fdfd-1468-4f97-8fd6-ea11b7767bcd,Batman,197,DC,1960,,
92de296c-42e5-426c-b8e9-dff0abaf093a,Batman,198,DC,1969,,
8b3c0fdd-338f-424b-a148-4c43685f8a7c,Batman,199,DC,1975,,
ba680689-4dde-40ed-99bb-b05798e77207,Batman,200,DC,2002,,
6ddafaa2-984d-45fc-a865-0999c5802d51,Batman,201,DC,1977,,
5b2d2962-0e99-4143-b563-f13561e4b01d,Batman,202,DC,1995,,
ea7492b6-430e-477a-8fe6-dc741d4bb464,Batman,203,DC,1994,,
eafb46e8-0e20-4b3b-8687-bc1e4329bc6b,Batman,204,DC,1990,,
eeb4623e-41d2-4ca2-a8fc-8544d80f160e,Batman,205,DC,1980,,
7582b812-43cf-46d5-ac16-cf9be010ce84,Batman,206,DC,1970,,
ceae828c-6b8e-49ba-bc0b-7c3d1991b5a6,Batman,207,DC,1987,,
be475bd3-906b-4544-b8f1-a4a46987bf5a,Batman,208,DC,2008,,
5e7e81d5-a662-4b4c-ae8b-3e592669ed39,Batman,209,DC,1976,,
ac7dc795-1766-495c-9d4e-5d2ac496b523,Batman,210,DC,2004,,
223a7374-6bfb-4485-bd9e-adaaf35a54bf,Batman,211,DC,1968,,
5c9b243f-f9dd-424b-95e9-7200eeb2d2fc,Batman,212,DC,1994,,
e939f9f5-6fde-410f-bece-304bdca72b1a,Batman,213,DC,1994,,
89206776-64f2-4902-bb67-b9e1f9c10b0f,Batman,214,DC,2020,,
75367b27-b1d7-4db6-bc79-45de7d7fb23e,Batman,215,DC,1987,,
815e67c5-428a-467b-bdb1-e3ac526647a8,Batman,216,DC,2011,,
83f9eb6a-ceb1-4b66-b4d7-b44d78a3aff1,Batman,217,DC,1998,,
3247c3c7-8ea8-4208-86ae-c2caad633b0e,Batman,218,DC,2020,,
bf0cafab-797b-4daf-8eb4-3e6c9ed8bf05,Batman,219,DC,1977,,
1ee7e889-2432-4c0c-8139-d70ac14957ff,Batman,220,DC,1960,,
1b3eb3df-b6bf-47e7-b4db-16a4ae7c9768,Batman,221,DC,1985,,
4fb6747a-2a49-4f50-b70c-6b1d7e1ddb24,Batman,222,DC,1976,,
e3ffc102-084d-49e9-a8de-a0006eb12cbc,Batman,223,DC,2022,,
abe648ad-ff4f-40c8-9485-895024f2c4e7,Batman,224,DC,1994,,
0df5c1da-d64a-450c-8a65-3dc3b60fcf7d,Batman,225,DC,1998,,
68dc254f-a62d-4e7d-ba71-a15c3fb751e4,Batman,226,DC,1971,,
562f787c-7d98-458a-85b3-fcf92fbbd019,Batman,227,DC,1960,,
ae650173-36c2-4827-9dfc-2b7bbd7f9adc,Batman,228,DC,2013,,
5470186b-5e62-440c-81a7-8b0beac6d53f,Batman,229,DC,1999,,
8927e029-a9fa-4205-8284-74327b28dd73,Batman,230,DC,1999,,
ddc28e8d-34b1-40eb-a791-4e1fa6a9cfdc,Batman,231,DC,1980,,
7eab5933-0b92-4916-9278-9e70b78ba626,Batman,232,DC,2015,,
45f4e06e-645f-4307-8220-64733050304f,Batman,233,DC,1983,,
072702de-6d72-4a3a-86ee-14843905b966,Batman,234,DC,2008,,
b827be87-ef05-42d8-84ec-f58662937e1d,Batman,235,DC,2005,,
4ac6bffd-d168-4ee1-b6b0-7b1348213bb6,Batman,236,DC,1967,,
361de5eb-7923-4531-93ed-325cb68b05d3,Batman,237,DC,1977,,
5d1da156-fd5e-46e0-a21e-720b16307213,Batman,238,DC,1982,,
72fa59fa-e7fb-4c0d-9496-bae00c25ab8b,Batman,239,DC,1960,,
b0057d8a-087f-42d5-9b3b-724773eded14,Batman,240,DC,1974,,
80932484-ae75-4986-bafb-05121b1abb9c,Batman,241,DC,1979,,
ddee554a-3f17-4898-9814-c613faa5f760,Batman,242,DC,1979,,
b349977c-ce22-4348-b4fa-c8c64680efb3,Batman,243,DC,1960,,
0bf1bf4a-edec-4fb9-8990-a09bad8e7747,Batman,244,DC,1993,,
3f79c8b2-09b9-4342-b3f2-c7f544ac22f3,Batman,245,DC,1963,,
20276a71-1fe4-49b2-8a0d-bbbd38ebf46b,Batman,246,DC,2000,,
24c73765-5358-4613-905d-93dcfe90f95c,Batman,247,DC,1975,,
2c25c941-adbd-48a6-8574-e2e2d3f70554,Batman,248,DC,2023,,
a77aeaed-ae59-4567-919b-62d910f7e1da,Batman,249,DC,2014,,
9a709c34-a815-4996-b38f-61d17d43185f,Batman,250,DC,1992,,
ffcf6565-aa23-44c7-a649-a6970f95ead2,Batman,251,DC,1991,,
387f969b-7249-4136-bc4c-eb4c564adfb1,Batman,252,DC,1964,,
95cf40cd-193a-4556-8d03-2dbab6581c20,Batman,253,DC,1973,,
2a290d3e-fd07-4a4c-9548-a6b4e2aec8ae,Batman,254,DC,2007,,
ad2082a0-9491-4393-b558-afbaafdfdd99,Batman,255,DC,1990,,
2818175a-6e83-46be-94a5-440480aaaedc,Batman,256,DC,1979,,
94ea689c-3a9c-4083-9a70-85acbad21f81,Batman,257,DC,1967,,
89418d1c-6e45-47ac-8434-868c7302ca58,Batman,258,DC,1982,,
94627ddc-32a4-4cf6-a569-a98e5a6b3440,Batman,259,DC,1993,,
d2ab661b-d2ef-4a64-94b9-7be217c7c218,Batman,260,DC,2024,,
895c5ae6-fa86-4795-a229-a5c56cad9535,Batman,261,DC,1988,,
6b7cfc50-0bad-40f6-9b00-9b115653db43,Batman,262,DC,1986,,
0d436db0-8f2f-464b-8f6f-ee8184686ddb,Batman,263,DC,2007,,
2f1c1533-8063-4eb0-bd67-d9fb1626c51a,Batman,264,DC,1979,,
4c6b6b7f-f33d-4c3e-a1d8-5ce2da750697,Batman,265,DC,2016,,
368c0e84-6d09-4dd2-8803-534ac431b49c,Batman,266,DC,2005,,
f77a5a90-fcd7-4faf-a8dd-6fecc273d2ea,Batman,267,DC,1988,,
5970fb6c-1a36-4a3e-892b-ba285422143f,Batman,268,DC,2017,,
2d810e0c-17cd-4dc2-b0a0-d828ec464240,Batman,269,DC,2000,,
30c15670-8cb3-417c-81df-e1cfe5713e9d,Batman,270,DC,2005,,
d6c2a7a5-1366-42f2-bc35-a9bba16a059e,Batman,271,DC,1963,,
d4286c96-c63f-49c3-abec-8b389766eb55,Batman,272,DC,1986,,
f0af764f-2d65-46c7-8d3b-a8c6e6276cea,Batman,273,DC,1983,,
c7f3b86d-25e6-4a92-8860-458fb44a6c9a,Batman,274,DC,1969,,
dcd4ba2d-b54f-47e5-8123-0607ff13195f,Batman,275,DC,1996,,
d3b9f7ef-18b6-4952-b206-ab03c10b34bb,Batman,276,DC,1981,,
f9c2a4fc-2f7a-404a-8b53-083d24f73a59,Batman,277,DC,1973,,
adb9ecd4-50b6-44b8-bff3-06a04ddf5128,Batman,278,DC,2012,,
99e3b2a2-cf7d-472b-bd44-b35b806ce319,Batman,279,DC,2002,,
13116a7f-0cb1-45d1-8e7a-18f3ba0f37d0,Batman,280,DC,2023,,
a8d17e7c-87f8-4f32-87b5-48175fedd9f4,Batman,281,DC,1976,,
78abd826-e4c1-4c5d-814f-af3949ee021d,Batman,282,DC,2024,,
bf995244-02dc-43fb-a7e9-fbda07cb21d4,Batman,283,DC,1988,,
a4d73445-d28a-4a95-8c26-71ebdd3ba8e6,Batman,284,DC,2011,,
1383f80b-3ff9-4b3b-a609-51699520734c,Batman,285,DC,1984,,
e26e2a45-a4c0-4c1e-87d1-7a4a85bb574b,Batman,286,DC,1991,,
4f18eeb6-f55d-485d-9fef-ff73641d954d,Batman,287,DC,2023,,
874afc12-607b-4fe5-9e45-0cf81f6245f8,Batman,288,DC,2021,,
fe0c8f01-32d5-4657-9100-760baf50252c,Batman,289,DC,2018,,
a77336d4-fcc6-4fce-be12-4d41134ab867,Batman,290,DC,1995,,
202897fc-2150-4096-adaf-fca09f9f96bb,Batman,291,DC,2003,,
f7a1e412-ddc6-4c11-b8d9-c45c411e1d50,Batman,292,DC,1989,,
f4f62ae2-9d01-49d9-beef-31c82c0c04bf,Batman,293,DC,2007,,
49809283-41e7-403c-ade6-1cbd0fe5dcce,Batman,294,DC,2005,,
4df2d713-5167-412d-8b36-636f04523fc0,Batman,295,DC,2023,,
02fe0483-1a34-4143-b668-5c2777e6315d,Batman,296,DC,2021,,
71cf6103-ced3-41ea-9cb9-073307478d37,Batman,297,DC,1968,,
b2d6d3f1-20fa-4b5b-bee5-0bd0f3592e34,Batman,298,DC,1967,,
a5c6b7c0-dec0-4ee6-908f-4967f4c5c3cd,Batman,299,DC,2015,,
8ca22c38-423e-4f7a-a0dc-c4e79e5b862c,Batman,300,DC,2005,,
909547ad-f3c8-486a-9028-97a23d900936,Batman,301,DC,2007,,
0fae0682-eadc-4ba4-a9b5-a394ca36e2e9,Batman,302,DC,1976,,
fb05f420-359d-4460-819d-9e9f5401892c,Batman,303,DC,1976,,
b3476be3-afc9-4313-b2cf-0bb23da56ea1,Batman,304,DC,1980,,
b2d21d42-73a3-4d96-b264-f7439041ddb4,Batman,305,DC,1972,,
126fb4f4-c97f-4e8c-b7c2-e38d6f032b72,Batman,306,DC,2000,,
6945877a-f10c-4097-8cdb-39fb3235aaba,Batman,307,DC,2010,,
5e7817a2-3aae-4553-88e7-7372c7253768,Batman,308,DC,1984,,
dcbae1f7-6016-48f6-9153-0b2baee379f7,Batman,309,DC,1969,,
c54aedd2-8c55-42f0-b8d1-2cbc7b474378,Batman,310,DC,2013,,
fe34a2f9-7d3d-4e20-944c-e762d69f5622,Batman,311,DC,2002,,
d935251d-0ecf-49ff-b2d7-7f163921bc97,Batman,312,DC,1964,,
8dd83f24-3fa3-4986-be5e-450a7fecbc7c,Batman,313,DC,2004,,
18997a7b-347c-489b-96b6-6db46377eeb1,Batman,314,DC,1987,,
75518206-4767-4fbe-b367-c8efd7db648c,Batman,315,DC,1970,,
5136fc29-d3a2-4f7f-83b9-8d6f0fb00fa2,Batman,316,DC,2017,,
410a27ed-d40f-4aff-86b0-a09b3633a965,Batman,317,DC,1991,,
7704c3cd-6e0e-4ab4-9a4a-ad7b3f861d72,Batman,318,DC,1963,,
35a2ed9b-3bf5-4a32-9e5e-bd4dc330a382,Batman,319,DC,1983,,
a09a9902-e678-43a2-8ebe-3c66392cb41f,Batman,320,DC,2007,,
e43cc4e3-52da-4d02-afae-5e3d17b81642,Batman,321,DC,2005,,
4e88710a-858e-484d-990d-0fd8d128d29c,Batman,322,DC,1986,,
698173aa-4e42-4161-abed-e44471e71528,Batman,323,DC,1993,,
fa40f75b-7e1a-4baf-a4e6-8f05fb2ae0dc,Batman,324,DC,2015,,
cc33e399-6b9c-4a23-a8c8-87a600bcc3bb,Batman,325,DC,1961,,
efdf4cf9-eba2-44a2-a2e9-80abc8d82e63,Batman,326,DC,1981,,
421e5854-46e5-4637-a928-182deca98d87,Batman,327,DC,1999,,
1128ad9c-462c-4e81-84c0-2805544f7fb3,Batman,328,DC,2005,,
6c874e73-7ebb-4e11-bc6b-8a103d6d0fc9,Batman,329,DC,1986,,
886fb565-96fd-4f7f-a662-c9ed2a7e6251,Batman,330,DC,1968,,
8cb8ba5d-a243-4b0c-8829-3c61b7b25d13,Batman,331,DC,1977,,
0b327f2d-f1cc-4d62-b80e-27d2d6b635d6,Batman,332,DC,1974,,
83897067-b2c8-4bd1-9cac-addf2ca60c27,Batman,333,DC,1989,,
73a67347-3c27-4a87-9222-71c857bc819e,Batman,334,DC,1963,,
127c4508-0ee3-4a47-9fb6-a4b9ab435004,Batman,335,DC,1996,,
83eaaf57-54b5-4cf4-8f55-f4481dc4d364,Batman,336,DC,1995,,
c364f3b6-37ed-4e80-9f88-c0e8937d9ba6,Batman,337,DC,2024,,
179c8d7c-10b4-485e-96a9-b5bc6eb70938,Batman,338,DC,2019,,
2269dacd-f6d5-4ae8-bcec-e4408beb62e9,Batman,339,DC,1970,,
f455d324-c4c2-4460-9467-44e9e8a99202,Batman,340,DC,1962,,
80cd526e-9819-47ca-aac8-be0bcfe2610d,Batman,341,DC,2023,,
5d9242ed-f921-4d2c-b797-87211cc4b757,Batman,342,DC,2000,,
49d5ac5b-c27d-4365-beea-c50533937091,Batman,343,DC,2002,,
7521be11-d71a-4bb0-92a2-8c2820227b26,Batman,344,DC,2012,,
adabb645-6a6a-4955-93fe-c26145ad4762,Batman,345,DC,1985,,
d6f50aa1-65ce-4a87-a2ee-7e5c88751344,Batman,346,DC,2001,,
95d2c781-6ea2-4fd4-af8f-90e934756361,Batman,347,DC,1990,,
64b2ce70-049c-419b-a901-059cc5a683e5,Batman,348,DC,1981,,
4c0541c4-b416-4f89-a2a7-4df418f4794d,Batman,349,DC,2003,,
a7a59a64-d2c1-43d8-9146-4df547cc3f8d,Batman,350,DC,1985,,
fa6e05b5-1bbe-4840-827a-f412209cfc19,Batman,351,DC,2013,,
2f248b33-11e9-4dd4-8320-6d0e09caa6e2,Batman,352,DC,1999,,
0ca33a99-56e1-4469-9791-6c3f3bf6156f,Batman,353,DC,1993,,
8e862775-83e7-49c1-ad81-3b9b081d421e,Batman,354,DC,1993,,
2ef7cec2-bb5c-43ec-80bf-61ad2c14592c,Batman,355,DC,2016,,
1e4c7a16-1b75-4e58-b972-e83857f6357b,Batman,356,DC,1985,,
42098b40-e2e3-497b-8eef-1075cd2bd434,Batman,357,DC,1995,,
2987297c-a4db-4567-b3d6-8b4b99e00692,Batman,358,DC,1999,,
efa90268-cbd6-49a0-b3af-166f9d85462c,Batman,359,DC,1995,,
10e63b55-cc5a-4da6-9d1c-d0b7d6f35c2c,Batman,360,DC,1991,,
1e3d23d0-3898-46d9-b49e-a1f792a235c3,Batman,361,DC,2016,,
3e0409d0-a120-4c61-82cd-a0040ed3ad92,Batman,362,DC,1997,,
54e2bf65-6087-48b3-a6eb-7cca1a7245fa,Batman,363,DC,1996,,
cd4ec74f-a71d-45f1-9814-a23a0336cdd3,Batman,364,DC,2008,,
35266e16-0d1f-465b-9d24-4fbed3316f8d,Batman,365,DC,2023,,
5f2ff271-4d77-4026-a2db-1d1e6b01f258,Batman,366,DC,1984,,
a62ccde7-ff77-48b6-aeae-79c288a0f4f3,Batman,367,DC,1971,,
d4073d72-b6a1-428e-aa80-700cd6a56fde,Batman,368,DC,1997,,
17a6b8b4-7fa6-4a40-8895-15892ee1c3a5,Batman,369,DC,1964,,
4aa7cb59-b970-4979-bb4d-41d3f005bda2,Batman,370,DC,1997,,
e9f21a05-df3c-4bfc-8caa-7e240b84023a,Batman,371,DC,1991,,
22778394-2d10-48b1-8747-faa40e22df99,Batman,372,DC,2012,,
bda53263-a284-47e8-9f7c-48a8e33d46c2,Batman,373,DC,2018,,
62a2484c-3b1a-4d51-82b6-0ca2673e96e6,Batman,374,DC,1982,,
acf5ca86-5aa5-44f7-b1a3-e3bd6945e6c9,Batman,375,DC,1999,,
3dceb848-d4ac-4bc0-8da9-33db6ef69198,Batman,376,DC,1998,,
e6903973-a401-4d62-b25b-570f81cbb4cc,Batman,377,DC,2019,,
dfd3adfc-572c-4c38-bb89-629134895783,Batman,378,DC,1971,,
f4c596c9-61ac-4765-826d-7f6868bb610e,Batman,379,DC,2024,,
25d18829-2146-4040-9fdd-c56e696a83b5,Batman,380,DC,2013,,
cd742947-0577-4abd-862c-2ea728ce681e,Batman,381,DC,1962,,
12049e7e-42f2-42a3-986e-b51c228c4f5b,Batman,382,DC,2012,,
6225afdd-3e18-48c3-9a17-f111eb9b7c09,Batman,383,DC,2021,,
b6b5248a-f862-4f7e-8c28-a121b1c97d5a,Batman,384,DC,1965,,
d52e19f9-bc9e-4b99-b085-e6e2444bfef4,Batman,385,DC,2005,,
19df645f-3915-4e3e-bd82-d9103ab1b978,Batman,386,DC,1995,,
08a6c673-fff3-4aac-926d-c39d56cc754b,Batman,387,DC,2012,,
3a4b2fbb-cb6b-4235-a762-953cd47b58a9,Batman,388,DC,2001,,
c0a2c6f0-f0c2-425d-a2d0-c24af1b8df15,Batman,389,DC,1978,,
97b6a0f2-0aac-4f7a-bd12-3f928b8c638d,Batman,390,DC,1966,,
db6e439a-8164-4529-b85e-0a90f4c0872a,Batman,391,DC,1971,,
b06109a0-9aca-4448-a630-20ef35f96349,Batman,392,DC,1999,,
fc70d1f7-93f1-4a04-ad80-9d293fc2ef5b,Batman,393,DC,1995,,
d667f494-a958-4c3e-a691-6cab069f4c14,Batman,394,DC,1964,,
662c1fd0-a7b0-484f-ab79-44512088d6c7,Batman,395,DC,1986,,
ab52b348-e34f-474d-95d2-a0423942ee44,Batman,396,DC,2012,,
dbf04c5b-ac4d-4ca1-9b96-ef68724402bd,Batman,397,DC,1997,,
a9b920da-60bf-4a92-b9bf-d0f115598a9f,Batman,398,DC,2011,,
9417ac67-5176-4c66-b17a-9a5265c5e512,Batman,399,DC,1966,,
d6045c49-117c-4ad3-9c47-9748ed75f293,Batman,400,DC,1989,,
e1442c99-6a92-4835-8ea2-947500a9ffdc,Batman,401,DC,1992,,
8e4a6026-60fd-42f0-987e-f588d3508cab,Batman,402,DC,1999,,
b820dadd-270d-4898-8da3-57c8e84be2d0,Batman,403,DC,1992,,
2f5ae8be-f13f-46d0-b0dd-0c5ff62f43c4,Batman,404,DC,1974,,
66eea194-bcfe-4acb-bdf4-31c25fc176e7,Batman,405,DC,1973,,
b42c5887-9b85-491f-b526-f0c08051916e,Batman,406,DC,2002,,
8262b151-c741-49de-97fe-52adb3bef70f,Batman,407,DC,2014,,
af760e65-5604-4b51-86a1-fdc93c27ddca,Batman,408,DC,1991,,
8833fb23-ad59-49ba-9ad1-de6efdeac2cd,Batman,409,DC,1994,,
6eb7c236-0d7f-4dc6-a133-952c9c16971d,Batman,410,DC,1988,,
7f611eb7-3e42-4040-ad38-94b2ee46d3f4,Batman,411,DC,2020,,
7deff6da-0fc5-4e55-a899-2255b2efe950,Batman,412,DC,2024,,
5ff7a4ca-3b12-4540-8c99-a5403f153be8,Batman,413,DC,2015,,
219ee3fb-b909-4078-8465-cb79862c6fe3,Batman,414,DC,2014,,
1e5c0b04-2493-4c45-8e5a-2838156ba562,Batman,415,DC,1992,,
d0179cd7-e0d2-475f-877f-1b2c80014928,Batman,416,DC,1997,,
473c861e-4897-425f-bbed-6116c379a588,Batman,417,DC,2014,,
0e6d624b-18d0-44e3-a707-5c5a75b68bee,Batman,418,DC,2021,,
e3d08cdb-2770-4bac-8f70-e3b51482a5ef,Batman,419,DC,1983,,
c4a0cb1d-dd1e-47f1-a0a7-bf0bca9a91ff,Batman,420,DC,2002,,
dcbd0c23-a8b0-44e3-b8eb-d926947c2854,Batman,421,DC,1971,,
ee6577ed-8842-4148-966a-ce8c00ff50f1,Batman,422,DC,2011,,
33b24381-0f9e-48f8-ba65-1212c0d81f6a,Batman,423,DC,2024,,
54fa828c-a3b9-401f-bb1f-6e2256d80c84,Batman,424,DC,1967,,
b53025fd-bab0-4781-9ee9-5d981effdd65,Batman,425,DC,2008,,
a5b0f0f1-b9b5-4fc5-baa0-7e19eaf25010,Batman,426,DC,1997,,
ac862ec5-4999-4f77-8181-e3b5d7b9c22b,Batman,427,DC,1998,,
c6a6ced0-6135-4bbf-8cbd-c408a0facd49,Batman,428,DC,2021,,
4edb8134-b7e5-4e88-be01-89e8098fa9ec,Batman,429,DC,1985,,
ec06e96c-34ad-40a5-a0b1-a64be85ee20c,Batman,430,DC,2020,,
07e51a26-712e-4b90-bc23-1606cb27a663,Batman,431,DC,1998,,
7fa9fb2e-2753-4a6c-bd1e-ab72215f8d2c,Batman,432,DC,1980,,
7411e974-2b21-4386-a083-75005d8d64fa,Batman,433,DC,1978,,
7a874a75-a027-4dce-a3f1-955ceed45878,Batman,434,DC,1973,,
d0eb34fd-2ce0-44e8-9de4-52aec0acbe6e,Batman,435,DC,1962,,
35d94bf1-5f52-4be9-b342-1af4e7161fb1,Batman,436,DC,2005,,
3c7c7748-ee83-4077-a5a3-2accc917ae16,Batman,437,DC,1984,,
608d61dc-d48c-4fe9-99b4-f640ea0fb430,Batman,438,DC,1970,,
6944eba7-c639-4f01-b22b-1b2dc86f5d2f,Batman,439,DC,2003,,
3e7bbe8b-12ec-48bf-a9e1-d1692d22cdf7,Batman,440,DC,1988,,
2c6e2fa9-7b53-4d09-b7ac-d1463448a5c8,Batman,441,DC,1992,,
ae5a3946-3a3b-4a84-beba-08bb4c491448,Batman,442,DC,1965,,
e8ba53ed-4051-4d75-8c11-d3b02137108f,Batman,443,DC,2009,,
6cfab2b8-b75b-4004-a54b-2dfa66f219da,Batman,444,DC,1977,,
f84f4de3-43ab-4b7d-973a-cae3cc2e75dd,Batman,445,DC,1960,,
eacda90d-aefb-4f9e-ad3f-360517bf1cba,Batman,446,DC,2004,,
e6fcbbee-9363-44ee-af84-5151cabb6567,Batman,447,DC,2022,,
060bf78a-517b-47c3-8d4a-b2b822f8babf,Batman,448,DC,1984,,
fd854c44-7334-43af-9010-b4a8ad10d492,Batman,449,DC,2017,,
5c72110b-b500-4b4a-9752-696b4f5889d7,Batman,450,DC,1987,,
f1ffb35b-f671-4f17-8962-5e4b235bed86,Batman,451,DC,1968,,
ebd5cd92-f39c-4e4e-840d-11be1ece62c9,Batman,452,DC,1962,,
58d497db-e2db-4de5-81f9-aee3ba118a3f,Batman,453,DC,1970,,
73361b50-3eae-4b8a-b52d-8b1917a89f3c,Batman,454,DC,2007,,
8e443a72-7e9b-4840-b865-9ebbed4940f6,Batman,455,DC,2012,,
ed1a6697-8124-44a3-85fc-7b40f253895c,Batman,456,DC,1988,,
0b3de079-9288-47af-8d1d-87066e6407ad,Batman,457,DC,1975,,
b819b8e5-835e-4de1-a755-2028312dc36c,Batman,458,DC,2009,,
04994354-106f-4425-8d59-7d66dfa04893,Superman,1,DC,2022,,
f71b02b1-a722-4af6-bd9c-862e72923c93,Superman,2,DC,2001,,
1cd56b47-95d0-4568-a68d-f1bc8f257922,Superman,3,DC,1975,,
9272e75b-82b5-460d-8d42-421585e919ef,Superman,4,DC,1966,,
91cb874b-1627-4396-9e6b-4ea22aeb495b,Superman,5,DC,1978,,
bc852a6c-c2fe-408a-80ee-1dbd69e410e6,Superman,6,DC,1979,,
01b63556-652b-4ac5-97fc-da9282e2f20c,Superman,7,DC,1985,,
87fce1a4-b6f4-47f5-bd90-d04b952528bc,Superman,8,DC,1964,,
173c3161-649d-4c64-8153-f9bfdc2317f2,Superman,9,DC,1970,,
d766197a-399b-4944-9081-ac1f5bfaa4b0,Superman,10,DC,2004,,
cba4900b-3773-41e3-a509-ff263842cd5d,Superman,11,DC,2005,,
f1250673-fec6-42ac-ad36-7f393932931c,Superman,12,DC,2012,,
15d945e4-446f-4fcd-a688-f73d6b605c94,Superman,13,DC,1980,,
ff98a04e-51f0-49d6-9a55-bd3eab456f56,Superman,14,DC,1993,,
a90eeed1-575f-4a9c-b8b0-668f5cad4bc9,Superman,15,DC,2009,,
e6ae610d-38d4-4fea-bd34-c7046c5b22ea,Superman,16,DC,1970,,
76a4e49d-090a-4ee0-8a0f-f81000e57ffe,Superman,17,DC,2008,,
a7e83d95-6aa1-4438-a49b-d727036bce12,Superman,18,DC,1976,,
647c6183-78b6-4577-878b-074f5e85b871,Superman,19,DC,1975,,
36483519-7d6a-487f-b4e2-7dbba435e303,Superman,20,DC,1980,,
b436c4fc-58ea-430f-9198-68d487cbf8ab,Superman,21,DC,2016,,
0f2a837d-6d2f-496a-9922-7a45624fa3fe,Superman,22,DC,2023,,
c57f418e-056c-44b9-a307-b832e4c03c18,Superman,23,DC,2011,,
67567212-9755-406c-afe4-effbc11fcf55,Superman,24,DC,1967,,
a183196a-58ef-4e15-9870-77263d3c145c,Superman,25,DC,1999,,
9cc3283a-5a3b-4e72-8460-9492264cf7f8,Superman,26,DC,1988,,
af87b70a-f02e-4ca5-96a8-a88e5aabe584,Superman,27,DC,2014,,
91564b8c-8d29-497c-93a3-2a96f7fb6e02,Superman,28,DC,1973,,
1aa9a0c3-1ec0-41f9-aa46-f3289dad4c11,Superman,29,DC,2007,,
b5968584-9304-474a-b0fb-baf1be220bf0,Superman,30,DC,1987,,
a501618a-ba8e-4c22-af17-a51c9639f91f,Superman,31,DC,2000,,
1b157097-a80b-4fb6-9189-773bb9bf031b,Superman,32,DC,2014,,
45cc36b9-984b-4821-92ad-8f12b5e46ee6,Superman,33,DC,2012,,
3c464104-fddd-49da-92ee-2e90499d525f,Superman,34,DC,2020,,
c6cabab4-5d4e-4e61-81c9-3d678c6ded1a,Superman,35,DC,1983,,
98a5ddab-e4a9-4fe3-9a73-2f7d54ec5242,Superman,36,DC,2018,,
03f1a49a-e76b-40da-b009-42b7b6c77f6d,Superman,37,DC,1977,,
9f45e3eb-a529-4b15-abbf-da5627e0ede9,Superman,38,DC,1962,,
44923caf-5591-463c-9c8a-fff132c033c9,Superman,39,DC,1970,,
173ad957-3664-4187-91f9-520eeab62ae4,Superman,40,DC,2009,,
9bf9261e-a639-4174-b510-55ec05bce9af,Superman,41,DC,1982,,
c7c5d466-2dc6-4aa6-b930-f7581688a9f3,Superman,42,DC,1971,,
f4d12218-3b17-430a-be5f-dd7228a4105f,Superman,43,DC,1984,,
4af88bfe-74ea-435f-bf89-a6c366c6c1af,Superman,44,DC,2015,,
8b8e0388-35ae-448b-b216-771d115ff791,Superman,45,DC,1966,,
bdec5b32-63b0-4954-af52-9894a0381926,Superman,46,DC,2006,,
3a9790fc-267a-4043-8f65-b9217ea8ca85,Superman,47,DC,1978,,
42a6e5db-ef6a-4fd8-84c3-73498fcd8892,Superman,48,DC,2009,,
fc66ead6-a516-4d9a-be4f-f982faf841a5,Superman,49,DC,1972,,
0610d3c7-88f9-482c-b577-98d176e9bc74,Superman,50,DC,2012,,
149286fb-dc1a-45cd-abc1-30f089c9e747,Superman,51,DC,1962,,
91ee3744-b2ec-4e99-be98-0a51ab5126ea,Superman,52,DC,2001,,
5fabf76e-1628-4eb8-91b5-3df1558a3fd7,Superman,53,DC,1961,,
1a4c5c7a-38ca-4381-9106-2a4a95d337af,Superman,54,DC,1974,,
44533340-3d51-4679-aa43-e73465f62186,Superman,55,DC,1978,,
7a08d47b-bcac-406e-903f-f1b9715fdc96,Superman,56,DC,1987,,
2cce9b60-c95f-4756-9a86-a996acdb77b7,Superman,57,DC,1964,,
efbb14b0-ee2e-4cfa-9877-452b444c8a97,Superman,58,DC,1982,,
ceef9abe-c088-402b-99c1-53698531c6d8,Superman,59,DC,1962,,
6c37d8c5-1f5e-4e67-b71e-b6f80c6882c5,Superman,60,DC,1983,,
3eab3010-76a2-490f-be75-eb5b013df5fd,Superman,61,DC,2017,,
8d31d5c0-b572-4cb7-8e4f-0c5ba07328eb,Superman,62,DC,2016,,
bef3a462-c6b0-47dd-abf3-f7f30bf20de3,Superman,63,DC,1996,,
c55ffaaf-42f4-43e1-a891-f1ca73275b51,Superman,64,DC,2024,,
06e4f1bd-ac83-437c-91ba-a3fae5d8ada8,Superman,65,DC,1964,,
fed0327c-35e4-4376-a429-8c1a0ff51a1d,Superman,66,DC,1973,,
cd141606-bc3c-45e9-a6c8-02464ecb4388,Superman,67,DC,1982,,
1cb5097f-e61b-4a07-bdbf-c6d084609d1d,Superman,68,DC,1963,,
8a559f08-75a3-480b-a04c-277c83bc9844,Superman,69,DC,2010,,
5bc985a9-5e1a-4300-af9e-c36c230823f9,Superman,70,DC,1989,,
545ade91-05f5-4a3b-a6a8-3dfa828b23c2,Superman,71,DC,2017,,
9187de38-e726-48bd-93a9-f48aeb4f0da6,Superman,72,DC,1964,,
10f61266-4367-4d33-a20c-06a78268133a,Superman,73,DC,2016,,
2b55da7c-58cd-43a0-8a3e-9c51b1c3a013,Superman,74,DC,1978,,
97c7cb70-e68d-448f-b79e-52820fe0d6bb,Superman,75,DC,1979,,
88e91c6d-1634-4736-9b09-879d74e8ad2c,Superman,76,DC,1982,,
8611ed29-ce50-46fe-bb89-7f11c5bb3a8f,Superman,77,DC,1992,,
c253c962-9545-45d2-8866-541d175696d9,Superman,78,DC,1986,,
51f4f981-b20f-428c-a8e7-87a354d7c6d3,Superman,79,DC,1970,,
7ede9e5a-a48a-4026-a406-8c5897ae608c,Superman,80,DC,1973,,
e3815280-d0e2-4fe9-b4b2-173c737fe249,Superman,81,DC,1986,,
981eae4b-e345-4be0-95a7-0744de90d077,Superman,82,DC,2015,,
9fa15240-3e8b-475b-a53a-e1e056fc47d0,Superman,83,DC,1965,,
5dc91391-48aa-4644-9c60-0ad2af31d8bd,Superman,84,DC,1965,,
307242b8-8d3d-4730-8cab-5740e07fc41a,Superman,85,DC,1989,,
00ece859-74dc-440c-bc47-feaf42b3e89f,Superman,86,DC,1997,,
111f944a-0ca4-45a4-acb4-526b1d0af376,Superman,87,DC,2000,,
3be0404a-dd15-42ae-93df-0c67aa4ea849,Superman,88,DC,1994,,
997997bb-b98d-448c-ae76-2e1fc04f587a,Superman,89,DC,2008,,
68cfdef9-bc51-4465-9ce4-6c355af3cbd1,Superman,90,DC,2001,,
bee58a64-7ed9-45f0-9851-325d8d20aa83,Superman,91,DC,1967,,
9e6d8489-348c-4177-b527-9a677382d018,Superman,92,DC,1973,,
c4f197b4-44bb-4367-b228-9bb5379fb967,Superman,93,DC,2023,,
5b29ba53-74cd-46e8-850a-aa6cbd3a69e8,Superman,94,DC,2020,,
21117da9-c9e7-4460-a11e-cfdb17804f59,Superman,95,DC,1967,,
c7f0c592-f622-479e-b1fc-1f877ab33f3e,Superman,96,DC,1975,,
dfbfbed0-980b-4fd2-a565-57c43481cd40,Superman,97,DC,2007,,
b951fb22-613d-4815-9047-65d92ba8fb7f,Superman,98,DC,1986,,
4c98b288-5ce9-4927-a65d-5e1d17e3b220,Superman,99,DC,1992,,
f861b602-1719-4b83-9ddf-5701337e18e0,Superman,100,DC,1988,,
e5f3ee0d-9570-49ac-bae1-4ef863bda513,Superman,101,DC,2013,,
4f4f2146-f44d-4749-8d02-9fae20057824,Superman,102,DC,1966,,
aedb5680-4dc7-4fb7-be41-b8c3749d1d6e,Superman,103,DC,1986,,
2ad55e8e-2575-405d-871e-11f007ea0275,Superman,104,DC,1985,,
c0f48e58-535a-46a2-a062-3fb733ea94b9,Superman,105,DC,2007,,
c038a8a3-f02a-4016-9443-a6d4b2946cb1,Superman,106,DC,1983,,
6e54534f-5bcb-4450-bdd5-4c3e1fb350c0,Superman,107,DC,2008,,
09bb1a6a-8449-4656-9618-6eb513050c6f,Superman,108,DC,1990,,
f20f0287-db48-452f-b22f-e849e8e042c0,Superman,109,DC,1993,,
18bd8fbd-da9b-4324-a8d2-6bae6e100c09,Superman,110,DC,1982,,
3a211c36-8d97-46de-8ddf-5746e141cdeb,Superman,111,DC,2003,,
8c4c657e-0492-4a6c-96d6-3711f094ecec,Superman,112,DC,2020,,
eafb3922-7fa7-4dba-bae0-bb37de58904d,Superman,113,DC,1972,,
c95b77bc-6a25-4840-bc2c-c6a9313cee29,Superman,114,DC,2009,,
a525cef7-7c59-4ffc-93e2-71ffa0858ef0,Superman,115,DC,2002,,
5e95d224-1ed6-4768-b86f-657c36817667,Superman,116,DC,1968,,
77a1ffd0-d704-4dcc-a61b-91b45fae059a,Superman,117,DC,2014,,
c97211c9-b609-40c9-afb9-fd9caa2a3262,Superman,118,DC,1997,,
2ce8904d-b268-482a-b58f-c813e8969c58,Superman,119,DC,1969,,
c7ec7100-5a94-4e46-bb9a-d839ed4e7add,Superman,120,DC,1968,,
6bb74a68-15aa-4c35-80f5-ad09dffc0ee4,Superman,121,DC,1988,,
43a0252c-9491-41e1-bc66-29fd8c070a0e,Superman,122,DC,1996,,
37b7c5e8-f67e-4f39-8547-bd4b490c2c6d,Superman,123,DC,2023,,
1355a05b-b938-4b9d-b774-4e42b818e844,Superman,124,DC,1982,,
4667a847-a424-49f0-8f3d-1da36be24223,Superman,125,DC,2024,,
0c21b2e8-d209-4348-bd7d-2be11debe5c0,Superman,126,DC,2004,,
c50e5b1e-c5a4-4be0-8c8a-2991002196fb,Superman,127,DC,2003,,
7029db0a-b2f1-4717-a31e-a7e93813e68f,Superman,128,DC,1996,,
6d9fde37-0e8f-451e-9ac9-19ab9fd85999,Superman,129,DC,1987,,
3191ac81-f8ce-4ef6-97c9-f00d11cf3be5,Superman,130,DC,1966,,
588ec0f6-bd8b-49b3-b2a6-71957c898983,Superman,131,DC,1987,,
d6c0bfed-ccd5-4278-ac53-923d2b18777a,Superman,132,DC,1984,,
90f53875-e3a2-4a7b-b69d-c6329bb0e99d,Superman,133,DC,2002,,
2c3381a5-2503-4ec8-9263-1f07f1185864,Superman,134,DC,2009,,
24e27145-1110-4716-9f3c-244545833ac8,Superman,135,DC,1990,,
4f01ade3-4163-4764-8c1f-4e955548add1,Superman,136,DC,1980,,
32323062-20a2-44c4-8c90-0ae193372deb,Superman,137,DC,1992,,
195536f2-0c3d-4e3a-8015-ba04d8d83b51,Superman,138,DC,2024,,
67e6ccce-0c6b-4943-820a-973639d468e6,Superman,139,DC,2017,,
294d5014-cb5f-40f6-9338-6afee84380fd,Superman,140,DC,2023,,
941315c8-7b63-4596-9d81-3edb3a91809f,Superman,141,DC,1978,,
ab32e995-6798-4617-bad3-0df6b3720867,Superman,142,DC,1974,,
9bbcdd0d-466a-400c-abd7-86e438f81287,Superman,143,DC,1991,,
3d007baf-aaad-43ce-b161-93a43a1657fb,Superman,144,DC,1962,,
85c1df01-b354-47c9-b909-a7d24eeb2375,Superman,145,DC,1986,,
f1956de8-3d65-404c-a89a-66f5ec81c555,Superman,146,DC,2002,,
28277f5d-cca5-4d21-89d2-b24df1727aee,Superman,147,DC,1988,,
52c06841-c9f4-4558-8b41-6f3d115a82f8,Superman,148,DC,1986,,
445120e9-d577-4a4a-a71f-6ee55263f0f4,Superman,149,DC,2003,,
a5727410-da80-4d3e-b9dc-8137dc8bcd78,Superman,150,DC,1969,,
c03c4da5-4252-43f4-bb9d-57ea965b7438,Superman,151,DC,2010,,
93e018f7-973c-44c6-b893-fead3f4dbce8,Superman,152,DC,1971,,
56a90063-1572-4e13-8426-80353f3256f3,Superman,153,DC,2001,,
6a37f48d-cd9b-44e8-96a3-fc52375a23eb,Superman,154,DC,1971,,
b5b6f843-938e-4575-8f4b-69227ec52e20,Superman,155,DC,1982,,
43ba5756-b6c5-4bfe-958c-d621295e16bc,Superman,156,DC,1988,,
982922c0-bc79-4c11-9efa-131b833fa384,Superman,157,DC,2011,,
1144e8fc-9ee6-4675-89dc-62fea9cf97fe,Superman,158,DC,1973,,
b231c9b8-7dc6-4bcf-af4e-81fb9a4dcfdc,Superman,159,DC,1999,,
864cdacb-8980-4205-9977-3ed35d5f2c1b,Superman,160,DC,1961,,
ca6abec8-72ee-49da-a9f8-e8b6a4670a7d,Superman,161,DC,2022,,
9cc43e8f-5dc3-4874-9995-984ac8231637,Superman,162,DC,1970,,
c7730629-fc1f-426f-b9ad-584efda0472d,Superman,163,DC,2015,,
fc6cd70a-8a82-4369-8142-bd9ca4e0fb25,Superman,164,DC,2020,,
8378917a-f47a-4ea5-89e6-1558d37d9fdc,Superman,165,DC,1995,,
5a39ceb6-8382-4eaf-abec-cae62c9c437e,Superman,166,DC,1994,,
84e6e0b8-210a-4016-9ee7-4559a85cd0d8,Superman,167,DC,2006,,
90509a84-2cc6-4f89-98c9-44131caf8109,Superman,168,DC,1962,,
8f70144f-096f-4d70-ad78-4a39d317ec52,Superman,169,DC,1990,,
d0548c17-a082-4324-80a1-df43c9c2c428,Superman,170,DC,1960,,
6e6580c2-eef5-4879-9fd8-58e29af82f46,Superman,171,DC,1996,,
5fd63658-3360-4cf5-a119-921734db46ad,Superman,172,DC,1990,,
bd2fc19e-db64-4bf8-828d-1a8903ab3fa9,Superman,173,DC,2007,,
7b078371-1e31-45b7-9d7e-3cbc36905cc6,Superman,174,DC,1984,,
1c984d24-e299-4bc4-b677-db4bfbeba5b0,Superman,175,DC,1978,,
b5117f1b-ae64-4022-922f-487e1364bfe3,Superman,176,DC,1968,,
e421bbb8-65ac-46cd-87fa-f6f7c35d844e,Superman,177,DC,1985,,
f20e50f1-3c3e-4aca-b566-8fa5b5ab260e,Superman,178,DC,2012,,
41bf6760-6b5f-4334-8c8e-749cf9a184a1,Superman,179,DC,1972,,
33aa33d3-d2e9-40e6-a966-0f6ccf41df57,Superman,180,DC,1987,,
99225ddd-3553-4072-bd9c-9411843884bc,Superman,181,DC,2004,,
6aa8bb41-44e1-428c-92a3-61a7244a96a2,Superman,182,DC,2015,,
e2b43240-d2ae-44a9-91cc-f2bc9dfe72f7,Superman,183,DC,2010,,
c4241ccb-44e6-40cd-a23e-51e50e15429c,Superman,184,DC,1963,,
d53582d4-1572-4db3-8796-3585e4752f63,Superman,185,DC,2006,,
48807087-23bc-4fc4-8fe2-6e263cf7895b,Superman,186,DC,2009,,
5392ec44-f0c6-4e3b-a335-a202454feea8,Superman,187,DC,1993,,
2abfb9fe-d3c3-4588-b3e5-0294e46e351e,Superman,188,DC,1986,,
3ea0d855-8cc9-4ce3-bdcc-b0749134faca,Superman,189,DC,1990,,
acb88a60-994a-43a2-8857-77e3f3cab374,Superman,190,DC,2003,,
c1f657be-e763-4620-9686-abd7e59b7ed9,Superman,191,DC,1992,,
fd05aba9-65ce-4730-b1bc-354f414ae81c,Superman,192,DC,1996,,
8336d397-d46a-4fb4-9a3c-b17710da93da,Superman,193,DC,1985,,
6a275b1a-9ee5-4f90-b86e-26126725a7b3,Superman,194,DC,2011,,
004135b9-e62b-4cc3-9daf-d525daa07862,Superman,195,DC,1967,,
bde20aa0-8edb-4491-8ac6-22fee0926066,Superman,196,DC,1971,,
cc84665c-53a7-4ba5-a4eb-fee6149f204b,Superman,197,DC,1979,,
99674c2d-9443-4d3c-9ea0-cbb581110959,Superman,198,DC,2003,,
3b487266-e8e3-4c58-847e-76647126ad63,Superman,199,DC,2019,,
43a4bea8-ebfd-4f0b-8c30-bc0254d6ff7e,Superman,200,DC,1990,,
89cbad3a-8a53-4635-8be0-8f1827f51d85,Superman,201,DC,2023,,
2566e463-dffc-4e2d-932e-59dc9b017193,Superman,202,DC,2020,,
3f23afbb-41ff-4c46-8af2-921029c0c30c,Superman,203,DC,2011,,
b675c2aa-395a-4749-a24d-2ad19d4fa491,Superman,204,DC,2004,,
6f8367c0-e959-4b03-8389-5a386e0a28f7,Superman,205,DC,1968,,
94640152-b569-489f-9ba1-51bf49aed31e,Superman,206,DC,1984,,
7767900b-53aa-44de-b6b4-c81e2cba5525,Superman,207,DC,1971,,
690f1a09-8b62-4ed3-8662-82884eacc1e8,Superman,208,DC,2023,,
4e9a265c-6ff0-47b6-9992-d526980973ab,Superman,209,DC,1983,,
4a3b3420-3d7a-478a-aa2c-2c1fa001b87a,Superman,210,DC,1980,,
78dad427-62a6-493b-8cd4-64bab5034324,Superman,211,DC,2021,,
afce519f-b76c-4d7d-a7b1-b21d08765ac7,Superman,212,DC,2007,,
aab279b0-590e-4cff-a423-914ae227d26d,Superman,213,DC,1972,,
13657b80-cb4e-46b0-befb-24fd62ff79fe,Superman,214,DC,1981,,
580441ce-1de7-444c-a596-69b3a542550a,Superman,215,DC,2014,,
1f1653e9-9f9a-45d8-81bb-6bd1b8a7991e,Superman,216,DC,1983,,
870031ac-4a32-491a-98bf-c3549513f0a7,Superman,217,DC,2002,,
ab260c36-51cc-4bd4-85ec-00cd4f88f702,Superman,218,DC,1997,,
5a4d7259-ec1e-45eb-ac45-476f8f763929,Superman,219,DC,1987,,
5a285084-62ef-420e-9b22-596eeda59c76,Superman,220,DC,2011,,
1d009767-1a9b-4765-9c17-6cd7563c8e9b,Superman,221,DC,2005,,
c7fc6eba-a15a-42f5-a5e0-47bfeb6037db,Superman,222,DC,1989,,
b0e56ea2-8fe3-4bb8-8d9f-4175c52baee1,Superman,223,DC,2005,,
9a1e6960-c4d4-4439-bb54-a206794d5835,Superman,224,DC,2017,,
62400ccd-5c2c-401a-8606-c7c8702335f4,Superman,225,DC,1987,,
c08e82dd-8e13-41a5-afee-a7dd0a3a852b,Superman,226,DC,1967,,
80c354ff-4648-431c-b2c2-99f0d586abb4,Superman,227,DC,2001,,
356393ab-b451-4825-9ff8-63d27c0ef7be,Superman,228,DC,1971,,
f979c4ea-a149-47aa-b6c8-fc113af34136,Superman,229,DC,1964,,
e840ffd6-6d39-4f04-9054-0590e7cf9853,Superman,230,DC,1987,,
1f6f6585-6a9b-47aa-9672-49ed9f8e9b62,Superman,231,DC,1965,,
423f45ec-dc64-4813-ac87-037e819499dc,Superman,232,DC,1998,,
7c28fd8f-dc92-499f-b610-0f4d7c2638ab,Superman,233,DC,2014,,
394eb75b-78b9-426f-95e4-b3238215fe20,Superman,234,DC,2010,,
24261bc8-49dd-4407-b3d9-1b5041889e4c,Superman,235,DC,1980,,
b8ceed19-25d2-44e1-9f51-ed6785d8e809,Superman,236,DC,1962,,
802bc77e-94e1-4d68-afbc-42c66604f13a,Superman,237,DC,2010,,
5a52933b-4fdf-4b3e-a7cc-1c4f0c5fe5cc,Superman,238,DC,1975,,
1415e4f0-3008-4c56-84e1-6fdec2fbe29e,Superman,239,DC,1960,,
b434ae2a-cd61-43bf-8ab4-b8a4a3c628ab,Superman,240,DC,1985,,
f1fcbdd1-46c6-453f-82e4-0801089566dc,Superman,241,DC,2017,,
8eeebd77-002b-4df2-84e6-3243816f1e8a,Superman,242,DC,1996,,
7a5ef8f7-1fb7-4cbd-8eae-4f7b221620cf,Superman,243,DC,1994,,
bb94cd2d-fa7f-4070-901b-699f91cde1b8,Superman,244,DC,1973,,
90828fa2-c307-46ce-b3b5-b817c7cb1304,Superman,245,DC,1995,,
1a0c632e-f8df-4bdc-b559-0784621668c3,Superman,246,DC,2004,,
78808acb-85d8-4220-abe9-85aaf33fc192,Superman,247,DC,1980,,
f4cc34de-45b3-4713-a930-bf75af2a2ab7,Superman,248,DC,1983,,
9a2ff9fc-a724-41fa-9aa9-10c739e8284f,Superman,249,DC,1992,,
f1489543-4605-4773-8b58-754d9b06255a,Superman,250,DC,1990,,
9812e2ef-e44a-4857-a238-274fb8d7314e,Superman,251,DC,1965,,
b9afed2b-ca0d-4f42-afc1-c8d7f114ebff,Superman,252,DC,2009,,
a8bbdcdf-3db9-4bb3-b224-ba5c80a713c5,Superman,253,DC,1978,,
cbae6f5c-6069-4e16-accc-f2795626d197,Superman,254,DC,2002,,
7966252f-3ac1-4705-8c02-d6e3ba375aef,Superman,255,DC,2008,,
bb27c98c-2fe4-45e9-aef5-c78bbb0a90ab,Superman,256,DC,1992,,
77cb281c-4b7b-41f8-ab5f-926921853dbb,Superman,257,DC,1991,,
e528d298-bd1e-410c-98ab-2207755fb0a0,Superman,258,DC,2014,,
d788689c-ca42-423d-ab2f-c3a6432481ab,Superman,259,DC,2002,,
73e4ed75-c3bc-4172-9e9b-b0140e5051c6,Superman,260,DC,1998,,
290855f6-3f92-4415-a5a7-b6f9df199f1d,Superman,261,DC,2001,,
baf4812b-66d1-498c-97f6-189ec5a1843e,Superman,262,DC,1964,,
190cda8e-49e3-4fbf-8f49-8ccd6059364e,Superman,263,DC,2021,,
ab7b7ab5-3cd8-42be-a798-3a7b8e06d873,Superman,264,DC,1998,,
7a41ae67-e5dd-47df-a201-d552d55e316e,Superman,265,DC,2007,,
88007683-9767-43de-9783-68f0796ec639,Superman,266,DC,1982,,
7c276826-1913-499c-91d7-54e85a6945c2,Superman,267,DC,1978,,
d4d8d59d-4b67-4ee1-9d16-97d56ca8895a,Superman,268,DC,2014,,
620fd585-9663-4f4f-b101-15218773f5d9,Superman,269,DC,1961,,
137f3285-a354-484e-8011-7cb19602347d,Superman,270,DC,1993,,
8c7e01a5-ebca-4949-a271-5bea53a17ab0,Superman,271,DC,1963,,
ebb6c920-61ba-47b0-bde0-4d6192b00653,Superman,272,DC,1994,,
a9d4cc50-30c1-470c-bf35-e1dbee8f6857,Superman,273,DC,1972,,
6cd25bf2-44cc-4271-a4d3-477a873c328b,Superman,274,DC,1975,,
9d7d6f68-a189-413e-a08d-438151cc3297,Superman,275,DC,1979,,
1a7b9d7f-9848-4d22-974d-8f8db98678ed,Superman,276,DC,1975,,
b008d700-d602-4ce2-983c-c9b0780a1f87,Superman,277,DC,1960,,
40bcabfb-1747-40f0-bc5b-d5ad0c3082dd,Superman,278,DC,1971,,
910eb2e3-d97a-45cf-ba72-0dda9f2e17ab,Superman,279,DC,2019,,
9622702e-939f-44c3-a381-fe500b1f99fc,Superman,280,DC,1998,,
95ca755a-52c7-4bcf-9931-73400e6608af,Superman,281,DC,2022,,
6a82c071-4955-4ca5-86b2-f0973cf0f659,Superman,282,DC,1966,,
a9bc7ede-bbe8-45ed-9036-bb1fd66e2c61,Superman,283,DC,1961,,
9ea9345a-7b7c-4ec6-8192-6a4d4782c26f,Superman,284,DC,1997,,
0ecc6cbf-8adb-4cfc-8c6b-2ef6216c84f7,Superman,285,DC,2001,,
58de465a-557a-4c07-b5ad-58842ac87721,Superman,286,DC,1996,,
e16c0e53-034a-452c-98a4-ae01916c6ea2,Superman,287,DC,2004,,
6775b69b-9e64-4430-94a0-3d10bc447212,Superman,288,DC,2007,,
0108c268-e23c-413f-a0c5-8ea909be802d,Superman,289,DC,2022,,
7fc0bd9e-bd55-41bb-adf2-f60ca309fe68,Superman,290,DC,1964,,
1b344b13-7b57-4004-bd8f-9cda5056f843,Superman,291,DC,1996,,
06dbb619-04e2-40ef-97f2-eaf2872455f4,Superman,292,DC,1999,,
69946c07-894b-4668-94aa-92c2c8024de7,Superman,293,DC,1987,,
ab1d9fec-0447-4edb-91c0-a4c022dac741,Superman,294,DC,1977,,
f689fabe-f92e-49aa-922e-9ef37fe46293,Superman,295,DC,1984,,
d086ad48-cd45-4d92-986c-b72eb11e0dc2,Superman,296,DC,1972,,
4dfd83b2-5c1c-4308-bf66-074b51449153,Superman,297,DC,1996,,
a63b3645-78c6-498c-9d90-6f6699afce8d,Superman,298,DC,1996,,
cc6e3a21-2411-45de-929b-6b48613b346e,Superman,299,DC,2012,,
5dc1a36c-539b-4fe2-9545-6ebc6bb2c8b7,Superman,300,DC,2002,,
4a99c7c9-35a9-49b2-a237-666822aa3b43,Superman,301,DC,1989,,
775a024b-fa3d-42f0-9911-20e0daa3095b,Superman,302,DC,1988,,
3396d1b9-72cb-437f-b480-f6cb8fa46521,Superman,303,DC,1975,,
50994893-c6dc-4c70-9167-66372aa2320b,Superman,304,DC,2001,,
109f4e30-10c8-4612-b549-1441800603c1,Superman,305,DC,1960,,
82c46ce9-b1c1-494a-942c-5a9df45a5862,Superman,306,DC,2024,,
d25e65fc-23a6-42bc-a871-e32fc240c21d,Superman,307,DC,1979,,
13183913-72df-467b-bf02-61559c8910ee,Superman,308,DC,1981,,
c129ad20-79ae-4a92-9849-ec04eb1b0b03,Superman,309,DC,2020,,
4a60525f-9cb3-40f9-b63b-a2df56248c4f,Superman,310,DC,2002,,
b577f652-647b-4cdf-a4db-cf45a1bfb16e,Superman,311,DC,1998,,
411fac92-09dd-449b-a6d6-497ab89ddef5,Superman,312,DC,2011,,
66b9d7a7-7bd5-475d-aba0-b0f14f3bb73d,Superman,313,DC,1989,,
b9542776-ad31-47e6-a53f-4d09d3dd6834,Superman,314,DC,1970,,
4d4cb5d2-a8f0-4819-b489-5d5e32e2750b,Superman,315,DC,2014,,
41028e85-cf6b-465f-a22c-6417239ac4ce,Superman,316,DC,1995,,
69ed3135-2611-42c3-916e-86b7f3029db6,Superman,317,DC,1976,,
e74d56ef-4db4-490a-9b2c-8610f6a9cac6,Superman,318,DC,2014,,
a33621bf-c391-4c04-b8aa-89a1ff9ed7ad,Superman,319,DC,1967,,
59733d36-9739-4d2a-86ae-16dd0eb12014,Superman,320,DC,1977,,
35c99995-5fc1-4caf-a574-7c1b688e53d0,Superman,321,DC,1992,,
72acea07-bf20-4536-be2b-14a4db0c9e12,Superman,322,DC,1993,,
276e9fba-64a9-4ac6-ace5-1b661f2ce4df,Superman,323,DC,2023,,
c4c7f7c5-8a4a-448e-a0ea-6b7413243c0f,Superman,324,DC,1991,,
6f19883b-cd2b-4264-8dd9-b6666220551d,Superman,325,DC,2003,,
0ca0e60a-f6f1-430c-b10a-1b1534732c9a,Superman,326,DC,2018,,
830d44a9-5667-472d-8686-4668c1f209d6,Superman,327,DC,2013,,
2fd96e0f-eba4-4fbf-be3a-f6b5db76c7a8,Superman,328,DC,1969,,
5510327e-267b-4938-a940-ae5451290508,Superman,329,DC,1967,,
24e30472-a374-40d6-8741-e43ec89c6dd9,Superman,330,DC,1996,,
efeabd96-5ccb-49a1-b129-c02f962a5a87,Superman,331,DC,1977,,
cc612529-0eb7-4be0-95f2-13709c43539d,Superman,332,DC,1979,,
1debeb2e-db31-4831-8670-cd706eca3013,Superman,333,DC,1965,,
cfae75df-5597-464f-8026-9a0a1f23c324,Superman,334,DC,2011,,
c4ccdad6-3da2-4005-a2de-0aa38c149e63,Superman,335,DC,1960,,
aac1e798-ed61-4f27-9a75-0e87985c6273,Superman,336,DC,1963,,
59c5ff27-dbf9-4bf4-81da-434773209878,Superman,337,DC,1984,,
f0993e00-4108-485b-adf4-a12284d5e56d,Superman,338,DC,2019,,
46c84aae-c96d-4c9f-8ac1-d236720f56ff,Superman,339,DC,2021,,
8325e3a0-da72-4efb-a583-8d356030680e,Superman,340,DC,1980,,
446dd83e-223d-46c1-b2a1-caa670d25963,Superman,341,DC,1985,,
cecae9e3-75d6-4a50-b985-92828767f03a,Superman,342,DC,1998,,
7ccd549c-6b84-4e3f-83dc-54f30aa040e2,Superman,343,DC,2013,,
6826bdb2-8dd3-42cd-8ca6-ccd250606608,Superman,344,DC,1962,,
68eb878f-71ea-462e-aacd-38b622c84afb,Superman,345,DC,1978,,
3688ce37-5eef-44d5-a63a-7d8ffa6db8cd,Superman,346,DC,1971,,
498efd1b-7be7-47d5-889b-0f592df5e5b8,Superman,347,DC,1987,,
f1f4c8ac-28f4-42fa-a15b-cc4278b92fd8,Superman,348,DC,2011,,
afae85d0-a6a3-4e81-87b7-66e2910e5d91,Superman,349,DC,1998,,
5dbb3f56-0c41-442e-8f3e-e7f7a946c30c,Superman,350,DC,1984,,
c260c46e-8bcb-42ee-98dd-bbcbcc72cfd6,Superman,351,DC,1961,,
ea1b6361-3df9-4991-828c-c9257bc8802b,Superman,352,DC,1983,,
3854a79d-a059-49a0-95ac-eb931423a06d,Superman,353,DC,2007,,
9fa2ea83-230f-44d2-b1fe-671e3e9dbf66,Superman,354,DC,1983,,
29c3efee-f9f4-4793-bea8-acb3e7e242f8,Superman,355,DC,1982,,
2721adb3-efa2-4e78-9d06-250fdb34b532,Superman,356,DC,2021,,
0ab10aa8-ee97-46f6-a461-03d8b8889408,Superman,357,DC,1967,,
fa3b6060-3d52-41fe-833b-944ec5e2df41,Superman,358,DC,1970,,
9ead6ce6-9561-4bf2-8c6b-cb50e846fba8,Superman,359,DC,1980,,
4b0053a8-75ae-4413-b343-3b03fec67b7c,Superman,360,DC,1992,,
f16b9f75-9a3a-4e42-93a3-f5f0bc5fbde5,Superman,361,DC,2018,,
e0a6b0b8-aad0-4b82-97fe-63844fa562f7,Superman,362,DC,1985,,
706ba6f5-aa44-4b1a-9ca4-ed0d9d2f6d97,Superman,363,DC,1981,,
3d47a889-fd3d-4461-ac5e-c8fe99ccc195,Superman,364,DC,2012,,
98a6965a-4cad-4809-b1e8-3900e90dbb97,Superman,365,DC,2015,,
ce02142f-8ded-4568-8806-588436724b93,Superman,366,DC,1997,,
92217362-1e31-4f65-8b2c-317931282d64,Superman,367,DC,2023,,
861a611d-f75b-4021-b675-4617705b8b30,Superman,368,DC,1999,,
e2359bdc-229d-4690-acb8-fed67817805b,Superman,369,DC,1999,,
ec4aa17a-a917-4618-8f51-e85ec9963162,Superman,370,DC,2005,,
c0e6bd2a-00be-4042-8ca0-25b4e1b7bc4a,Superman,371,DC,1984,,
905643af-9935-406a-ba72-85b57d3bbefd,Superman,372,DC,1982,,
b14ef5bb-0da3-49c0-b312-900eaee0a048,Superman,373,DC,2012,,
d2b867f2-74fa-4da4-bf83-89b603ceb835,Superman,374,DC,2010,,
68d32b15-7cb5-4662-ad95-7b39aea40734,Superman,375,DC,1967,,
7bb0617b-8a45-4e36-913f-4aab5114c3ee,Superman,376,DC,2009,,
08158c31-5f85-415b-a0ef-77fda0b8afce,Superman,377,DC,2002,,
67d913fa-2fe8-4b54-9f92-eff17626f9af,Superman,378,DC,1977,,
2cb2d22d-fd2b-4a7d-8d55-668836a4faa7,Superman,379,DC,1986,,
c9b15e1c-478f-4d82-86fd-1af25c52585b,Superman,380,DC,2007,,
f1eb5105-8b45-4a2f-b703-c8a8a09fc6ff,Superman,381,DC,2000,,
b1d770b4-c8f2-400b-ae7a-61beede4d4a3,Superman,382,DC,1990,,
a5c6480c-7dfe-460b-8ac8-c11fcf2e1163,Superman,383,DC,1987,,
f991452a-b8fe-4b0d-b344-44efec8ef344,Superman,384,DC,1975,,
0f94c813-8189-4243-be1a-bf1aae1a99f5,Superman,385,DC,1986,,
a8cf4d9d-f2bd-4c62-affa-cc17b94b2b94,Superman,386,DC,2002,,
52d18af0-044d-474a-af9c-8b51fd04eb3a,Superman,387,DC,1989,,
0b97b80c-3438-4e77-861d-b4bb83d1ed57,Superman,388,DC,1965,,
19280c1a-b898-4e2f-86c9-8d0efec86b18,Superman,389,DC,1963,,
7f301f24-d82d-4c85-aadc-d28fd6bae863,Superman,390,DC,1989,,
e152f4e0-771a-4b25-86a5-ae101b51dea2,Superman,391,DC,2005,,
1420a774-feb7-4836-86b9-5c6d6355d052,Superman,392,DC,1971,,
5610cc56-ded7-4c9a-900a-0b6fb0226405,Superman,393,DC,1977,,
e4bc5638-9a78-4882-a7f0-e6b652d01ef5,Superman,394,DC,2003,,
dab31ddb-93dc-42c0-b9fc-97d6b3ef60aa,Superman,395,DC,1982,,
907e279f-d7e8-49b8-b2f7-4c4da84aa4c6,Superman,396,DC,2003,,
927e9394-67ae-4a79-afbe-3e83764508fd,Superman,397,DC,1974,,
8ba27266-85bd-47de-9232-cbd40ccf88ef,Superman,398,DC,2014,,
198fd443-c000-4656-b3e2-245d1405b7e9,Superman,399,DC,2011,,
c7a7b990-8bab-49b6-812c-ce8cf6bf931c,Superman,400,DC,2012,,
bc3b1896-3a5d-49ec-aedf-da9f8ec47a31,Superman,401,DC,1977,,
34ea8a49-0d7c-4859-8e87-021b3a2f5d5c,Superman,402,DC,2021,,
7b6f3d40-5a5d-4b2b-a6c3-df5737d80930,Superman,403,DC,1969,,
debed8b6-40ff-48fe-9c4a-2a9a0562657d,Superman,404,DC,1968,,
58084c7b-2e08-4c9b-ba55-4981e614efc0,Superman,405,DC,1994,,
5f9b3be9-ec32-4687-a8c4-5d4d1aed16f1,Superman,406,DC,1977,,
addd254d-6af1-47f6-bc42-6ebf55993848,Superman,407,DC,2005,,
68ac32f5-c10e-48f5-978b-fc477ef260de,Superman,408,DC,2016,,
823f22e8-9ef6-46c9-8a06-ed6e05dddc69,Superman,409,DC,1963,,
c4b748a0-c4a4-4c52-b6d3-d78bd270d6e1,Superman,410,DC,1992,,
cb284121-6b96-4fe2-aa19-8437de039dfc,Superman,411,DC,2012,,
343f82f9-c237-449f-b17d-cf07dd143428,Superman,412,DC,1980,,
d28257b4-9229-4d24-b647-cff459ea93f0,Superman,413,DC,1965,,
9dcc1a70-b961-4fd1-9e5b-cada2eccecce,Superman,414,DC,1999,,
3d587e22-1f3b-49de-858b-6b5e8f9aad7c,Superman,415,DC,2004,,
a4ae46be-e0b0-4d16-86b7-aa1ea7c81813,Superman,416,DC,1988,,
470ac6e2-156a-4d4a-ba6a-e534dd3b30e9,Superman,417,DC,1991,,
2157edfd-e6dd-4669-a686-1ac8cd417f6f,Superman,418,DC,2007,,
dfa784b8-1e90-459f-bffc-3a800faed166,Superman,419,DC,1970,,
3d9b2db8-d25b-4d19-b5dd-9894e9a96b8f,Superman,420,DC,2009,,
af5ae669-1324-4ca7-8aa5-012c37595bee,Superman,421,DC,1966,,
a2e1503f-2f4f-4746-9ee2-d70c8f195176,Superman,422,DC,2024,,
262a6b8c-5773-4c53-86ef-a5f6193aba0b,Superman,423,DC,1977,,
221a7b55-b6e9-43f4-b410-b23dac22a358,Superman,424,DC,1974,,
ef9e80fe-9241-4ed3-9582-66bf7ae9645e,Superman,425,DC,1989,,
2fdea4da-a7f4-4c7c-97c8-e578f380f75f,Superman,426,DC,1966,,
279b9053-36ea-43c6-b290-8400a1685b03,Superman,427,DC,1978,,
761ea9cc-d007-4faf-a2c3-7b75314baa33,Superman,428,DC,1979,,
9d3322ea-5b90-4a5c-9085-f4db4a9f5760,Superman,429,DC,2004,,
b509d5d0-fdc5-449b-9970-17b7fe1425bc,Superman,430,DC,1982,,
304c98ad-070f-4695-bbaf-86e363ea3b89,Superman,431,DC,2020,,
304a515e-0fe5-42df-b698-47252605b7d4,Superman,432,DC,1997,,
c20f85ec-f579-43ce-99c6-65a68a725132,Superman,433,DC,1961,,
b0d9926c-e833-4285-a8c6-0f8425664466,Superman,434,DC,2022,,
7d634531-1177-4e3b-8e52-4850ab674f12,Superman,435,DC,2016,,
944d31cf-15df-47c0-a7e3-bba72bf2b823,Superman,436,DC,1970,,
5ab07a9a-6939-41e8-98a6-35c4022c0d6d,Superman,437,DC,1979,,
45dddbeb-6db7-49d3-8d79-c5a62aca7e1a,Superman,438,DC,1962,,
38d44cd4-5476-46b9-83cc-7658a40d7110,Superman,439,DC,2017,,
bbba226b-7779-4b82-892c-4be4ace71ac9,Superman,440,DC,1973,,
1489d789-c2fb-4d57-bcfe-d0e73beae9c0,Superman,441,DC,1983,,
3dd55e90-73a2-4c98-b54b-f900f2ab534b,Superman,442,DC,1978,,
2baca7c6-9b25-4bcf-a601-792769169a20,Superman,443,DC,1983,,
1b0213ac-65a0-4efa-b8d3-df025fe87454,Superman,444,DC,1987,,
b9502b6a-32c2-424b-9ebb-0de7ebb31389,Superman,445,DC,2017,,
17d170b1-821d-478c-a1f2-05b93d0bb17b,Superman,446,DC,1982,,
fa81b2d6-dd5f-452d-9446-97f69cfd546f,Superman,447,DC,1977,,
cc174689-7fb7-4f6f-a087-907585914c52,Superman,448,DC,1986,,
c613fb6b-cafd-407e-bfb1-34d3a7207131,Superman,449,DC,1994,,
de86de46-85ba-4092-8cac-0bf204bafbdc,Superman,450,DC,1997,,
058a3891-ca0d-4d20-970a-bc7297d98797,Superman,451,DC,1985,,
31d9166c-8129-40e6-bde7-6759c93c7a89,Superman,452,DC,1975,,
ed097921-3ff3-47e6-9897-ce8911eda940,Superman,453,DC,2019,,
34143302-0b41-4280-af2c-0891fd22a5b8,Superman,454,DC,1968,,
53d33f9f-91b8-4caa-b10e-f2a69d863ae1,Superman,455,DC,2008,,
3321edf4-c4bf-4813-a576-2db0f918cf81,Superman,456,DC,2009,,
fcb5a470-1e14-428e-9167-1b6332f4a0df,Superman,457,DC,2012,,
4183f78c-9c74-42a4-8a0e-eb60a4d30197,Superman,458,DC,1967,,
a7c26fcf-0d87-411a-8b75-f97b07a9a3c1,Superman,459,DC,1986,,
288673d8-ddb2-4e9f-8ffb-b55b78d93813,Superman,460,DC,2001,,
99b0c0d0-abf9-4f7c-be3a-50f4072dda3d,Superman,461,DC,1974,,
673e1ba4-e0d3-4b3a-acc0-b8480059f8ec,Superman,462,DC,1964,,
0e67e00d-3246-4280-91ed-bfdeaee73f02,Superman,463,DC,1961,,
b3bf9180-a7b5-4657-9647-9ad19fad589e,Superman,464,DC,1969,,
d7cab686-703f-4ccb-94c7-9c27d112ffc7,Superman,465,DC,2009,,
6b076ff2-e288-40aa-abee-ed702d90f155,Superman,466,DC,1988,,
dfbd44c3-1bab-416d-ba30-955ea79b342b,Superman,467,DC,1988,,
7f7a4e40-42de-4179-af2c-175583fdcb69,Superman,468,DC,1968,,
bbee6ac3-a115-4c95-a9a7-2e087effdb30,Superman,469,DC,1978,,
593a10cd-ad7b-4837-8d5f-617a33956138,Superman,470,DC,1973,,
9fb65da6-978a-4717-8c22-623cf7421d6a,Superman,471,DC,2000,,
2b1a080c-2458-46a7-a71b-c253d593682c,Superman,472,DC,1983,,
367615f9-764c-4124-b5ba-8555134b58a8,Superman,473,DC,1987,,
1b8f364a-a859-45c8-801a-b650e6748072,Superman,474,DC,2009,,
758aa313-a0f8-4b96-8089-f110aec52b1e,Superman,475,DC,1972,,
056422eb-fee7-489f-a767-fc41734522fb,Superman,476,DC,2003,,
9473a4cf-0652-4cfa-8609-fb7c3061a647,Superman,477,DC,1990,,
f7db0614-a8e2-4b24-a20f-11b68a8a5124,Superman,478,DC,1989,,
808075d0-7217-44fb-bbbe-1886524e25f2,Superman,479,DC,1994,,
df3114d7-8aca-440f-a6e1-491b95bb6444,Superman,480,DC,1979,,
acb9f06a-f61f-4690-a636-a6907f4f074b,Superman,481,DC,2010,,
e2d70ddd-89e8-4292-8e40-40b763021851,Superman,482,DC,2007,,
0d7a02d2-fca5-41ad-b2b3-94a4a394545e,Superman,483,DC,1974,,
0f5cc073-58a8-468e-8b76-e2ab9a2e54e8,Superman,484,DC,1967,,
0396aeb4-66d4-4655-80a2-b5df23f72bec,Superman,485,DC,2005,,
fb1490f6-c6da-4759-b254-ee95f9647075,Superman,486,DC,1995,,
f9b3250b-9839-4b0c-bc54-fafac1cb1160,Superman,487,DC,2008,,
370859ea-1eee-45b0-8c83-2fc523986a4a,Superman,488,DC,1997,,
32bfdcf5-f9a2-4a9d-9f5c-8533b93bf4b3,Superman,489,DC,2017,,
fc693cd7-b0ef-4d4c-b818-ec00ab49ca9f,Superman,490,DC,1962,,
ab5eb79f-de99-4a31-9222-c0dd48b7ad56,Superman,491,DC,2008,,
50dafc20-f5c7-45b5-83d6-345ff263d4b6,Superman,492,DC,2001,,
e4882bd6-3e0c-4466-be57-193cc188b750,Superman,493,DC,2001,,
059ea9f1-1acf-44ab-81e9-1411fec7fe2d,Superman,494,DC,1984,,
b242f1a2-ad7a-43d4-8abd-81650e9bb056,Superman,495,DC,2021,,
689280d2-9cfb-4135-91f0-9261c5fed94e,Superman,496,DC,1997,,
2f3a2d2b-5149-414a-ae6f-98b8a79e13f0,Superman,497,DC,1969,,
3dae67d4-51c6-437d-9313-790533ba9051,Superman,498,DC,2021,,
cdac721c-92e4-48ad-b585-728a6437bfa9,Superman,499,DC,1991,,
969b7c88-c3de-40bb-a49b-520c3da1fd13,Superman,500,DC,2005,,
60072fd5-dea0-484a-8acc-a016024b9b07,Superman,501,DC,1997,,
1bf3bdee-8824-46b9-8b8d-acf4d60672bb,Superman,502,DC,1978,,
51fbc9be-2f31-456e-a089-4d308e50dda3,Superman,503,DC,1988,,
2e9b55da-d728-4778-a5f4-73980074420f,Superman,504,DC,1976,,
bab0b5d9-9971-4517-b766-15d6fefa721f,Superman,505,DC,1978,,
fab28cbf-0b79-4b23-97f4-95069746e7da,Superman,506,DC,2023,,
5c434c1c-253f-4c80-ab67-275e3606604d,Superman,507,DC,2018,,
6423a623-effb-43ca-b861-e5df6d1c31aa,Superman,508,DC,1983,,
c6c65b1e-292b-4b56-85e9-d59ce6750de7,Superman,509,DC,1993,,
b0f0ef1f-fe76-433e-a659-fb147acf64d2,Superman,510,DC,2008,,
35ac60a5-c92a-489f-b2bf-78c5f6f2cc8f,Superman,511,DC,1969,,
1d005847-542c-48d6-b80e-6c4e5f927a38,Superman,512,DC,1988,,
ef17cf30-e97d-4657-b2e2-000391777cc2,Superman,513,DC,1985,,
a8d7a62c-75b3-42c3-8a03-228221f83a79,Superman,514,DC,1966,,
8632e354-5ece-4689-a8a6-03912c363e59,Superman,515,DC,1987,,
59b15297-24c8-4cc9-ab00-4bb4f468389f,Superman,516,DC,1996,,
73e30961-5759-4410-b9f0-b76bb034aec9,Superman,517,DC,2021,,
93909d17-47bc-4648-81a6-26b6d9e4d2bd,Superman,518,DC,1968,,
b83100cf-e732-4473-91ee-6b70bb31d01c,Superman,519,DC,1987,,
2a6ea0f0-29d0-4433-9888-f3d9be323b93,Superman,520,DC,2014,,
f37c2455-0a18-4950-88fc-25204925c333,Superman,521,DC,2016,,
646e1bc8-168a-4eb5-ba42-1d405cd431bf,Superman,522,DC,1970,,
6ad4dcf4-357b-46a3-af6f-22a49554e7d8,Superman,523,DC,2011,,
2c93a015-d8d8-419f-a5de-f3727b406e81,Superman,524,DC,2021,,
2d759c40-6d02-461b-a237-be6e68ddb379,Superman,525,DC,1991,,
c1a88783-62e7-4d2d-83bc-fc51b3ced4e0,Superman,526,DC,2012,,
1b7b5bcf-9910-4f92-ac20-71fef84c9ee5,Superman,527,DC,1969,,
f832086a-04ad-496e-a78c-7f47ebac36cc,Superman,528,DC,2024,,
d25e6d48-0fba-4a09-b77d-b6703fa12d0c,Superman,529,DC,1977,,
6bdce235-b4dd-4d02-896e-e7c3d79ebe0c,Superman,530,DC,1989,,
f6fa9232-a95a-404f-9b9f-eb4415e0a471,Superman,531,DC,1997,,
b61b74c0-805a-4f0d-8833-26983374e452,Superman,532,DC,1984,,
78cb318f-4ee7-41b1-80a4-6437682b6422,Superman,533,DC,2019,,
a03ba00e-67f8-475e-bae4-6c22218f724a,Superman,534,DC,1978,,
88d14595-63ce-4db8-b389-434c5a693e2d,Superman,535,DC,1998,,
a6d2190d-d422-4ffa-8293-791cc673de0e,Superman,536,DC,1978,,
abc0fb81-58a6-4dbd-9052-d864304e1375,Superman,537,DC,2010,,
0230f6c0-e1dd-42ce-8f52-b57c55cdbc94,Superman,538,DC,1965,,
17d68570-6ab0-4df3-8184-1a13471993a9,Superman,539,DC,2013,,
c55506ac-25ce-4a6e-b13b-2f91025342ad,Superman,540,DC,1965,,
e52a3fb8-b4c2-44e2-aea9-9ce7ee835a57,Superman,541,DC,1973,,
6cf5b6e1-ddee-490c-9c6a-49a35dacfff9,Superman,542,DC,1994,,
1def7d48-c67a-47f4-84b3-bffbef4b0caa,Superman,543,DC,2002,,
478cab64-de49-43ee-bd28-5a376dca99c4,Superman,544,DC,2016,,
0a204380-68ac-4fb0-9bfa-37d34964c36f,Superman,545,DC,1974,,
cd42764c-5529-4fdf-a37e-d664dadd4d85,Superman,546,DC,2012,,
29293aea-0eba-4f79-9806-b3079775b359,Superman,547,DC,1990,,
149766c1-b51f-4fef-82ce-d77159e90066,Superman,548,DC,1984,,
86e8d72b-e4f2-4671-8698-72f04101cb9f,Superman,549,DC,1965,,
40671508-103e-4ad9-8053-7cfc453ebeb2,Superman,550,DC,2007,,
fbce4bc2-934e-4108-b2b8-06cf49fd9841,Superman,551,DC,2014,,
cf8bba87-c15d-4d32-a0dd-450670971493,Superman,552,DC,2010,,
7c128a06-a0b6-48d9-8990-b9fea8c8c4e2,Superman,553,DC,2001,,
13b404c4-6a7f-4355-a8cb-bda2708b4bba,Superman,554,DC,1982,,
9ac14b11-8447-4569-b75a-0dda3ae2f7f7,Superman,555,DC,2020,,
9a501711-7218-4282-a853-09d227ec9d54,Superman,556,DC,2007,,
d1eeb34d-bd18-442b-b7a2-5d608c4888c2,Superman,557,DC,2023,,
c9d534be-b527-470b-9b8e-bd75d9debef7,Superman,558,DC,1960,,
1e309697-b9c6-4a2c-b8e9-3afde594cd98,Superman,559,DC,1979,,
1e74ea75-023e-4093-a629-36487153c466,Superman,560,DC,2023,,
f90dea12-a8f0-4f6a-839e-0a70834568c3,Superman,561,DC,2017,,
28b1fbe9-5c24-40bc-8bc1-a7d73aaf6655,Superman,562,DC,1983,,
742e0b28-131b-4e85-8a86-5f4fcc8bf797,Superman,563,DC,2019,,
cadbc435-6567-434d-886d-2230e700479e,Superman,564,DC,2019,,
6941b7be-b29b-4ed2-a4dd-e3cd66c8f42b,Superman,565,DC,1962,,
bca55781-d53c-4282-b97f-9722567ef51d,Superman,566,DC,1970,,
afe7fd3c-d091-4121-9eed-8e5e62a80a69,Superman,567,DC,1994,,
01b4d570-19ce-46fb-bba3-7476ccdb617f,Superman,568,DC,2016,,
8062c90a-9abb-420d-84ae-52e746ab3151,Superman,569,DC,2012,,
33e3b763-aba1-46dd-a829-56e27b2059e6,Superman,570,DC,2016,,
4b0a9ffc-03fd-469e-8eb7-acc35c884346,Superman,571,DC,1960,,
df52e0fb-f59f-4194-8e68-e974f1a6ac96,Superman,572,DC,1968,,
b41087b7-4c27-40a2-8560-4ddecee5a3b4,Superman,573,DC,1962,,
3ed075a8-ddd6-4dd2-b2b5-35844ca16cf8,Superman,574,DC,1969,,
0dc93f76-2980-4018-8afa-6d6ad4f40cad,Superman,575,DC,2023,,
ea2453b6-38ce-44dc-a694-acda1790bf49,Superman,576,DC,1963,,
05b04696-f8f6-45d5-ad91-80cfb02bf767,Superman,577,DC,2001,,
7659d51b-2d14-4df1-80e3-2f5717da3ac3,Superman,578,DC,2022,,
ed706b67-c3c7-4f45-871d-003ff9fd1af1,Superman,579,DC,1984,,
a61ed863-d365-4a58-80f7-ef23db7b9fd3,Justice League,1,DC,1980,,
62de9943-0b21-4012-9736-b733fb97f0e2,Justice League,2,DC,2008,,
5fb45902-1e7d-45ae-9232-cbfb560c8d20,Justice League,3,DC,2016,,
e478fd35-86d7-42b6-8341-04b148f069ef,Justice League,4,DC,2016,,
d7815502-0447-4daa-8a72-bc97b9e4db77,Justice League,5,DC,1969,,
88668845-942a-41e3-b86e-589d96e360b9,Justice League,6,DC,2007,,
fb10e105-e064-40f4-91a2-80abf02e8da9,Justice League,7,DC,2005,,
858bdac6-92fd-4a7a-a0ea-f5288ccbc351,Justice League,8,DC,1974,,
ebdf0bef-aa6f-408d-b94c-b1608bebb2b6,Justice League,9,DC,1963,,
1cb0ab85-20b4-413e-a321-203898b1e0ae,Justice League,10,DC,1972,,
87b99b2d-fed6-41f0-920b-2da19b2430c3,Justice League,11,DC,1999,,
70c9acd2-b337-415c-9f00-d21d67c9448d,Justice League,12,DC,1966,,
72690368-2fd7-476d-90e9-bd5028d6d07e,Justice League,13,DC,2016,,
2aeb6b99-e0d0-4917-b11c-1281eae7470e,Justice League,14,DC,1996,,
1a126b52-e0ee-4294-a7b9-c726aede28f5,Justice League,15,DC,1961,,
b526a23f-3c6c-4336-a362-7261ba356091,Justice League,16,DC,2021,,
36bb8f43-4344-4549-a8e1-e3bea910ba2e,Justice League,17,DC,2000,,
c01d0992-3029-443e-8e03-4e3ae9e8e30b,Justice League,18,DC,1994,,
14d66a8d-31e5-47ab-9910-75aa2ff706f6,Justice League,19,DC,2020,,
2dead6be-df54-4dd6-92f3-6d0b30a9e333,Justice League,20,DC,2023,,
e07ea319-6e44-4ac8-8a40-01ed8ca7b389,Justice League,21,DC,2015,,
704899d4-917d-4ec7-bf88-662282d1ed2f,Justice League,22,DC,2006,,
2140e9f4-17ef-454f-a660-640e414f7290,Justice League,23,DC,1969,,
603aede6-e51e-433b-bc1e-e127ac4c0fb5,Justice League,24,DC,2001,,
49d0bfe8-73ea-4eec-bf9f-fbf6c689fc5d,Justice League,25,DC,2022,,
ff374747-3930-42e8-b8bb-b79f40626894,Justice League,26,DC,2023,,
19a51807-2dd7-44b1-a49c-d8878240a928,Justice League,27,DC,1966,,
c238410e-01a5-475b-a2d6-b71c43a5c5a8,Justice League,28,DC,1997,,
804a76bb-5a93-4636-aaa5-cd08a303f755,Justice League,29,DC,1996,,
49809972-7575-445c-aedc-a0303a5d8e9a,Justice League,30,DC,1973,,
eeaf07a9-af8a-4d87-994b-76bfca4a35a2,Justice League,31,DC,2001,,
d2b7ae2b-9c80-489f-aa06-03dc09d14d02,Justice League,32,DC,1970,,
7c94efa7-13a6-45a0-84da-aca504f82530,Justice League,33,DC,2005,,
a8b9a5d5-b2d0-48c0-83d3-11647b2a205f,Justice League,34,DC,1993,,
11658df4-138f-4ea2-824c-37a961aa4d9e,Justice League,35,DC,1984,,
c4c07474-1ea9-4ef9-9c71-c629befbc09d,Justice League,36,DC,1961,,
04514f49-2caf-4ae1-bfc8-ac71c0f28901,Justice League,37,DC,2007,,
4c9b0c28-b9d0-49d6-a6ab-22930ad51266,Justice League,38,DC,1977,,
ebe0b8f3-d8c6-4d27-9b1f-bbca93630f22,Justice League,39,DC,2023,,
0b0b8ff2-a112-4f78-a5e6-9bb3e2dd0444,Justice League,40,DC,2002,,
99592f7e-bb9d-42bb-875c-f68a91f5de2a,Justice League,41,DC,2023,,
4a929045-f101-4c1e-be0d-b558f6d903bf,Justice League,42,DC,2019,,
11f94ea6-e30f-457c-bb1f-9890451d7e3d,Justice League,43,DC,1991,,
e501391a-9f82-45bf-8fd0-e3888e405f0b,Justice League,44,DC,2006,,
6bdcc93e-7412-418c-9243-feea3f0ee12c,Justice League,45,DC,1962,,
bf1c02e6-baa9-4acf-8037-58c744d0929f,Justice League,46,DC,2008,,
39ef0a93-7349-4087-b6b1-4c652a3ea62c,Justice League,47,DC,2005,,
53cd4921-0c0a-422b-8fe1-48690f0f502d,Justice League,48,DC,2001,,
1f7fd4e5-bb4e-4f98-bef9-d8d621144459,Justice League,49,DC,1979,,
aaf1ac53-9c49-481b-b7d6-911a3ff5ca40,Justice League,50,DC,1964,,
d1da1c59-10da-4875-a9aa-727b69ef059b,Justice League,51,DC,1986,,
ad654884-dbe8-4095-9887-ab1ad51139c7,Justice League,52,DC,2006,,
56c3a940-cf5e-470a-9616-c8057dc95266,Justice League,53,DC,1986,,
6551d270-e192-4ece-87ac-2b9620f0b4f0,Justice League,54,DC,1998,,
f09adbf6-4040-4288-9021-3c4c928e590d,Justice League,55,DC,2016,,
4f20a72b-9901-474f-b489-54efb2951c92,Justice League,56,DC,1982,,
a0bd8ed4-13db-4541-995b-8557bd65dd0f,Justice League,57,DC,2005,,
86b8ed9a-eb22-4a6b-b905-951d0c1e1659,Justice League,58,DC,1966,,
1d8d3981-1650-48b6-9b7d-d685c9cc22e1,Justice League,59,DC,1971,,
288de99a-b3ae-44bd-be47-33fe93a73292,Justice League,60,DC,2022,,
b0deecc8-e14b-402c-8957-9af9c9f27ebd,Justice League,61,DC,1994,,
83090ef6-58f9-4171-9c63-d9acffbde20e,Justice League,62,DC,1987,,
34e4ad14-8a8b-46a0-ac41-acd85dd7211e,Justice League,63,DC,1978,,
45edb84f-3e51-4dfb-b302-bac5addaacdb,Justice League,64,DC,1972,,
b2461299-fed5-47d4-8ea9-7ade995c40c1,Justice League,65,DC,1960,,
f9536489-7816-4d85-84ad-eb5edfa2c803,Justice League,66,DC,1972,,
6a523c28-d885-4ea4-9b3c-6f77a9a23627,Justice League,67,DC,1980,,
605e4a44-18cf-4ff8-93ae-69fd11b2fc00,Justice League,68,DC,1983,,
139ee07e-2dc6-4712-8310-4d0cf776b9da,Justice League,69,DC,1998,,
2cf4d61d-04ec-4ca2-9e29-331b482333fa,Justice League,70,DC,1986,,
266d028b-4ab5-46e8-8775-f76ef6cb6b71,Justice League,71,DC,2001,,
47a33528-3263-4cae-8120-4217ce95c0ce,Justice League,72,DC,2022,,
040b3297-bb42-4758-a20c-9278065dddc5,Justice League,73,DC,1960,,
cb053962-77f3-4666-b5cd-d14402d10920,Justice League,74,DC,1987,,
43b67de5-ddac-4926-88ca-7c8dfa099731,Justice League,75,DC,2021,,
5f1f6f91-40de-4fd0-afdc-ebc48d1bb027,Justice League,76,DC,1978,,
8c1c7dbb-e8bd-4390-a857-bee55b9cfeec,Justice League,77,DC,1994,,
3778371d-e77f-484a-8e13-0dbb27e49b87,Justice League,78,DC,2014,,
90cf2e52-df59-4027-80a6-dd93f8b7c864,Justice League,79,DC,2023,,
833c47c8-df7d-4d0f-aa35-a37315715c8e,Justice League,80,DC,1998,,
4a48f2ec-5813-4bd3-b35a-72c38231be47,Justice League,81,DC,1992,,
2be1a0f6-6a75-4f67-a6c7-70ac74907988,Justice League,82,DC,1995,,
61f5a0c8-976e-4495-b7aa-4601e53aea40,Justice League,83,DC,1984,,
18b75b63-9d46-4d6e-a531-96698911ac53,Justice League,84,DC,1971,,
c3aab723-3f0f-4f46-99ad-420778631517,Justice League,85,DC,2003,,
7d374dd5-3bb2-4496-ac69-f084416bc871,Justice League,86,DC,1963,,
6d997064-8806-4063-8e9b-6fe15d067253,Justice League,87,DC,1961,,
b1a9af7b-61d2-47b6-aa1f-ac88f6819ebb,Justice League,88,DC,2018,,
4b932d3c-ce4c-4595-80bc-9626c5cd2ccf,Justice League,89,DC,1991,,
e073f0bd-41db-464e-b638-59bf51325399,Justice League,90,DC,2002,,
e93e051c-7c86-4092-b75b-dba1a87a4824,Justice League,91,DC,1983,,
59cd2d12-dce0-4198-9683-538f27e70e68,Justice League,92,DC,1970,,
76513931-5fc9-432f-8fae-b44b79a89530,Justice League,93,DC,2006,,
7027a9d0-df57-4387-9fc4-d2e466197f4b,Justice League,94,DC,1963,,
4df79bd1-a685-4a10-b65a-25b3e541d6d0,Justice League,95,DC,2015,,
a21ac5e3-12a2-40c4-9d59-42be59852a31,Justice League,96,DC,2015,,
d5abc938-b0f8-409e-ad88-385b2eb45520,Justice League,97,DC,2020,,
e7827aa1-6a25-4541-b833-4eb3fdc47bb7,Justice League,98,DC,2021,,
4842b3ec-09d7-4deb-a7e1-f874fc2adf46,Justice League,99,DC,1990,,
493dab5d-03ad-433f-862a-04cf2751da06,Justice League,100,DC,1989,,
6351c628-4354-432a-a52d-e15cdc0538dd,Justice League,101,DC,1986,,
3c0ed560-dfa7-4974-8653-e3eed5e8f044,Justice League,102,DC,1977,,
17b35c53-1dd0-4668-96a3-9b78598480d0,Justice League,103,DC,2018,,
14aca5ca-6d2c-4f7b-a38f-2be1d211a113,Justice League,104,DC,2007,,
c1c2c35c-ef63-4749-8e63-a4179428127a,Justice League,105,DC,2013,,
b079ca19-50ff-497f-a135-a4138c3c3102,Justice League,106,DC,2005,,
f84e5341-a0e7-43c7-aa3a-96d454ca8916,Justice League,107,DC,2018,,
1d72805d-adcf-4635-897a-b5a7d3a14a5c,Justice League,108,DC,1995,,
09b2931c-c02b-4769-9535-80a35128e5c7,Justice League,109,DC,2001,,
5205734a-090e-45cb-b247-c9d07b8a85c2,Justice League,110,DC,1972,,
f1260c2d-b18c-4f75-8467-eacecf854c01,Justice League,111,DC,1977,,
0c1bb403-4186-4da8-a34c-4a229e9e68e3,Justice League,112,DC,1962,,
5e53e018-0f46-45ec-aa91-25e448ee357a,Justice League,113,DC,1993,,
b3140cf5-b6cf-4262-88eb-b1aa82e793c7,Justice League,114,DC,2022,,
746469ad-3ed1-45d5-bab2-598578df54f4,Justice League,115,DC,2024,,
e1e853c1-06aa-4c7e-bedc-4be27ca27e02,Justice League,116,DC,2010,,
85d31d4f-872d-4577-860d-aa738e1a4cd9,Justice League,117,DC,1986,,
16c5e5ef-8c3b-4910-8354-7d5d1fbeccca,Justice League,118,DC,1994,,
d8b1c6d4-0b0c-45a2-8280-9b8216710299,Justice League,119,DC,1967,,
1f506a5c-4d01-4192-8747-7ccb8019d352,Justice League,120,DC,1997,,
4a378e7f-edf9-439e-9396-372aa8afd88d,Justice League,121,DC,2018,,
5d9ba9a5-f4d1-40d3-b7fb-fe8ee7bc9444,Justice League,122,DC,1983,,
83a81d0c-0687-4867-b040-7ff64c656705,Justice League,123,DC,1988,,
a1a9ad11-90c1-480f-b65c-fb5dc3119d2e,Justice League,124,DC,2011,,
fe29928e-c36d-4c19-a64a-783ae8b64c12,Justice League,125,DC,2022,,
f2b4886f-1423-4b69-829d-419b1e1159a1,Justice League,126,DC,2009,,
2708cf1d-4c2d-4586-8e47-f9d51987598e,Justice League,127,DC,1994,,
2b2ee0cb-d0c3-47f4-9959-76989843ad4d,Justice League,128,DC,2019,,
0297d77f-17f0-48cf-9cde-27e8d8894c50,Justice League,129,DC,1982,,
35d22698-771a-40ec-861d-de10cabdd980,Justice League,130,DC,2016,,
c0e7e2a1-1a5d-461a-bb8c-30933eaa565f,Justice League,131,DC,1999,,
3bbd0aa0-e8ed-4b0a-928c-eaf426747aab,Justice League,132,DC,2019,,
ce42cd2e-c022-409a-99ba-9cafb29044ce,Justice League,133,DC,1995,,
22e0634d-e903-40ec-98da-510c53ae5781,Justice League,134,DC,2010,,
55e79c1c-7b93-4193-b5fc-d904e3b038c1,Justice League,135,DC,1986,,
b6e6373b-7438-4409-8453-dec18ebaa6da,Justice League,136,DC,1971,,
7ea04dba-d67e-4691-9a49-f44510b26979,Justice League,137,DC,1962,,
ae312550-b0a1-4645-a4d4-ea23ee896585,Justice League,138,DC,1996,,
cab87c8e-d52c-4397-8efa-6e69c45fab9d,Justice League,139,DC,2024,,
94dc3d4e-2d04-46d6-84c3-e0e02c44e18d,Justice League,140,DC,2006,,
1f76a4c4-5b09-474a-b370-3791c76556d5,Justice League,141,DC,2013,,
baf9c7d1-b934-4399-b107-5a19f9796856,Justice League,142,DC,1985,,
d106544e-35b9-4efd-87a2-6a03ace33389,Justice League,143,DC,1973,,
b1a8b607-112d-408f-9f86-5f7c21efc851,Justice League,144,DC,1999,,
d5c1f12c-c114-4fac-801f-c251ae7b872d,Justice League,145,DC,1967,,
e4a2d1c0-9d0d-4bb2-a4ea-b142f934592e,Justice League,146,DC,2006,,
b00d89ec-7e19-4695-88c5-07994ebcef9a,Justice League,147,DC,1967,,
2422d619-fadb-421c-adb4-d5e58efd3035,Justice League,148,DC,1966,,
09a3f6e3-e90a-4805-8501-a19d3c2c51ae,Justice League,149,DC,1998,,
c0a6b540-49a4-4333-8677-70e031741c8f,Justice League,150,DC,1993,,
80ace9b2-d3a6-4bc6-bb0e-a38cef82c3a3,Justice League,151,DC,2018,,
1270fbb9-3baf-4672-bb68-eaeae15b2c29,Justice League,152,DC,1970,,
8c259018-36e6-4414-aef2-ad47f100015d,Justice League,153,DC,2011,,
63a2e101-7c0b-45f7-8ad0-5f619804cf7d,Justice League,154,DC,1994,,
8c7be5b9-e514-4252-a691-04444a938b67,Justice League,155,DC,1974,,
0f07417a-1088-4922-8257-7bc33b184690,Justice League,156,DC,1973,,
71ee448e-8ccd-4870-a7fd-885befc98bf2,Justice League,157,DC,1961,,
c8d83199-a997-4749-a386-9b1af298ddad,Justice League,158,DC,1996,,
7efb99b3-0221-450f-a50a-dbc0fdba9f4b,Justice League,159,DC,1999,,
5b8ce812-e917-490b-9668-66550c5044de,Justice League,160,DC,1963,,
911fe2ba-6206-4e2f-b5ae-5512a8f43e2c,Justice League,161,DC,2018,,
8b20d47e-3dcc-4517-9ca7-1f7c84b6fe3d,Justice League,162,DC,2001,,
ac4d7d55-5275-4cbb-88c9-80907c2cf158,Justice League,163,DC,1969,,
ec76e8f8-b5cb-46b9-b00a-0c16b9c67f27,Justice League,164,DC,2013,,
32d8dcdf-4056-49b9-a052-618f7b85a7d8,Justice League,165,DC,2010,,
4ce6abbd-39dd-45ec-9af3-15a30e1c2046,Justice League,166,DC,1984,,
885dec8c-dc5d-41ea-8b8c-1bdecba24590,Justice League,167,DC,2003,,
ec7e2ef8-d09e-4585-8ace-1dfb60556f95,Justice League,168,DC,2004,,
eea6baa2-d897-4413-8d24-610a5682ee40,Justice League,169,DC,1972,,
3ef233e9-7393-49d0-9929-087e4fe6598e,Justice League,170,DC,1968,,
0a714fa0-1525-4c8e-a159-7e5c3e949ef4,Justice League,171,DC,1969,,
062941da-f20b-41bb-ae0f-211f2d590533,Justice League,172,DC,1978,,
4c0c4143-2709-40ee-8c90-fbaab1afe6d3,Justice League,173,DC,1970,,
2e98916e-3210-4236-89d0-227e9cbd2bc1,Justice League,174,DC,2012,,
076baa3d-7c7f-4770-9d4c-c4a37cb89cec,Justice League,175,DC,1969,,
9c1023ed-9803-4612-a441-e9ab2a3bd576,Justice League,176,DC,2013,,
3ed5577b-64d5-4630-951d-982c0bfde47a,Justice League,177,DC,1965,,
38548e9b-58f6-42cf-960b-c8c6f118374b,Justice League,178,DC,1980,,
68da5a66-4e9b-4978-8690-dddbbc8feca6,Justice League,179,DC,2014,,
30c05b84-e63b-4792-baff-7c315ba7c871,Justice League,180,DC,2003,,
1fd619a9-505d-4267-bc46-4dbc01d1ea4b,Justice League,181,DC,1963,,
25324688-fe56-4f70-b2eb-434124149dad,Justice League,182,DC,1998,,
424caf4c-6db3-4a56-aaab-8ba6740f231b,Justice League,183,DC,2003,,
02753b5c-be01-4d09-a78e-da55a15af40e,Justice League,184,DC,1962,,
46133bff-10d9-4a0b-bbdd-718d5d54a161,Justice League,185,DC,2018,,
eb87cdb7-dabe-4043-a324-34760af4a841,Justice League,186,DC,1994,,
bc4e59c9-0e8e-4d7f-94f1-ef912ee07095,Justice League,187,DC,1997,,
ef34bc04-159f-453a-acf3-c73567114bf6,Justice League,188,DC,2005,,
2ba55175-4805-457a-9bb7-d75981d437d1,Justice League,189,DC,1979,,
43e83a5c-3f02-4b83-b566-d86a09d37658,Justice League,190,DC,1999,,
a72c2d65-98f6-4b77-9308-ddfa5e402475,Justice League,191,DC,2005,,
4396117f-cecb-4e94-9f29-07595d643100,Justice League,192,DC,1980,,
7a476f49-946b-430c-ae2e-01cef93fee8c,Justice League,193,DC,1992,,
faf8850a-3d10-44de-b974-f7106563bce7,Justice League,194,DC,2015,,
517fee35-ab2f-4344-a652-06fca63d9a44,Justice League,195,DC,2022,,
2e6aafa1-8379-47ce-8918-b773262f2ac3,Justice League,196,DC,2019,,
8d700f21-2118-4463-b81b-23ba42947cc3,Justice League,197,DC,2017,,
b4f06364-ad66-4081-80cb-ae70fb7fbd12,Justice League,198,DC,2014,,
1170a6e7-c439-4272-bf5a-704cb6c03083,Justice League,199,DC,2006,,
1bd022c3-f174-4ee7-a756-c9436d88468d,Justice League,200,DC,1989,,
7bd6f63f-003f-42b2-914f-283a17f30dce,Justice League,201,DC,1969,,
012af84e-0b11-45b9-88ec-2951ac1f5e02,Justice League,202,DC,1975,,
9a645227-6beb-4ef8-8e77-5c24d53ad97a,Justice League,203,DC,2011,,
0092f7cc-5350-4221-beb1-d370ab0e3e12,Justice League,204,DC,2001,,
734b1337-51a2-4b55-b38b-dc0797dd5bbd,Justice League,205,DC,1967,,
e759c69d-0117-4016-b579-ca831dd7af18,Justice League,206,DC,2002,,
cf68e768-286a-473e-8057-f83aad9f7433,Justice League,207,DC,2010,,
50b90cdb-e101-47c4-8475-bb085d194916,Justice League,208,DC,2008,,
32ec40e6-2978-4493-a3a6-84a6cfa470e2,Justice League,209,DC,1974,,
6f7e1261-c8c8-483e-8048-060373d16ee4,Justice League,210,DC,1968,,
0a270087-b7a6-4253-82c7-294e51e33e41,Justice League,211,DC,1978,,
de8a0f3c-457a-4587-94e5-92dc54d6f367,Justice League,212,DC,1977,,
e2a69e8a-00c7-4ded-80db-b78540f2e6f7,Justice League,213,DC,2013,,
7ecbf6b6-5789-4851-aea6-7fcc67a46c17,Justice League,214,DC,1982,,
15e9980d-357f-47bb-a57f-bd9943833229,Justice League,215,DC,2024,,
62f27ee1-3dbc-46ba-8299-e6d93b2b642a,Justice League,216,DC,2013,,
e8031705-404a-48b9-a32a-8c1d349a9d62,Justice League,217,DC,2003,,
d700a52d-afa8-4308-8921-a77fa8bac988,Justice League,218,DC,1970,,
50bb95c4-06ac-4860-835e-e9ba76b5a3a1,Justice League,219,DC,1977,,
e7ed1c12-59fe-4505-8031-21b9e112627f,Justice League,220,DC,1967,,
26653bc4-116d-4c03-9caa-5e7db5d8c5e5,Justice League,221,DC,1960,,
8ea55fd2-04f1-4e34-95e8-f81145a216c1,Justice League,222,DC,1991,,
1d708de2-8bd2-4e3b-a15d-5a8f6a2d2ba4,Justice League,223,DC,1988,,
7eb864db-d481-45e7-943f-c88374d1a4b1,Justice League,224,DC,2004,,
d81e228c-c2fa-457a-9e83-e3c0463548ad,Justice League,225,DC,1982,,
8366e30a-c9ef-42a3-b596-a2344f486cfc,Justice League,226,DC,2013,,
3301f7a8-67b0-41e9-9d66-27a6dd5993da,Justice League,227,DC,1990,,
52f1f54d-3c4e-4ecc-9a9f-b2fa1d8682c4,Justice League,228,DC,2007,,
52587d1e-6595-46ac-aaf5-556df77ce957,Justice League,229,DC,1995,,
c1d933d8-e9cf-4dc8-8d15-5238781303af,Justice League,230,DC,1991,,
8f6e5e32-104a-4d71-a4b2-db8fa87af6d2,Justice League,231,DC,2009,,
20374455-f0ce-418d-a401-fc784f0af0e0,Justice League,232,DC,1986,,
7f593d0c-98ad-4c46-98ab-452f9a1c64b4,Justice League,233,DC,2023,,
4358a195-525d-41fd-a871-96ec047d97be,Justice League,234,DC,2003,,
9db7c049-d786-433f-9489-6f2dfdde9043,Justice League,235,DC,1967,,
0e141918-a6a9-41ee-b66e-ccd6277bdecf,Justice League,236,DC,2013,,
c4f12fa7-d7ea-42a9-8518-589a443f3d67,Justice League,237,DC,1974,,
fab80e25-ff30-4c42-9942-a44e2ad1d3e5,Justice League,238,DC,1960,,
e0e4e43e-1ffd-40c9-97e4-de7b574b6c5d,Justice League,239,DC,2020,,
bf5e7aef-2537-4261-9210-aa7bc6f30bd7,Justice League,240,DC,2021,,
0930a9d8-2503-414d-9fb4-752c6d6babdb,Justice League,241,DC,1985,,
08546e7a-6e86-4958-9dcf-ebe9a7e9d540,Justice League,242,DC,1997,,
2a55b821-41c8-4fed-898a-25d820ee25ff,Justice League,243,DC,2006,,
5094e6b3-3462-47da-baf2-dd97ae156e15,Justice League,244,DC,1989,,
57ee5136-c0c9-40bb-aac3-04e6e55da89c,Justice League,245,DC,1991,,
02adf329-65ee-48d9-978b-bcded4dfd54d,Justice League,246,DC,2016,,
7f2f84ca-3295-410f-8ee5-04f0b6123161,Justice League,247,DC,1971,,
bdb84add-7cf5-4fc5-97b0-957b45c61093,Justice League,248,DC,1975,,
bfda0be5-0c29-4e33-b262-0f7bb8da4918,Justice League,249,DC,1970,,
12028c58-d8be-49a9-aac4-da686832914f,Justice League,250,DC,1961,,
85ce5cb0-9c4f-42fe-884c-2b4ea8daab67,Justice League,251,DC,2007,,
a95bbdc9-e1f0-4a2a-a793-1654bcd540ab,Justice League,252,DC,1965,,
8dc605e8-1b1d-4a36-adbc-4cfdadc7d338,Justice League,253,DC,2010,,
2b7bf13e-7d43-49de-9234-309b3c22b76f,Justice League,254,DC,1972,,
cc109521-0f6b-4802-971f-118478ec878e,Justice League,255,DC,1967,,
d037ac25-d6a8-46e3-92b3-e81484e4944a,Justice League,256,DC,1973,,
a31665a8-d099-4981-9190-491f4d1c0fd2,Justice League,257,DC,1995,,
ab7474d9-10b0-41ae-a22c-6743945c8216,Justice League,258,DC,1996,,
e7a8429b-475b-4fd9-9105-11227d859c1b,Justice League,259,DC,1988,,
ead598b7-72e2-4678-b483-2edf3d0e6e3e,Justice League,260,DC,1973,,
638ea34c-3d93-41ef-a24c-2ec8f3bdf23c,Justice League,261,DC,1970,,
16d6c1f0-13bd-4f91-b9f7-8a5503ba8775,Justice League,262,DC,1991,,
0b9186d9-6d34-4a19-8896-edc7deccbbcd,Justice League,263,DC,1961,,
d27a18ff-acb1-44da-bc2d-6c3fe110f5fe,Justice League,264,DC,2017,,
041cc048-c70e-4534-8f65-be6b0a5a37eb,Justice League,265,DC,2019,,
56deb166-c940-4e48-ad8f-4ee01816c55f,Justice League,266,DC,1975,,
632d8837-50f6-4495-86f4-28b8d212984b,Justice League,267,DC,1967,,
9269f2e7-719f-4e68-8620-f1ee5903fc49,Justice League,268,DC,1984,,
a2462382-1815-4f53-b893-68bc917bd099,Justice League,269,DC,1962,,
ad6bda5f-d710-41bd-b674-7f9f033a4e49,Justice League,270,DC,1979,,
b7ac38af-f3c8-4e8f-9ec4-6b18232d29f8,Justice League,271,DC,2020,,
94602cf6-d6bd-4c3e-beac-081192a36438,Justice League,272,DC,1974,,
d1c94143-ef5e-431e-acb3-7f978657d32c,Justice League,273,DC,1972,,
e788b269-f2c0-4570-8a19-ab4c2db58f15,Justice League,274,DC,1973,,
d9f6c366-f1a0-4360-9c75-6f4c51dfec4f,Justice League,275,DC,1962,,
223bad6a-0ace-4be8-95c8-2e7b4844d0df,Justice League,276,DC,2017,,
17f4b3e2-fd7a-4096-a347-79d29be75df6,Justice League,277,DC,2011,,
dab89211-d2fc-4f5f-b758-cda1f1d52155,Justice League,278,DC,1971,,
e8b771f4-f224-44e3-8172-5cb590770d02,Justice League,279,DC,1985,,
9e8ff772-4389-490a-9063-c29289ae841d,Justice League,280,DC,2013,,
b8c81add-2e8d-4583-8bcf-b21520ccda85,Justice League,281,DC,2019,,
18718819-cc18-49a1-9e98-6054f800e822,Justice League,282,DC,2003,,
d93b2888-913e-4f17-8e22-27eadb7b70bd,Justice League,283,DC,1990,,
43646b98-ed02-42a4-92a4-ee184e048f09,Justice League,284,DC,1972,,
5dacd7a6-98f0-4a63-a927-b27ceba215e2,Justice League,285,DC,2015,,
b67786ef-13e9-4ee8-acea-6ff121984984,Justice League,286,DC,1983,,
bbf722c4-0c0f-42e2-adf4-529af0356eaa,Justice League,287,DC,2024,,
46c49f98-fa10-43da-9011-5d4972fb9884,Justice League,288,DC,2015,,
2b76a853-d6fc-4200-bd68-a53aa081b73f,Justice League,289,DC,2008,,
c9e00b8f-4743-4aa1-bac5-d6fae6fed7ec,Justice League,290,DC,1982,,
67f61fb8-b9f0-42f5-8d2d-a82b11a45840,Justice League,291,DC,1971,,
d7b7bbb8-db2a-4599-a884-786ea52824f1,Justice League,292,DC,1968,,
f2a02f52-0aaf-4664-8851-81b8f2969d5d,Justice League,293,DC,1977,,
dd25d315-f6d4-4224-9195-a9ab8da9e730,Justice League,294,DC,1970,,
fc574d24-66cd-4480-9b7d-77bc2869f3f0,Justice League,295,DC,1983,,
8f54e7f8-1789-410c-aaa0-1b72bbecf164,Justice League,296,DC,1975,,
b4e3a2e4-1451-4370-84c3-a67ed1e272e4,Justice League,297,DC,2023,,
b2e9bef4-2e91-4792-86de-6bcf63900140,Justice League,298,DC,1960,,
1c71a8f0-6800-4ae6-b9d3-c68fd78e079f,Justice League,299,DC,1973,,
63d871bc-8aa1-40db-aad9-cc7ce4f1bea2,Justice League,300,DC,1960,,
197346f6-079d-4401-a32b-26f84f6a3e80,Justice League,301,DC,1997,,
934a3b5c-7888-403d-ae1c-9884bf88302a,Justice League,302,DC,2020,,
a521579d-35e9-4736-8148-d85a9497d0a6,Justice League,303,DC,2021,,
af2cf442-321d-44fd-b4d7-db27dba5faa4,Justice League,304,DC,1981,,
3ae82c3d-b2ad-45da-8d05-25541dd63c38,Justice League,305,DC,1984,,
19e05333-a9aa-4788-b416-12144b9ca457,Justice League,306,DC,1982,,
9af77809-1178-47af-aa06-333086f81b6c,Justice League,307,DC,1987,,
c7a0d171-bb15-4413-8433-4532b60e9afc,Justice League,308,DC,1976,,
4d19e872-8f88-4a5f-8d45-12f94a60851b,Justice League,309,DC,1989,,
fb1ef458-c5b2-49d3-8f89-69873d38ec87,Justice League,310,DC,2005,,
c7e4fe7c-cd9e-44b6-a5e8-fe6bc5581334,Justice League,311,DC,1963,,
f629461b-0b39-47d2-b2fc-7fc3bdf337aa,Justice League,312,DC,2011,,
5cf652fc-9aa7-493d-a896-b06245e72a30,Justice League,313,DC,2016,,
2d91644b-5382-4abb-adf3-beb48b5f78e3,Justice League,314,DC,2007,,
2c445f8d-17b5-444f-9a3c-00be8e57e581,Justice League,315,DC,2024,,
ce375873-c815-45c6-93b6-ecb6a80b00ee,Justice League,316,DC,1973,,
9942b324-9392-47e2-913c-872cf762d5af,Justice League,317,DC,1996,,
84c03322-7016-4e02-8fd0-2139282cf076,Justice League,318,DC,1991,,
70db1d2e-7d5a-4147-b3fe-75b28e2f4b87,Justice League,319,DC,2008,,
56f0ff4a-4b6f-4a12-af77-b8da48271537,Justice League,320,DC,1984,,
236a6455-ecf2-4eef-9502-7c3ed3f65e3f,Justice League,321,DC,2019,,
7d3a122d-9580-499b-84ba-dedee0c3dc93,Justice League,322,DC,1973,,
10a00f00-0892-4723-935a-ff3b30db5d5e,Justice League,323,DC,2005,,
105a4e4a-be67-4aa2-a010-b839830bdaf2,Justice League,324,DC,2023,,
b5802559-3f92-4bba-a4d1-f3d0554ced3a,Justice League,325,DC,1960,,
fd0e0f0a-1a36-4d86-8f3d-07fc8eb87d73,Justice League,326,DC,2023,,
7cb803b1-067a-4796-b5c7-05a3338a4500,Justice League,327,DC,1985,,
d5f9689c-2d46-4a72-84f4-5edf3d14d395,Justice League,328,DC,1984,,
2ec006d6-4333-4944-b41a-f1a8154378dd,Justice League,329,DC,1970,,
fc80fd21-1c2c-451a-a780-79f0d3dc1b7e,Justice League,330,DC,2010,,
bb9d6db9-2f83-4e30-b3ac-c23ca7ed432b,Justice League,331,DC,2004,,
d8197506-d725-4af8-8cb9-c7fdc67ee7d4,Justice League,332,DC,1978,,
c2f2cca4-4da8-4736-a592-e4128d08dc9b,Justice League,333,DC,1961,,
8a55d6cc-b374-4063-a3f8-cdf919fe9b80,Justice League,334,DC,2017,,
5997e92c-5b78-4929-b590-17ca774282b3,Justice League,335,DC,1966,,
08c1bcb1-4207-4334-b890-9e3ec32769bb,Justice League,336,DC,1990,,
e490273c-43b2-49d2-837b-b109ce2d6c1e,Justice League,337,DC,1979,,
752824b5-6614-4e3c-87cc-679a095e308b,Justice League,338,DC,2003,,
a9aef6c1-a0d3-4389-90f9-c99cb6248e2f,Justice League,339,DC,2018,,
a580f73f-f917-4d9a-8a10-acc1b4b21636,Justice League,340,DC,1967,,
40b900ca-6a2e-4589-a60e-d2a91c341049,Justice League,341,DC,1978,,
e03c217c-91e3-45e0-bd83-ee57282806e0,Justice League,342,DC,1983,,
15842eb7-32ac-476b-a787-290a690433c9,Justice League,343,DC,2015,,
637e1e95-dc8c-4a9d-bee4-83225f9997c5,Justice League,344,DC,2013,,
211bc06a-c58b-4ea2-b37f-72614c0633b7,Justice League,345,DC,1962,,
54b5953e-653f-4c5d-881a-c39e3b2edb40,Justice League,346,DC,2013,,
b71ca6a6-24cf-41ef-9a21-bd89055463c5,Justice League,347,DC,1989,,
a3f9b284-3e31-4b16-8165-ba032ad3bfd9,Justice League,348,DC,2011,,
e53a32c3-33b1-4a7c-8e84-fddce8bb8aea,Justice League,349,DC,2020,,
0ab1f52a-8c16-49c8-aa43-fc0972d6277f,Justice League,350,DC,1995,,
e1c81eb4-6112-4403-811c-e111aed9aedb,Justice League,351,DC,1986,,
a96f0acf-8f77-4a8a-a5c5-07b77aec442c,Justice League,352,DC,1990,,
6b1018b2-1970-4c57-a2f7-a5ad8d28de8c,Justice League,353,DC,2017,,
4adce032-48fd-47c6-904a-8a963577e763,Justice League,354,DC,1968,,
088be2bc-edac-4afe-93f8-7c30b7e54ec6,Justice League,355,DC,1960,,
da50d210-ca35-4e86-8ddc-f0d58d1e504b,Justice League,356,DC,2006,,
8fedd601-83d9-4ee9-849d-693302b16e79,Justice League,357,DC,2001,,
f6a54bf8-291f-488a-8b82-c1f977d1f2b4,Justice League,358,DC,2012,,
d7e2deb0-fcb6-4fa6-a064-032f85a641fd,Justice League,359,DC,2013,,
4a1648ea-0235-42d6-b2e9-d79cbb6f6a83,Justice League,360,DC,1973,,
e36b4c84-0ad7-4c5c-a0f0-f996c83e88cb,Justice League,361,DC,2016,,
15bdd2e2-c9c8-470a-a6b8-37244889e3a1,Justice League,362,DC,1977,,
355280ef-f137-440e-9cfe-0e2853f7e1df,Justice League,363,DC,1960,,
8e1a7f02-8cf8-4e44-a8cf-2239771375b4,Justice League,364,DC,2009,,
3936ebde-d701-4f62-9b54-96a9168db9eb,Justice League,365,DC,1998,,
244846a6-5c09-4036-b983-debedb6afc6c,Justice League,366,DC,2015,,
5ab6e48d-5f7d-4081-a59f-c9708e32a66a,Justice League,367,DC,1969,,
dace34f2-f6a6-43ff-ba18-cef333893a7e,Justice League,368,DC,1988,,
b4d69344-4a18-47fa-b9a5-b96c2ebace04,Justice League,369,DC,2024,,
ee2e18b0-4e74-4ffb-8c21-afcbb5068631,Justice League,370,DC,1987,,
887e70c8-af8e-458e-853b-74e1f18c285a,Justice League,371,DC,2019,,
a366299e-1223-4c12-ad6e-51ffdd223f5b,Justice League,372,DC,1996,,
998e5ea0-71d1-461d-980c-4e98c4f1667f,Justice League,373,DC,1997,,
cfe1f3f1-1c88-4c79-a78e-9881e1883ea2,Justice League,374,DC,1988,,
5f008982-5125-4d86-b454-c2e25093907e,Justice League,375,DC,2018,,
22c3c6d9-8bce-43fd-b5b0-a46dba075b2d,Justice League,376,DC,1964,,
b27e2321-7765-4d36-8df9-91e0b00f641d,Justice League,377,DC,2009,,
413cd6cf-8380-4df3-9381-c5759999ba1f,Justice League,378,DC,1973,,
0fb62c16-e154-403d-8a0d-d8a071c9f4a4,Justice League,379,DC,1992,,
d7f89729-4ed6-4e6d-87c8-47dc2f8ed5c7,Justice League,380,DC,2005,,
8be2d0d2-5f6f-446f-812b-2ce6b16deb39,Justice League,381,DC,1969,,
b9e01ef4-64d0-447e-874b-21743cba318e,Justice League,382,DC,1996,,
6f280746-4348-4bab-bb49-231c20ded0c8,Justice League,383,DC,2021,,
56638952-77df-4de1-a33b-6809c7dcfedb,Justice League,384,DC,1983,,
e546eecf-c921-4bc5-82e3-4d836af4808d,Justice League,385,DC,1999,,
7afeb0a2-19df-4971-8ed6-7382b1184cfd,Justice League,386,DC,1976,,
87951c95-34ee-4ae3-9141-55c545efcb22,Justice League,387,DC,1995,,
e59200c0-1a77-4b00-83ac-3ff890074a90,Justice League,388,DC,1961,,
a0fc014d-650e-4947-aed0-1d6ef1eded39,Justice League,389,DC,2006,,
a013f1b6-2f60-47a4-9d7a-3162dcdbc955,Justice League,390,DC,2006,,
ffe16921-3339-41d1-b11c-182c99cb4f76,Justice League,391,DC,1995,,
1c5f882a-f77e-4d16-aa1f-de0ca8311c6e,Justice League,392,DC,1991,,
20ddbef8-3a31-4292-b1aa-ac4b84a3cd0f,Justice League,393,DC,2020,,
a738575d-1ff6-40a1-98de-d40a92b9def3,Justice League,394,DC,2020,,
633c29b6-2789-4de3-9947-5709178edadd,Justice League,395,DC,1967,,
ba533a4e-fcea-4807-bb8b-1cc5b70b4dbd,Justice League,396,DC,1977,,
2f04606e-a60f-40d6-8be1-a746032b02fb,Justice League,397,DC,2001,,
bf7e6e92-597f-47bc-b940-e5134cbcf666,Justice League,398,DC,1987,,
9c0659c5-d50c-4000-9a69-df7bede89729,Justice League,399,DC,1990,,
365f05d5-512e-4792-896c-6e00d743585f,Justice League,400,DC,1975,,
34d08721-da4d-4ef0-9239-93ec55dd54de,Justice League,401,DC,2003,,
722bc4a9-7410-4cb2-8535-9029878392cb,Justice League,402,DC,1989,,
011872f9-21b6-4fb3-a5d1-ede59290eb63,Justice League,403,DC,1979,,
f6a5df19-7a7f-4311-a231-632fa99bccd0,Justice League,404,DC,1976,,
5db741f4-9aba-4403-a44d-0fd19d3f56de,Justice League,405,DC,1981,,
5bfbaaf9-8346-4821-9f45-5d8048fc9503,Justice League,406,DC,1971,,
2daf17da-6050-4fb5-bf4e-9b4a5bddb057,Justice League,407,DC,2021,,
14ad1578-db87-4a62-ad4f-cbc07b10eea5,Justice League,408,DC,2009,,
ccc04038-6a7a-4e9c-9929-802c41ab5912,Justice League,409,DC,1998,,
7096023f-a76c-42ff-90af-4e74f66f149a,Justice League,410,DC,1987,,
a70fab21-b548-4e64-a9ff-63bb633815c9,Justice League,411,DC,1960,,
2115306d-7048-4d4f-8d7d-274c18c539fb,Justice League,412,DC,1996,,
d8e5e9c5-d0b5-4038-af63-f473206c1fda,Justice League,413,DC,1978,,
bb7474af-7166-48a9-a323-d4bfec6cf3e0,Justice League,414,DC,1987,,
f6f744bc-9279-4e7c-9e1d-1efe44bb3f12,Justice League,415,DC,1987,,
39353ba1-28b3-4ab6-855e-ffa4145317f5,Justice League,416,DC,1978,,
362eead3-a254-4910-93c3-928b9a43b71c,Justice League,417,DC,1961,,
46286cbb-f658-4bda-93c3-341141e47f5e,Detective Comics,1,DC,2006,,
c7c1f54a-e542-42df-8531-637c48f589f5,Detective Comics,2,DC,1990,,
b725cf7f-d9df-4c60-881e-0c92f6287a66,Detective Comics,3,DC,1993,,
4e27eeb5-0eac-4b60-807d-5db3dbbc8235,Detective Comics,4,DC,1969,,
26697117-8da3-4d37-85ed-46736178cee8,Detective Comics,5,DC,1963,,
3f992fa6-56c1-44e6-9ad5-f6ad94c8ad10,Detective Comics,6,DC,1995,,
de9c6ffb-948c-4fec-b086-b8fdc52c006a,Detective Comics,7,DC,1975,,
fe4099b9-34af-477a-a6f2-e89bf87562c3,Detective Comics,8,DC,2009,,
5d72c3d2-4550-4c81-95ad-c429a1ea2bc2,Detective Comics,9,DC,1965,,
30ec62f3-d337-4474-be28-fd295cc40b25,Detective Comics,10,DC,1974,,
c49eeebf-de62-4e34-8ecf-00413bc40059,Detective Comics,11,DC,2003,,
8d8eb9b9-b300-4dbc-9d42-978c31ff9908,Detective Comics,12,DC,2014,,
33bd8ae0-a895-4c79-8ad6-a2d927e562a1,Detective Comics,13,DC,1971,,
f05fd352-db27-4fb9-bc32-35fa955d5d2b,Detective Comics,14,DC,1969,,
c376d384-7c6d-4f20-8321-32f4422f02ce,Detective Comics,15,DC,1976,,
7e12ea09-0bfd-46b8-9f5d-49d8c3b6b7e7,Detective Comics,16,DC,1992,,
bce45186-6f8e-49bd-acee-bcd0c1130b2c,Detective Comics,17,DC,1971,,
dabc978e-cb04-4202-8df6-10749684a15c,Detective Comics,18,DC,1993,,
89a8227e-e81b-4628-83ed-6c0dbe21d84a,Detective Comics,19,DC,1964,,
b9fffecc-c40c-4e20-98ce-c46ff02c2ac2,Detective Comics,20,DC,2014,,
139558be-8fe0-4f54-99cf-e7e2da187b4e,Detective Comics,21,DC,1968,,
9934e189-68db-4a9f-90d3-b86219e564ed,Detective Comics,22,DC,1961,,
3d1fea9d-6d71-40e0-a4db-1db49281b093,Detective Comics,23,DC,2012,,
e35c9060-df7a-402d-b99d-c48f763e5f4e,Detective Comics,24,DC,1982,,
b9fb692e-bbef-47b5-8117-55d2878718e8,Detective Comics,25,DC,1971,,
004415fa-18ea-487a-9acf-ab48a4d79d4e,Detective Comics,26,DC,2004,,
8a749f75-86ac-486b-9cbe-e7a521b63098,Detective Comics,27,DC,1967,,
67d661eb-cdfb-42f0-a148-3a65fe4c33c4,Detective Comics,28,DC,1988,,
765c68a8-59f3-4009-a1b8-427da0c87aae,Detective Comics,29,DC,2017,,
0e80c63b-a717-4101-9417-9ccf4dd170f1,Detective Comics,30,DC,2008,,
4309f4b6-1977-4284-9eb4-e75d0b4a9c2b,Detective Comics,31,DC,1990,,
9234ab25-e9c1-4f47-ae82-8f638096af8b,Detective Comics,32,DC,2022,,
50aa833c-f7d6-4ea1-93d4-d2547682044b,Detective Comics,33,DC,2006,,
33942637-a7f7-4332-a739-e41e61797057,Detective Comics,34,DC,2005,,
d6d913fd-081d-40fd-85f7-eb9ca077864e,Detective Comics,35,DC,1968,,
9547f578-3f8a-4aff-a8f5-597fa6ed021d,Detective Comics,36,DC,1983,,
78380cd0-c272-4848-b274-4047b5417e58,Detective Comics,37,DC,2019,,
bec30adb-273a-4b78-a9c3-d50f84ebffaf,Detective Comics,38,DC,1968,,
351bd472-d49b-43d5-9e1f-5aa0f2859979,Detective Comics,39,DC,1964,,
2a1cfb25-2891-4f29-943b-521d183614b7,Detective Comics,40,DC,1974,,
96cb0e80-3776-4ee0-91c1-2f0744ee6564,Detective Comics,41,DC,2000,,
f928320e-cecf-4fd4-892e-fa1eea566ade,Detective Comics,42,DC,1985,,
0f91e764-8fbd-4fb9-a03f-7bfcc8be3e4e,Detective Comics,43,DC,1963,,
d338db22-87c5-41f7-8079-871bf18042fa,Detective Comics,44,DC,2005,,
d2f0983d-ac21-42f6-a4f4-c496290b32f8,Detective Comics,45,DC,2013,,
caf0bfb0-c4a0-43b0-8386-9b874325d0db,Detective Comics,46,DC,1975,,
97b9c3a2-54aa-4828-a34a-67f71c8f55ff,Detective Comics,47,DC,2020,,
50675843-d95d-4045-9809-f85337b7b68e,Detective Comics,48,DC,1997,,
44b014f9-6105-4f64-825f-e6c1f1262b1f,Detective Comics,49,DC,2021,,
7ebba13d-1478-44fe-9521-3d4025d45afc,Detective Comics,50,DC,1980,,
37885df8-7ad8-4824-b64e-0f9e85b0067d,Detective Comics,51,DC,2011,,
26eacbe2-e76e-4c73-a1de-515302912ae6,Detective Comics,52,DC,2010,,
3fce4b78-b983-4a04-a6c9-60d10feddda7,Detective Comics,53,DC,1969,,
fda2c154-e5d5-451c-8463-0c3a0867ac86,Detective Comics,54,DC,1985,,
5729fad6-ca62-4a61-981a-9ba7dc95bacc,Detective Comics,55,DC,2013,,
4c0a15cd-e374-4334-896c-36afff50d5ae,Detective Comics,56,DC,1981,,
e2e61a54-ee69-48b7-be24-82ead4115aed,Detective Comics,57,DC,1992,,
6e91b290-5783-4ae1-988d-6022c8621b7b,Detective Comics,58,DC,1989,,
68113e79-1f6e-408c-9719-3eee38e0809b,Detective Comics,59,DC,1980,,
9692bd14-4696-468f-b1d7-01b192b70e93,Detective Comics,60,DC,2023,,
81fd0d3f-50c0-45d3-8053-fc840d9d20ba,Detective Comics,61,DC,1980,,
6f34941a-a6eb-4075-8a61-9e1f1603f4bc,Detective Comics,62,DC,2002,,
cd714d60-4f31-4851-975c-ee7854addf1c,Detective Comics,63,DC,2022,,
cc0fad7b-202e-432d-bc88-881584a80601,Detective Comics,64,DC,2001,,
bde9f4d4-4028-4af8-a241-c58e39a23819,Detective Comics,65,DC,2012,,
76ec787f-979b-42ba-b3de-cd6939f5347c,Detective Comics,66,DC,1982,,
3f5eefd4-9fe6-4cab-96df-40c2313a1cca,Detective Comics,67,DC,1982,,
8c09d351-c694-470d-aacc-7e50f50cad9f,Detective Comics,68,DC,1965,,
06ebe628-0254-42e7-9ae6-9e274e929438,Detective Comics,69,DC,2006,,
60372847-0a4f-4d4d-b88d-69071ab87d7c,Detective Comics,70,DC,2023,,
abd94f96-3d31-4d30-a31a-56e002e8a90e,Detective Comics,71,DC,1974,,
ea570751-1482-4e54-b2bb-a1feced7d5da,Detective Comics,72,DC,1997,,
5a56d68e-c3b7-4de4-afbd-9c936fdd003c,Detective Comics,73,DC,1963,,
44f61d4c-464e-4d9a-bc60-923d7a677121,Detective Comics,74,DC,2002,,
619215db-3984-4a79-87b7-a1a8fe287042,Detective Comics,75,DC,1978,,
f2a35934-7f00-4aa4-b295-e1e0172e8d5a,Detective Comics,76,DC,1974,,
473b7a5d-2965-4fab-a0fb-b54239ee4a85,Detective Comics,77,DC,2008,,
30eb1b12-a47e-4ada-8538-0970a2d6918f,Detective Comics,78,DC,1979,,
d94bcffc-5541-40ca-b6d3-5866fea5eae6,Detective Comics,79,DC,2005,,
73b8a379-b945-4a3a-8c53-481a0f9423fd,Detective Comics,80,DC,2015,,
ede8cc4a-e102-4a86-9f00-d22c2e853689,Detective Comics,81,DC,1988,,
ee5b8f8f-6a6e-48b1-a12e-68f86982f7d3,Detective Comics,82,DC,1995,,
4b81e9b1-25c7-4e8e-8820-f33fad6dd216,Detective Comics,83,DC,2012,,
8dc7aaa2-0697-4e57-b8be-e979b8d9da88,Detective Comics,84,DC,1968,,
cc4aad24-fedc-4d55-a882-d15c36c92a85,Detective Comics,85,DC,2011,,
f874c785-5ab8-4336-9a77-cf571e33f15a,Detective Comics,86,DC,1968,,
48ec4e4d-3310-4c1f-a679-8bb533526bb1,Detective Comics,87,DC,1970,,
3646246e-8f4f-446e-8eec-115389276811,Detective Comics,88,DC,1964,,
48f6dff5-153d-4f6e-9d06-d224a1c611a8,Detective Comics,89,DC,1997,,
c9b9b378-44d6-4233-92cd-17b5de236bed,Detective Comics,90,DC,2016,,
22c6179c-4bda-4aa9-ae4f-608bf61aedfb,Detective Comics,91,DC,1967,,
6441d849-6a19-4243-ba34-9d7a4290bd14,Detective Comics,92,DC,1985,,
926b4a9a-90d3-4111-83c1-18478d878a8e,Detective Comics,93,DC,1975,,
6971c7bc-1643-4162-8428-f46b977e4300,Detective Comics,94,DC,2023,,
4e04aa60-d9e7-4a44-b9ff-aba538576882,Detective Comics,95,DC,2018,,
57f9cf88-0e2f-46bf-a113-1edd710e46bb,Detective Comics,96,DC,2007,,
fdb66641-310c-4c22-a6e6-45b389d91bd8,Detective Comics,97,DC,2001,,
20e549a4-d8f8-4948-8e61-605e0741c20d,Detective Comics,98,DC,1969,,
7a9e1cc9-0d7a-4aca-b360-0127e10f09ec,Detective Comics,99,DC,1963,,
fa651a29-191e-4ac0-9c70-8147f07c528c,Detective Comics,100,DC,1977,,
1e4445d6-04bc-4b61-bcee-182679ec6209,Detective Comics,101,DC,1990,,
3a44006b-b59c-4874-8e8f-7644156b5129,Detective Comics,102,DC,1986,,
5528d29c-aaab-46fe-9a11-e3adfc7a3b11,Detective Comics,103,DC,1962,,
5383d806-70db-43d4-acee-96e9d453dfb3,Detective Comics,104,DC,2004,,
888ec3f5-3b86-4065-8565-7497e98bba94,Detective Comics,105,DC,1966,,
77871e46-5631-4562-b4ed-8c1bcdcb8694,Detective Comics,106,DC,1982,,
e2409c63-8e2f-46ef-8512-f74b8e43cf7c,Detective Comics,107,DC,1973,,
56bc1184-e8f1-4621-860d-8de02a546e23,Detective Comics,108,DC,1981,,
31c8539b-28a8-4c65-a0eb-df2969843056,Detective Comics,109,DC,1969,,
163a0b64-bf5e-413a-9115-963a4cdd14ac,Detective Comics,110,DC,1990,,
ccae1cd8-ec8e-467d-84f1-bb8363a3a694,Detective Comics,111,DC,1972,,
2a7aa51f-3b33-4bf2-ba72-38910c4a4808,Detective Comics,112,DC,1981,,
6f891187-297d-4736-8c6c-44f02e7dded9,Detective Comics,113,DC,1978,,
c033b9db-156d-4f16-a418-ef3e6a98717d,Detective Comics,114,DC,2006,,
f475f097-84ee-45af-bad6-42c514956914,Detective Comics,115,DC,1977,,
bc5da6ac-a2a7-45af-bfef-7ad12f930ed1,Detective Comics,116,DC,1971,,
863185fa-6b95-4d2f-80ba-85f777ccda80,Detective Comics,117,DC,1987,,
eae28749-ae5e-40ef-9617-4d6abf750a17,Detective Comics,118,DC,1971,,
2fbe1cc4-4279-4402-a787-d60171ea9d9b,Detective Comics,119,DC,1991,,
6176f781-02dc-47ec-b112-fc7d3b30b9e6,Detective Comics,120,DC,1980,,
df7d7c62-3b21-43a5-ae19-05b6e15403b5,Detective Comics,121,DC,2000,,
a0090237-9c56-4ec4-9ee1-2b79ee97bd19,Detective Comics,122,DC,2007,,
6c830639-4581-4df1-8b8b-0b302af3dd11,Detective Comics,123,DC,2017,,
f92fdb9e-6d97-4bdd-bfa5-576635140645,Detective Comics,124,DC,1984,,
df6e3dc9-2999-4bb4-a849-41d2b50296d9,Detective Comics,125,DC,1987,,
f228fd0e-a9c5-47e7-899e-f5ba9c9da8c8,Detective Comics,126,DC,2008,,
ef799bfb-32a9-43e0-90a9-f9e51a460ab1,Detective Comics,127,DC,1974,,
eb0cded0-eddd-43a2-8160-42276920121d,Detective Comics,128,DC,1997,,
e3737496-4923-4f2b-b449-5edeb87a836a,Detective Comics,129,DC,1969,,
4be94cd3-6c8b-4358-8109-2f6ec4d104cc,Detective Comics,130,DC,1994,,
0325f1a2-f64d-4b4d-a1e0-7f828e99a053,Detective Comics,131,DC,1963,,
7b6ce63c-f369-4c19-8a24-5e14a691067c,Detective Comics,132,DC,1988,,
2c10c4f7-04e0-4f4c-a7cf-56fe2aac7c1b,Detective Comics,133,DC,2024,,
97eb67b9-20eb-4c6f-9fc4-7d6937bd9fac,Detective Comics,134,DC,2007,,
237e350b-c1b7-4624-b114-d655177f168f,Detective Comics,135,DC,2004,,
c757036e-f286-483c-aa3b-1eab8bcb93e8,Detective Comics,136,DC,2000,,
f94ee6d5-3ade-4fb1-b4e8-67bf1b6e04b0,Detective Comics,137,DC,1988,,
1747917d-01c1-4d83-9149-b8735a42648d,Detective Comics,138,DC,1975,,
999a46a8-30d9-436b-935d-399983102e53,Detective Comics,139,DC,1975,,
2e66a498-6c91-4c72-bd2a-7ff8225f4e39,Detective Comics,140,DC,2015,,
dba2466a-0174-422c-bd4d-f754abdf2416,Detective Comics,141,DC,1972,,
90f8dc98-912d-4fcb-87a8-7fea78ebf1a6,Detective Comics,142,DC,1972,,
aea47472-678d-4079-a7e0-e32785b02cd9,Detective Comics,143,DC,1966,,
2813f362-bd12-4b84-b0c4-5b437b729bf7,Detective Comics,144,DC,1973,,
4ab214d6-65dc-4741-a38a-1d281ef639df,Detective Comics,145,DC,2005,,
2db65a4b-07e2-4cbe-a1d0-5412b0ba1655,Detective Comics,146,DC,2003,,
405251e0-5994-4e88-801e-81f722ce2ad0,Detective Comics,147,DC,1971,,
c8b53497-9b0d-467f-ae41-9ec1601692f2,Detective Comics,148,DC,2001,,
b511d073-4caa-43d4-b1f9-b20a5763301f,Detective Comics,149,DC,2009,,
f2d5b735-a9dc-46c9-ab2c-26a45a6eb891,Detective Comics,150,DC,1982,,
c0bd8db1-32cf-49ef-adb6-caae995c2c74,Detective Comics,151,DC,2020,,
62b558d1-8338-4e52-9615-aed4c80efbbe,Detective Comics,152,DC,1978,,
5e880a2c-1ec8-408f-b1ea-4706475e611b,Detective Comics,153,DC,1996,,
c2438d65-850c-4b9d-85f6-dc45d69ca99e,Detective Comics,154,DC,1989,,
039165d4-e492-4dfb-af98-55184a9db24d,Detective Comics,155,DC,1969,,
5be60a27-c05a-43ce-9190-0bcaff27cf9b,Detective Comics,156,DC,1977,,
2625f9e3-0a5b-482e-badc-810cd30a4baf,Detective Comics,157,DC,2012,,
26c84883-36ba-4a3b-9e8b-3d813a3240ac,Detective Comics,158,DC,1986,,
413e710b-45ef-4b5a-afed-f148b2b3cc57,Detective Comics,159,DC,1964,,
6d357755-c941-4d10-bfa4-5fedd1426424,Detective Comics,160,DC,2002,,
3c88fa86-8e58-4915-b5e3-36f6b7b90357,Detective Comics,161,DC,2001,,
fc28b4f5-853a-452c-b99d-13792fe2fcbb,Detective Comics,162,DC,2017,,
8bd92062-acb8-4add-938c-79f7b9a624a9,Detective Comics,163,DC,1977,,
fb344f60-55f0-4f30-bba7-8c25b10860f3,Detective Comics,164,DC,1969,,
9839b03a-a95b-419d-a3a3-67c347720d3c,Detective Comics,165,DC,2009,,
e9fdb83e-2cb9-4aaa-ae5c-5d4a12cc8bff,Detective Comics,166,DC,1989,,
13be3987-692a-4c7e-af37-0a7c37655c3b,Detective Comics,167,DC,1974,,
7d5c6881-09cf-406e-8735-0320d762cc38,Detective Comics,168,DC,1964,,
df5a14ae-df5b-400f-a284-61d7c71722e9,Detective Comics,169,DC,1963,,
3fa0bc35-9ead-448d-91a0-1e980d821212,Detective Comics,170,DC,1986,,
c5c2acdf-8dfd-44df-b38e-4de251a791de,Detective Comics,171,DC,1961,,
f3c5c33f-ee8b-4eaa-9520-fb837543dfdd,Detective Comics,172,DC,1998,,
cc0d9768-f7f4-4687-aef7-245ab7378ce0,Detective Comics,173,DC,1964,,
99dccff8-cab3-4b7e-9b9a-59274b630910,Detective Comics,174,DC,1985,,
104572dc-f13c-4df5-8526-7d08954e2270,Detective Comics,175,DC,1976,,
16c8cbfa-7b34-4e38-8df7-f142a3756c80,Detective Comics,176,DC,2006,,
0d336923-4c7a-42db-b6fc-381bc514d1c1,Detective Comics,177,DC,1973,,
5cd61f6f-afb8-4606-a9e4-a4f5170968bc,Detective Comics,178,DC,1970,,
52e1acaf-cffc-40ae-8e42-369550ca5c0a,Detective Comics,179,DC,1992,,
f2699da0-7926-4c5b-8726-bc5b5a03f8a2,Detective Comics,180,DC,2005,,
a9e03a2e-e204-4fe2-bf48-74ea6cd9aa52,Detective Comics,181,DC,1992,,
c0760522-10d5-4a71-b490-f1b8f8a10d67,Detective Comics,182,DC,1986,,
0d4c72ed-e653-422c-abdd-b7c9347f104f,Detective Comics,183,DC,1985,,
34bf4c4c-d483-46b2-a9ec-5a794dc361a8,Detective Comics,184,DC,1976,,
deef47cb-4c91-47b8-9392-baa656da35ad,Detective Comics,185,DC,2009,,
326b53cc-114b-4a1f-a39d-e401a9145423,Detective Comics,186,DC,2012,,
aea44be1-d55e-481c-9975-e041cd431a36,Detective Comics,187,DC,1972,,
c9d9a29e-13a0-46df-b33b-79f1f851621e,Detective Comics,188,DC,1997,,
5214a043-1d21-4931-8d88-f74d22180bd7,Detective Comics,189,DC,1978,,
e9de825f-84ef-4171-b676-cf93e3799579,Detective Comics,190,DC,1975,,
31182aba-a180-48d2-a337-38543893b87c,Detective Comics,191,DC,1989,,
582b5b7d-97e3-4542-9d7e-bf4b1674efa5,Detective Comics,192,DC,2008,,
67c776ea-08c2-4924-9f77-367902696ca8,Detective Comics,193,DC,1991,,
1c0cd96a-5e92-43a6-83ea-c7c50de6c43e,Detective Comics,194,DC,1988,,
d6d32f5b-43c6-48e8-a039-68180492ee5e,Detective Comics,195,DC,1986,,
22b5c489-b626-4342-838e-f53ea68ea598,Detective Comics,196,DC,2016,,
205f7384-9100-419b-8f66-51141c7b7ae6,Detective Comics,197,DC,2012,,
bc0d36ca-20ca-492f-8c5a-3fe69f5e8312,Detective Comics,198,DC,1999,,
f461277e-fa6f-4f45-9656-d10ee908a279,Detective Comics,199,DC,1963,,
2d162dfd-5ca9-458d-8b17-fd21e7db2222,Detective Comics,200,DC,2008,,
0070f565-ec85-43b6-820b-9981f511e9eb,Detective Comics,201,DC,2016,,
cd96bcae-d69a-41d5-b524-a7a8adec0739,Detective Comics,202,DC,1978,,
70d9f64d-5e64-40e8-9394-d7735dc7f75d,Detective Comics,203,DC,2002,,
de2561e8-e44d-4115-bdd9-1495056752c5,Detective Comics,204,DC,2010,,
4c357ed4-729e-4939-aac1-0a145e6694f5,Detective Comics,205,DC,1966,,
9b2117b7-01de-49ef-978a-ff49d893f9c8,Detective Comics,206,DC,1977,,
916b5c81-94fd-4dcb-ad9e-7d423d4a1f02,Detective Comics,207,DC,2002,,
a542e1c8-3628-4647-8d83-69a70c846e2f,Detective Comics,208,DC,1962,,
fb2b9c05-6180-434f-b397-a0ee55aca24b,Detective Comics,209,DC,2004,,
a50dd1b1-0ab1-405a-83b9-e8a3af43b967,Detective Comics,210,DC,1984,,
3bc64798-c506-4e6f-b674-996957bad945,Detective Comics,211,DC,2019,,
6709a6bb-d35a-414b-b4fa-67831451df33,Detective Comics,212,DC,1984,,
42768e04-0b5c-4924-b227-62537088d79f,Detective Comics,213,DC,1996,,
f5c354ac-a439-4897-9e19-d081f451bf57,Detective Comics,214,DC,1977,,
997e5c0b-d4bb-4183-8c85-ec920cc022d0,Detective Comics,215,DC,1987,,
49699fa6-7ec7-4137-861c-a5c959afd2ec,Detective Comics,216,DC,1962,,
ddd41184-e5d0-4e18-b315-15bbf3ed7eb9,Detective Comics,217,DC,2005,,
5c86830e-66a7-431d-a3fc-dd8cbb918d7b,Detective Comics,218,DC,1989,,
cd7ce197-20a2-4b53-af06-11644c27937a,Detective Comics,219,DC,2001,,
9fe46df3-16f4-47b7-9268-73a58151e563,Detective Comics,220,DC,2009,,
eff32619-6ac5-48b4-9e3a-8c580f2f9608,Detective Comics,221,DC,1993,,
ccc36642-0ac7-4424-898e-dd0e8fcf2ac9,Detective Comics,222,DC,1994,,
f118481b-e0ac-46bf-906c-0cf5c9d9d0e2,Detective Comics,223,DC,2008,,
17e52ea8-b3e9-41a5-a2aa-845bc720cae9,Detective Comics,224,DC,2019,,
e86fb14e-4ca6-4332-9e0c-3f4c7e508bd5,Detective Comics,225,DC,1965,,
f52547d3-d6f1-454d-bf3f-12217c84b0de,Detective Comics,226,DC,2007,,
c23b3b96-64a8-4dd4-8acc-6c928212714c,Detective Comics,227,DC,1994,,
a3c9bf31-f877-428b-a377-91b9f639cb87,Detective Comics,228,DC,1976,,
acb6ce6c-9fe8-42cf-ba14-d2a1575f62ec,Detective Comics,229,DC,1978,,
fd4dbb2f-b728-43db-acce-9627b6526821,Detective Comics,230,DC,1963,,
8cfdca10-4802-4e2a-bd63-9ca6fa9f0541,Detective Comics,231,DC,1961,,
509b5318-f9f4-4996-af36-01239fa950a4,Detective Comics,232,DC,1966,,
83ae1b21-d3a1-4bcb-bd6b-229bda29780f,Detective Comics,233,DC,2018,,
9d21468f-288b-4db8-bcff-f4bab18e832c,Detective Comics,234,DC,1987,,
6b98f11d-1ac3-4ab8-a8f5-e5a74bf778a2,Detective Comics,235,DC,2007,,
92286286-f289-45cd-83ff-476672ec9a89,Detective Comics,236,DC,2015,,
8095acd7-f4ef-4b85-8b32-c629917be4a0,Detective Comics,237,DC,1970,,
4a571086-3802-4210-bffc-453e43ee4f07,Detective Comics,238,DC,2020,,
617d3322-1802-459d-a1ea-a5887e64e69d,Detective Comics,239,DC,2023,,
9408d5e7-75df-4f10-8160-fac40a4b8ec4,Detective Comics,240,DC,1972,,
9ab9e943-0b04-448f-829e-c816df2ef3ac,Detective Comics,241,DC,2021,,
b93dc3e2-7072-4320-a177-d0ce97f71750,Detective Comics,242,DC,1964,,
1fd79679-6897-434c-abf3-f772c8125192,Detective Comics,243,DC,1968,,
ff8696aa-afa8-46bf-bbbd-2709aa9797f3,Detective Comics,244,DC,1985,,
cd678f91-4311-447c-9ec1-e6a8231fc292,Detective Comics,245,DC,2008,,
e389ff61-0629-4ec1-880a-a67987be04b3,Detective Comics,246,DC,1988,,
93abd49e-701d-4cd6-b27c-2a658fa6b218,Detective Comics,247,DC,2012,,
0f1423ca-d51a-4d10-b124-83516a439aeb,Detective Comics,248,DC,1986,,
d498338f-bc79-4630-bbb4-527a01ef1ade,Detective Comics,249,DC,1976,,
0a3b1f4f-d9b7-44a2-bc48-12ae9b979097,Detective Comics,250,DC,2017,,
5dcdfc64-8637-429f-b037-71bbc24466d8,Detective Comics,251,DC,2001,,
cadaf91b-74e0-482f-a077-fba9750f3850,Detective Comics,252,DC,1977,,
0af413f2-4f68-4bd9-9c0d-fd3681e61a6c,Detective Comics,253,DC,1969,,
1645969a-b69a-41ee-bffd-927e5731fe31,Detective Comics,254,DC,2008,,
d960ac27-4e15-4758-89da-9700dbc7b944,Detective Comics,255,DC,2022,,
1bb09c5b-ff81-4b6a-848b-c5755ca8a2ae,Detective Comics,256,DC,1968,,
f906f45d-3b7f-49b7-bd4e-4f6c44dfd14f,Detective Comics,257,DC,2002,,
64988d6a-77bd-4006-99bb-39eac82cd50b,Detective Comics,258,DC,1976,,
5ea4cb9a-d617-4370-9a30-6d929390296e,Detective Comics,259,DC,1970,,
c0f7548a-c42f-4610-9332-e56d1e133939,Detective Comics,260,DC,1983,,
4d2ee6f0-a942-4075-a19f-793cbe9daccf,Detective Comics,261,DC,2017,,
144d44b0-8a4a-4b89-b4a6-3939a2e27abc,Detective Comics,262,DC,1965,,
16f9037b-5896-433e-8ebb-6abb592470b3,Detective Comics,263,DC,1965,,
feee1ce2-fe45-47c3-a753-6e8ad4a3d877,Detective Comics,264,DC,2001,,
bf7334d5-6c4e-4181-b82d-58fb053d85c1,Detective Comics,265,DC,1987,,
a9b5774f-ce79-429c-a69b-1ded787f04de,Detective Comics,266,DC,1983,,
bfa065ac-f508-4d16-bb30-afe020296c29,Detective Comics,267,DC,1988,,
e1bc64f9-2527-478d-acea-99287f369f85,Detective Comics,268,DC,1974,,
a87d3035-8379-46b3-8e82-293b4a239bd5,Detective Comics,269,DC,1984,,
1bbc968a-a3c9-411c-95b7-8c551d9b00ee,Detective Comics,270,DC,2003,,
db64572b-6593-4a63-b194-8924204d10a0,Detective Comics,271,DC,1999,,
e49ce078-f1b1-4ca9-bfff-90e4b08fc0a5,Detective Comics,272,DC,1962,,
7c99a6e9-89e0-4ccb-a86b-3b1d6750a068,Detective Comics,273,DC,1976,,
65583e27-8a31-45eb-accc-3d726559c706,Detective Comics,274,DC,1998,,
b3e3fa48-fa78-447c-a41e-4c6d4792e51f,Wonder Woman,1,DC,1965,,
ef74a92e-0f3d-43f6-ba65-8680608a939e,Wonder Woman,2,DC,2013,,
3ab4a738-97a4-4332-8ca4-9766960c230c,Wonder Woman,3,DC,1971,,
9eb55254-211b-42a6-b7c3-d3fe335f06da,Wonder Woman,4,DC,1976,,
8ffbac14-1e42-4fdf-a336-53645a43edbf,Wonder Woman,5,DC,2011,,
1074d44c-3c28-4af1-a8d6-89febe505d88,Wonder Woman,6,DC,1993,,
522f9046-d908-4408-8aa2-dc411b29e117,Wonder Woman,7,DC,2019,,
29068e6c-39cd-46d0-971d-4b29881f64c3,Wonder Woman,8,DC,1971,,
50c23861-677d-40f9-8ee3-024cc45bbca9,Wonder Woman,9,DC,2008,,
a4a0a30f-a67c-4d6b-893b-c5ef59cddb7b,Wonder Woman,10,DC,1971,,
562fdd85-57fd-4771-8929-9c2c13949596,Wonder Woman,11,DC,1996,,
ef345a1c-8992-4f11-9ffa-32cfbc37b0e1,Wonder Woman,12,DC,1965,,
947c871c-4f22-4b47-92db-daa9d26a6284,Wonder Woman,13,DC,1981,,
8eb16a13-2dad-4afd-813e-bce423c236e1,Wonder Woman,14,DC,2023,,
2178cab8-4ae4-4330-8e1d-d45f271ff71d,Wonder Woman,15,DC,2004,,
38e61c90-7421-4473-9fe5-00f8ccf6d9fc,Wonder Woman,16,DC,2024,,
8e74813e-b53a-4caf-a301-a7e3724a7d16,Wonder Woman,17,DC,1974,,
70539e28-abac-4a78-8946-400e154cee9f,Wonder Woman,18,DC,2019,,
0657b211-7c75-4ede-a04d-721204c0547f,Wonder Woman,19,DC,1972,,
e9598a76-c3d1-4c33-aa7d-d24ab8484302,Wonder Woman,20,DC,2021,,
6167bbf6-c4ed-411b-98f9-7d0160a8b344,Wonder Woman,21,DC,1962,,
69b87b51-565e-47f0-b914-cb036201718d,Wonder Woman,22,DC,2013,,
fa164fea-b22b-4980-8181-096340123cf5,Wonder Woman,23,DC,1986,,
01e68907-af65-4dc1-90a0-54964f2fb135,Wonder Woman,24,DC,2017,,
180497fb-d134-4fa6-aef2-a2ce6988be70,Wonder Woman,25,DC,1994,,
2a86106d-467b-4a86-98bb-b54900a05d7b,Wonder Woman,26,DC,2006,,
6d42466c-4c75-45a1-880b-bb7e17aeb70b,Wonder Woman,27,DC,2002,,
60488b33-34a2-4cb8-af88-5a9b25d7f312,Wonder Woman,28,DC,1979,,
87b88ba4-90cd-456b-8fb0-657193b6e4f7,Wonder Woman,29,DC,1988,,
fbb2eac8-7754-4e19-8c95-448a7eec40f0,Wonder Woman,30,DC,2018,,
969f8638-df59-4dd8-bee0-c74b391fa4e5,Wonder Woman,31,DC,1976,,
0df9fd32-4a36-4063-a370-f2e6b0a7a56e,Wonder Woman,32,DC,1992,,
8df09cda-50d0-4c07-a5da-a6696ab2589e,Wonder Woman,33,DC,2011,,
49a5e0de-07fa-4e05-a6e2-f48180ce53f1,Wonder Woman,34,DC,1987,,
e94e2500-c21f-4fcc-88ea-b7abb6716674,Wonder Woman,35,DC,2015,,
1be6feb2-b45a-4e8d-acb6-1a6225197c55,Wonder Woman,36,DC,1961,,
6920759a-e4a8-4668-8350-3780b58b145c,Wonder Woman,37,DC,1971,,
56175f56-74f2-4c3a-910b-a0ea1c42b728,Wonder Woman,38,DC,2008,,
60124dcd-7e33-4004-824d-a589d8d33423,Wonder Woman,39,DC,1990,,
03fd5470-3c71-4b1c-96d7-f78ac8863ab0,Wonder Woman,40,DC,1992,,
f57317d6-8bab-4ae3-a56a-c0dbb8390c0e,Wonder Woman,41,DC,1997,,
2c436917-80b9-46f7-bc68-7b8edf5b4c01,Wonder Woman,42,DC,1995,,
1d96f5d7-c55c-4829-898f-263a2008b990,Wonder Woman,43,DC,1978,,
6524d28a-c2d0-482b-b9f1-a88cee8bbdb8,Wonder Woman,44,DC,1966,,
3b57037a-fb04-4d58-8a46-4880cdc38fe8,Wonder Woman,45,DC,2014,,
fbdd96df-244f-4b6c-912e-99f5f1cb6f68,Wonder Woman,46,DC,1996,,
95a8de79-a289-4538-b393-f4afa2159544,Wonder Woman,47,DC,2015,,
762f13e1-945d-4b55-89c6-5494cc575f05,Wonder Woman,48,DC,1989,,
f5e10936-c648-4b43-8969-bfbb41e5f83e,Wonder Woman,49,DC,2019,,
53275739-0172-423e-8ef5-1c659e889cdb,Wonder Woman,50,DC,2015,,
16622d6b-dcd7-4366-a167-c6f45976c9fc,Wonder Woman,51,DC,2005,,
4a91187d-d172-450e-9157-7d9e4de89a36,Wonder Woman,52,DC,1960,,
05b0290a-dce5-4e5a-8fda-5dedcdfa5eb7,Wonder Woman,53,DC,1981,,
31180eab-c866-4f2f-b593-cd63359f5f34,Wonder Woman,54,DC,1993,,
a12f3d2c-1399-418e-a8cd-1052a781e459,Wonder Woman,55,DC,1977,,
d415a5b1-9c32-49d7-9e39-1172c1d84783,Wonder Woman,56,DC,1987,,
fd23c7a9-607d-4182-bcf6-246779e700ef,Wonder Woman,57,DC,2019,,
35c4f245-fc5f-4aea-993f-cb8c5825b06c,Wonder Woman,58,DC,2008,,
ea933267-a5a6-42e5-b9fc-026a845fcd38,Wonder Woman,59,DC,2003,,
9576a1b9-6fba-49c5-93f3-4f3462b3643d,Wonder Woman,60,DC,1979,,
1d88a493-0659-452d-8540-f9cb59baf224,Wonder Woman,61,DC,2003,,
41bbe01e-7572-409f-a2a9-acddd1668bb3,Wonder Woman,62,DC,1975,,
f14ddba0-c412-42dd-9176-7cb392805204,Wonder Woman,63,DC,1975,,
960b9703-3e54-4076-9c8a-527af1b40b76,Wonder Woman,64,DC,1990,,
14877bcc-4d5f-43da-9860-f4094e73c9c9,Wonder Woman,65,DC,2006,,
23884cc2-f7b0-4c92-a9e7-fee0bd9a6ce9,Wonder Woman,66,DC,1978,,
f4afe027-cfd9-49cb-a095-843c33ba16d1,Wonder Woman,67,DC,1971,,
be7d19dd-6c03-4b59-9da0-163581c240b6,Wonder Woman,68,DC,2016,,
8cbf74ff-b9d0-4b3a-a610-cf62a93af221,Wonder Woman,69,DC,1998,,
279c6150-20f5-4829-bb9a-c94a6b9c823b,Wonder Woman,70,DC,2023,,
39cf665b-32f5-40d9-b49c-61ce10827f45,Wonder Woman,71,DC,2012,,
dde36b9a-ed94-4699-a29c-3ea62d251be2,Wonder Woman,72,DC,1986,,
77099ee8-eb57-412f-8073-969b755b06cd,Wonder Woman,73,DC,2005,,
d899250e-d7d3-473b-8307-76a213c7ca84,Wonder Woman,74,DC,1996,,
187cd706-0bfe-41e2-8692-3ac30515ea94,Wonder Woman,75,DC,2021,,
58eef768-079f-489e-858f-73c8a67819ff,Wonder Woman,76,DC,1971,,
56e73372-f675-469b-b4d8-32913587553c,Wonder Woman,77,DC,1980,,
18f85298-3006-49f1-81e8-1c279760e136,Wonder Woman,78,DC,1970,,
ecd3c6eb-5cc8-43cc-ad6d-7758c57a33ea,Wonder Woman,79,DC,1972,,
957b7001-209b-4644-a1aa-e1ed63791304,Wonder Woman,80,DC,2008,,
4f041084-4ff0-47e4-9d00-74ab70879347,Wonder Woman,81,DC,1993,,
6623d610-f950-4683-bbc1-520fc5695ee7,Wonder Woman,82,DC,1972,,
2bc0aec0-9e72-4de1-ac15-3cedce8ecb51,Wonder Woman,83,DC,2006,,
177e2092-c99a-4043-a1fc-77d24479de6a,Wonder Woman,84,DC,1984,,
73def650-7b0b-4e90-bbb3-3b4d78dc3cec,Wonder Woman,85,DC,2003,,
08ee69e3-79fa-4853-aac1-cac0db0f8037,Wonder Woman,86,DC,1989,,
d2721b37-35d2-46fd-b33f-51c97f1d6809,Wonder Woman,87,DC,1961,,
b4bf9dee-ba8a-493c-b6e2-a1a529fe8719,Wonder Woman,88,DC,2014,,
ef473f83-5d4b-4963-adb1-e3df32014a72,Wonder Woman,89,DC,1967,,
13ae9c70-90f4-491b-95d4-f8d1469ad2b8,Wonder Woman,90,DC,1964,,
194cc934-605a-41dc-8b93-4a3d1f212d21,Wonder Woman,91,DC,2003,,
56b2aab6-3078-49c9-9efd-cd5223df730f,Wonder Woman,92,DC,2022,,
cb3ec4d0-0d2a-4061-9083-a21d884677f2,Wonder Woman,93,DC,1980,,
30496d34-ef91-4ee6-addf-fb0576ebbe31,Wonder Woman,94,DC,1977,,
a99feb15-2cdd-47ea-bfc8-5dfd5f4e1a54,Wonder Woman,95,DC,2009,,
82d8a214-a7b2-48bb-962c-2b83265d9b41,Wonder Woman,96,DC,1987,,
7fe59d00-afa7-46dc-9eb6-5c747d03a6a8,Wonder Woman,97,DC,1963,,
0badf25e-343b-42b4-af3c-7ca85563da83,Wonder Woman,98,DC,2004,,
607dd600-53bf-4ece-abcd-546d9db7e2a9,Wonder Woman,99,DC,2018,,
5ea0d9c5-dbff-44c4-976c-3c7c32278ac4,Wonder Woman,100,DC,1989,,
4a2d7845-4a9b-4459-8a88-28039b1041b1,Wonder Woman,101,DC,1960,,
293c15ee-5450-477c-8ca0-7ae3791ba113,Wonder Woman,102,DC,1960,,
b832abb6-275b-4e72-a51d-de1b7271e13e,Wonder Woman,103,DC,1983,,
f8868103-9723-4f6c-8950-1541eff6245d,Wonder Woman,104,DC,2008,,
9f4247ed-3b7a-4fc9-a748-f965f0b97fb1,Wonder Woman,105,DC,1960,,
15205bef-8635-4320-9b46-d1339ffc8d56,Wonder Woman,106,DC,2011,,
273c0b0e-6c25-45ca-a8df-2d18872fc701,Wonder Woman,107,DC,2010,,
d9d2eb58-2920-43b8-b48e-f726a2fe1873,Wonder Woman,108,DC,1992,,
f0215817-9b3e-40e5-88ae-3e55c7686b5e,Wonder Woman,109,DC,1996,,
a97cb1b3-e7a2-464f-b0eb-aa6b2d558156,Wonder Woman,110,DC,1963,,
6a12ec27-57f6-456b-9ec1-2df4f820bd86,Wonder Woman,111,DC,1972,,
a96fe462-4c1a-4aa8-93f5-22a9587a30f2,Wonder Woman,112,DC,2000,,
e483ae3e-0311-475a-8302-b70763a8851a,Wonder Woman,113,DC,2003,,
084ee664-53b7-4b81-9159-acecce17794d,Wonder Woman,114,DC,1969,,
78c2d8b7-1df7-4e87-9b00-7e3c32e0354c,Wonder Woman,115,DC,1962,,
b2f37fd7-b478-4ad0-a5ec-d39d9dfc8175,Wonder Woman,116,DC,1981,,
3c24b2d7-69c4-47e7-826b-c2aa145f7404,Wonder Woman,117,DC,2009,,
18ada7cc-9fbe-4e6f-8777-54fe57a4d2f9,Wonder Woman,118,DC,2023,,
1fd89522-6b65-4fe4-a793-69bb07bcf058,Wonder Woman,119,DC,1987,,
6b1ad263-1c61-4598-a6fa-207c6e687f35,Wonder Woman,120,DC,2006,,
8b7aa71c-ff83-4d87-8d1b-4fe3f681d0b4,Wonder Woman,121,DC,2018,,
2660cacb-545f-45de-ae59-fe5d161ab266,Wonder Woman,122,DC,1971,,
f332d08f-20d2-4b16-9063-b5117f7f2199,Wonder Woman,123,DC,1967,,
c8787cd5-9e6c-4a5d-84ab-fbdcb1d25f23,Wonder Woman,124,DC,2000,,
487a9b6d-b22f-4c45-a3fc-039d2c42ca53,Wonder Woman,125,DC,1979,,
3fb05536-03f5-4862-9d82-b4c217630ecc,Wonder Woman,126,DC,1963,,
2e5e1ad9-7909-4a1e-8d29-667792704a1e,Wonder Woman,127,DC,2014,,
1a32cc6c-8d80-4eef-b392-63d3fb2daa36,Wonder Woman,128,DC,1961,,
5094e3e5-8bad-4eca-a9ee-4b03735279b5,Wonder Woman,129,DC,1973,,
bdaf2b0f-ee7a-44e0-83b2-1103c3f6b010,Wonder Woman,130,DC,1985,,
6372c6b5-5521-48a1-8d80-ec14fce2cc2a,Wonder Woman,131,DC,2008,,
26d30b2a-97e2-45a2-b07d-94cf77c2584f,Wonder Woman,132,DC,1993,,
282103fe-8f72-478c-bc44-8f3ed54de536,Wonder Woman,133,DC,2018,,
a138129e-0c75-4345-a52e-a57fcf37d68f,Wonder Woman,134,DC,1991,,
58712c59-0a18-496a-a5be-2359ec2abc69,Wonder Woman,135,DC,2005,,
db86b681-c282-419a-addc-b80d1aa784ca,Wonder Woman,136,DC,1998,,
1d4108e4-c0fe-49d5-90b3-0e66ab29ab0a,Wonder Woman,137,DC,2021,,
86a69cf5-1c29-47de-a185-40c0816f8161,Wonder Woman,138,DC,2010,,
c8adfd4f-8627-41c6-8d54-bb7b917e3317,Wonder Woman,139,DC,2013,,
95a9a940-bfbd-4139-90d6-d6573234dc54,Wonder Woman,140,DC,1971,,
d033abd0-004a-445b-a8fa-8d691f6676ab,Wonder Woman,141,DC,1962,,
7c170844-8720-4c92-889a-ad0bd2de73bc,Wonder Woman,142,DC,1981,,
5eae4b3d-94c5-480a-86f1-811c0e625244,Wonder Woman,143,DC,2005,,
e7027803-84b6-4d81-b987-f75d23a1f2c9,Wonder Woman,144,DC,2022,,
66e3d3ce-af2b-45bc-8882-1b81338c0629,Wonder Woman,145,DC,1972,,
e6a4f150-8efe-4df4-8d3d-5995426cdfff,Wonder Woman,146,DC,2015,,
f9f6393d-abab-4eed-a9ed-daab61eae2ba,Wonder Woman,147,DC,1960,,
6fe47fcf-a16c-4704-b61a-41631788930f,Wonder Woman,148,DC,1976,,
1f439c09-aa7d-42f2-b743-8ee1ac2c4782,Wonder Woman,149,DC,1967,,
7345befb-a28f-4963-9cc1-0d66b2ccd234,Wonder Woman,150,DC,1996,,
dcabac8d-4bb3-4403-ae60-daec7ef2f303,Wonder Woman,151,DC,2003,,
6855f105-24af-4349-ab96-c5419e0fe158,Wonder Woman,152,DC,2018,,
98eb53f8-1c59-42bd-9419-6b6c40f2ede5,Wonder Woman,153,DC,1992,,
909784aa-b12d-44df-81c4-aace479e77e6,Wonder Woman,154,DC,1990,,
daeb11c1-8320-4da7-a138-ff26ff39b4aa,Wonder Woman,155,DC,1988,,
514b75bc-60c8-4c7c-a64c-5e312655a65f,Wonder Woman,156,DC,1974,,
a72724aa-a36e-4537-b425-58f810dae290,Wonder Woman,157,DC,1960,,
6917c4df-3c90-42c9-b693-17303c791dea,Wonder Woman,158,DC,1962,,
ac37b2b6-17ed-4f2c-8d84-15ae892d8420,Wonder Woman,159,DC,2020,,
13ae8699-04e0-4186-947b-3969f2f0b0fb,Wonder Woman,160,DC,2009,,
ef2063d6-d22f-4cf1-a384-e59ad7c5bf08,Wonder Woman,161,DC,1971,,
8e22c099-b49c-41d9-a1e8-5aaea212f695,Wonder Woman,162,DC,1967,,
92dd3e4a-a758-412c-9e2d-2d16e76d5b62,Wonder Woman,163,DC,1967,,
7552d932-00e9-456c-9eb1-f8a67c12c163,Wonder Woman,164,DC,1977,,
67a58152-9056-48fe-8d18-3011b524dd8a,Wonder Woman,165,DC,2009,,
10926a33-8fff-4aca-b35e-f979f5dc3e74,Wonder Woman,166,DC,2000,,
22b74eff-d06c-4839-8013-135fd4307a73,Wonder Woman,167,DC,1965,,
7c37bb32-0df9-43f4-afa0-3eebd5d0b26d,Wonder Woman,168,DC,2005,,
c81676cd-a408-46f3-ab0b-0d46b9cffe7b,Wonder Woman,169,DC,1999,,
88a93bff-22ae-4478-9e12-8885fd6f9f19,Wonder Woman,170,DC,1977,,
28c42d46-1865-449d-a2d4-6035ba4c3eef,Wonder Woman,171,DC,2002,,
9dd7fb14-3d84-40e1-a890-6e9b70f04547,Wonder Woman,172,DC,1975,,
eedcb7fb-ccc0-4a88-a469-21cf6c18c96e,Wonder Woman,173,DC,1969,,
49399185-c7cd-4cd8-9ea1-2bc92491be65,Wonder Woman,174,DC,1997,,
26354fde-ca17-47a1-aef0-6078695e9534,Wonder Woman,175,DC,1994,,
3cce05d5-bda5-4cfa-835c-151b1fef7e94,Wonder Woman,176,DC,1986,,
84c00031-4d30-497f-9b95-0694d944af59,Wonder Woman,177,DC,1995,,
738f088d-c34f-4a1a-8aea-8e1aa4e24f12,Wonder Woman,178,DC,1966,,
e6594662-6d35-4f3c-8d28-1c035bc1f51d,Wonder Woman,179,DC,2011,,
b516ebd1-51ee-434f-a950-4c4c051141f0,Wonder Woman,180,DC,2000,,
cbc2a36b-b803-434b-97b5-0c2c5d9fbdcc,Wonder Woman,181,DC,1969,,
d23bd33a-74d9-4f0a-8f81-da5eba5d1677,Wonder Woman,182,DC,2008,,
f6504c44-040e-469d-a019-f0848c7f9b41,Wonder Woman,183,DC,1996,,
8e054606-c2c8-49e5-b10e-006e3fe1d783,Wonder Woman,184,DC,1972,,
f5b1d593-a153-4020-ba59-bff66a8eb97c,Wonder Woman,185,DC,1999,,
bf92256e-f10c-4fc3-8044-c14618b736c0,Wonder Woman,186,DC,1988,,
842cb52f-c3ee-4082-8b61-2ff4a7497942,Wonder Woman,187,DC,2005,,
19a96dbd-293d-42ed-b3d9-08def9e6a621,Wonder Woman,188,DC,1970,,
4ca1f5de-e790-4fd4-a305-738b9f8d0aaa,Wonder Woman,189,DC,1974,,
e895258f-bdb9-40db-adf7-4f6d8f2d5ca7,Wonder Woman,190,DC,2003,,
1bc300c3-67b8-4bbe-bd23-06dfed9c6127,Wonder Woman,191,DC,1979,,
2d24999f-624f-4f4f-b77e-e1a4cb7225f7,Wonder Woman,192,DC,2017,,
1a7a413c-337e-46cf-b7ea-d64401901eeb,Wonder Woman,193,DC,1965,,
460a8ae8-27b1-4996-b8a3-8755dfa68223,Wonder Woman,194,DC,2022,,
8a14c7a6-9ed9-4e94-897b-237ea41ef581,Wonder Woman,195,DC,2005,,
80904c39-2a20-4483-9bfe-18dd9219ec9c,Wonder Woman,196,DC,1988,,
fe90da1d-b617-4259-8937-d0f4e9ec6d23,Wonder Woman,197,DC,2018,,
bf138212-e7e0-4dfc-9cea-a0109da43c1f,Wonder Woman,198,DC,1975,,
d438c70d-1706-4e0b-9e24-a8df9e60aa9d,Wonder Woman,199,DC,2018,,
f0b4eae4-f25e-48c1-9674-89d389530a20,Wonder Woman,200,DC,1971,,
ce14151d-d9d9-4ba0-849d-d5d6b6082fa4,Wonder Woman,201,DC,1971,,
8122d41b-95c6-44fa-8e52-fc89a4af5ca3,Wonder Woman,202,DC,1961,,
3646e1ea-00c9-4991-87f8-3bd444af7894,Wonder Woman,203,DC,1993,,
dc51ee89-7e1c-4f1b-8cd5-ea7b4901b5fc,Wonder Woman,204,DC,1974,,
ccb9986b-819c-4596-9ebe-71ad9990764d,Wonder Woman,205,DC,2010,,
1437c156-4b5c-44a2-b76c-9cc617d16495,Wonder Woman,206,DC,1965,,
63cdb2ee-bcd9-42ed-8f54-456e77058aa9,Wonder Woman,207,DC,2014,,
cce46588-ee63-4b34-9ba6-400828b8d6d8,Wonder Woman,208,DC,2012,,
ada71763-777b-419b-aa8c-f3afa4e19164,Wonder Woman,209,DC,1961,,
38c5ec36-c6f6-4c77-842c-9d1c747e4cea,Wonder Woman,210,DC,1996,,
2d6244d0-8fc2-4757-b161-7e5f50a5d761,Wonder Woman,211,DC,2016,,
dfb684db-164a-49a1-a162-e0e50ea93480,Wonder Woman,212,DC,1993,,
76563844-490c-47d3-b6cb-a15aac1f7f0c,Wonder Woman,213,DC,1985,,
3f81488b-299d-496e-95e3-5ef99c915caf,Wonder Woman,214,DC,2020,,
81ba3f70-2e9d-4fca-878a-7b690629492d,Wonder Woman,215,DC,2019,,
5fc60725-5d3d-4798-98e2-3c4307a40940,Wonder Woman,216,DC,2024,,
a874c80f-7a94-4be8-9e9f-033e738e3901,Wonder Woman,217,DC,2007,,
11d03567-5ee4-4297-9ea6-f5d9e812cd9e,Wonder Woman,218,DC,1990,,
4ea63349-ee0d-4fc4-84a9-50dd6ca74547,Wonder Woman,219,DC,1991,,
1838cbd7-08e8-43a9-86b3-00ec7dc8cf56,Wonder Woman,220,DC,2011,,
28641679-17bb-4d46-b5ef-c126bbd50125,Wonder Woman,221,DC,1973,,
70cf0b2b-7f9c-42ce-9035-c570be276064,Wonder Woman,222,DC,2017,,
100145c1-38ec-4cf6-9f59-48513dfa2af6,Wonder Woman,223,DC,1994,,
df2f9ae5-14b4-4104-a870-2595257f37ec,Wonder Woman,224,DC,2020,,
ab9f45f4-dd0c-4f7b-a536-9ac97861026b,Wonder Woman,225,DC,1976,,
762a158a-b76c-4813-b500-49bde2c77c4e,Wonder Woman,226,DC,1992,,
53169536-2e28-49d1-a89d-d86cc040800a,Wonder Woman,227,DC,2000,,
e9ee3fd0-5b9a-4a6a-954d-4f768fc8faf2,Wonder Woman,228,DC,1975,,
ba278ed9-3f9b-4f8b-b0ed-d4b72d9bd021,Wonder Woman,229,DC,1982,,
a6cc4208-6970-4288-b73a-d6342d36ef7e,Wonder Woman,230,DC,1973,,
7396b02f-bee3-42d6-80dc-2a68b78bd1bb,Wonder Woman,231,DC,1998,,
808f28bd-ece9-4a20-9303-584b96f21851,Wonder Woman,232,DC,1994,,
116f2f68-07c4-4f7e-8ca0-b331da53f0ed,Wonder Woman,233,DC,1983,,
44869613-27d8-453f-a38b-938c73ee2b13,Wonder Woman,234,DC,1963,,
29682efd-147d-4f35-b24e-8974172102e4,Wonder Woman,235,DC,2007,,
817c9b66-c7b2-4015-ab00-8fa3b3a0a1bb,Wonder Woman,236,DC,1987,,
6f3ced13-6d2c-4950-bdee-0f5784f5a877,Wonder Woman,237,DC,1975,,
72d1b2ee-b048-4dd1-b160-db3454178cbf,Wonder Woman,238,DC,1981,,
643d266a-2ceb-46b7-8fd7-b74fc34ebf41,Wonder Woman,239,DC,1962,,
99500295-04be-4879-947a-38fbcc8e1c8e,Wonder Woman,240,DC,1981,,
439f8dbc-64b2-46a8-9a7d-11482dcc32be,Wonder Woman,241,DC,2009,,
a7ae2418-3b8c-4d03-8512-91e49c3cde12,Wonder Woman,242,DC,1960,,
32c94084-b62b-42b2-bc40-7939ac63451e,Wonder Woman,243,DC,1987,,
36f13f31-e756-4715-8bfc-fb84d096eae7,Wonder Woman,244,DC,1979,,
6b2cedef-3db1-4b07-9027-5773a4f32e42,Wonder Woman,245,DC,2016,,
49c62766-9d79-46b2-8ebd-39fca6583cc2,Wonder Woman,246,DC,1967,,
1c7383f7-1ab1-42a2-a60d-09f1ad4b5c4c,Wonder Woman,247,DC,1973,,
4b5b3006-5667-4765-a59e-89d532b246fe,Wonder Woman,248,DC,1985,,
4a2fa61d-68a6-4424-a515-af8614ab0c26,Wonder Woman,249,DC,1977,,
57983d2d-1d74-4970-bd0b-6a928d7ea5ce,Wonder Woman,250,DC,2015,,
3de88728-8456-4441-a132-c34a31025072,Wonder Woman,251,DC,1985,,
72dfb87e-4178-4735-8ead-e7bb13cb4593,Wonder Woman,252,DC,1996,,
4d9259ee-66ec-4b7e-b807-93c923010698,Wonder Woman,253,DC,2001,,
34445961-10b2-4112-9ef2-5a41abdcae68,Wonder Woman,254,DC,2019,,
2dbe6b98-bc6e-4716-9b3c-aff936b3bb72,Wonder Woman,255,DC,2020,,
84fda197-573c-453d-b78e-b7603a928e97,Wonder Woman,256,DC,1965,,
78ee59a4-e622-4146-a099-270db2760440,Wonder Woman,257,DC,1964,,
8b8ac27e-eb76-458f-815c-8f3c9b73d6d3,Wonder Woman,258,DC,1977,,
36361191-2104-4254-9f9d-5d53b20e6c6b,Wonder Woman,259,DC,2013,,
95c02d14-19c0-4f26-a2c3-f6b0ad730d78,Wonder Woman,260,DC,1966,,
761308c9-d285-4fa5-bcd5-165b30ca5050,Wonder Woman,261,DC,1977,,
b689dfff-0900-4f55-93f9-2ffd2c865cc8,Wonder Woman,262,DC,1972,,
5847f39d-d3aa-451e-882d-a955150d6100,Wonder Woman,263,DC,2002,,
93ca2aa5-fb39-4c2d-acea-a5dc825c07e7,Wonder Woman,264,DC,2023,,
7e33c437-c46f-4b03-a305-30892a6580b0,Wonder Woman,265,DC,1960,,
f597e1b0-dfcb-4b28-9276-97f8d04d86d0,Wonder Woman,266,DC,1998,,
ee553a4d-7310-4442-a12f-e9901e6a7d74,Wonder Woman,267,DC,2000,,
b4490df5-6c13-4aa8-a5f8-6cfe18b7711d,Wonder Woman,268,DC,1974,,
760ec596-57d9-426c-b536-9535379b65fb,Wonder Woman,269,DC,2018,,
fff4c98e-72a0-4ea1-9e34-c8e1936c64ab,Wonder Woman,270,DC,1976,,
3a7819e3-7e0a-4fe2-830c-1fcb21864987,Wonder Woman,271,DC,1973,,
829a35d2-dec1-4664-a58a-ec5af4d9dbed,Wonder Woman,272,DC,2019,,
89435413-4bb3-4b83-8fd1-6fbc117b974c,Wonder Woman,273,DC,2021,,
767a83e5-b0a9-4573-9d59-aea9efecd0d6,Wonder Woman,274,DC,1987,,
0fbbac2d-1fab-4c7e-bc90-abadd6e78d68,Wonder Woman,275,DC,2016,,
f89bf23e-cd83-46b3-9d51-68acee9c433e,Wonder Woman,276,DC,1980,,
bd1cf7a0-4216-4c66-885c-e7f82040f3fd,Wonder Woman,277,DC,2003,,
d42f43d3-1ba6-4ebd-bd50-edf3b12b3d14,Wonder Woman,278,DC,1976,,
22ca8106-0529-497d-9846-0d392d6c6cb4,Wonder Woman,279,DC,2020,,
44171bd9-fce3-4b21-a08b-b67ed06862ed,Wonder Woman,280,DC,2017,,
e26fda26-7c9a-47db-8c55-eaa121c01015,Wonder Woman,281,DC,1960,,
1f38007f-2650-4312-b91b-cdf8a497ac19,Wonder Woman,282,DC,2021,,
7956e625-7b42-4c23-a215-956d7835f370,Wonder Woman,283,DC,1986,,
6257b00c-b6b3-43fc-b6b9-1bbd99f9feb4,Wonder Woman,284,DC,1990,,
c03853e0-b604-450a-ad9b-1d6657978d72,Wonder Woman,285,DC,2013,,
c6c926c4-3c82-45ed-95ca-6960a2e93aad,Wonder Woman,286,DC,1969,,
68daa91b-635f-40a9-8f58-55fe1c83efa7,Wonder Woman,287,DC,1971,,
31a90925-c616-4ca0-9d8d-3c0ff06df639,Wonder Woman,288,DC,1999,,
7e89d15f-771f-4cc9-b01e-32385e325923,Wonder Woman,289,DC,1967,,
d4e9a407-5362-40ca-879f-fce4848c80d6,Wonder Woman,290,DC,1966,,
28c1017d-0133-46c5-8c9c-78aa90f1448f,Wonder Woman,291,DC,1988,,
f137438a-5135-460c-a9a7-bc717a30e7e3,Wonder Woman,292,DC,1974,,
6e594299-6587-45bc-afff-a3d86bf9c21f,Wonder Woman,293,DC,1973,,
f51f5303-89ce-4459-aa7c-4efd750866c3,Wonder Woman,294,DC,1968,,
045de419-8b1a-4294-af8c-d1e343346c59,Wonder Woman,295,DC,1995,,
04cf7215-3c3d-483b-a556-9aeb4f773cf9,Wonder Woman,296,DC,1986,,
140d433f-8ea2-4e74-9fa0-9f550d0b789c,Wonder Woman,297,DC,1986,,
7e25ec01-31a0-4f7f-938c-7cf2a4145d17,Wonder Woman,298,DC,1986,,
7a62ae5d-0436-4944-81c8-76417a4c11c2,Wonder Woman,299,DC,1977,,
0760a78e-8421-4824-b520-28f272be4629,Wonder Woman,300,DC,2010,,
1cb37207-36f6-463f-9528-5d0075c8757c,Wonder Woman,301,DC,2019,,
1e0fda73-e308-4e9e-912f-e163b6a7c48a,Wonder Woman,302,DC,1986,,
a5a0b8ca-1dd5-402e-b160-bb5e4fd2a618,Wonder Woman,303,DC,1999,,
50918abb-49df-4504-861a-6b070f531e40,Wonder Woman,304,DC,1979,,
fe415498-a75a-4c92-89bd-68ceb40d681c,Wonder Woman,305,DC,2016,,
c0e5b74c-c78a-4d80-9fdb-5061cf1326a1,Wonder Woman,306,DC,1969,,
e55565d7-a316-48e3-93ee-d42d9f016413,Wonder Woman,307,DC,1999,,
ff390204-a91e-4df0-abc0-2db888bda63e,Wonder Woman,308,DC,1970,,
029f5d30-116e-46df-9343-e6d0ee539c17,Wonder Woman,309,DC,2023,,
bc37acd9-e517-4287-86e9-c46c561627d3,Wonder Woman,310,DC,1995,,
de7ddc00-71cb-4685-be89-e42ac8add9a5,Wonder Woman,311,DC,1983,,
c7026fff-2a24-44c6-9f59-832e0ef9b67e,Wonder Woman,312,DC,1972,,
d087b437-eb7e-4fd2-afba-dc7cbd279d93,Wonder Woman,313,DC,2020,,
763b240b-15f9-4a00-8cf5-19a147383149,Wonder Woman,314,DC,1968,,
d0dc070a-25bc-4bc5-a7ed-03314595d015,Wonder Woman,315,DC,1971,,
92a74433-5dcc-457c-89c8-ef4d49d7439d,Wonder Woman,316,DC,2024,,
a3e1c38c-ce29-4a30-b02c-d1d89c0bd476,Wonder Woman,317,DC,1984,,
9770ec88-e73a-46fc-89dc-d9d477290b82,Wonder Woman,318,DC,1979,,
9d5b8290-61fd-4a25-a6e6-438484d7017d,Wonder Woman,319,DC,2010,,
077f19a0-cc21-4f92-aeec-4bf28f4eabed,Wonder Woman,320,DC,1985,,
ab759f33-dacb-4762-bd4f-fa602f2960be,Wonder Woman,321,DC,1995,,
0ee6c71b-f83e-4999-8105-7d1ebc8b1d85,Wonder Woman,322,DC,1993,,
b3c7f22b-33bd-407a-a5a1-b9fc91acfca0,Wonder Woman,323,DC,1976,,
b52dceb5-0d67-4dc0-ba99-aab8d1675aaf,Wonder Woman,324,DC,1978,,
6447916e-049e-410a-a331-ca47fc6d77ba,Wonder Woman,325,DC,1999,,
89be737a-291e-4491-9ac9-e5086fb5750c,Wonder Woman,326,DC,2005,,
26760f3f-f4dc-4149-b121-1e49c063a92d,Wonder Woman,327,DC,1962,,
7a11e9cc-fb70-4baa-badb-c539f1d210f2,Wonder Woman,328,DC,2017,,
85cb40ad-4118-4d95-ace9-5393473d5cc1,Wonder Woman,329,DC,1973,,
9929f032-829d-4092-a364-abfd65edf113,Wonder Woman,330,DC,2004,,
99780b15-be37-4725-8e01-8aea512e1ca8,Wonder Woman,331,DC,2010,,
2d2f2a28-d0ef-464c-8246-7f1389317acf,Wonder Woman,332,DC,2009,,
7bbd6cc4-c7df-40fc-89a4-84dd34fb93bb,Wonder Woman,333,DC,2019,,
e7dbfaeb-c800-45b9-8a4c-220db6cba8b9,Wonder Woman,334,DC,2005,,
8e725030-1555-4566-bc73-7bbd91d46988,Wonder Woman,335,DC,1968,,
83d33d0e-1b78-4f0e-8cb4-ce3699888d7b,Wonder Woman,336,DC,1967,,
9952ede7-6855-417d-80ca-581da93354cb,Wonder Woman,337,DC,2022,,
39edb9b1-9785-4753-8a66-f19da5629b72,Wonder Woman,338,DC,1963,,
b281e921-0db2-41ed-b9c1-d245abc93032,Wonder Woman,339,DC,1982,,
eab65045-96fb-407c-8dbc-dd0b38489e16,Wonder Woman,340,DC,1996,,
eb6aa8c8-c71d-4b1d-8684-5da271633239,Wonder Woman,341,DC,2018,,
60dea3b9-1bfc-4248-8e9f-6d86937752af,Wonder Woman,342,DC,1988,,
95cfd6fc-ce37-401e-aa09-7b3d4a1c390b,Wonder Woman,343,DC,1962,,
496baae9-10db-41e3-a991-aede8b4678db,Wonder Woman,344,DC,1985,,
ed1b2e26-5b5d-4ff0-aaed-5a80c9b158fa,Wonder Woman,345,DC,2022,,
6d88841d-2eff-4057-89b0-f05bca511608,Wonder Woman,346,DC,1961,,
c8b515b3-3ad4-47a2-963a-b748251df08d,Wonder Woman,347,DC,1982,,
56f50ace-40d5-4adc-9d2c-74f1d781f11f,Wonder Woman,348,DC,2004,,
f2e24cb3-e9b2-4ffa-8be3-aa480e7678b7,Wonder Woman,349,DC,1998,,
63784eca-f8a3-4fd0-b68b-3a8631161f15,Wonder Woman,350,DC,1977,,
2376a7f6-222f-4645-86e5-59f85d090308,Wonder Woman,351,DC,1974,,
9d1d2cd2-7fbc-479f-a35e-16ac3a0ece69,Wonder Woman,352,DC,1981,,
2f03e079-49ff-4976-af96-e48eb00f66eb,Wonder Woman,353,DC,2022,,
1fc39a44-60d0-4515-be7b-778f2813d608,Wonder Woman,354,DC,1967,,
2792aa78-15be-432f-8071-a8731192fead,Wonder Woman,355,DC,2010,,
c02db522-9bac-468b-bfdd-5594760e0568,Wonder Woman,356,DC,2011,,
ba089b2a-383f-4841-b165-11d8c1474164,Wonder Woman,357,DC,1996,,
1342c779-a375-434b-81fa-8b56bee7ef54,Wonder Woman,358,DC,2003,,
62a82a08-9afa-40bf-b3c9-556ee626d4c5,Wonder Woman,359,DC,2016,,
73f28a31-bc69-4409-800f-528040c03bae,Wonder Woman,360,DC,1992,,
f05abf73-0ddc-48dd-b119-57cfdd769e0a,Wonder Woman,361,DC,1981,,
ba6bac8b-fe33-4541-a5d5-0799e5532684,Wonder Woman,362,DC,1997,,
52c5bb0a-3bf0-4c9d-a93f-d21235c0f421,Wonder Woman,363,DC,2002,,
c2de6417-300a-4817-b6ff-8c046772d1bb,Wonder Woman,364,DC,2016,,
8b883f71-03f1-4a98-a388-49b6d1014339,Wonder Woman,365,DC,1965,,
3805c854-9bb0-45e0-be24-b71c20b33cf8,Wonder Woman,366,DC,1999,,
7d85ff7a-9bf7-4558-8952-a257c6ab1aa8,Wonder Woman,367,DC,2023,,
0dd9c066-d619-4d69-947c-40b5bee21f94,Wonder Woman,368,DC,1965,,
db45b965-b590-4f5e-869d-9812ea9f6b0c,Wonder Woman,369,DC,2004,,
19f3215a-1288-4f9e-be22-e089223cbea5,Wonder Woman,370,DC,2006,,
04774f5e-ebee-4413-aacb-9b5c939edde5,Wonder Woman,371,DC,2002,,
22b32ef1-531a-456c-acc4-deb5ce1d255d,Wonder Woman,372,DC,1989,,
8f259177-6f9a-44b8-b5a8-7f2ad77d4f11,Wonder Woman,373,DC,1980,,
d84ec31f-4527-4334-a29b-0ac0c3717833,Wonder Woman,374,DC,1975,,
dfe2a21a-3e6b-47d9-9336-2a64d959db7e,Wonder Woman,375,DC,1983,,
513dac38-b2ac-46b4-a40b-1bf35a312381,Wonder Woman,376,DC,1977,,
00894749-6043-4339-b7eb-5bd88580becf,Wonder Woman,377,DC,1993,,
1c036670-03aa-4656-aad0-1f4f822c300f,Wonder Woman,378,DC,1982,,
f5ff0894-f94c-41e0-bd6f-aa86b21f47d6,Wonder Woman,379,DC,2024,,
07b2f515-a000-448f-adfb-d82d06fc9661,Wonder Woman,380,DC,1962,,
40771df1-acb5-42a6-bc79-55df636cacf0,Wonder Woman,381,DC,2019,,
1eb83699-def0-412b-8fac-620314b609d8,Wonder Woman,382,DC,1974,,
3ff60fa1-78cf-4af9-978b-dc4e3ccff818,Wonder Woman,383,DC,1964,,
43077416-b3e8-457c-b26a-0944261dac13,Wonder Woman,384,DC,1976,,
4436e069-d09b-407e-847f-2e16b4c983ad,Wonder Woman,385,DC,1999,,
2c78b7b5-4172-4537-9781-91b03243537f,Wonder Woman,386,DC,1989,,
8a2991b1-f5a0-4877-a0b2-d3aa61854d3f,Wonder Woman,387,DC,1961,,
bc35edac-8e90-406d-bfea-2263e1828e2c,Wonder Woman,388,DC,1967,,
cc78b4e9-b440-4914-8918-c11955c1bfd4,Wonder Woman,389,DC,1995,,
c28ecf1a-7a4a-4a32-a06e-3ffcc9e73845,Wonder Woman,390,DC,1979,,
063caec2-a403-4a92-9335-d3b24e884ded,Wonder Woman,391,DC,1991,,
a60a127c-f68b-4b60-b448-b675ef2aad64,Wonder Woman,392,DC,2006,,
96f59b8d-f78c-40a6-89de-cb9998da4b84,Wonder Woman,393,DC,1984,,
4c87bbc6-4f01-4e1a-960c-e91a0bd4746f,Wonder Woman,394,DC,1984,,
9172b1f5-d0d4-4922-b77f-9c3f0354f249,Wonder Woman,395,DC,1962,,
c259a9a8-2b0c-4fb6-bbc5-7a708a50f062,Wonder Woman,396,DC,1985,,
e92b2023-870a-4b25-a751-aee6dcd1b0aa,Wonder Woman,397,DC,1960,,
8c7de592-c33c-42b8-b150-4049958f029c,Wonder Woman,398,DC,1975,,
d5002614-2c7f-4a6d-a2e4-e4d44bea961f,Wonder Woman,399,DC,2020,,
fdc7defa-1d88-4dce-957c-8767e2b063a9,Wonder Woman,400,DC,1971,,
b21132dc-c148-4e7f-9cd7-0e471cd06476,Wonder Woman,401,DC,1989,,
ff1ce647-f042-4fbb-aa12-111ac88d94d7,Wonder Woman,402,DC,2017,,
ebf5e0b5-deb8-4dd2-bf73-da7828b57a0e,Wonder Woman,403,DC,1989,,
e7484f1e-b3d7-4a88-9802-67217f12b900,Wonder Woman,404,DC,1964,,
cdb0e653-0f80-47d1-b896-8543824ed4de,Wonder Woman,405,DC,2010,,
b3b7c7f0-b683-44e2-ae41-9a881e85784f,Wonder Woman,406,DC,1964,,
b3afde75-919f-4267-8e5d-6d4791cc8e00,Wonder Woman,407,DC,1968,,
a4744373-81a6-49eb-97b0-828a5eb7a8b3,Wonder Woman,408,DC,1970,,
e300a00c-ba8f-448f-863a-4b954fd37a51,Wonder Woman,409,DC,2008,,
1c299345-3822-448d-82b9-0e2d4fce0752,Wonder Woman,410,DC,2008,,
f93bb4ff-1485-4380-a0f3-af29237a5490,Wonder Woman,411,DC,1965,,
4af19ae8-bbc7-46be-a880-37362fd237da,Wonder Woman,412,DC,1986,,
42abe35b-4ab2-4d19-804b-8485d64d44d5,Wonder Woman,413,DC,1968,,
3a830620-adf7-46e2-81d1-10417cae0441,Wonder Woman,414,DC,1994,,
dcd1f9ab-3f7d-41d5-8beb-bdae2dd46d6c,Wonder Woman,415,DC,2020,,
20548d74-38e2-4b1a-8c0a-3f4abceb8033,Wonder Woman,416,DC,2001,,
b278f54e-c837-49d2-a167-9dd69e74172b,Wonder Woman,417,DC,2013,,
4d45561e-d4fc-421b-b589-9b2ea7c1124f,Wonder Woman,418,DC,1991,,
64320b33-657c-4780-b9ac-5ba1490d92ca,Wonder Woman,419,DC,1972,,
0294f544-5b10-49ee-a565-cd576ad38a04,Wonder Woman,420,DC,1985,,
7f91a41f-f485-416d-a513-f1c072ad3b0c,Wonder Woman,421,DC,2024,,
bce4b387-659f-4dc3-a9d8-8dbca28efe88,Wonder Woman,422,DC,2017,,
cb54fa89-df90-4262-bbaf-174970a836c0,Wonder Woman,423,DC,1972,,
87780600-8922-4f23-8460-c96858594ef7,Wonder Woman,424,DC,1984,,
55309789-5155-4322-aa7a-4c72a8b59a70,Wonder Woman,425,DC,2008,,
5a1fafa0-7b02-4bcc-a624-fc3f0ce69e6f,Wonder Woman,426,DC,2013,,
6ef76dc7-bf19-4d0a-ab16-ff4a73ea62e2,Wonder Woman,427,DC,1991,,
0daebe8b-caa4-44a1-8334-521110dfca0e,Wonder Woman,428,DC,2023,,
b4e43344-93ec-42d0-b463-d8c216aa1d02,Wonder Woman,429,DC,2006,,
53cb5a86-29a9-4430-a841-f7c47ce39d2d,Wonder Woman,430,DC,2009,,
7d89bc5e-9e2b-42a2-a685-0097c82d9622,Wonder Woman,431,DC,1969,,
cad94be9-fc8e-4d12-9fc5-6f8f9fe9b24d,Wonder Woman,432,DC,1987,,
435fe733-a236-4c5d-8891-ead1485e6c25,Wonder Woman,433,DC,2023,,
e7affa35-d9fe-4dac-b0b3-e685346c96be,Wonder Woman,434,DC,1963,,
9aef73ae-6fbb-4db9-a810-010d7215d601,Wonder Woman,435,DC,2017,,
f24b5b55-12b4-4ee0-a337-ab8b1460ae0a,Wonder Woman,436,DC,2009,,
fba1ee1c-f002-4fd3-be31-a7f1c515092a,Wonder Woman,437,DC,2013,,
9aaa64bd-8ccb-417a-91cf-387b0cd207aa,Wonder Woman,438,DC,2013,,
80a0daa5-1abb-4f6a-bb6b-69117549fb5d,Wonder Woman,439,DC,1980,,
77873db8-700b-4d79-91f8-cf6bfa2ed90a,Wonder Woman,440,DC,1962,,
7ec1653b-f39f-4534-90cc-7cc5184b943d,Wonder Woman,441,DC,2011,,
bc1d74ee-fc38-4983-adba-ced4c50cb955,Wonder Woman,442,DC,2001,,
abd743a8-c968-4bff-b450-8d934cb58378,Wonder Woman,443,DC,2015,,
5c8b5d7a-7d5a-4644-8be2-b90f8ffc74f1,Wonder Woman,444,DC,2017,,
55a783c7-5ffe-48b3-9b0b-0686605b5db2,Wonder Woman,445,DC,2013,,
6fd22433-23bc-4a8e-854d-923da900d8ce,Wonder Woman,446,DC,1966,,
fd2f683f-842a-45a7-a008-c7ef48a28cdd,Wonder Woman,447,DC,1979,,
d041dd46-dccc-43eb-bb88-388090dfe5a7,Wonder Woman,448,DC,1961,,
93bc64b6-efaa-465b-b229-e6642efb71ae,Wonder Woman,449,DC,1986,,
a82c461b-36e3-435c-a2f0-e9222c9d66f4,Wonder Woman,450,DC,1962,,
dccfee19-a85b-412c-91ba-7628ca4764a7,Wonder Woman,451,DC,2001,,
ffc6dfc7-57e5-48d8-b02e-436e6c8c7ca9,Wonder Woman,452,DC,1999,,
1b9b8468-a13d-491c-8b5c-4ccd97297de4,Wonder Woman,453,DC,2022,,
7f48e84e-aa20-45b9-84ba-9de32d22ca5b,Wonder Woman,454,DC,2010,,
c5198544-406c-4891-8ef9-1d5441448959,Wonder Woman,455,DC,1987,,
aeb86a69-8b3d-48d8-b75f-0abd3866ac89,Wonder Woman,456,DC,2000,,
c4304c46-2751-4b99-af4f-8830249896d9,Wonder Woman,457,DC,1999,,
10827ee6-6cf9-46d4-864e-89913a475436,Wonder Woman,458,DC,1967,,
755b3870-9e16-4deb-ac0c-9e31770554d3,Wonder Woman,459,DC,1978,,
6e80bbb0-a790-4a10-9eeb-0b587c1eab37,Wonder Woman,460,DC,1988,,
3b8fcc75-6f43-48fc-8763-048665f38aba,Wonder Woman,461,DC,1965,,
22bb9d79-bc02-48ce-ad3d-e8474863698d,Wonder Woman,462,DC,2005,,
a52d0350-eecf-4b12-9ef1-e0fb3facba2e,Wonder Woman,463,DC,2013,,
1ab4ee94-3d08-405d-9ff1-4ba4b38fed73,Wonder Woman,464,DC,2023,,
d43da1a2-c050-4b12-8edf-1120549ff15c,Wonder Woman,465,DC,1966,,
04fbc478-63d4-4a2d-914a-1ffe285221bf,Wonder Woman,466,DC,1961,,
675cc42c-8307-4bf5-9a67-29051e64b2ca,Wonder Woman,467,DC,1994,,
c0965977-3982-4488-9414-39bedb33b3c8,Wonder Woman,468,DC,2009,,
69184063-5629-43c1-ae54-983c0daebef4,Wonder Woman,469,DC,1975,,
bd2f53f0-0b06-4182-a9b6-aacc46c25e98,Wonder Woman,470,DC,1997,,
61af32ae-2456-4f8f-9ea9-23f5a19b0131,Wonder Woman,471,DC,1974,,
2728d906-1905-44b5-8385-9e56ee4c202f,Wonder Woman,472,DC,1996,,
1cded9e8-13ee-45f9-a04c-1a5f1565e1ee,Wonder Woman,473,DC,1989,,
57e574d5-27fb-4952-9acd-6c1e07d447f1,Wonder Woman,474,DC,2022,,
60f8955e-a888-4777-ba54-e30a87d7539e,Wonder Woman,475,DC,1964,,
8e4c1862-d305-4ce3-8038-81334414ac2a,Wonder Woman,476,DC,1975,,
db2998fc-3bf3-4640-8c7e-039fd79a5cd1,Wonder Woman,477,DC,2001,,
9e4c951e-df28-4c05-bc0a-f09bf7b7be9f,Wonder Woman,478,DC,1999,,
8b557a2d-2ddc-455e-8a94-e5a388e29f08,Wonder Woman,479,DC,1970,,
776084f6-7f86-4d7d-94ed-cada0418946d,Wonder Woman,480,DC,2023,,
ba99d5c2-5c33-4664-963d-beb706b37e16,Wonder Woman,481,DC,2011,,
7fdb1cc1-0df8-4492-84ee-07aadb5b428c,Wonder Woman,482,DC,1989,,
f0529027-e3d9-4b07-af85-dd244c7bf5b6,Wonder Woman,483,DC,1978,,
7786be3a-1014-4de8-9319-16123820e3db,Wonder Woman,484,DC,2020,,
b94523ac-0396-49ff-83c7-62162ba0ca97,Wonder Woman,485,DC,1990,,
2684317a-9884-410a-91c2-5f9fab7e15ce,Wonder Woman,486,DC,1962,,
98e150eb-be2d-468a-bd90-5da9b8060833,Wonder Woman,487,DC,1973,,
1567991d-521e-4447-8135-9f5a8fc2178c,Wonder Woman,488,DC,2024,,
0d4abba0-6d01-4f3c-b0f2-9938c070a706,Wonder Woman,489,DC,2013,,
23e04ab1-ce18-489a-8500-9d606f7206a0,Wonder Woman,490,DC,2006,,
25a46779-a961-4745-8b7a-3c8ed20bbafb,Wonder Woman,491,DC,2005,,
3bd8b1ea-6dc8-4967-921c-7dc789c71207,Wonder Woman,492,DC,2022,,
3ffdd61b-d9c1-43da-9dc5-253b350efbc1,Wonder Woman,493,DC,1993,,
ca89d9ed-388f-4e1c-8bb4-19b656eb8114,Wonder Woman,494,DC,2001,,
1b8c68fa-93dc-4378-b732-ba0bdf594d44,Wonder Woman,495,DC,1968,,
43ae7d81-f4ad-4e34-9bc5-95bc117187bb,Wonder Woman,496,DC,2001,,
196f2fe3-9ea5-40f4-91ed-d202707f4211,Wonder Woman,497,DC,1996,,
2f93c2cc-a014-40fb-8901-5871187e5d7c,Wonder Woman,498,DC,2021,,
1673b01b-a4ac-4499-8ef1-f34512649a4e,Wonder Woman,499,DC,2018,,
9444e575-5788-468f-a9e1-68f702dd1e30,Wonder Woman,500,DC,1965,,
dce70eef-cffc-4962-8b97-02d584335d18,Wonder Woman,501,DC,1968,,
fac52642-1f84-469a-afee-2e5b5ad4f6c0,Wonder Woman,502,DC,1968,,
bcbb9c25-23c9-4b0a-a941-fd0d61adf423,Wonder Woman,503,DC,2000,,
5a48fd3d-da7a-4e72-a056-97ef44d515c1,Wonder Woman,504,DC,2024,,
999889f5-94e0-4a51-a38d-23230a30da6d,Wonder Woman,505,DC,1967,,
8b032453-a606-445c-942d-194192c275e0,Wonder Woman,506,DC,2017,,
a813de3d-8ff3-4f0d-b131-9ed48d5c415a,Wonder Woman,507,DC,1979,,
eec48239-19db-4372-84ff-c92a31163830,Wonder Woman,508,DC,2020,,
3249e342-d7a3-497f-91df-7f4930c14e49,Wonder Woman,509,DC,1961,,
10fa6308-fdbb-46f9-b013-91e3d137e1ad,Wonder Woman,510,DC,1979,,
e68ad2f4-fc41-4e05-9949-5ca357e1be24,Wonder Woman,511,DC,1976,,
67ffc24a-162c-4321-988a-b109733de7b1,Wonder Woman,512,DC,1996,,
200e18a2-bf2d-4b94-a87a-ba1db39ad73c,Wonder Woman,513,DC,2002,,
f38292df-9f9a-4db0-bf92-d253cb0f8ee8,Wonder Woman,514,DC,1963,,
83b82b8b-4acc-4273-86e3-3462f3b982da,Wonder Woman,515,DC,1976,,
f4b6a729-b022-4efc-98d6-56f55e1d566b,Wonder Woman,516,DC,2003,,
d78d28b2-b194-4cea-9093-12e8c03db94a,Wonder Woman,517,DC,1999,,
a8d60164-a6a8-4b43-af1b-fc8c819ab044,Wonder Woman,518,DC,1984,,
6a528bff-81e7-42ae-bbc7-369493712873,Wonder Woman,519,DC,1990,,
94edcb48-f91d-4f6f-b94c-18bd2c10839b,Wonder Woman,520,DC,2002,,
47c3f19b-6e67-4763-a7bb-ad4f1a853d08,Wonder Woman,521,DC,1992,,
8d74b821-4477-4bd3-9e5f-14318ff0f96f,Wonder Woman,522,DC,2000,,
e1ef224d-3e0f-4909-a00a-361bf8444c27,Wonder Woman,523,DC,1985,,
e982c52a-b419-47e7-849b-5fa6509a00e3,Wonder Woman,524,DC,2022,,
a7e73e62-10f3-43ed-a0bb-05c371527b0b,Wonder Woman,525,DC,2015,,
2060593f-e018-4e75-a5d8-e8499bf8a299,Wonder Woman,526,DC,2012,,
2c6bbf16-bac8-4831-8113-66748e89310c,Wonder Woman,527,DC,2022,,
0bf62278-5366-4239-baf1-43e89badd9b3,Wonder Woman,528,DC,2003,,
ae9084ff-9d7d-430b-8ca7-fe4f180ce4ec,Wonder Woman,529,DC,1977,,
e2e4d66b-e841-42e1-b3b7-c237e5a7a74b,Wonder Woman,530,DC,1977,,
f1968b24-932b-45dc-8db5-70c8a13be3fe,Wonder Woman,531,DC,2017,,
58abd7f4-fd3b-44f0-9c44-2edbb202122b,Wonder Woman,532,DC,2022,,
3b97f1c4-7e0d-47d8-8516-3deead4d4215,Wonder Woman,533,DC,2002,,
a9f71ebd-d839-405d-a3db-c97f618bbc4b,Wonder Woman,534,DC,2003,,
d07debb5-0092-49f6-825c-87a8625ab1ee,Wonder Woman,535,DC,1992,,
debeaa92-c61f-44bf-b794-1acfe389bc82,Wonder Woman,536,DC,1974,,
187ea506-a413-4136-af51-73a86821de37,Wonder Woman,537,DC,2006,,
237eb496-bc2d-4a7b-9842-23c407efb95e,Wonder Woman,538,DC,2016,,
d00d2272-ae58-4621-998a-ab651fa62ca0,Wonder Woman,539,DC,1979,,
3305281f-0327-446a-a553-1d9b03f729a9,Wonder Woman,540,DC,1990,,
590c19a5-f164-4f86-912d-3d010f26a846,Wonder Woman,541,DC,1985,,
bdb1182e-1f44-4065-8766-428402d17fe8,Wonder Woman,542,DC,1990,,
baba5579-75c5-46e1-97e8-e9cdb6781ed0,Wonder Woman,543,DC,1967,,
d21f947c-650d-42ab-928f-81f4065d8db8,Wonder Woman,544,DC,2002,,
0fa6239b-f745-4c1d-ac99-d6802ab5a404,Wonder Woman,545,DC,2017,,
70e105ec-80f0-4b18-bc67-1ee0cc90264d,Wonder Woman,546,DC,2009,,
02ff47a3-5cc8-4e4d-b8cc-0f945cc44c1d,Wonder Woman,547,DC,1993,,
5b1c10b7-acf4-46c4-b92b-aca7f6eac296,Wonder Woman,548,DC,2006,,
b46d442e-3f45-4c1b-81e5-7d4cf0277d3f,Wonder Woman,549,DC,1996,,
fcec8a79-99c6-40ed-bf57-48efba96abe8,Wonder Woman,550,DC,2000,,
adb1f7ab-1d56-46cd-ba3e-cfbd6e0665cb,Wonder Woman,551,DC,1970,,
2863e802-b4a7-4e9f-8146-486aff02504f,Wonder Woman,552,DC,1961,,
b9c7eb04-baf1-4e48-ab9f-db9a3da0a22b,Wonder Woman,553,DC,2018,,
ee3b09eb-012d-44c2-9635-e9d329858298,Wonder Woman,554,DC,2001,,
733c535d-d134-4e66-98f9-9ba550aa5ed3,Wonder Woman,555,DC,2011,,
bfb3cce2-ff13-44e6-80b3-96129f14725e,Wonder Woman,556,DC,1993,,
db66ab89-2bbd-4e08-aea6-bc9768412482,Wonder Woman,557,DC,2014,,
59d73a60-b62f-4079-9b1d-d926fa7fb198,Wonder Woman,558,DC,1983,,
83f7c947-c0ab-491a-909b-ed78e1d8a515,Wonder Woman,559,DC,2010,,
bca424fb-2d04-4945-8814-a339dcb6825f,Wonder Woman,560,DC,1994,,
60faf5ac-a9ac-411f-9ab1-f0e05fb383de,Wonder Woman,561,DC,1963,,
b9384e44-ff8d-44cd-8062-16d323a0ede6,Wonder Woman,562,DC,1967,,
13a72c71-1d45-4357-a41a-73f413c0a5fa,Wonder Woman,563,DC,1990,,
aa44bb59-6b55-4878-be24-8bed09fc02fd,Wonder Woman,564,DC,1997,,
0bb402fd-cf2a-481e-9135-20f9c4b1c234,Wonder Woman,565,DC,2005,,
7705cdc9-2e0e-4fcc-bf1e-29c84e9108d0,Wonder Woman,566,DC,1999,,
00b5eac4-c992-4b20-9e3b-8f38a3adbca8,Wonder Woman,567,DC,1998,,
756046da-08cc-420d-8c1d-e980d64b7506,Wonder Woman,568,DC,1971,,
2bff0a33-075e-4f46-8511-ca44548633e6,Wonder Woman,569,DC,1984,,
daab214e-bd60-44f3-8334-17126fe191f6,Wonder Woman,570,DC,1966,,
74545473-a7f3-477c-a2f2-0559358d7574,Wonder Woman,571,DC,2009,,
4ff34c69-f8f4-449a-886a-5ae2ac9f901f,Wonder Woman,572,DC,2015,,
abb1a70e-2c24-439a-b3e3-9927254cd01a,Wonder Woman,573,DC,1991,,
ef14e3cd-3eab-471d-923a-131678f1ee6d,Wonder Woman,574,DC,2018,,
6f3fc160-77de-412f-b643-f3aac9a5b151,Wonder Woman,575,DC,2009,,
d828e737-4184-4e31-9394-77ab0d56b44e,Wonder Woman,576,DC,2016,,
48a99f29-ef6e-4d04-962a-10285221433c,Wonder Woman,577,DC,2016,,
41c7dbd1-8560-4342-ae4c-a51d459d9899,Wonder Woman,578,DC,2019,,
4e4b7c77-ee33-45cd-863b-bbc2a5d20990,Wonder Woman,579,DC,2024,,
dbaa0e70-af66-46a1-9229-2421e124a888,Wonder Woman,580,DC,1965,,
67456c78-e52a-4585-96da-8698e59b3d4d,Wonder Woman,581,DC,1961,,
5bd3c66d-474c-40cf-bb96-d27db900f7dd,Wonder Woman,582,DC,1986,,
63879e33-406d-4f26-a8a8-68387317372e,Wonder Woman,583,DC,1972,,
0edf2d19-a7c7-4feb-99d2-8ae9f2a51b6c,Wonder Woman,584,DC,2017,,
a0ed1970-3929-4c37-9caf-5c146bcd00e7,Wonder Woman,585,DC,2003,,
8c5c92d2-d006-45a4-9973-252c2a848ae6,Wonder Woman,586,DC,2013,,
813d7cb4-2ab4-4bc9-9434-4bc489d8178d,Wonder Woman,587,DC,2003,,
ecfe76ef-b528-4d57-90c9-78da97535742,Wonder Woman,588,DC,1975,,
4da47f36-86d5-4e7d-92af-b5be3b26c937,Wonder Woman,589,DC,1979,,
7edc1d04-96c5-4f5d-a8b1-c75129103de6,Wonder Woman,590,DC,2003,,
f452bb15-7d9d-4a25-bfc8-1c27da184e19,Wonder Woman,591,DC,2000,,
8063139d-62eb-4abf-a671-97781ad23a5f,Wonder Woman,592,DC,2021,,
937dd80e-7a23-4164-964f-96a27e6060ff,Wonder Woman,593,DC,2021,,
df85ce11-278a-4c0b-bf19-b364422ffd28,Wonder Woman,594,DC,1996,,
7bf0e53f-e66f-4476-b0f3-ab03d2490447,Wonder Woman,595,DC,1977,,
fbb27c3c-7d77-4eca-8981-df7bafc43184,Wonder Woman,596,DC,1966,,
331a6e22-7314-43dd-a0f2-7f37502a7c54,Wonder Woman,597,DC,2011,,
46c297a5-de9c-4269-a9cb-22d8e97f0c04,Wonder Woman,598,DC,1991,,
7ffb9130-8370-44fe-b224-af474f5a60a1,Wonder Woman,599,DC,1983,,
015d9f14-224c-4215-8069-db445e5cceb6,Wonder Woman,600,DC,2002,,
b60bdd35-43b3-4b4e-b22e-7efb882e913a,Wonder Woman,601,DC,2019,,
4157ea8f-87e7-418f-b271-12caa25c94f4,Wonder Woman,602,DC,1964,,
7dcaf363-96f0-47df-a701-afdb6061123f,Wonder Woman,603,DC,1970,,
8d36aba5-2b6e-4c29-b373-70d380a6d60b,Wonder Woman,604,DC,1965,,
ffc98542-9126-4550-8a08-9d26fa636748,Wonder Woman,605,DC,1981,,
55fb276b-ef2a-4806-93d3-4676b92302d0,Wonder Woman,606,DC,1967,,
2ff430fe-bb34-4a57-925e-32d94954168a,Wonder Woman,607,DC,2021,,
0708a258-63d9-4471-b320-0b04701ed0b5,Wonder Woman,608,DC,1986,,
34b1a95d-b9ff-43c8-9a79-9b7040148738,Wonder Woman,609,DC,1983,,
8c64b051-46b7-4ab4-ad41-3e4d1af7a655,Wonder Woman,610,DC,1997,,
2eeac07e-2d5a-4989-8647-2da0c8cc173f,Wonder Woman,611,DC,1980,,
df9a59d8-119e-48bf-99d4-67914864215e,Wonder Woman,612,DC,1994,,
9c5a6218-db89-4d02-b89d-6f5d64f1db0f,Wonder Woman,613,DC,1995,,
ba7160ca-eddb-4bce-b9dc-c3f75bc282c7,Wonder Woman,614,DC,1982,,
3a6737ae-249e-4f86-8f1f-dae8252c8e7b,Wonder Woman,615,DC,1997,,
9c3bb001-8df0-4444-87b0-ac0e67022be8,Wonder Woman,616,DC,1995,,
56f25a5f-08da-471c-83b6-26ef14221546,Wonder Woman,617,DC,1971,,
99af51fe-cef8-489b-9bba-7c9e381c0b3a,Wonder Woman,618,DC,1982,,
b9b058b4-802d-4fc8-afd1-561d380dbd96,Wonder Woman,619,DC,2021,,
fcf36d44-92a8-40b0-bdd8-a60e92c21ba9,Wonder Woman,620,DC,1981,,
bad49e10-af9d-48d6-b38e-ad50abfdc461,Wonder Woman,621,DC,1960,,
31bc6f62-6be4-4c21-83a7-ea598204f380,Wonder Woman,622,DC,2001,,
a8071632-faac-4343-b97c-c4f6e18ee5d1,Wonder Woman,623,DC,1970,,
84c35439-8da9-4ad2-81c8-879081a9b2fa,Wonder Woman,624,DC,1984,,
ff8c87c1-bf88-4e68-a46c-4bb916ca0f90,Wonder Woman,625,DC,1979,,
c6a434d0-ae1c-4a9e-9644-8f3ec251b3b0,Saga,1,Image,2014,,
654c6807-080a-4f76-a61a-8f8ff10f3368,Saga,2,Image,2001,,
1d09feb9-1239-4082-80e1-1633132f4e91,Saga,3,Image,2023,,
6b41ab3e-af70-4bc7-82c8-ad98ffd0fe7e,Saga,4,Image,1987,,
9c68226e-5c6c-421d-99d5-dfc6853687c8,Saga,5,Image,1974,,
13c29797-5868-4023-9d84-48a29ba4ef47,Saga,6,Image,1961,,
b2e21580-1d27-44c9-976c-369e085a4f86,Saga,7,Image,1966,,
f15605c0-caaf-4249-a710-b3e2b7a1e0fa,Saga,8,Image,2011,,
b14bb549-f887-40c3-8cb5-2e5990e64521,Saga,9,Image,2010,,
4ab6814d-ae6c-497c-830c-cfb40e50dda8,Saga,10,Image,1981,,
0f27dde0-5581-48ec-a2ed-61da2b617643,Saga,11,Image,1960,,
7716df6a-7d6e-40a6-bb50-922bf52fb96b,Saga,12,Image,1969,,
2d43dfe7-9cbb-45ef-979b-9f9262ea0201,Saga,13,Image,2004,,
ed07a1d2-0f85-435b-9ec7-4bfb0ea5d1c1,Saga,14,Image,2018,,
157045df-f489-4793-8cd9-b50e45f6186f,Saga,15,Image,1985,,
6671bf3a-35d2-468f-bceb-a37ec6c5e739,Saga,16,Image,1969,,
120e9854-d624-4e94-8892-44af2c4d1897,Saga,17,Image,1964,,
a5d15701-7546-45f3-9c9a-a69a6419fc23,Saga,18,Image,1982,,
01d12e41-4fb7-4e0a-be14-2f779d45d5b6,Saga,19,Image,1997,,
1adc79fc-a3d8-431c-8c76-a461560dd951,Saga,20,Image,1969,,
f2fc0826-6eae-4cb7-adfa-9b444830058b,Saga,21,Image,2002,,
e98638d4-d6d0-4612-923f-587fa6f19957,Saga,22,Image,1971,,
bcf19f9f-6745-4b7c-bdfb-7003acad87f1,Saga,23,Image,1974,,
56e34959-a436-429c-89b5-12db55ddbf0a,Saga,24,Image,1962,,
c5cae1b3-530a-4e9a-a58f-6e331535eb05,Saga,25,Image,1962,,
ad56b291-cb77-4999-b412-3c6b651a032f,Saga,26,Image,2011,,
f794fcfc-b56d-4930-bb32-c71fa38940be,Saga,27,Image,2004,,
ed1b0dcc-7abf-43c8-868a-c43e845d172b,Saga,28,Image,1974,,
0babf0fb-fcfb-42f1-bb28-983f60aec106,Saga,29,Image,2009,,
aa5fc3d4-cbb1-4c26-82fa-d49041d0c850,Saga,30,Image,1965,,
7d0f895d-d9e9-44d6-bd38-1386c8f3917d,Saga,31,Image,2015,,
fdb1309c-4e66-42da-bb7d-055ffda3843e,Saga,32,Image,1996,,
520eb8fc-f7d6-4726-bfda-56a3e7791535,Saga,33,Image,1980,,
5dc09a28-d011-4c8d-9bd1-8749fd6379a2,Saga,34,Image,2001,,
0a57d87b-798f-4761-a695-7c72dc3455bb,Saga,35,Image,1993,,
54093524-249c-44fd-ab74-e0b87f48600c,Saga,36,Image,2004,,
38be3fae-861d-46bd-a267-449a3047b5e0,Saga,37,Image,2019,,
15ef6a4d-2592-4c04-b181-5bc71ad2fd09,Saga,38,Image,1967,,
e22be731-bd1e-4a54-8189-1a0d17e3f9e1,Saga,39,Image,1998,,
5d53f154-e289-4335-8b98-d86a613bec7b,Saga,40,Image,1977,,
20cbde8a-a250-4d90-aaa1-ab2c24efc3c9,Saga,41,Image,1994,,
58a9def2-ab89-41c5-a15b-eb82bdad8d08,Saga,42,Image,1978,,
26150146-342b-4520-9709-bbe21972a93f,Saga,43,Image,1998,,
78dc7c77-f070-4150-84cf-9dd511a0d8ac,Saga,44,Image,2005,,
4f84fe26-fc27-4c6e-84ff-1dbb7cfb2dd0,Saga,45,Image,1975,,
a5dda3be-7a0e-43cd-bee7-ea36bbecb5c5,Saga,46,Image,1968,,
23c1f570-35cd-42b5-b3ba-516e3fcd954d,Saga,47,Image,1991,,
6cd10030-efde-47b3-a46e-7714fab8534e,Saga,48,Image,1984,,
d107bf08-6e65-44c8-ac64-3e1d35c5cba3,Saga,49,Image,1960,,
39c51ae0-5088-4866-990b-bd0f1b72e2e1,Saga,50,Image,1979,,
c403ecae-61c7-47c1-9677-5e0d8e11cc6f,Saga,51,Image,1989,,
2255a5b3-f6bd-4bae-aa2f-58f90414868d,Saga,52,Image,1984,,
6cfdd8d1-6e93-49df-b145-9051c498ae2f,Saga,53,Image,1986,,
9ab188b2-9e2a-46dc-bfb8-f6c9a16ffa27,Saga,54,Image,1979,,
671a36a8-c4d7-486a-8c65-d6803e08f63b,Saga,55,Image,1999,,
b7a83b5c-6a5c-4fc0-b71b-cf5034027021,Saga,56,Image,1969,,
a6d6be79-a3f2-43ab-90e3-a5daf7d8019b,Saga,57,Image,1992,,
3029dec2-b1e1-464e-96c9-eef610d29b1e,Saga,58,Image,2005,,
0ac84e14-3509-4f58-aed0-5604834b508a,Saga,59,Image,2003,,
fe43667c-5172-4c16-8d5d-571a169bc49c,Saga,60,Image,1972,,
452369e5-6b3f-4de4-81c6-e84c58ca595c,Saga,61,Image,1960,,
c599192c-cd66-456c-a776-2233275b750f,Saga,62,Image,1997,,
9e66eaaa-9a75-4f84-ba71-eb0e7e53bf44,Saga,63,Image,2009,,
95941de2-53df-4d3b-8058-27204331de73,Saga,64,Image,1960,,
f81aab58-f125-435b-be2c-8bffce747629,Saga,65,Image,2015,,
f852e37e-97c1-45ed-a0ac-7bad82a1decd,Saga,66,Image,1992,,
31d94f82-6bdd-4c8a-af7f-1bd365579a35,Saga,67,Image,1977,,
ca2a0022-1696-4b07-990a-0031de431ae1,Saga,68,Image,1964,,
04756be9-5143-4194-845d-f1cb25f5677e,Saga,69,Image,1966,,
196a5570-6fc0-4959-a554-b7f72f17e97b,Saga,70,Image,1983,,
114e2b28-bf65-4d85-b831-ee0b75501994,Saga,71,Image,2015,,
0d2d7550-8b7d-443a-96be-d07e0b3c17c1,Saga,72,Image,1995,,
4b523dcf-1407-4a13-be24-57704b5c5792,Saga,73,Image,1999,,
4e27f782-8cd2-4744-937c-35e38819b191,Saga,74,Image,2017,,
f426582e-01d4-4c26-b618-cb6e38f6f95a,Saga,75,Image,2011,,
f2d3f3e9-b264-4fdd-99e2-95cd7057e6e9,Saga,76,Image,2010,,
9bd62b86-3c82-4892-b6af-b20f827356a2,Saga,77,Image,2001,,
524ddbaa-39e8-4406-afa0-cb26a473a650,Saga,78,Image,1996,,
29720ef7-d6d2-4b29-b9ff-e158de2cd4ea,Saga,79,Image,2017,,
d6b3936c-9e62-4877-bb17-6afbd7337141,Saga,80,Image,2020,,
fb74a98e-1460-4b8b-ad7f-708a9c87f062,Saga,81,Image,2012,,
b3dfe74c-e1fc-4afd-8150-1b149b5831d4,Saga,82,Image,2012,,
9c317a59-1974-4ad0-bd41-d23bea2181e9,Saga,83,Image,2013,,
32367bdf-dc6d-447e-8a2d-4897a255abd1,Saga,84,Image,2005,,
e8c03ecc-c902-45a3-9bb6-db47a432b159,Saga,85,Image,1971,,
70a6de84-6468-4419-8458-fe7e560b929c,Saga,86,Image,2000,,
d7294c59-a457-4b9c-97af-b5180d4d4d0f,Saga,87,Image,1995,,
ceebea06-c87e-4645-bc58-1ad99b924d9f,Saga,88,Image,1963,,
03549b86-05c2-4866-b56d-02d21c0ba17f,Saga,89,Image,1978,,
1d28dfce-416f-47a7-8dc8-48b8dd1cfb40,Saga,90,Image,1963,,
f128ebd6-3068-4d67-9373-e1f20b6af412,Saga,91,Image,1964,,
537996bc-304d-4d47-b5fe-b6a8917f286d,Saga,92,Image,2006,,
5fc7420d-d3e7-46d9-9409-8cd91f5f3cad,Saga,93,Image,1990,,
5e6b7dfc-db63-4111-a14d-b74b26893ddb,Saga,94,Image,1996,,
dbc5c763-cb83-42a3-bc24-7d334f713964,Saga,95,Image,1974,,
6ac5262c-2094-4b44-8d58-391cb5185625,Saga,96,Image,1995,,
c57bf712-349c-4070-9e87-1998505277a9,Saga,97,Image,1968,,
d6e8cfc5-a636-4511-a268-6e124b463a5e,Saga,98,Image,1974,,
5a6e001f-fba3-4e26-9bc0-c468741cf2aa,Saga,99,Image,2018,,
729af787-214e-4f97-bf51-8bd82a2f2b09,Saga,100,Image,1963,,
fc3146e8-4596-4ae0-99c5-b8b60268cb00,Saga,101,Image,1978,,
294b8db3-551a-4b3e-aa5a-19208bd275bf,Saga,102,Image,2002,,
8d46a519-b009-47ec-b3da-161d2fb72090,Saga,103,Image,1986,,
a73a275b-0fe3-44fc-b428-1eebbbb2d539,Saga,104,Image,1989,,
59374e0f-bda6-44f3-814c-b12f7ab6b572,Saga,105,Image,1960,,
f46fd706-91bb-4a3e-8e8d-ca024c109b60,Saga,106,Image,2013,,
b1b4a182-d6a0-42c7-80d4-32e1ece2b9c6,Saga,107,Image,1986,,
cc1da720-3bcc-49bf-8288-b8e77363477f,Saga,108,Image,2020,,
910e143a-7860-41da-b943-8763cf25c5e8,Saga,109,Image,1962,,
8b8b6cf3-9482-4df1-b939-54b7ecad6de1,Saga,110,Image,1991,,
dc334947-ee6c-4f34-b11b-0cf2124f9eae,Saga,111,Image,2013,,
99ccf8c2-07d5-4ddd-a604-5499c9ddf20b,Saga,112,Image,1965,,
923ba1f0-08a4-474e-9ef5-31c9dee5b5b4,Saga,113,Image,2002,,
faf468c1-7d7f-4a90-bff0-f038a81ec8e9,Saga,114,Image,1960,,
17523148-87f9-48bb-a050-08de453cd0a2,Saga,115,Image,1976,,
a79a1696-84ec-4bd6-8529-59d15aead5c0,Saga,116,Image,1976,,
dba0defa-c489-4b71-86e7-4b656c69e17a,Saga,117,Image,1982,,
12287f54-bc61-4939-9f3b-95f3e2e4fa26,Saga,118,Image,1997,,
df8cabd9-04fd-4577-a2c2-5c1e6c05d922,Saga,119,Image,2004,,
340e3d98-31fa-4667-b920-8ecba777a46a,Saga,120,Image,1965,,
29172dac-65b8-490e-8ba3-6d62c0b0f5fe,Saga,121,Image,1999,,
694b4463-775a-4dbe-8143-4561cc39517e,Saga,122,Image,1989,,
8b879457-9b75-4e93-99b2-44458972aeda,Saga,123,Image,1989,,
53b3303c-06d7-424a-b749-6fdc4516a914,Saga,124,Image,2004,,
4ea955ba-5ca8-4f67-8276-6ee7277dd2f7,Saga,125,Image,1991,,
adc255f1-1c4d-44c6-9975-3d4e14f8a986,Saga,126,Image,2009,,
877f4c8d-b53c-422b-bcec-f9fc867e9cb5,Saga,127,Image,1966,,
9894ee70-09ba-45ff-ab98-b02ee07e9895,Saga,128,Image,1964,,
6d637c7c-e640-4e73-beec-0bf696a0fa1a,Saga,129,Image,1967,,
c8384772-504f-4e8b-99e6-e1f05b769c60,Saga,130,Image,2000,,
0c2115d1-7cf9-4303-9d76-11db296e82ff,Saga,131,Image,2007,,
dbc153e8-ff0d-4fc3-a9d4-51471fc5574c,Saga,132,Image,2024,,
1b1e502f-57f4-4969-8995-79ad933fb0c4,Saga,133,Image,1970,,
c9d50c92-f8f6-48d6-8eff-486445ad2e65,Saga,134,Image,2000,,
0485ce00-449c-4a19-b8cd-416605b0b7d2,Saga,135,Image,2023,,
360e65cb-e4ab-473c-b637-67d7e62af519,Saga,136,Image,2005,,
ffd67868-5365-4323-a6b4-6ddda86b1a25,Saga,137,Image,2020,,
2ebb2632-efbc-455a-84f2-53966e4bb419,Saga,138,Image,1974,,
44c53612-d23e-47ca-9e31-e28f5c301cf9,Saga,139,Image,2020,,
50121c46-b599-4821-a878-9dfe78eb2fc5,Saga,140,Image,2008,,
16720e0f-21f9-4018-b149-5c0c3e916285,Saga,141,Image,2001,,
e383a637-a7a7-4842-9c94-e311dfa4a8af,Saga,142,Image,2014,,
af4c29ab-cd81-42b1-995d-c892e1921bdd,Saga,143,Image,1984,,
8c44e34c-3e35-4784-b794-888fb8619c65,Saga,144,Image,1971,,
1294f840-69e7-4220-93c8-491c95121564,Saga,145,Image,2009,,
892c3d44-240b-4c40-bcff-f4b90d9d5d61,Saga,146,Image,2009,,
8606acb8-512d-490c-a6be-ff4495b961d8,Saga,147,Image,2008,,
1350239c-9781-4a4c-b588-43b1eee06ede,Saga,148,Image,1970,,
8491fd52-49d8-4ba8-b287-f6c4434ae2ee,Saga,149,Image,2012,,
22582450-6bae-4f56-b569-ef9aedb1d452,Saga,150,Image,1999,,
15e9ea0d-7fc8-4254-84b9-0919ba56eb95,Saga,151,Image,2015,,
0d54599d-7b8f-4169-9b69-bf50d3ca3658,Saga,152,Image,1986,,
addfd38c-25fb-4f1d-ad59-c6c4a0db9df9,Saga,153,Image,2001,,
78f93aeb-ae8b-4d7f-ab78-6805382501c4,Saga,154,Image,1980,,
772f894f-3e14-4f80-a146-c5664946f20f,Saga,155,Image,1982,,
5c0f86fb-9bb2-429a-ace5-646a248b7395,Saga,156,Image,2016,,
4de97a51-2886-48d9-a90b-05d8d5e459b0,Saga,157,Image,1995,,
33866fdf-8425-4e6c-b23f-84db4d7fbf14,Saga,158,Image,1984,,
ad631906-1a00-4298-b550-86ebff72a7a3,Saga,159,Image,1979,,
fee7bd45-1b88-4ca5-af6c-4a05090eda4f,Saga,160,Image,1996,,
4a87ddf1-23f4-4241-b79f-4b03bc7f5d3a,Saga,161,Image,1975,,
23662d64-4274-448c-9f3c-922a244a9b0d,Saga,162,Image,1971,,
e359dd9d-a530-4ed0-81af-a2887081af57,Saga,163,Image,2003,,
bf8eddb5-fa10-417e-814c-8f3991c6521d,Saga,164,Image,2004,,
817155d7-baa3-4a37-a70a-22009f3cb8a0,Saga,165,Image,2009,,
d9df7fc9-8d9e-4eed-b9d0-4bc046727f14,Saga,166,Image,2003,,
b68476dd-410d-455e-8784-5ef51d997d27,Saga,167,Image,2005,,
16899422-0331-4ab5-8f32-c77fd3eb10a6,Saga,168,Image,1970,,
ed206d45-8de3-4ad7-8361-14c6b93c41ae,Saga,169,Image,1970,,
580153ca-5379-4987-b688-6449de5c83e8,Saga,170,Image,2017,,
d7f8c0e3-a914-43d7-872b-76957f503dde,Saga,171,Image,1963,,
f786d99b-d123-4725-bfce-45c72c4de606,Saga,172,Image,1969,,
10f9bb01-cbb6-4ca8-ad3d-82133971eb34,Saga,173,Image,1984,,
f3608bbd-61c6-4e03-95e2-9853eda99a6d,Saga,174,Image,1973,,
98447346-ee96-475f-9c08-6faf237e1a03,Saga,175,Image,2014,,
2be23b55-7acd-4946-94cc-f61737fd021f,Saga,176,Image,2014,,
99a84552-e17b-4034-b438-76380fc46f4b,Saga,177,Image,1999,,
f00da871-a459-4bbd-a875-0a1d73f625ba,Saga,178,Image,1965,,
f321b7cd-1fc3-47f7-907a-614ef79ab195,Saga,179,Image,2019,,
fbf98d71-7082-45f6-9cfd-1a5a08558b93,Saga,180,Image,2013,,
68e7f51e-8fb0-4cef-84e0-95498672eae3,Saga,181,Image,1998,,
713d2989-456b-4202-b8b2-5ddcf3d555a0,Saga,182,Image,1993,,
5fa8ee7e-5bd8-4f09-b009-1902eb9c176e,Saga,183,Image,1990,,
16bf16ac-1706-4ae9-b4d2-d1f2541943a1,Saga,184,Image,2004,,
03a50430-b2d7-4ae4-9712-7c739685908f,Saga,185,Image,1962,,
3fdd9f68-b0b6-4da5-9e2e-cc2ea54fe914,Saga,186,Image,2003,,
0f5b7ad3-2a90-4745-b3d1-451963d2908b,Saga,187,Image,1990,,
142aee44-cddb-4ef8-824b-366f4dca0b96,Saga,188,Image,1996,,
e3ba78b7-ee65-4177-bf35-0a8984719344,Saga,189,Image,1977,,
e293ed25-ac97-4b54-b300-14c0e2b3c00e,Saga,190,Image,2022,,
dde3b7bf-732d-4cc3-be2a-e35978c32997,Saga,191,Image,2000,,
1caf4534-8f3c-4c67-834c-b5aba6464096,Saga,192,Image,2007,,
4ad96d49-20b2-42b7-8010-2f74e3a36d71,Saga,193,Image,1980,,
b4f930af-8d0d-481c-96dc-5f5e3291230a,Saga,194,Image,1970,,
98cc5a5d-91f6-4336-8809-314ef4b1321c,Saga,195,Image,2012,,
08c03a0e-8ed0-417c-aaf9-1cea44ad5ee8,Saga,196,Image,2024,,
2ea98a6e-29d4-42b0-a461-b81d0c2f84d9,Saga,197,Image,1962,,
bca2d831-86e0-44f1-9d20-2b770a6323cc,Saga,198,Image,1981,,
76faab5b-b992-4fc8-80e7-4155e110ecc9,Saga,199,Image,2014,,
ad934b01-7836-4232-979b-07a9d30ad0db,Saga,200,Image,1970,,
7c209236-f13e-478e-bb17-1675bf74bd66,Saga,201,Image,1989,,
6360736d-881c-44c2-8faa-2568d2cd92de,Saga,202,Image,1973,,
abfc669e-e161-4604-8485-a8bf2d5540ce,Saga,203,Image,1968,,
838917d8-3b24-4b03-b043-3a58ab909793,Saga,204,Image,2024,,
2a1dc014-40f1-4893-ad21-068dbb661c8c,Saga,205,Image,1999,,
6a5cef5a-9f91-4166-af0a-3b164accd55d,Saga,206,Image,1998,,
14f4ff70-f950-4d98-8f36-e35c2aabebf3,Saga,207,Image,2021,,
c4c1ec90-a3e9-43ab-abba-5d81cce8c796,Saga,208,Image,1960,,
409baeb4-493b-4b8c-8522-8ae938480f9c,Saga,209,Image,1969,,
a733dda4-cc46-4572-b0cc-302e6826fa1f,Saga,210,Image,2003,,
bd3982a3-e758-48c1-a028-0a6539df4e2d,Saga,211,Image,1972,,
a6c65f8c-7ce2-447b-b360-56cace35dc18,Saga,212,Image,1987,,
c6146b0c-7ea5-47c8-9964-f5530e5c547d,Saga,213,Image,2003,,
ee44f316-0862-4796-9184-9f27bd9f9a22,Saga,214,Image,1977,,
78ed58ae-3863-4ce6-b39f-d497fc138fe6,Saga,215,Image,1991,,
4dac9109-4b60-4f08-b82c-18fc364c997d,Saga,216,Image,1986,,
da788490-c3a3-441f-9c1f-235d1816340b,Saga,217,Image,1998,,
b0183886-34b0-4bd1-9e5d-4399ef1a1ed0,Saga,218,Image,2019,,
e24bbaa8-b202-4161-92b3-0dd9c78c58d7,Saga,219,Image,2000,,
ce6f3ae6-c878-43fa-bb6b-3d122362ee04,Saga,220,Image,2016,,
da0b5bb6-b0e9-4d27-8b60-9b5103ba8f42,Saga,221,Image,1976,,
3622328e-3415-4942-a728-ec071b204545,Saga,222,Image,1993,,
c91e65ad-3181-4d0f-bee9-f31993d53ae9,Saga,223,Image,1982,,
c7a880d3-b178-4d71-b045-a702f89e9e78,Saga,224,Image,1991,,
aea69a2e-c403-4099-be58-b68ce7a0342e,Saga,225,Image,1970,,
44694a01-2ab9-431f-8da3-928d33288b7d,Saga,226,Image,1998,,
d88cd360-0076-4a84-a70b-11146cdb5ff5,Saga,227,Image,2020,,
4cde47c2-f948-4690-a8c2-6a51315bd341,Spawn,1,Image,1961,,
64cd270c-4a1b-4dfa-8e67-37b09cd2b466,Spawn,2,Image,2018,,
013e516b-2e35-46c6-82cc-f1fd490db7ec,Spawn,3,Image,1990,,
571311e2-fab2-47fb-8b6c-e1176e285f49,Spawn,4,Image,1995,,
efdee0c0-26fc-44cc-aa9a-8455456d1e2e,Spawn,5,Image,1986,,
0f422691-232b-4ef5-b8a8-04641a5638bc,Spawn,6,Image,1970,,
27338a8a-d153-487c-925d-f58f47e83e8e,Spawn,7,Image,1991,,
27dc522c-dd62-4675-ba04-acd9797d98c9,Spawn,8,Image,2013,,
252f4f11-3e32-4ab6-a6f8-7f936130729f,Spawn,9,Image,1991,,
4f318313-bdd2-4f21-982f-32d4237a2dfb,Spawn,10,Image,1994,,
00b3d41e-241c-4006-98d8-1cd79739b7f7,Spawn,11,Image,1973,,
ba60b0b7-144d-4273-9988-a740c451931e,Spawn,12,Image,2018,,
d81fdbc4-2dca-4298-a6b4-04d852075b98,Spawn,13,Image,2015,,
91b486a3-e1e3-43aa-a032-6970147f5162,Spawn,14,Image,1965,,
28366264-cd24-45df-b462-eb04c8b5de36,Spawn,15,Image,1986,,
780876ec-0ca0-487f-a862-5caa088c8bc5,Spawn,16,Image,2017,,
31985955-41a3-42ee-b4c8-3a2f80343e2c,Spawn,17,Image,1972,,
80fcc109-2352-4801-846d-6f88bcc749f5,Spawn,18,Image,1979,,
5098af6c-c08f-405e-b725-619d501c2854,Spawn,19,Image,1997,,
5f4d4bfe-6727-480f-ba0f-42b98f8edcd4,Spawn,20,Image,1978,,
4d0d26c3-7a4f-4852-8941-f2799c5476f5,Spawn,21,Image,2024,,
3d775f7d-9f83-420b-9b1c-8eaff75265df,Spawn,22,Image,2000,,
99584b84-010a-4f59-a27b-a23e15e7c81e,Spawn,23,Image,1962,,
b3b978ca-87c7-486e-a365-38ddcbdab213,Spawn,24,Image,1973,,
d92ab686-374b-4f4a-a26e-029928815bf5,Spawn,25,Image,1995,,
d27993d8-d4c1-423b-85f4-ae469def5583,Spawn,26,Image,2011,,
a53659e9-8595-46b8-9c9d-bdb3a107d455,Spawn,27,Image,2010,,
72d29fa1-eac8-46ee-ac0d-bf26a398379a,Spawn,28,Image,1993,,
449f8e1f-9b11-4aa5-acfb-625cb0ee4c9b,Spawn,29,Image,1974,,
d98bf2d9-9c9f-446a-8afe-d13c64f0d81b,Spawn,30,Image,1997,,
2c0729d4-58f9-436d-8f24-ad11a8a5aabc,Spawn,31,Image,2011,,
bc67ff11-6cec-4b8f-9f91-aebde848160b,Spawn,32,Image,1970,,
ea2f74ef-2de2-4870-b492-5f441e4bcb8f,Spawn,33,Image,1975,,
eee45cdb-17a6-459b-a846-f0945e9c1728,Spawn,34,Image,2009,,
f3ef8c6b-74db-4d26-81a8-48c3c0cf21ba,Spawn,35,Image,1961,,
9f9b3afc-3188-4f44-bcce-ba759b2b34f9,Spawn,36,Image,1981,,
af3926a5-a699-4771-8fb0-98a0fa2bbd56,Spawn,37,Image,1971,,
a26e1209-cdde-4180-947b-aedbb49802ec,Spawn,38,Image,1966,,
711a2252-cb44-4408-9857-68a3fdbbd818,Spawn,39,Image,1999,,
4d2f18df-7543-4e75-b991-0ebeb61fe70b,Spawn,40,Image,1972,,
7f5c3f8a-2e24-4bbe-ac61-d762d2059b20,Spawn,41,Image,2002,,
8f3c0afb-83c5-4361-aa9a-14c36b144eab,Spawn,42,Image,1963,,
ff067d35-4371-4e3d-8dc0-dba7a36a9a93,Spawn,43,Image,1990,,
4ce2ac82-0e78-4549-9431-d104a52f58ca,Spawn,44,Image,2013,,
b0579169-b045-4e5c-a68e-568a4ea404d0,Spawn,45,Image,1965,,
a012aa53-85c6-4133-80ad-b8ffdc53ab01,Spawn,46,Image,1983,,
392b43af-3da4-433b-b4e4-55e9dd440f93,Spawn,47,Image,2009,,
36efda95-c984-4253-bf84-690c93620b04,Spawn,48,Image,1969,,
b68e4125-adbc-4dac-a28e-03d486fc1ba1,Spawn,49,Image,1979,,
0fe42ed1-da30-461a-ac1b-1bcd64f88966,Spawn,50,Image,1998,,
62262336-75c2-4786-963b-7947a7be358a,Spawn,51,Image,2011,,
3d1bbde7-43de-44e7-b578-6eda22a8c02a,Spawn,52,Image,2003,,
575b1d33-79fd-478b-9332-4f96d95770f2,Spawn,53,Image,1975,,
f4200cf6-e349-464b-80e0-582053bca200,Spawn,54,Image,1964,,
aa01242d-5dfa-4f19-a3db-cd9965acf15d,Spawn,55,Image,1968,,
2695ec58-eba1-4764-8a56-3cc9d18ca356,Spawn,56,Image,1960,,
7da17d79-eb40-4b9e-b717-f73d9c3ee738,Spawn,57,Image,2018,,
5bc4c659-ee2b-4478-a77c-48745adb4ec7,Spawn,58,Image,2014,,
03b3258c-7ed9-4eb8-8063-5f71eab2ef1a,Spawn,59,Image,2015,,
6d6fafe3-e3de-46a5-8fdf-998d4828445c,Spawn,60,Image,2000,,
13b267f5-7727-4efd-8c0d-4acdcfe183ef,Spawn,61,Image,1979,,
8302f893-256f-4afc-9ba5-b1783b62fe33,Spawn,62,Image,2005,,
ec350d85-ea19-4ea4-9cad-ccd5da47c9e2,Spawn,63,Image,1965,,
a461791d-0dbe-44d3-811c-fe069ff5787f,Spawn,64,Image,2002,,
1276146f-9dbd-40c6-92ab-2fd74e2e9a7c,Spawn,65,Image,1991,,
41b419e5-bbbe-400f-931a-a43c8f64e7c2,Spawn,66,Image,1986,,
9b4c2c93-d65e-44fe-b061-547b5d5f89ad,Spawn,67,Image,1997,,
7c8e841b-387c-437e-95a5-90eaad42a369,Spawn,68,Image,2009,,
b39a8bca-3451-4b44-a5c0-30ffd6df791b,Spawn,69,Image,1982,,
ab178ab2-39b4-495a-b29d-c19082a094cd,Spawn,70,Image,2016,,
8265341f-262c-4655-99b6-8a6e3d2b94ba,Spawn,71,Image,1989,,
1fe5332b-0ff6-4d60-8f83-8d770b0a67f8,Spawn,72,Image,1967,,
204bb259-7d2b-4f7a-bd5a-fd627dfdb0ae,Spawn,73,Image,1997,,
bdf2efc9-55e5-41d1-94db-396e6b668aff,Spawn,74,Image,1962,,
a2766f1d-bd10-4a9c-8d56-fd054422e8b4,Spawn,75,Image,1999,,
4c46af78-9041-473f-bd09-51c86f6ccbce,Spawn,76,Image,1974,,
29d86c94-febc-4fb5-bd02-e8459cfe894d,Spawn,77,Image,1967,,
1b687790-e84f-45f9-9e39-e5ce7ae0ea4a,Spawn,78,Image,2009,,
df87b0a3-0cb1-498a-979a-582ce7d10c67,Spawn,79,Image,2022,,
576422e1-cbba-414d-a83c-83cd6f1dc1e4,Spawn,80,Image,2017,,
809898dd-6d41-4ba6-9909-115d14f9e07b,Spawn,81,Image,2003,,
f492a4f3-03b6-4ff4-a45c-24da9a8bc00e,Spawn,82,Image,2006,,
e64f6da0-65fe-4f8e-9cba-515e3fe9be3d,Spawn,83,Image,2009,,
e7cc1d25-c185-4f89-a203-4c9fc3918c85,Spawn,84,Image,1967,,
ed3f245a-fffe-465d-803d-ec203d61c0aa,Spawn,85,Image,2003,,
36585f74-da61-403d-b43d-6ad644e478e4,Spawn,86,Image,1967,,
fdd876d7-2b4b-4ed0-bebc-0edc865fe480,Spawn,87,Image,1983,,
97f430c9-0f4a-4f37-a506-ff20bd9221df,Spawn,88,Image,2013,,
95f631a1-1e8b-49ec-bcee-92900b5a3cfe,Spawn,89,Image,2017,,
fda46c98-71d4-4c44-8ae2-7f69a9a98c23,Spawn,90,Image,1984,,
d7e9133c-c74a-4e93-a56a-a53e8a8e9262,Spawn,91,Image,1964,,
789eeefe-6412-4005-9976-3a9da5b1da69,Spawn,92,Image,1990,,
7f38ca35-1e97-482f-a22b-01d74162cfc3,Spawn,93,Image,1964,,
156bdcf2-e980-43c1-8cd4-a0337a61caa5,Spawn,94,Image,1986,,
52dca6df-7caa-41ee-8cc7-cba96598080f,Spawn,95,Image,1986,,
0327826d-3ae1-4861-9731-06b4e1bb0455,Spawn,96,Image,2019,,
58e1a562-5105-43b8-868c-c3980ec4ec0c,Spawn,97,Image,2023,,
479f5395-fcd0-4e71-9317-f6d730e9018e,Spawn,98,Image,1996,,
e7f0ed8f-9f48-4938-a785-1dadcbdab7c1,Spawn,99,Image,1989,,
051ae289-85b1-4615-a101-179dfa86a3cd,Spawn,100,Image,1976,,
fe35df07-25e1-4d99-93f3-76c3f447e35c,Spawn,101,Image,2011,,
79b07014-0be7-467b-aa68-9585406a1aeb,Spawn,102,Image,2018,,
87b779e2-7ff5-4f2f-a6e0-1e6dcda15c59,Spawn,103,Image,2001,,
b76ae6e6-0ee8-46cf-845c-633787236a67,Spawn,104,Image,1998,,
0b1ea71a-0859-423f-b4e8-ef105eb5ed92,Spawn,105,Image,1988,,
5f2d80b2-991a-4865-ae48-f6e4fb464e0d,Spawn,106,Image,1970,,
c58a3f22-0213-4535-9d8d-d198f651671d,Spawn,107,Image,2015,,
c0101b43-facd-4f18-b704-d80908d75592,Spawn,108,Image,2000,,
5832f486-149b-4326-9228-2e3700dc0594,Spawn,109,Image,1965,,
107a8da8-c379-4026-adc3-0ca5c48c8610,Spawn,110,Image,2002,,
5369c7fb-e60d-4356-9b35-174cb92842b2,Spawn,111,Image,1999,,
eb37bf68-235f-4c8d-9ae8-cbe75ec5dd00,Spawn,112,Image,2000,,
6917b041-1e51-4b77-8b72-f528a331c9dd,Spawn,113,Image,2019,,
3949438a-872a-46d8-bb05-93b08d49439e,Spawn,114,Image,1999,,
ffc122bf-c24e-4895-ba1a-a62601190449,Spawn,115,Image,2017,,
9bf22c18-8f82-4b6f-b2be-317d062bd0bb,Spawn,116,Image,2004,,
d0053808-dc34-4beb-8f94-3477bac05331,Spawn,117,Image,1972,,
8ebf8a25-3902-4eef-b53b-74d8dc74de4e,Spawn,118,Image,2000,,
d378fbd8-e2f2-4b92-9604-c5888ef2b87a,Spawn,119,Image,1970,,
950df4f7-08af-4ccb-be78-53e28d1b64cd,Spawn,120,Image,2022,,
90674ad2-4b72-4821-bd98-7ff95c09fc0c,Spawn,121,Image,1973,,
7405511b-bc06-4bba-916e-d566bf27bac6,Spawn,122,Image,2000,,
7beb7bdb-919a-4813-859b-d8058055046e,Spawn,123,Image,1991,,
31b1d28b-267f-4010-aaf7-6b56bcac98c7,Spawn,124,Image,2018,,
50c8b00a-bba8-402c-828c-7445ec0146e9,Spawn,125,Image,2012,,
ee3a9bac-3344-42bc-9913-373ed24261b9,Spawn,126,Image,1989,,
ae8fbd99-899d-47ec-a5ec-6d73fa9f85d4,Spawn,127,Image,2015,,
fc31c3e4-be0e-4c17-aa2c-70b266888806,Spawn,128,Image,1990,,
f444e634-4fdf-4cd9-a44d-d0fa13b1d701,Spawn,129,Image,1974,,
bda5ded7-bd3f-4c91-bc20-f102083a3d2e,Spawn,130,Image,1985,,
9cc67b79-58b6-46a3-a18e-1f4a2ece65f3,Spawn,131,Image,2023,,
d1f174a5-35b0-4d36-89e8-62111dcc0616,Spawn,132,Image,1993,,
86ceffbe-c9ed-4760-af4d-6160ee0ce917,Spawn,133,Image,1990,,
49019270-fdab-491b-8839-04085410d313,Spawn,134,Image,1993,,
39d70dc4-829c-4d59-9cab-1d7d5d9c2ed2,Spawn,135,Image,1994,,
094d0635-a2a2-42f4-a977-03227c23faab,Spawn,136,Image,2019,,
9b2fe1a3-c71d-4391-a880-5728fc17c3aa,Spawn,137,Image,1987,,
edae7c97-7b5c-4323-838e-54d60b2fb76c,Spawn,138,Image,1971,,
04be72a5-308a-4aef-9fbc-7ef67900fec4,Spawn,139,Image,2000,,
8ce0d86c-9e82-4974-b2d1-6d1acebabf46,Spawn,140,Image,1963,,
0ae935e6-e7c5-456c-87b5-077f17c67126,Spawn,141,Image,1987,,
8d9dd710-4da2-46ea-9364-21cd059178de,Spawn,142,Image,1994,,
aab26a00-914b-48b3-86ad-3a217e427feb,Spawn,143,Image,2024,,
b79ee9dd-34d5-4edb-8584-e1b20e202205,Spawn,144,Image,1998,,
a50a9db0-ed10-4b3b-9816-885952957c03,Spawn,145,Image,2022,,
12ac6c91-cc38-4fa2-bafb-9ade95d44bd3,Spawn,146,Image,1976,,
ec263892-e7e8-4e59-804e-e5acad818282,Spawn,147,Image,1973,,
999e5a06-2934-4f9e-a362-cad5077b1a6e,Spawn,148,Image,1985,,
1b15d0bb-074b-46bb-8905-9b62044bbcd5,Spawn,149,Image,1971,,
36e097ef-2bb2-4e74-a4e1-3973f697620c,Spawn,150,Image,1992,,
d6b9fc44-93cc-41f5-b6bc-292687bbee8c,Spawn,151,Image,1997,,
172983ab-f426-4dc8-9b41-c5178f33cbc8,Spawn,152,Image,2023,,
acf6b45c-f8cc-4b44-8f9f-5df8b6edefec,Spawn,153,Image,2015,,
77f7e610-5f90-45ad-a365-c6e59e8bada6,Spawn,154,Image,1977,,
f2ab39ad-b7bc-414c-afaf-1699596f850f,Spawn,155,Image,2017,,
8ef12275-9a7b-42ba-a4bf-df63ffcbdd4b,Spawn,156,Image,2018,,
f9c98505-2613-4321-bfb6-efdb15011b9f,Spawn,157,Image,2017,,
6837f39a-9d10-4c25-9669-19adcae7057f,Spawn,158,Image,1970,,
2ad20042-e16b-4b9e-bbaa-89f7fdaa5700,Spawn,159,Image,1963,,
982b590e-a293-4521-9418-f941ab8ed799,Spawn,160,Image,2017,,
56f06ffd-edc2-4854-be3b-4c9063e57143,Spawn,161,Image,2004,,
82ce4d97-9367-4746-91eb-6ef17c4d1411,Spawn,162,Image,1995,,
62da5394-4682-4d7c-8120-dc4c84e33449,Spawn,163,Image,2017,,
e37da3c2-eabd-4234-86c6-a15a5d479898,Spawn,164,Image,1986,,
174069a5-d525-494c-ab3c-dc4033dfc693,Spawn,165,Image,1976,,
7bb1bdac-7d16-4ac0-88ed-966d96d61305,Spawn,166,Image,2003,,
ed495669-9f73-4f18-9a23-f5f7963ec0e2,Spawn,167,Image,2017,,
5240aaf6-5913-4dc2-a2a5-90ab4b735291,Spawn,168,Image,1974,,
ef786a42-c632-4e04-8dc9-1882f8963b5a,Spawn,169,Image,1964,,
164eb021-0249-4be7-98a8-4fb07c459c9f,Spawn,170,Image,1982,,
222cea86-e29c-4720-b498-2bbff64e0b52,Spawn,171,Image,1979,,
43d95996-d3b6-48e5-b552-bdedc5c48e54,Spawn,172,Image,1986,,
99f69a9d-45e3-42af-928c-2b5cee993145,Spawn,173,Image,1977,,
49d420bf-bd1b-425b-8220-dec2f44822b7,Spawn,174,Image,1969,,
ebb3f574-158f-4c5a-934b-16ab74eefac1,Spawn,175,Image,2007,,
22089579-5694-4ba2-b4c9-27bd3ea6abc2,Spawn,176,Image,1983,,
bfeea2c5-e5d4-46ee-8724-92044a159330,Spawn,177,Image,2015,,
43c3fd9f-0e6c-488f-88e9-8ed121e48340,Spawn,178,Image,2006,,
ff74fb09-a850-4d9d-92f6-86f1e5c575ed,Spawn,179,Image,2012,,
6dea7330-48f8-4d98-9514-8b27b62cdba4,Spawn,180,Image,2005,,
e46cfeb3-ae87-4512-a0e6-4ece94f1415a,Spawn,181,Image,1961,,
f68b417f-4ec6-4335-a140-98d2f190c468,Spawn,182,Image,1993,,
7fd2bcf8-310c-43d8-b6ae-e445309ab2e0,Spawn,183,Image,2024,,
5938f114-9391-4464-b9cf-c9d60ff48303,Spawn,184,Image,2001,,
f68ae8d5-1a50-43b8-8c90-a3797ba7e49a,Spawn,185,Image,1962,,
8e591380-a54b-4a0d-8e72-3a8859b2c6dc,Spawn,186,Image,1961,,
3aa09202-daa5-4f1e-a4bd-8f212505daca,Spawn,187,Image,1997,,
8766ffa0-0cf7-46f3-8fd6-cba9c8d83c76,Spawn,188,Image,2017,,
89244fa6-1725-4947-8241-84cf9c76bb87,Spawn,189,Image,2017,,
4468ff7f-8c49-42c3-83cb-ad11ff75e899,Spawn,190,Image,1973,,
32d732a6-07c8-456a-b589-b3b8c7bfc657,Spawn,191,Image,2019,,
eef459cf-1a67-4f75-9718-e7979b833acf,Spawn,192,Image,2019,,
7ad72f2e-fa0f-4dbf-84d6-2261cf243469,Spawn,193,Image,1995,,
a86d2a51-45e2-4314-9f63-4e0920a30e56,Spawn,194,Image,2007,,
c3be3d1e-7fc4-43ef-b632-cd7cafa9a794,Spawn,195,Image,2004,,
513e604d-79f0-4550-b8d7-b1dc27cc9f2f,Spawn,196,Image,1977,,
dd1c2351-d992-4bcb-aa31-8623d4ca2331,Spawn,197,Image,1989,,
dd701b02-39d1-459d-b38b-5505cad9b3ef,Spawn,198,Image,1976,,
0dfb27d0-bd02-4458-8363-0708147a04a9,Spawn,199,Image,1962,,
b5495876-b2fe-40a6-b2af-9e2b5f1b6eec,Spawn,200,Image,1983,,
693316f5-11d1-417f-a386-3f30bf167c6f,Spawn,201,Image,1995,,
476fb25a-610b-4bab-9a4a-6ba12fc8dfc9,Spawn,202,Image,2009,,
9d56b817-8850-4d13-b193-55d60493e7fa,Spawn,203,Image,1973,,
0382f724-afb8-434a-93c1-2a17a15533ea,Spawn,204,Image,1997,,
630ac133-96bd-4e8c-8d2c-1ec7cd81ddae,Invincible,1,Image,1975,,
fcaa5c8d-b91b-492c-ba01-1a4dc1b5bff5,Invincible,2,Image,1986,,
5250a793-524f-46a0-a3aa-a379a194c47c,Invincible,3,Image,1987,,
bbd5233d-b4b6-4929-8ac9-08644efdeb85,Invincible,4,Image,1994,,
8a7e51ed-d174-4a27-a273-c34781edd25f,Invincible,5,Image,1976,,
21dc20af-83d5-4985-9e04-75096415b1c8,Invincible,6,Image,1997,,
938b0951-2eae-4df1-a5bb-08b8a102507a,Invincible,7,Image,2011,,
458df1a4-3eba-436f-b358-0db447e07905,Invincible,8,Image,1963,,
a589fb97-b0ae-4f4c-b146-1c315def882c,Invincible,9,Image,1997,,
72fdc3f1-b9aa-4844-8f8a-c46d1abec24d,Invincible,10,Image,1992,,
460bf8ea-c3bc-4d86-b8e5-533c962f78f2,Invincible,11,Image,1989,,
f78020c2-22ae-49c0-a4bf-64b60ac4e266,Invincible,12,Image,2003,,
1f7e1a0d-6408-41ee-9ffd-f6f1004fd1c2,Invincible,13,Image,2005,,
933c5372-1e9b-46f4-a62b-e8ba9c4d5319,Invincible,14,Image,1989,,
4ff0b27d-60dc-4ba6-aa99-aebfe3e57690,Invincible,15,Image,1980,,
88452f71-e762-4b14-a8ed-e04dc590cfbc,Invincible,16,Image,1966,,
82607296-de82-4a8b-a20f-8f02d9bc488f,Invincible,17,Image,2011,,
937b4df7-bbf8-4415-b4a6-b709cbb951a3,Invincible,18,Image,2006,,
e116e938-59b9-4960-b45b-413d864d3ec5,Invincible,19,Image,2019,,
6f5c16fa-b011-404b-ac4a-279acb2be387,Invincible,20,Image,1961,,
9940cd36-31e8-454d-b7ce-4064c999e272,Invincible,21,Image,1987,,
82c2b0fd-9dc5-43d3-8959-e526447bb9f3,Invincible,22,Image,2015,,
f4a5ccb4-fd3e-4f6d-8ac5-228a697e3dcd,Invincible,23,Image,1975,,
3a5cf3a0-3f23-4365-9e3b-bb8a443dbf62,Invincible,24,Image,2020,,
0c46c3c3-766e-4e23-8584-eaca1e54512b,Invincible,25,Image,2001,,
8839d3cb-9a66-4b50-94ea-19a5be8c706a,Invincible,26,Image,1978,,
bd74e4dd-fbbc-4874-b7de-60272f7538e2,Invincible,27,Image,1975,,
a53b13b1-d9cd-4dca-9f4f-3a5023652460,Invincible,28,Image,1985,,
dcd9b364-71ad-4381-a20d-0240b1539adb,Invincible,29,Image,1975,,
dff09f9f-ab35-4c42-8740-a8b662296e64,Invincible,30,Image,1979,,
4c9de8c8-f878-46f3-94c8-d90d1dd6737e,Invincible,31,Image,1985,,
36d935ce-8594-43ff-b930-b6631c31444f,Invincible,32,Image,2002,,
287abe02-f76b-44d0-8b76-c388af97f692,Invincible,33,Image,1967,,
4ca8f5c4-b080-47cf-b980-ff9c483a3def,Invincible,34,Image,1971,,
d6542891-10a4-4c01-ad4f-c3e990eb63b5,Invincible,35,Image,2019,,
f654054e-c188-439d-8fe2-d8604c636d54,Invincible,36,Image,1968,,
fd7afdf9-3502-4980-af40-dcb165532739,Invincible,37,Image,2005,,
0437dca3-7353-42bc-872c-c2874845a7cc,Invincible,38,Image,2017,,
ee81ebcb-65ae-4a2a-857e-306a8b370611,Invincible,39,Image,1986,,
009cdfb1-1889-46fe-8443-3f680ad1317c,Invincible,40,Image,2005,,
c1e0f55b-01d3-4ecc-9494-73e62b5c68e1,Invincible,41,Image,1963,,
e228077a-97c3-4179-a536-4a3dd9551c85,Invincible,42,Image,1965,,
7fea0808-2000-49d2-a7b7-7a8f236ef61c,Invincible,43,Image,2005,,
52124793-3679-4ed4-9405-69a985e45211,Invincible,44,Image,1983,,
19a4f5a6-e8cb-42b6-b881-5524db2c6e8f,Invincible,45,Image,1993,,
0668ae69-4b4e-4018-a86f-f25ff409f5eb,Invincible,46,Image,1990,,
fee47e72-74b7-44da-8c61-1611942a0cc4,Invincible,47,Image,2011,,
d5ad1e55-3d65-4568-b669-027f376d4661,Invincible,48,Image,1995,,
da709ff9-e880-42f3-bcfb-84642dd1bc07,Invincible,49,Image,1983,,
a450d1fb-c70a-4250-89c6-65a849021bc3,Invincible,50,Image,1996,,
1395d53e-0ea1-44da-b6e2-e5ffd844ae5b,Invincible,51,Image,2005,,
b9cec669-18cd-41ab-af55-e20f4c31d09b,Invincible,52,Image,2018,,
6d1e2b2a-7b5b-4205-87f2-d73400c7ec21,Invincible,53,Image,1992,,
70e3f18f-70ca-4ec3-a087-ffd2db60f21c,Invincible,54,Image,1967,,
48a127dc-ff16-477d-9b2e-4963f92126e3,Invincible,55,Image,2007,,
29d13054-d571-49ba-acf1-8355e2b4d584,Invincible,56,Image,1960,,
d857ab19-c6fc-4e84-8ef3-0e1735733ce7,Invincible,57,Image,2021,,
3d60b7e5-e002-4d27-b357-72929d432c20,Invincible,58,Image,1975,,
fc6beedf-6058-4f78-8760-04dc65329132,Invincible,59,Image,1972,,
2c3400f7-7083-47d8-ba94-d6a59bbbcc2c,Invincible,60,Image,1979,,
fc418155-216b-4d70-a747-cf92b4062aef,Invincible,61,Image,1963,,
bc498933-061d-4048-889c-9ffb5d8acc79,Invincible,62,Image,2000,,
c53d6f11-f003-4b85-9945-6c4807471a18,Invincible,63,Image,1977,,
68a25746-d8d0-4f7f-b857-1e63d8227709,Invincible,64,Image,2007,,
6039356c-7dec-4ad4-b2f0-0af7bd1754aa,Invincible,65,Image,1988,,
319ae3bd-6ba5-4bb7-9442-2447d631619a,Invincible,66,Image,1967,,
3a671c95-4c14-4699-bf4b-b9c55146e256,Invincible,67,Image,2007,,
8409618b-6938-46d4-833a-a40aa85ca100,Invincible,68,Image,2004,,
7518a6f5-1d59-4127-a5e9-02ccf96a499e,Invincible,69,Image,2021,,
fc5ec996-78a7-4f85-9062-474cc0fb7ac6,Invincible,70,Image,1978,,
74efba9b-652d-41c9-98a0-71912dedec5d,Invincible,71,Image,2016,,
ff589a44-4334-4a67-8752-47a174038c7a,Invincible,72,Image,1983,,
46298206-4d11-4930-89e0-12580bf39f1f,Invincible,73,Image,1965,,
adf9c9ec-71fe-479b-98c5-d699b3c4fcfb,Invincible,74,Image,2016,,
d1200124-1877-4949-bda7-f09adaeb8b79,Invincible,75,Image,1999,,
67a773cc-cf4b-4f3c-8ff6-a550bae570b8,Invincible,76,Image,1995,,
73a13d87-584f-488f-bccb-0918a5af8026,Invincible,77,Image,1961,,
8f63f1c5-934e-4263-864c-06f8673c4b92,Invincible,78,Image,1978,,
adf0d977-4e05-4f6c-a0ac-e6afc6c1fb89,Invincible,79,Image,2015,,
ebc31479-2785-4561-aad9-7752ab7f9d91,Invincible,80,Image,2015,,
d782ccbe-4bb8-453f-b409-7b99fd599f19,Invincible,81,Image,1989,,
87356c14-8f7b-4bff-b23c-129dfc8067c0,Invincible,82,Image,2009,,
67f985f1-4eca-42c4-9881-95f6beb15959,Invincible,83,Image,1994,,
1e8b4673-cb4b-4825-bcc2-1e146ac62d07,Invincible,84,Image,2018,,
00e80e24-cae3-4e1e-96ff-345818a88fdd,Invincible,85,Image,1973,,
fbe8ac15-b496-4fa1-a66e-a6a90967bd34,Invincible,86,Image,2010,,
e1ea1506-b96b-4206-a1e9-e2d1f1eca57f,Invincible,87,Image,1987,,
a69d98fd-5a16-4fac-91b9-209897acc54c,Invincible,88,Image,1981,,
62d35889-8f4f-483a-9c3a-68fbbccdff92,Invincible,89,Image,1987,,
82ad662d-62ed-41b3-8edf-606c3aa44630,Invincible,90,Image,1985,,
f810d18b-d65c-4612-ac02-862d8e3e0f94,Invincible,91,Image,2014,,
33d2f83d-90e4-459d-bcd9-804c1f8645a1,Invincible,92,Image,1965,,
79148330-1265-48a8-bf5a-475332cee4cd,Invincible,93,Image,1969,,
385fce42-0819-48ee-94fd-49aebff4bee3,Invincible,94,Image,1988,,
08912adb-3897-4406-8579-49f4351faf3b,Invincible,95,Image,2006,,
92d7746b-700a-4bc5-90d6-f7c13d36c2df,Invincible,96,Image,1982,,
a97aeed5-5a77-4185-b899-21b56079f9dd,Invincible,97,Image,1992,,
9820e35b-a528-4c74-bf95-03ce71739afe,Invincible,98,Image,2015,,
4100366c-9b0f-4b21-b01c-7968ebc43113,Invincible,99,Image,1975,,
2d51cd33-ffd6-40c5-b99a-e4d1165bd0db,Invincible,100,Image,1995,,
2948d43b-9bf0-4b1a-97e6-573233a3b9d1,Invincible,101,Image,1983,,
e19f6988-3123-4c3d-b0a0-6e8152b43bb0,Invincible,102,Image,1993,,
b2a82f45-aaaa-43a5-8f3e-bff586925121,Invincible,103,Image,2015,,
63a33690-f4d1-4966-a4fc-f09f3695196a,Invincible,104,Image,2015,,
e91d2328-f0e4-4895-9a24-b8377ed073b6,Invincible,105,Image,2002,,
f8a3d3e5-d8c0-498c-8912-d1e4dcf11658,Invincible,106,Image,1964,,
d98c9a90-d027-4246-9483-7106e1207e56,Invincible,107,Image,2015,,
f2085847-8703-420f-93a2-37452817f322,Invincible,108,Image,2010,,
4811c99f-0f8b-4ec7-be18-a43e491159bb,Invincible,109,Image,1998,,
5cdc0fe9-e79d-48e2-80b5-ab7542e44cf8,Invincible,110,Image,1973,,
bac67597-1198-438b-8f55-67b034388981,Invincible,111,Image,1968,,
c7afc61e-7122-45e4-b3e3-610a5ad6a6bb,Invincible,112,Image,1995,,
cc84f5a0-48e4-46f9-a106-a74f997ee9f4,Invincible,113,Image,1985,,
069666a8-0ece-4d08-8d4d-e195546211a4,Invincible,114,Image,1970,,
7ca0a0e2-42c2-4b1d-abac-625a12a1374c,Invincible,115,Image,2002,,
f86f1b1a-f2a4-4663-8c37-7a4931803e81,Invincible,116,Image,1982,,
c999d649-8b7c-49c5-9a7f-4d86921d449b,Invincible,117,Image,1971,,
d58ca306-63ae-41b4-956c-8bebc0e4ea4c,Invincible,118,Image,2011,,
738b71e5-224e-484a-8117-aaa9db85a18a,Invincible,119,Image,1995,,
386d94bd-53c8-434d-85ee-2644aac84abd,Invincible,120,Image,2002,,
d0aa22bb-8773-431a-8347-dce10823859d,Invincible,121,Image,2002,,
00962fc0-da12-4844-8a60-b3711d91a6d4,Invincible,122,Image,2014,,
455023d5-2984-419f-bb85-ea78424116b8,Invincible,123,Image,2019,,
ade40bb4-acd8-46ce-9f77-b0c3a9cea42e,Invincible,124,Image,1993,,
b4db414a-def4-4c80-8ee2-271956e7a261,Invincible,125,Image,1997,,
d4b239c6-2edc-4695-96b9-9bc0473e5125,Invincible,126,Image,1960,,
67059851-624f-48b3-a217-58f42a5c301c,Invincible,127,Image,1990,,
b1b6e1e8-760e-46c9-899a-e2c068f0e807,Invincible,128,Image,1966,,
2c47ec93-dc83-4bec-afbe-b511d28972af,Invincible,129,Image,1962,,
04a53436-47a5-4466-a078-7beccac16901,Invincible,130,Image,1980,,
a8e1ea4b-1db7-4314-842f-7011d43d4c2f,Invincible,131,Image,1970,,
46c997cd-147b-4bec-a8e5-ed4f480f24cc,Invincible,132,Image,2017,,
afa87eed-e958-4647-ae32-0c5d065905b4,Invincible,133,Image,1981,,
fef072ff-1751-402e-bd97-bed58f191ffe,Invincible,134,Image,1999,,
82a6da36-1e77-40b3-b728-6cb36bf267ae,Invincible,135,Image,2012,,
ac1791c8-77de-40c1-9720-2c68a3268a0d,Invincible,136,Image,2015,,
690e940e-1fad-4940-8d98-ecb4a262c026,Invincible,137,Image,1987,,
65d5f76a-04dc-4095-b672-b766689d8012,Invincible,138,Image,2023,,
54e33a05-b8ad-49c9-8591-e298a065ac2d,Invincible,139,Image,2006,,
7bbecae4-ea51-4f1b-b441-403506d19d22,Invincible,140,Image,1988,,
1987bc6d-1f92-4a29-a032-f13e29e893e7,Invincible,141,Image,1970,,
9cd64092-9aff-4370-9fea-f11bf23974aa,Invincible,142,Image,1980,,
69b97fa7-e77c-4ec9-b48c-17ff754b0232,Invincible,143,Image,2002,,
4b04f0bc-0b40-49e2-a04b-8b36a3f5f6d1,Invincible,144,Image,1974,,
412dc42c-9669-4579-b246-50cf66936519,Invincible,145,Image,2012,,
6c54ebe0-6b6b-4157-a87c-6acec196d87c,Invincible,146,Image,1987,,
0276d697-5d8b-4f7a-adab-c4f285d750e6,Invincible,147,Image,1972,,
5f2c06ce-59ff-483c-a70b-8676faeb0b39,Invincible,148,Image,2021,,
bb78a142-ffc2-4157-aeac-1407bfb7e7f9,Invincible,149,Image,1975,,
a631b024-ec49-4ccf-ab02-595e7c87097c,Invincible,150,Image,2022,,
fc879198-8ea5-48ac-8142-a7727a6b5e53,Invincible,151,Image,2004,,
512ce72b-2a0d-44a5-a24d-c86a20274fcf,Invincible,152,Image,1985,,
03c4fd77-64df-42f9-a96f-4a672a89f1d7,Invincible,153,Image,2013,,
4f1bccfd-71c8-4b01-a91c-19dc2360562f,Invincible,154,Image,1960,,
755fefe5-2757-4437-91ca-0c40bc29e740,Invincible,155,Image,2004,,
2ffdfc34-1c69-4fd9-9941-0ffc618e9ee0,Invincible,156,Image,1968,,
7565648e-b216-4c1f-a851-82035ff059b7,Invincible,157,Image,1965,,
2760d039-e464-4dcc-888b-dfe2ce55f5db,Invincible,158,Image,1986,,
4ef59ce0-7aab-470f-ad19-7f6a6970274c,Invincible,159,Image,2024,,
c56fd2c5-6d25-4116-a3d2-35e1eec6eb05,Invincible,160,Image,2016,,
14b676df-d50f-4b1b-9cce-ac3985f713c7,Invincible,161,Image,1989,,
6267afee-2df0-4bac-9090-4bc8d6e37be8,Invincible,162,Image,1961,,
99f0de81-3a01-4b79-b8fb-e9d32e62d4e1,Invincible,163,Image,1979,,
10d9a08b-5e47-4120-b6bb-221939e4be8e,Invincible,164,Image,2020,,
005ecd58-5892-474b-91c7-78851e6cd941,Invincible,165,Image,2013,,
a77fa604-c0a9-4c5d-ad34-a1a2fc0055b8,Invincible,166,Image,2009,,
1417bb92-2085-4916-98cc-ca711ef98b5f,Invincible,167,Image,2009,,
8712865b-f6d5-4c69-8384-9156290386e2,Invincible,168,Image,1982,,
06d9a330-9efc-41d7-87d7-0e24f375fdbc,Invincible,169,Image,1973,,
10eb18a1-98d0-42a0-972b-92767aa8f8d6,Invincible,170,Image,2011,,
5cfca843-4100-462d-ac97-b89f8ce2d153,Invincible,171,Image,2012,,
ff09c3e3-63e2-47a5-9d2b-193b863a6ec9,Invincible,172,Image,2011,,
0c74f1c8-c91c-41b7-9659-da62628fbbe4,Invincible,173,Image,1995,,
fe6ab9fa-a24b-4810-b578-8e6966d58c4b,Invincible,174,Image,1982,,
229284eb-c358-478f-a276-30a46ff95d5d,Invincible,175,Image,1983,,
5e9ecfa7-3e2e-469d-930f-87cf0a6369b4,Invincible,176,Image,1960,,
b8b424af-dfda-4f5a-9bac-1bcf0c1c609b,Invincible,177,Image,1964,,
f5dfa6eb-edba-4556-a0de-c438b509d3c3,Invincible,178,Image,2024,,
68af035e-bd7e-43b5-b243-1c17b95a44c2,Invincible,179,Image,1967,,
ec39863c-ba87-43ea-b4f4-ee11e495092c,Invincible,180,Image,2024,,
e99e22d6-50ba-4193-bbe4-85ba93ea64fe,Invincible,181,Image,2008,,
916f6ab9-0ca7-4cf8-a3c0-8f556ca64b05,Invincible,182,Image,1960,,
e7114563-c603-48f4-b876-425b3bb501f7,Invincible,183,Image,1973,,
5f2d98c9-9c13-4223-b0f7-8b7d444ae5db,Invincible,184,Image,1970,,
d0044437-db8e-4151-b12a-f9a5978cb11f,Invincible,185,Image,2011,,
fcdf20c8-a57c-4330-a687-e7cb095a8490,Invincible,186,Image,2022,,
e4c9bec4-75ef-4d29-8405-2cea3f9be297,Invincible,187,Image,1984,,
6f9c5f6c-c0c2-485e-88e1-5ba8bad8fcfe,Invincible,188,Image,2024,,
515aebdd-75ef-4a6f-bd7e-069f0b973822,Invincible,189,Image,1981,,
c355343a-73a3-48e8-9696-be575b0cb8cc,Invincible,190,Image,2020,,
de0a399d-3a27-4f65-ba7e-dfd7bd2d1ed4,Invincible,191,Image,1967,,
3e458f1b-75db-49e0-acc8-d4d1f0df6001,Invincible,192,Image,1961,,
45f57dbe-5182-4881-813a-d2cd5504e7be,Invincible,193,Image,1966,,
aa1fba03-c454-4fba-91ea-34a9036e4b4a,Invincible,194,Image,1964,,
67f487d5-db32-4409-9333-15df37eb8fe9,Invincible,195,Image,1992,,
9b6450f1-9197-458c-a5de-601d877c9222,Invincible,196,Image,2022,,
29c3aa36-5ed2-420e-946a-afb44ee4f348,Invincible,197,Image,1963,,
58735368-8ee1-4284-9abe-9fc4da0f410b,Invincible,198,Image,1968,,
b611f43d-967b-4104-a963-5fffe55a0b30,Invincible,199,Image,1994,,
050169cc-8306-4b4e-bffa-4fa0a3f25f04,Invincible,200,Image,2001,,
7358848c-d508-41cb-9914-c3db43ef71ab,Invincible,201,Image,1977,,
3be71cea-c39c-488b-a738-37791d8415fb,Invincible,202,Image,2010,,
fffd7374-5870-482d-bdf6-df2c8bbeb940,Invincible,203,Image,1969,,
db54413f-32aa-4a88-975d-c786a3a04dbf,Invincible,204,Image,2018,,
6ab75ca1-df1f-496d-b6d3-6d2581d180e6,Invincible,205,Image,1988,,
8cd2b1da-f816-492b-9694-6469ec9ecda7,Invincible,206,Image,1999,,
021cc441-e954-422d-9fc9-e26478266622,Invincible,207,Image,2006,,
a5c33472-5f3d-44af-8390-c3df7b5f637c,Invincible,208,Image,1983,,
428913fa-5cde-4536-a02f-84b4ebf22742,Invincible,209,Image,2008,,
71c9f71e-fb80-4812-b594-c098ceafdc8c,Invincible,210,Image,2012,,
b74aec12-2898-4e2a-ae59-cd2be9829c72,Invincible,211,Image,2022,,
ad7b673f-8f57-478c-a12e-fefd481bd79c,Invincible,212,Image,1988,,
4075fb7a-2a70-46ba-b790-648edfc0a34e,Invincible,213,Image,2009,,
7184326a-b9b4-4083-8e77-b64a5ba8fb20,Invincible,214,Image,1987,,
fcdb2931-94e4-42da-bdab-5a6e7f884cc5,Invincible,215,Image,1973,,
47b18cb6-7c6a-42dc-ba91-a16361057866,Invincible,216,Image,2003,,
bf12faa2-af5a-449d-bff6-574cd46c6953,Invincible,217,Image,2018,,
e961f1ab-cd5a-4a4a-9348-0c150b3f4962,Invincible,218,Image,1984,,
fb890f5c-817a-4db3-a8dd-4fe06d788a69,Invincible,219,Image,1985,,
caeb331c-64d6-4b14-a48a-53d8cadba6cc,Invincible,220,Image,1980,,
5d33cead-bb95-43e6-873e-4747d451bc7d,Invincible,221,Image,1968,,
bc7aa2c2-11a9-451d-8d73-88502f6fc478,Invincible,222,Image,1973,,
b5e56553-ad6b-4801-87da-e1d396249183,Invincible,223,Image,1988,,
c88f0d0b-283c-41c4-8762-6c2d0802ab31,Invincible,224,Image,1982,,
da8762ef-f612-47f9-a37e-aea52abdd3ae,Invincible,225,Image,1992,,
7a42ef4f-bc57-42d3-9323-1bce5980eb62,Invincible,226,Image,1963,,
898ad8f0-7743-443e-a4b8-862eac749cfa,Invincible,227,Image,2004,,
ba2dcdad-4fe8-46b6-96a4-275ef54b9d21,Invincible,228,Image,1994,,
6c9e93bc-cf6c-4b55-93e1-3971c274b72c,Invincible,229,Image,2018,,
5d90a393-939e-4d58-8577-5f085c3fa23a,Invincible,230,Image,1981,,
a3900aad-013e-4120-b27a-220386386c50,Invincible,231,Image,2010,,
ea13fac5-fdeb-40ce-a116-12b1c78f6d5d,Invincible,232,Image,2018,,
9b08d5c2-a7cd-4772-bcdb-b3df22b1b6f5,Invincible,233,Image,1984,,
8ad46f54-bc0d-4e1e-8332-18699c84802b,Invincible,234,Image,1998,,
9ee6f897-3eb4-48fe-9d7c-ba00930a1ee6,Invincible,235,Image,2023,,
63520c75-9c0d-41d3-9687-fdabdf6dca37,Invincible,236,Image,2007,,
19c8874f-42fe-4b16-9454-6600e990ddc1,Invincible,237,Image,1966,,
f9a4f212-33ec-4019-a758-4f630c295d2a,Invincible,238,Image,2010,,
cb204332-87a9-4475-97ff-02d425cb32a4,Invincible,239,Image,2012,,
96138f78-245a-4ffd-b474-79c005b590a4,Invincible,240,Image,1987,,
8d68c63d-af65-4ef2-b533-e6ba994364e6,Invincible,241,Image,1967,,
8972613a-ba3b-429f-b736-4f91d0a62350,Invincible,242,Image,1961,,
3969b74c-9df2-4423-909a-99a77d9bcbf7,Invincible,243,Image,2000,,
82c6d723-5deb-45a3-aff1-6fbaf3c3b915,Invincible,244,Image,2020,,
0b237664-66fa-4af4-ae22-b7d3559fcbfc,Invincible,245,Image,2011,,
495c4902-dbc7-4d48-ad3f-61148b71cd0c,Invincible,246,Image,1978,,
ef703ef6-1170-4ba0-b3f1-a1d32a7dc5fe,Invincible,247,Image,2006,,
80b728ff-6410-48ae-b69f-1eb54f14dff7,Invincible,248,Image,1965,,
f79522e6-e450-45d0-9579-1f380da57098,Invincible,249,Image,1976,,
5ab38ac3-e89c-4876-a771-a4b95737c7ce,Invincible,250,Image,1999,,
cccfe1e1-ee3b-4199-9627-096d88e1cb20,Invincible,251,Image,1970,,
6fce72cd-bdcb-44c6-b8ee-b3719febddc9,Invincible,252,Image,2007,,
924d2105-73b8-4c33-a959-d9b0c50cab4c,Invincible,253,Image,2011,,
daa80b49-7dac-4018-b0a8-7514a27e8ffd,Invincible,254,Image,1992,,
c1144398-dbbb-43dc-b722-2949a3497495,Invincible,255,Image,1982,,
1f0faf04-1e5f-46e4-9c62-c4431ca11f7e,Invincible,256,Image,1961,,
4fc74d92-a77c-4178-a7db-a6650b86ee65,Invincible,257,Image,2023,,
a6593b3e-eb0d-4ce3-8a1a-076c1fcbfa35,Invincible,258,Image,2008,,
71f18b6b-cad2-4052-9ca4-23916923c031,Invincible,259,Image,2023,,
f0779068-084e-4bcf-855d-d4d303903faa,Invincible,260,Image,1980,,
6b09a39b-4cb7-4017-a1f4-f7fcd74afd7b,Invincible,261,Image,1966,,
9dc9bedc-45af-4785-a296-2ef30494a451,Invincible,262,Image,2000,,
449029c9-64da-4fad-a8e3-ecb28d2b6750,Invincible,263,Image,1993,,
d4aa74b3-af87-4785-87c2-2244f6d80de5,Invincible,264,Image,1962,,
fdc86bf0-c976-43a8-927a-6918622754d2,Invincible,265,Image,2005,,
d0ad906b-427b-4884-8931-a310eb17b476,Invincible,266,Image,2021,,
81682bb8-4816-4e20-b7b4-71440add4567,Invincible,267,Image,1972,,
a3466a8d-8640-4266-a38e-40b5f23d8439,Invincible,268,Image,1983,,
88246f46-f31b-43fd-9cd1-b4dbc271b0b5,Invincible,269,Image,1988,,
9dffd556-c361-48e1-8161-39fc3e47c76b,Invincible,270,Image,2004,,
3cdb3198-9f7a-4867-bae1-ee75d217e14d,Invincible,271,Image,1976,,
2c2265bb-7148-4824-aa9a-bd59f13ebb95,Invincible,272,Image,1962,,
6694a955-297e-4231-9ad5-9abee284ae2d,Invincible,273,Image,2019,,
570a52d4-4300-4192-89e8-17fc2d74bae4,Invincible,274,Image,2017,,
0c04552f-4356-4c8d-a106-76c60fbd5948,Invincible,275,Image,1964,,
6c1953a4-3184-4c33-824e-70850bc6f823,Invincible,276,Image,2020,,
6f1f15bd-0c01-4c1b-b8de-df6d60068e7e,Invincible,277,Image,2004,,
bf544c48-7852-4130-a219-4301972caa2a,Invincible,278,Image,2003,,
4911566f-9909-4ac2-8e60-42c1578bd8d7,Invincible,279,Image,2021,,
dc706c4a-f6e8-4dbb-9e36-7ccc2420e5a8,Invincible,280,Image,1960,,
875a5643-7eae-4b5f-859a-9169610fa645,Invincible,281,Image,2005,,
bf6f41be-14e5-4ee4-9fbd-0ba9064a7a39,Invincible,282,Image,2009,,
1124acc8-706e-4b26-868f-188fad4487c5,Invincible,283,Image,1979,,
178dcfcd-4ad1-4d90-8d63-283633cbf9b2,Invincible,284,Image,1994,,
4e9cf8c6-524f-444f-b271-2f83982edb71,Invincible,285,Image,1983,,
d6ce1060-21f7-4255-85ef-658f512e1e6a,Invincible,286,Image,2015,,
8468a782-d363-4147-8dd0-280a3a39e0dd,Invincible,287,Image,1971,,
65590c12-702b-486c-bdc5-19a690b0745b,Invincible,288,Image,2007,,
91893b9f-1a81-45ca-916a-2cc0310f16b9,Invincible,289,Image,1997,,
618c5688-b9a5-464b-9618-35be0f3569fc,Invincible,290,Image,1999,,
50ce1b31-6bbf-4e90-a47c-7865b49f38e8,Invincible,291,Image,1976,,
decd8fa6-5ef7-4d6b-a8c8-22a058cb7fac,Invincible,292,Image,1993,,
dc617308-61e9-476b-b19d-bac8e0e668dc,Invincible,293,Image,2010,,
264cc90f-86db-4364-96d2-175ad221aa74,Invincible,294,Image,1983,,
4c714271-f8da-4be4-bf50-2528f7f5ea38,Invincible,295,Image,1971,,
507499ff-4001-4eb9-ac0c-2df3747afa1e,Invincible,296,Image,2012,,
93ad97e4-99cf-49ed-a783-066a5bdbe429,Invincible,297,Image,2022,,
95ee1168-2104-43fa-892c-d7d3b985a789,Invincible,298,Image,1970,,
ad5771cd-1e1f-48d7-a4b0-70557c570ce1,Invincible,299,Image,2005,,
a1087f9c-d462-42ae-b856-0ae8d0553189,Invincible,300,Image,1981,,
46a26b7b-78da-4cac-b77c-f7c7852ad622,Invincible,301,Image,1967,,
68b5bc87-486e-4717-ae74-e97c72b03e25,Invincible,302,Image,1982,,
4107f15e-6313-4067-a359-0e526f605c31,Invincible,303,Image,1994,,
84adc5e7-c81b-4dfd-87ce-79a1e425e9b2,Invincible,304,Image,1991,,
2006a2f2-012a-495a-8b8c-b3754651c762,Invincible,305,Image,2001,,
8f876943-caf8-4e3b-a8a9-545c4a8c700d,Invincible,306,Image,1996,,
bcfe48a3-d63d-4727-a9b9-35c6f95304e6,Invincible,307,Image,2023,,
e35692cb-0f86-4dff-8d5d-b77b97cdb50c,The Walking Dead,1,Image,2002,,
5325f4bb-235e-462f-ab96-dcfe5eddaf11,The Walking Dead,2,Image,2020,,
852d5e8b-e44a-460c-919d-bef519c56005,The Walking Dead,3,Image,1996,,
56d06686-5821-47c4-9266-2814d84bcd10,The Walking Dead,4,Image,1982,,
a12583ac-e5d3-48c2-ab5a-6915819d657c,The Walking Dead,5,Image,1970,,
b2a7d07e-20eb-4f63-91ad-accf1ba73097,The Walking Dead,6,Image,2009,,
07d73202-c149-4cc8-88e6-e87b385e8d90,The Walking Dead,7,Image,1974,,
90b15001-d97b-4da2-a56f-c8674809de9d,The Walking Dead,8,Image,1964,,
3454fb7d-0030-400b-8c02-0ef8083eba8a,The Walking Dead,9,Image,2001,,
44ef178b-5482-4bbe-b0b4-56acfc500422,The Walking Dead,10,Image,1970,,
9bc43f78-003a-4150-b2d4-7a8cb4673b55,The Walking Dead,11,Image,1990,,
59686fe4-85f7-404b-ac4a-561f364e2434,The Walking Dead,12,Image,2024,,
e77ebe67-7b33-455a-9d79-1941740810cc,The Walking Dead,13,Image,1978,,
2fd69f58-ac95-43c0-a064-517ace74c6c7,The Walking Dead,14,Image,1982,,
e343616a-2ff4-4a63-b50c-e5a046be2164,The Walking Dead,15,Image,1995,,
55827870-641e-4fc1-b389-6a2b425c18ff,The Walking Dead,16,Image,1996,,
05883b70-4fe9-4d5f-9d57-c33078233092,The Walking Dead,17,Image,2007,,
833eab1d-060a-4459-ae1b-8f93397ca262,The Walking Dead,18,Image,1963,,
0089c229-eb46-402c-92c5-8edb6d236254,The Walking Dead,19,Image,2020,,
6bed7896-2767-42c9-9e2d-476f6f55c16e,The Walking Dead,20,Image,2012,,
d6d2cb57-13ff-4f03-8e3b-89c73d1386ac,The Walking Dead,21,Image,1966,,
64a22aaf-9892-4bd8-b80b-4710a841f784,The Walking Dead,22,Image,1973,,
6c656d14-9987-4208-adec-b86a523e4b59,The Walking Dead,23,Image,2020,,
e2dfa229-8a23-4100-b298-4ed84b8650ff,The Walking Dead,24,Image,1993,,
e138294e-11ec-4f04-bd31-cf37d5693dd1,The Walking Dead,25,Image,2019,,
5dac9619-1869-49e5-8ab2-55a9dc139958,The Walking Dead,26,Image,1988,,
f7bcdfc1-2bbd-4ef4-8b2e-2a64608e9dad,The Walking Dead,27,Image,1975,,
4402175f-b444-41d5-8ae0-b70fa3ac40e7,The Walking Dead,28,Image,2018,,
8784c3d5-994d-4ee0-9f9e-11af1e0de5d9,The Walking Dead,29,Image,1966,,
824c5d5a-96c5-410a-a638-2a7342dd95e0,The Walking Dead,30,Image,1971,,
c3c5e01e-cb0b-4c8d-bd11-98e8bad15fdd,The Walking Dead,31,Image,2003,,
6725ddf2-6724-497a-b8c0-bf97b1f799e9,The Walking Dead,32,Image,1968,,
a32e18e6-cfbb-449b-9345-b5634946c4c9,The Walking Dead,33,Image,2011,,
8ecb050d-28a0-4506-9c9b-61dc08084918,The Walking Dead,34,Image,1989,,
4833b887-eeeb-4253-b644-e238f41fba27,The Walking Dead,35,Image,1995,,
8fd3f7d0-451d-427e-b394-ae0dc23c4aed,The Walking Dead,36,Image,2002,,
88a84863-0334-45ee-bfca-519cdfab312e,The Walking Dead,37,Image,2012,,
6ae5a354-f309-45b5-9e98-e32f88c6f370,The Walking Dead,38,Image,2005,,
caa53524-71d7-43d4-b0d9-7e391ddf0b81,The Walking Dead,39,Image,2014,,
06a91a81-0621-495a-b237-2a6faf14054c,The Walking Dead,40,Image,2005,,
bbf7816b-267d-418d-8b4e-03a854e7d504,The Walking Dead,41,Image,2004,,
36e8fbb8-1251-4505-9e9e-deb1d7f771b1,The Walking Dead,42,Image,2010,,
52fae72c-b114-43c5-a88e-c25718cfb8c3,The Walking Dead,43,Image,1961,,
56ac0aa0-abad-4127-b931-2a1b5e665304,The Walking Dead,44,Image,1982,,
1e0dc377-451c-41ee-928f-075e0e10aea7,The Walking Dead,45,Image,1979,,
a6a83994-7cc8-46ed-a235-57563803201e,The Walking Dead,46,Image,1967,,
cc64f6b0-9d7d-4da2-b6b1-189d7aa74473,The Walking Dead,47,Image,1979,,
c832aa17-3bbf-4f63-bea3-ee41606e3c59,The Walking Dead,48,Image,2014,,
c7fc3e8d-f86c-451f-a7a9-9a33bb2d4b99,The Walking Dead,49,Image,1963,,
2568ccd1-6b7b-4d61-9f7b-46879f859223,The Walking Dead,50,Image,1986,,
efa4b784-fba7-44d5-b476-a0d151c7f16d,The Walking Dead,51,Image,1979,,
d0fa69bd-9bc5-42e3-b861-66bd2144c813,The Walking Dead,52,Image,1980,,
e72a77fd-ce13-4a7b-b70c-a3a41920cef6,The Walking Dead,53,Image,1984,,
73a8720c-4547-45d6-a53c-77453567df6b,The Walking Dead,54,Image,1982,,
fe805d2d-804e-4f88-a9a6-a27374d21e43,The Walking Dead,55,Image,2002,,
f2a43714-82f2-4feb-b8af-d04fac662b47,The Walking Dead,56,Image,1979,,
a2b6c1d4-a673-4bd6-93a5-1653deb08664,The Walking Dead,57,Image,1997,,
f18b0cd8-7ca0-49f7-95cf-1d9dc3894b4a,The Walking Dead,58,Image,1997,,
0c237a2f-5bcc-4fa4-a8f4-30a5d8d14b98,The Walking Dead,59,Image,2005,,
4e91e341-94c2-45e6-a09e-88f14543debf,The Walking Dead,60,Image,1971,,
95bdcb38-74af-40de-aa6d-0b606714c42b,The Walking Dead,61,Image,1991,,
e2dc145a-fecf-470e-ad36-bcb5817f9d90,The Walking Dead,62,Image,2005,,
5e01120c-f573-4930-af85-80a49825bf95,The Walking Dead,63,Image,2017,,
d3cd44d1-3d91-42c7-9f81-d9b1f6027101,The Walking Dead,64,Image,1997,,
42a0a993-13e7-4bb0-9973-a288e6335838,The Walking Dead,65,Image,2022,,
25c68e47-e919-47fc-bd1b-09b02ff898d6,The Walking Dead,66,Image,2003,,
6877ac23-8db7-4632-89d1-5bb74821f608,The Walking Dead,67,Image,1995,,
82e61cfc-e1ff-4667-84c4-e0b1bbb24796,The Walking Dead,68,Image,1978,,
89149a65-644c-493a-acb1-55e614fc0ab3,The Walking Dead,69,Image,1973,,
7f6dd7fb-f032-4598-931f-2efa2b30c822,The Walking Dead,70,Image,2008,,
9bf59698-450d-422d-94cf-b6cc76fde377,The Walking Dead,71,Image,1982,,
4607dd54-f8b1-4a8a-bd9c-b838388aca2e,The Walking Dead,72,Image,1961,,
a79b2abb-b4d6-476b-88a8-ae5d440705d2,The Walking Dead,73,Image,1968,,
f5ba19ec-0f5f-4b51-aa36-6b9e715b239f,The Walking Dead,74,Image,1974,,
c01b515b-2306-4838-8086-79905c124738,The Walking Dead,75,Image,2001,,
67d29852-3a95-4fa3-a470-0c9bf25de348,The Walking Dead,76,Image,1979,,
24e4ade0-c013-4529-9cea-134f5b810dcb,The Walking Dead,77,Image,1973,,
49be5f8f-4cce-483c-a923-b47279292bc4,The Walking Dead,78,Image,1979,,
5a08d355-e576-45fe-9250-eecc93abcdae,The Walking Dead,79,Image,1981,,
e7d02997-89ec-4fbd-bae4-bb1ddfb56811,The Walking Dead,80,Image,1977,,
779ec91a-fcb9-4e50-8d8e-e713efc5f7cd,The Walking Dead,81,Image,1997,,
9d39e18d-5e1f-4d71-9387-6a27399474e8,The Walking Dead,82,Image,2003,,
edd38a91-8808-421f-beb8-647d2f7251f9,The Walking Dead,83,Image,1967,,
be9cce90-1c9f-49fd-90a4-45dc4171dd5b,The Walking Dead,84,Image,1972,,
a6c48dfe-9475-40a2-9509-5762efebeb3e,The Walking Dead,85,Image,1996,,
c25d67e6-7325-4340-ad22-44116081e891,The Walking Dead,86,Image,2018,,
e2f1dba4-fa90-4bed-9ba6-3e9626800780,The Walking Dead,87,Image,2015,,
4946914c-10e4-42e3-b52f-887702ce8a58,The Walking Dead,88,Image,2023,,
6b26a3fe-ae6b-47f0-b440-f18766fe7dc6,The Walking Dead,89,Image,2000,,
13494188-aa55-42e8-8228-b13da9f75e10,The Walking Dead,90,Image,1999,,
bfc79e3a-7aad-4348-9bb6-da4ce4a48317,The Walking Dead,91,Image,1992,,
9ba43628-f81c-4c30-880f-8b76bbb5df35,The Walking Dead,92,Image,1991,,
9a8da778-50df-4387-bfc4-1efe31f17722,The Walking Dead,93,Image,1966,,
a9745c07-409a-4e15-ae1f-2d028ac6428e,The Walking Dead,94,Image,2015,,
8acd3ebf-5da7-4515-9c58-da7043ba7493,The Walking Dead,95,Image,1965,,
3e5e7249-a076-4773-b062-cb6a3f48f82d,The Walking Dead,96,Image,2022,,
3e2e668a-3a5d-42fb-b7f0-a51644721090,The Walking Dead,97,Image,2004,,
13c28470-7300-4c4c-86b3-f03ad845a1d2,The Walking Dead,98,Image,2008,,
cffb9016-c570-4c81-9032-9a910c984d66,The Walking Dead,99,Image,1986,,
e81c5174-36ca-4fc5-9bf3-ef2f5f494c31,The Walking Dead,100,Image,1975,,
544fff2e-ece5-414e-bebb-0d1c757e79b6,The Walking Dead,101,Image,1975,,
dd13c37b-8aa8-4e8a-8844-734dba084ca3,The Walking Dead,102,Image,1971,,
714f05ac-0e3a-4a00-8ae9-98b4abd87c0a,The Walking Dead,103,Image,1970,,
8f0b3905-73aa-4902-9361-1d2bb05650f2,The Walking Dead,104,Image,1969,,
df1ea6ea-5a16-4ff1-8b5b-e0890feeca21,The Walking Dead,105,Image,1998,,
57334c9c-bbc4-4c37-b5b4-71c1b2e3bceb,The Walking Dead,106,Image,1993,,
b39c0591-75c4-4056-87b5-8a0997269ccb,The Walking Dead,107,Image,1974,,
08626273-88ec-441c-8fb5-9463bdc836ee,The Walking Dead,108,Image,1963,,
2a154cc4-c10d-4866-81d9-cb2b7ed7dec4,The Walking Dead,109,Image,2009,,
7f3475d9-e3e4-40f8-bf18-14e222058e94,The Walking Dead,110,Image,1997,,
fffe2161-76ca-4fbf-98b2-470c1e8d6749,The Walking Dead,111,Image,1980,,
b94454cb-9daf-4ce3-99db-5f1ca509fb82,The Walking Dead,112,Image,1960,,
8699bc34-4651-480b-b2f2-2a3625677c76,The Walking Dead,113,Image,1981,,
ca28460f-1f65-4f2b-a63d-73dfe516fea9,The Walking Dead,114,Image,1993,,
b0820ac4-bf4a-4204-a078-a9d8c588efb3,The Walking Dead,115,Image,2002,,
8d8fe9c1-3987-48ed-9436-ba301db39da2,The Walking Dead,116,Image,1962,,
7ca42f82-3b6c-4d28-9eb5-529c5ec87710,The Walking Dead,117,Image,2005,,
9e3407dd-1ab6-44f3-b240-23fcf8323838,The Walking Dead,118,Image,1981,,
aaddedbf-a271-403f-bb4a-39a742db3d89,The Walking Dead,119,Image,1965,,
5a45aed1-13cc-46c4-83a9-e54ebf2e63df,The Walking Dead,120,Image,1998,,
b1937965-ed28-4408-8bbd-9b4fd28ab3a4,The Walking Dead,121,Image,2018,,
8fe3f1ec-8ab3-4e2b-9c81-8611941e0058,The Walking Dead,122,Image,1974,,
7fc1f2c6-a02e-43f6-b1f1-d6620ff727e9,The Walking Dead,123,Image,2011,,
7737c0d6-8935-4987-b632-201286b7386c,The Walking Dead,124,Image,1968,,
5919bdbb-3418-41e4-96f4-f72e5491ea9a,The Walking Dead,125,Image,2013,,
9e3bca2d-b596-4b49-8d3e-b51acfcb38eb,The Walking Dead,126,Image,2017,,
dddb8068-2649-49a9-949d-973c62b8738e,The Walking Dead,127,Image,1960,,
fbcda7a2-80e8-4c7f-848c-7cc5f361e922,The Walking Dead,128,Image,2004,,
9c676566-bede-4e95-af5b-19d165205424,The Walking Dead,129,Image,1976,,
a6c0d00f-73f4-40a7-aa7f-1981a52eed90,The Walking Dead,130,Image,1991,,
249b811d-d88b-4647-aa67-8d11ae54916d,The Walking Dead,131,Image,2003,,
1c69a66d-11e6-4e71-94ee-e3bf6928f95b,The Walking Dead,132,Image,1992,,
8cb80323-38f7-4e5e-a70b-9f3d0d2de2d5,The Walking Dead,133,Image,1995,,
d57959e7-7e92-46ca-802e-4d3e044af1ba,The Walking Dead,134,Image,1960,,
75e21800-97c6-4f0a-b92d-84f29183b9df,The Walking Dead,135,Image,1993,,
6622daf3-0715-407d-bd1f-87840bc8e794,The Walking Dead,136,Image,1998,,
2bad04da-67a7-455f-b79e-ed036eeecdec,The Walking Dead,137,Image,1967,,
32808d82-0888-4bd2-8073-2823d6952b06,The Walking Dead,138,Image,2023,,
26129c64-fa41-43f0-930b-a8156f218fc2,The Walking Dead,139,Image,1999,,
8063b5f7-a6dc-4264-bf13-10b594dc0fc9,The Walking Dead,140,Image,2018,,
0e6334c4-1dc7-4f90-b2ea-caf9a8ee5631,The Walking Dead,141,Image,1981,,
77f3ddb5-4407-4eaf-928c-5f99ba85aebb,The Walking Dead,142,Image,1987,,
4b70e626-e3d3-4ba3-893e-282f44116ff2,The Walking Dead,143,Image,1992,,
84cf0f0a-fa24-4735-a65b-0d57243cce5a,The Walking Dead,144,Image,2015,,
dcc8b880-c702-4f6d-92bf-12057e9ac3ec,The Walking Dead,145,Image,1963,,
c4d57aea-3e75-4558-9c4f-fd00a210e7e2,The Walking Dead,146,Image,2015,,
a5669a38-7fc4-446d-8689-5bf099c1c7d8,The Walking Dead,147,Image,1986,,
91c245cf-80d9-42ff-978c-0c5a2ad712a6,The Walking Dead,148,Image,2012,,
524e67f6-44c2-494a-8e7f-db4ed213cf43,The Walking Dead,149,Image,2020,,
3eab716f-f2b5-4b20-a356-62661dafff8e,The Walking Dead,150,Image,1964,,
ede4bd81-058b-43d2-837b-702fef85221e,The Walking Dead,151,Image,2013,,
e3dc97e8-8fd1-4b5e-a7d1-e4255d09542d,The Walking Dead,152,Image,2010,,
d4ef0485-5e07-44cb-9c4f-01d6f64b23ae,The Walking Dead,153,Image,1986,,
0c8aa0b8-2845-4e6c-b4be-ed0b1f3fa205,The Walking Dead,154,Image,1978,,
76d10199-ba42-4f63-9125-c5cfc088354f,The Walking Dead,155,Image,1972,,
ddd9cf32-212f-401a-b2df-9922bdaffb4f,The Walking Dead,156,Image,2010,,
b83407ac-8bb1-4116-9480-0936b79315f1,The Walking Dead,157,Image,2000,,
6e99330a-4d95-4eed-9929-2f8090a523c7,The Walking Dead,158,Image,1980,,
19b6fc0b-3bfd-405c-a779-41b81f2a7c2d,The Walking Dead,159,Image,1992,,
4d16e23e-5387-4bdf-8535-69e0bed4ae45,The Walking Dead,160,Image,1993,,
434a205e-b5ce-4fc1-928c-089a97cac374,The Walking Dead,161,Image,2002,,
618297a3-331a-4378-b39f-73578eca31fb,The Walking Dead,162,Image,1975,,
1a873eef-a27b-4df8-9885-a96527a5fc60,The Walking Dead,163,Image,1998,,
82514f64-3588-4bfc-adfa-63894c940783,The Walking Dead,164,Image,2001,,
9de5be0c-00df-45a6-a67d-4efc1eba3f23,The Walking Dead,165,Image,2000,,
f3e206b9-c292-4282-a04d-fa4c22e09f81,The Walking Dead,166,Image,2014,,
d12356aa-495b-4bc3-9a24-7959805ef741,The Walking Dead,167,Image,1967,,
97e175b6-a714-46b5-a9a2-c4c883ad39b8,The Walking Dead,168,Image,1990,,
97cbe7a2-b80f-4013-a2f1-6aca9a68fd3f,The Walking Dead,169,Image,1964,,
f2382799-885d-4e90-90e1-a7d114539c9c,The Walking Dead,170,Image,2001,,
9a0fd95d-38f0-42ab-b240-f962f7651cad,The Walking Dead,171,Image,1999,,
a0646347-94a8-46d6-9482-e675bdaf1762,The Walking Dead,172,Image,1976,,
182444f8-bcca-48ce-9be6-0c009902e36c,The Walking Dead,173,Image,1966,,
690e95fb-8d43-4700-9e75-241986e76fb0,The Walking Dead,174,Image,1994,,
1735da46-5bb5-4d3d-b95f-69fca3b9e281,The Walking Dead,175,Image,2014,,
5a581deb-9a05-4de1-acf0-49ad87f6aefe,The Walking Dead,176,Image,2011,,
5b090b99-4bd3-4ce1-97ac-b754369393f9,The Walking Dead,177,Image,2016,,
614532f2-c698-41b9-93be-444578399872,The Walking Dead,178,Image,2022,,
c8a6cc32-f061-4cff-9600-b7dd57790578,The Walking Dead,179,Image,1972,,
6fd2d644-98be-4b4c-8961-e7369d749820,The Walking Dead,180,Image,2001,,
73192d20-cd69-4fef-a831-960a3ffd9ff6,The Walking Dead,181,Image,1970,,
c44de736-020e-4293-a44b-dc8b4d493fd1,The Walking Dead,182,Image,2002,,
e49e0ec4-8e65-4650-b2c3-d1643f3df268,The Walking Dead,183,Image,2004,,
3134d92e-56f7-4e64-985e-93593deff981,The Walking Dead,184,Image,2014,,
73a18ab1-f4a7-4a3d-883a-c21ef255f52c,The Walking Dead,185,Image,1987,,
f06be1e0-aa5a-4134-921b-61213b13b42c,The Walking Dead,186,Image,1996,,
cfe0ea1a-1e38-480a-9cdb-d6eb529f23d7,The Walking Dead,187,Image,2014,,
36a250cd-4f76-40ea-94f2-0f39c506910c,The Walking Dead,188,Image,2021,,
73edb7ca-e1ce-4356-b120-029e148ff6ac,The Walking Dead,189,Image,2004,,
45b36157-5eb6-4c12-b512-f28bb9f19344,The Walking Dead,190,Image,1964,,
dfc3ed11-76db-4cad-8058-15bb19069ce8,The Walking Dead,191,Image,2018,,
ebdd39c4-5170-4868-9c06-8b3f0b890703,The Walking Dead,192,Image,2018,,
95ba4765-2e3c-483a-94d7-3c6201825de9,The Walking Dead,193,Image,1993,,
2ead8055-1460-47d3-ad03-9170925e798f,The Walking Dead,194,Image,1987,,
9be58f28-3be2-4f50-af86-cff7e87a2c9f,The Walking Dead,195,Image,2009,,
faf7d8d6-be9a-44d8-b0ca-3f90adb73a91,The Walking Dead,196,Image,2002,,
045b7a88-b6b0-4539-a240-02f53df2ea23,The Walking Dead,197,Image,2011,,
7cd21e80-e533-4c51-9322-681bcc29afe8,The Walking Dead,198,Image,2006,,
7a93f866-ec2f-4d93-bcde-92a7f79cbea8,The Walking Dead,199,Image,2015,,
6466b4bc-7011-404c-9199-0a3720a71f28,The Walking Dead,200,Image,2003,,
e4c112a8-dd2d-4f5c-82d7-0a435d6c6f83,The Walking Dead,201,Image,2006,,
f06d04ee-f322-4e56-91e8-2d01bec83084,The Walking Dead,202,Image,2022,,
ec2d24b4-39b3-4593-b61a-3563166d021e,The Walking Dead,203,Image,1976,,
00ab9996-c234-4730-9216-e2fde6433886,The Walking Dead,204,Image,1977,,
4d511c0e-93d4-48fd-b292-a2b8a70b66b7,The Walking Dead,205,Image,1987,,
08fbc59b-1b87-44f7-9b7c-fcebed3fc0cd,The Walking Dead,206,Image,1973,,
bf5041fa-f06a-4280-aeff-aac97460ce50,The Walking Dead,207,Image,1999,,
42f0c03a-546a-4146-882d-b40028d5e6ec,The Walking Dead,208,Image,2015,,
9c986133-1181-46e1-bd0e-8c1ed51a8e18,The Walking Dead,209,Image,2000,,
92086457-e70c-4b5e-b4fe-4209aa69e472,The Walking Dead,210,Image,1982,,
ee7eead5-66bb-4f92-8a47-cb313a6401de,The Walking Dead,211,Image,1997,,
c6082913-3b94-4cf3-b186-ef95c1907477,The Walking Dead,212,Image,2016,,
cec68bff-b4e7-4982-915e-eb078af71fe8,The Walking Dead,213,Image,2003,,
c03fd978-525c-4007-b925-33b29d2bebd4,The Walking Dead,214,Image,1975,,
057c3ff9-4993-422c-95f2-25ce8e2e3b0b,The Walking Dead,215,Image,2007,,
2a4818ca-4c54-4ec2-b916-1ead1626dcc3,The Walking Dead,216,Image,1990,,
8a9dac95-7c6c-44af-a69c-939dc4756bee,The Walking Dead,217,Image,1965,,
d024fe31-bb48-4842-878d-5bd2052c56a7,The Walking Dead,218,Image,1989,,
6d26003e-dc70-4752-b7b8-caab28134b11,The Walking Dead,219,Image,2024,,
55849f58-7261-464e-8dea-a7caff353ac5,The Walking Dead,220,Image,1999,,
0041b6b3-c92d-4962-bad7-c19b847bd4e0,The Walking Dead,221,Image,1998,,
1b03b9ed-d201-4ef8-b867-f8fe6eb21846,The Walking Dead,222,Image,1985,,
8d3530a2-b122-4c1a-89d8-95cd4e885fa2,The Walking Dead,223,Image,2017,,
c16d574f-5759-44e5-8a26-1994ecb3bcea,The Walking Dead,224,Image,2017,,
f0d1794f-6d3e-454c-98b3-4b8d530cbeb2,The Walking Dead,225,Image,2016,,
f6a77589-c070-40d2-816f-b9f47002aa3b,The Walking Dead,226,Image,2014,,
ccbfb2c4-89f8-4f81-a4ef-242ba4803cf5,The Walking Dead,227,Image,1971,,
0a1d1363-d244-49a2-a7e7-84f56c331461,The Walking Dead,228,Image,2014,,
6a9b3ffb-01af-417e-9442-4df112d51b1b,The Walking Dead,229,Image,1999,,
612122fc-7d5c-4fae-b796-7d64e35423e5,The Walking Dead,230,Image,2022,,
eb16f9fa-689b-480e-a49e-5ca76cb98a65,The Walking Dead,231,Image,1975,,
64fc31ea-55d0-494d-9b92-86b61a238266,The Walking Dead,232,Image,1992,,
934f9139-9db9-4274-b7cd-c225c8fea622,The Walking Dead,233,Image,1998,,
3352ce24-6a0b-4776-9d62-104692bf3a50,The Walking Dead,234,Image,1993,,
df22be63-0dd7-4d16-ba83-f3adf9717b43,The Walking Dead,235,Image,1978,,
a84678bb-c083-41a2-babc-559a9a4b11ad,The Walking Dead,236,Image,1965,,
6279cbf9-42b4-4542-8e44-645e2508cc66,The Walking Dead,237,Image,2007,,
6897bb61-7464-46ed-9497-9ec4f8788e24,The Walking Dead,238,Image,2018,,
8ccee0ff-2515-429e-8be2-24122ecafa49,The Walking Dead,239,Image,1973,,
a1cb1812-60a1-40bb-9b0d-563c2285a841,The Walking Dead,240,Image,2009,,
270648e6-bf85-4ed5-a22d-4462d3a184ce,The Walking Dead,241,Image,1973,,
0cb2a8f2-befa-45a4-8afc-3ac679e3caa2,The Walking Dead,242,Image,2016,,
0dd59c0a-3b02-4dc4-919b-322a2df0f812,The Walking Dead,243,Image,1992,,
91dfa313-a295-42ee-b81f-c443ede5ac78,The Walking Dead,244,Image,1984,,
a221e8ad-4290-4cb2-aa21-f6af7ea8ce88,The Walking Dead,245,Image,1981,,
6c7f32e2-ed72-4cf5-8e9a-0cd8fcb0ad54,The Walking Dead,246,Image,1974,,
15c1f5dc-605a-40e3-a9c0-9757998d2754,The Walking Dead,247,Image,1995,,
4c84e858-62ef-4d4e-a4f1-5d4a07afd4d9,The Walking Dead,248,Image,1969,,
0162c355-4ac4-483d-81be-710b0a924158,The Walking Dead,249,Image,1975,,
404e6db0-df71-4d8a-8f0d-913b352530a2,The Walking Dead,250,Image,1990,,
3ade58e0-dd9c-4e0a-8c53-15a9abc3a69d,The Walking Dead,251,Image,2012,,
8189ce56-d55c-4ce8-b3a8-cdcd08eabf98,The Walking Dead,252,Image,2012,,
f1333697-d27c-4648-b926-9b28428d9738,The Walking Dead,253,Image,2010,,
2e61d35e-06f6-4751-b04e-d775f337cc3a,The Walking Dead,254,Image,2005,,
bb29515a-5910-4903-b702-1fece1789faa,The Walking Dead,255,Image,2005,,
ac649460-4048-4b73-bfa6-812b03450b78,The Walking Dead,256,Image,1979,,
f33849b5-895a-4143-84d5-3a43ba57335e,The Walking Dead,257,Image,2006,,
26098057-95db-459b-94dd-9d71182ed8ce,The Walking Dead,258,Image,1964,,
2bb3a0c4-519d-44e1-a82e-7ad1d31d6965,The Walking Dead,259,Image,2017,,
c822ba28-7fce-4255-8938-31c6e6b213f1,The Walking Dead,260,Image,1999,,
5dbc271c-01e7-4c56-b570-445835162d38,The Walking Dead,261,Image,2016,,
e8b28627-5686-4401-833b-95414ce49b36,The Walking Dead,262,Image,2010,,
d251e3d1-ee89-44de-87ab-706ccb6539d9,The Walking Dead,263,Image,2013,,
7df2074a-d9bc-44ec-9a69-8c3b2d74176c,The Walking Dead,264,Image,1980,,
4f97c80a-251d-478d-b6da-aeb7ec0c627f,The Walking Dead,265,Image,2014,,
3c84a428-59e7-432d-b536-5fd6b703c945,The Walking Dead,266,Image,1993,,
d6c3167c-c13c-4526-b444-c0c85b17ff8c,The Walking Dead,267,Image,1976,,
8df3ebf4-254b-428d-8c8c-0e385a2bbe72,The Walking Dead,268,Image,2002,,
472f3924-236d-4940-80cc-77c341474083,The Walking Dead,269,Image,1988,,
db443bde-9713-4dfc-8024-ea5bb568c29e,The Walking Dead,270,Image,1995,,
65b5c285-bfb9-442d-a07f-b26820c97a76,The Walking Dead,271,Image,1960,,
99ea4d28-7cfe-440b-814f-c2831028f3d8,The Walking Dead,272,Image,1975,,
9b0d754f-6669-4a4b-b260-8eede473dfe5,The Walking Dead,273,Image,2001,,
c9e83264-6bf9-4401-b354-c7fb726f0a6e,The Walking Dead,274,Image,1986,,
d72adfc2-e38d-4cdd-8a8c-d88aad039f86,The Walking Dead,275,Image,1968,,
c285eb51-d720-4ae0-b0b3-8b8a788eec9f,The Walking Dead,276,Image,2018,,
c06c7961-915e-4963-a6f3-bd75e770c0c5,The Walking Dead,277,Image,1983,,
6e91650f-3f8b-4c65-960c-79c49c614a26,The Walking Dead,278,Image,1978,,
60f241b8-59d0-4058-9c79-48bde6c0e05b,The Walking Dead,279,Image,1985,,
0191b384-feec-4235-b83c-0860e260aac6,The Walking Dead,280,Image,1964,,
63a10151-e962-4d9c-9854-3b0c3e8c81d2,The Walking Dead,281,Image,2014,,
6ca7fa19-0800-45d9-b650-62b33658548a,The Walking Dead,282,Image,2000,,
f8256c32-31e7-4324-9817-a967392103a4,The Walking Dead,283,Image,2011,,
4e9f9dd5-20d5-4f53-8547-11e04f697fcb,The Walking Dead,284,Image,1961,,
3cfcbba4-b966-4ef8-95b3-a26ebfc6a4f0,The Walking Dead,285,Image,2005,,
fc19d84a-037a-420c-bf94-e270efc7e1c0,The Walking Dead,286,Image,1982,,
136f2bd5-47ef-4288-944b-c2950c238654,The Walking Dead,287,Image,1999,,
ec70ba4b-38ca-47b3-8401-e0f73a1be750,The Walking Dead,288,Image,2010,,
359c0e04-d996-4845-8382-90102375ee7a,The Walking Dead,289,Image,2017,,
ca69f868-54df-4b7c-a90d-72d321065061,The Walking Dead,290,Image,1991,,
ec25cb52-a589-42eb-a694-33d566d9dfd3,The Walking Dead,291,Image,1998,,
3dc6f0d5-95e8-4bb8-997b-500a5ee03bc7,The Walking Dead,292,Image,1997,,
793c3852-a9d2-4eb0-9277-e29b422661b8,The Walking Dead,293,Image,2013,,
18cf5f19-3113-4f4e-ba5e-d37d1d8283c4,The Walking Dead,294,Image,1991,,
11951b8f-c476-44e1-95cc-e62eaae895b1,The Walking Dead,295,Image,1966,,
5a6fafe2-959f-4313-93a1-4f8c0f4d0648,The Walking Dead,296,Image,1977,,
df31c2b4-dedf-4d95-9a9c-cdbe1d4db833,The Walking Dead,297,Image,2002,,
725253f7-6f87-41b0-91c1-a4b5dcb2210a,The Walking Dead,298,Image,1989,,
0f31878f-2969-425d-9cd1-8a4d9f149b14,The Walking Dead,299,Image,1999,,
769c25bf-5cb7-4584-b33e-65419744d57e,The Walking Dead,300,Image,1962,,
f48c9499-decd-42c8-a5a4-3bc55d18ce7f,The Walking Dead,301,Image,2018,,
4824093c-6235-47f5-9361-122da00c2d60,The Walking Dead,302,Image,1970,,
7d297234-52ba-4107-8a79-8d98256941a1,The Walking Dead,303,Image,1960,,
22a07696-4330-48df-bbae-ed99821cc5f5,The Walking Dead,304,Image,2014,,
56ed1f7f-1507-4b70-ab68-61cf9b7c9751,The Walking Dead,305,Image,1964,,
a86b80cf-3896-4ca2-ab76-f3c00efbddb4,The Walking Dead,306,Image,1973,,
eb13ca1d-6f3f-432f-8d91-9dbde1ad170a,The Walking Dead,307,Image,1972,,
0b5b0abb-7cd8-4387-8ef0-523a2704238e,The Walking Dead,308,Image,2007,,
baf5cbaa-77d3-4003-b6a3-fd6b3e7b2800,The Walking Dead,309,Image,1990,,
a0bce641-3a40-40ad-aabe-997a4012c0e6,The Walking Dead,310,Image,2021,,
e03c69fa-6887-4ee6-8240-f2639b05d084,The Walking Dead,311,Image,1973,,
feddd920-e455-4a8c-ac54-c0a80c867ac7,The Walking Dead,312,Image,2011,,
aef827e1-0672-4575-86a5-3e34c76e0939,The Walking Dead,313,Image,1974,,
6dee7217-4e2a-4f42-8bbe-81cda0481fab,The Walking Dead,314,Image,1975,,
30ec0a15-dc13-4ca1-b910-90b57d5ba76a,The Walking Dead,315,Image,1990,,
d5eea929-4171-4fc9-9738-c5d73d579291,The Walking Dead,316,Image,1980,,
c462ccc8-00a1-4e3b-8452-b925cc728f20,The Walking Dead,317,Image,1965,,
5da2a265-db60-4136-b531-dab06a83e9ed,The Walking Dead,318,Image,2006,,
ba532c6a-0815-4b50-a9c3-a4e6a42c6ff9,The Walking Dead,319,Image,1985,,
75a61b72-4430-4f43-9c6f-e877a4822548,The Walking Dead,320,Image,1972,,
aea1ecd5-25e6-4da0-a576-789f895299c0,The Walking Dead,321,Image,2018,,
38758e4f-93ce-4909-8eac-9d0eda677025,The Walking Dead,322,Image,1996,,
5b9e2725-d350-448c-a040-ca6e98935d1f,The Walking Dead,323,Image,2014,,
1749855a-faba-4dff-8903-76a77b246580,The Walking Dead,324,Image,1992,,
7fb1711e-5fa1-4f04-97cd-9eb5b0828266,The Walking Dead,325,Image,1988,,
743ad144-96ea-4e83-8075-061651d62d4d,The Walking Dead,326,Image,2005,,
5e77087a-2b57-4701-bdd5-4d18d77a4806,The Walking Dead,327,Image,1980,,
72228874-336a-431e-bc75-ff5ac0e317dd,The Walking Dead,328,Image,1968,,
6f4b7a4b-1b64-4e2d-a972-41be41678981,The Walking Dead,329,Image,2021,,
618e1a6a-3eb6-44f5-9e86-b7c7f41190e3,The Walking Dead,330,Image,1986,,
decbf2a3-dd62-44fc-93fa-e841970306a0,The Walking Dead,331,Image,1969,,
b25611f5-3557-4af9-8834-581f49e900a6,The Walking Dead,332,Image,1978,,
574268a3-e568-4386-8e61-4d4a9b903a2d,The Walking Dead,333,Image,2007,,
41ff4658-8f64-4b98-aff1-e2ec04da7064,The Walking Dead,334,Image,2020,,
1ac1b025-d4b7-4a9d-ad3c-7ea9c0d29be1,The Walking Dead,335,Image,1992,,
bd6b28b2-88d0-4e68-a4b4-786ae5a3910f,The Walking Dead,336,Image,1962,,
bc5646e4-f3bf-4d05-9820-b335cc661bb0,The Walking Dead,337,Image,1960,,
d20c56a6-a675-4eed-a92f-abeb8876004f,The Walking Dead,338,Image,1996,,
b8cb3688-df10-46f3-917a-4be76ed47efe,The Walking Dead,339,Image,1991,,
30404e38-7834-40d9-a4b2-3ae0d708b97d,The Walking Dead,340,Image,1986,,
3e962f64-f63e-4dbf-a5c5-4a3957fbf602,The Walking Dead,341,Image,2010,,
9803edf8-6361-4056-9588-46796786addd,The Walking Dead,342,Image,1984,,
59e99e36-dff5-438b-afa7-47216e096d07,The Walking Dead,343,Image,1988,,
cd740f1b-49d8-45c0-ab17-390b8254a100,The Walking Dead,344,Image,1964,,
bcf95dcd-a451-4acc-a2b9-b2f60c2f6f17,The Walking Dead,345,Image,2000,,
80d5b71b-d70e-44b9-9e9a-ff700cb32f2e,The Walking Dead,346,Image,1993,,
1e5af14d-bed6-460f-ac17-c89a7a69797f,The Walking Dead,347,Image,2023,,
5941b2c6-e608-42fd-a0c7-1ea6cdadc028,The Walking Dead,348,Image,1981,,
7a0295a6-ab83-4c2b-9d10-465d9a9457a4,The Walking Dead,349,Image,2003,,
b17ec40c-dcdc-48fa-b022-96a6676e9717,The Walking Dead,350,Image,2023,,
c69069b7-35b7-4e3d-9630-655dced57173,The Walking Dead,351,Image,2018,,
d3827646-eb79-40fd-a105-0fece830a463,The Walking Dead,352,Image,2014,,
8ff4f420-c8ee-4a8b-9fd0-f48dfb46b4f8,The Walking Dead,353,Image,1979,,
ca0ba9c5-4954-4eec-b203-dfd43c92ccbe,The Walking Dead,354,Image,1990,,
886c5fd2-2d41-45f2-b729-5e203ab8ada1,The Walking Dead,355,Image,2021,,
8773d0be-4d6d-4e5d-a2e4-0a19703fbb70,The Walking Dead,356,Image,2015,,
46b67e5a-bece-487d-be71-71e510187642,The Walking Dead,357,Image,2013,,
34f8c343-e86a-4860-810b-377608c607e6,The Walking Dead,358,Image,1972,,
638b03e6-b313-4df3-80f0-51103940cdd2,The Walking Dead,359,Image,1997,,
79b61b20-973f-416d-9fd4-48703c59fac7,The Walking Dead,360,Image,1987,,
b051f8f5-a96a-4d90-b06d-10bd87af2a3f,The Walking Dead,361,Image,1975,,
d3a34642-b3d4-40ad-adc9-e9d484d69ed5,The Walking Dead,362,Image,1973,,
e45d8acd-ff9e-4b80-bfdd-1300760f21d2,The Walking Dead,363,Image,1969,,
af5b6771-47c5-4e42-b4e4-8b62eafdfe50,The Walking Dead,364,Image,2006,,
cb6ebc14-c2ba-434d-952c-3cb7b86f6e9a,The Walking Dead,365,Image,1982,,
574f59ad-4223-4509-904d-25e107cade26,The Walking Dead,366,Image,2011,,
c1646b92-937a-4f6f-9e2a-a47e89745b1f,The Walking Dead,367,Image,2023,,
562df3aa-bbe2-4517-b8c3-af142d705975,The Walking Dead,368,Image,2005,,
157d31b6-a72b-42bb-b6b2-657b8bd66900,The Walking Dead,369,Image,1977,,
c56bc26a-3340-4d77-acff-8197e344caa3,The Walking Dead,370,Image,1995,,
7e64d773-6b73-4837-b50d-62c12e77985d,The Walking Dead,371,Image,2014,,
857a57ca-bb11-4cc8-9711-ddaab3012bd2,The Walking Dead,372,Image,1991,,
56f37628-b8d3-46d0-a906-75afef168266,The Walking Dead,373,Image,2023,,
25f3dce5-3d93-4286-99b0-4ec785c262a4,The Walking Dead,374,Image,1998,,
0d026e79-bd81-4d7c-b756-c3f7860818ac,The Walking Dead,375,Image,1961,,
13f23320-2cb7-4e6a-ba6c-29ee5c10caef,The Walking Dead,376,Image,1969,,
c4ec3c23-a20f-46b6-bd1f-39897f9ea61b,The Walking Dead,377,Image,1968,,
e0fdba87-8ece-4f63-b77d-3e2f5a820b35,The Walking Dead,378,Image,1966,,
a4f92765-c9ca-4fe7-9700-4e4625ae5e1e,The Walking Dead,379,Image,2009,,
0f9c4fe6-7ed0-45af-a060-2b9e196ba269,The Walking Dead,380,Image,1966,,
a3a3f454-daf0-4c7f-81e0-571ac27830e7,The Walking Dead,381,Image,1983,,
f8ede083-661a-4de0-be94-15b357fb18a5,The Walking Dead,382,Image,1987,,
aac3486d-10b5-4019-b2f6-ba6d8c22a038,The Walking Dead,383,Image,1997,,
b7b97f6a-7c88-4bd8-a445-99e3d5a98b33,The Walking Dead,384,Image,1980,,
a0ca0748-e421-4870-a1ab-3f023d28b524,The Walking Dead,385,Image,2005,,
55768b97-8305-4b0a-b654-b511e7a0e8f9,The Walking Dead,386,Image,2004,,
5970f9ed-caa9-4789-bb9b-c39258909945,The Walking Dead,387,Image,2022,,
5814ded7-29fc-4c41-875c-945597b15ea2,The Walking Dead,388,Image,2023,,
bf13ace7-2612-48e0-8465-5768e2873b57,The Walking Dead,389,Image,1982,,
91f8c579-85e9-413c-9e0e-00a302ca70f7,The Walking Dead,390,Image,1982,,
7210a5e4-0fcb-4cba-89c6-4722ca63c744,The Walking Dead,391,Image,1968,,
1626c21f-896e-4f37-bc1c-a893276af968,The Walking Dead,392,Image,1960,,
3a27a434-b831-4435-b9d6-1e88690e885c,The Walking Dead,393,Image,2004,,
2eb6c7c2-b266-4096-8581-b5f4d98ebe66,The Walking Dead,394,Image,1983,,
0b73c592-d569-413e-b298-843326f6bfdc,The Walking Dead,395,Image,1979,,
e2c7a8fb-0625-4870-a50c-72be947be70e,The Walking Dead,396,Image,2011,,
c83999ff-7dc4-4b75-8be2-d1da02bfd576,The Walking Dead,397,Image,1988,,
b660e46d-c832-45d4-81e7-afd0800a225c,The Walking Dead,398,Image,1980,,
656216a2-8b0d-474a-94a0-b2b67fe3c452,The Walking Dead,399,Image,1968,,
acd2e0e8-197f-40a2-8004-db326d7cd737,The Walking Dead,400,Image,1995,,
b5b76a17-b489-4f24-b5c6-39b3f83af2e5,The Walking Dead,401,Image,2010,,
910b8161-a6c9-4ab6-a557-29e181c49bbd,The Walking Dead,402,Image,1979,,
5e6e6fce-9026-44c1-9efc-6b3bbe2dc449,The Walking Dead,403,Image,1977,,
a0e64407-4b76-42f9-bcac-4a7202502836,The Walking Dead,404,Image,1976,,
72f26b42-6e9e-4c00-9599-e7bfa0e9b2d5,The Walking Dead,405,Image,2020,,
61049a96-79ec-4fb0-b4c6-1e712f0bee12,The Walking Dead,406,Image,1988,,
dbb23ee5-df9d-4310-9216-89925c9c39d9,The Walking Dead,407,Image,2017,,
931bba89-f236-4a60-9622-21986bf177ae,The Walking Dead,408,Image,1971,,
e1c4b893-8d1c-4e2d-9b92-1767d41b1215,The Walking Dead,409,Image,1975,,
1599a628-e83f-41c5-907a-a86a3e8515c7,The Walking Dead,410,Image,2014,,
22709bbf-139d-4ecd-954f-0f05830fd118,The Walking Dead,411,Image,1976,,
9339a33b-e9bc-4a5e-ac47-81f6fd3b40a7,The Walking Dead,412,Image,1982,,
63b71201-b25d-4db9-8871-5c14e6148c4a,The Walking Dead,413,Image,2001,,
72fc7fb0-e050-4943-9163-385557780110,The Walking Dead,414,Image,1975,,
12b33757-53f3-4e71-93d3-eed4ca16e435,The Walking Dead,415,Image,1987,,
403105a8-a7dd-4a74-ba34-2092a0d01a9c,The Walking Dead,416,Image,1969,,
5ed20f0b-a1f2-4241-8296-b5a4e4785e83,The Walking Dead,417,Image,1988,,
03834629-4228-4cd1-adc9-ee5ab426e83e,The Walking Dead,418,Image,2009,,
7a6e7e26-ca74-4fbd-862c-4616df4b39e2,The Walking Dead,419,Image,1990,,
7e5d6171-52a4-421e-a0e8-be56de9a8c8f,The Walking Dead,420,Image,1977,,
d8d7f94d-b852-4d19-916e-b620b6b43ca6,The Walking Dead,421,Image,1967,,
1d330a6a-5d51-45c4-9a22-e3444f445915,The Walking Dead,422,Image,1979,,
66d1f9bc-963a-4b8d-a44d-3c2849a6826f,The Walking Dead,423,Image,1987,,
4d969ac5-71fd-4b6d-8877-494fe9101fc9,The Walking Dead,424,Image,1965,,
e9de4f40-eaff-41df-bab0-bf1677912986,The Walking Dead,425,Image,2022,,
c02047e2-1215-42df-912d-d37ff4a5edb0,The Walking Dead,426,Image,1972,,
8f9c3757-44eb-4217-bad1-037393a8146d,The Walking Dead,427,Image,1992,,
21e2f430-4174-4d74-8342-b8b2c67851ea,The Walking Dead,428,Image,2011,,
b58b2164-0a33-403e-95fe-58230e5b1f9c,The Walking Dead,429,Image,2003,,
2c056756-2e3f-46a7-8ff2-75acbf0d4265,The Walking Dead,430,Image,1974,,
6d621bca-867b-4fa3-901c-8a34a77641a4,The Walking Dead,431,Image,1975,,
0d895a51-23cf-4b5c-a4ed-9e68ed350b8e,The Walking Dead,432,Image,2012,,
79cbd92a-64b4-4fe5-96cf-ed620444a488,The Walking Dead,433,Image,2020,,
754e1894-d2a4-4e4f-8f3b-0c374063ac4e,The Walking Dead,434,Image,1973,,
25613856-3677-4267-87fe-459efd9345e8,The Walking Dead,435,Image,1963,,
caf95186-83ee-41a5-8ccb-35cb7521ccc3,The Walking Dead,436,Image,1986,,
dae8a72a-c6b4-4eff-b2dd-9898b299de31,The Walking Dead,437,Image,1998,,
2ede6cdf-9c63-4e8c-96c8-4f6e0a5313e8,The Walking Dead,438,Image,2013,,
af01cbf5-4936-4cd4-a8db-c12c622fc1ab,The Walking Dead,439,Image,2013,,
e30961ea-0b42-4da1-8e3f-ca6d37c250f2,The Walking Dead,440,Image,2016,,
b44c5e00-e3a6-4dab-b8b6-d1cbb2b8387c,The Walking Dead,441,Image,2012,,
c9cc6030-557f-4ce0-bd37-2914f4a95024,The Walking Dead,442,Image,1970,,
0ab61267-d607-44b3-abc8-7c6507cd625a,The Walking Dead,443,Image,2024,,
53f3b7be-f0c4-46af-947f-710b14a71e30,The Walking Dead,444,Image,1985,,
59e9bd3c-41b9-47e7-9570-7497239d9ce2,The Walking Dead,445,Image,1979,,
58c01fb0-18c3-479b-9941-e1caf8f8e95a,The Walking Dead,446,Image,2012,,
e25454e8-d598-4368-9b80-16dce7759c20,The Walking Dead,447,Image,1976,,
9e30dc97-e10d-4816-a984-7b882143888b,The Walking Dead,448,Image,1997,,
0393ea17-3373-42c8-94e7-ab0bb1912e8b,The Walking Dead,449,Image,1973,,
f1421ea3-2be7-4dcf-9dfa-ee85487c949a,The Walking Dead,450,Image,2012,,
c009ea66-95c4-4b70-9732-5c5afd9b7422,The Walking Dead,451,Image,1973,,
120c0472-b16e-4118-9507-172c1cc6703b,The Walking Dead,452,Image,1997,,
076cc73b-0e74-4dd9-9e17-12260df4c112,The Walking Dead,453,Image,1978,,
8b1604af-8311-43ef-9150-89e0ea9b51ab,The Walking Dead,454,Image,2002,,
9476b6ad-4f99-4ae1-b1a5-88326f195029,The Walking Dead,455,Image,2012,,
a57312f7-e8b1-46d0-9244-14db81bd35ee,The Walking Dead,456,Image,1969,,
1a6c7467-c807-4c4c-865a-82ba76dda864,The Walking Dead,457,Image,1976,,
c9835c15-b6b5-43b4-9104-a982cf00679e,The Walking Dead,458,Image,1960,,
b5fd385f-196b-48fc-a6c6-ddf371eefdf3,The Walking Dead,459,Image,2019,,
b31e8865-faef-4e0e-a649-7b93a06b1a09,The Walking Dead,460,Image,2000,,
13556f9b-a663-4e5d-9163-ecbbe5daec84,The Walking Dead,461,Image,1998,,
bd7e5110-dbce-4a58-91b3-8f2347ca6c39,The Walking Dead,462,Image,1993,,
88e3b679-b268-4172-b5d6-a23e468de893,The Walking Dead,463,Image,1976,,
05ecf0b8-547a-41a0-b33f-fbbf99e69f17,The Walking Dead,464,Image,1960,,
54ba80b9-b42a-4670-a439-e2c0ca6b21d2,The Walking Dead,465,Image,1979,,
b62c7825-345a-4f4f-b376-61566ac86f59,The Walking Dead,466,Image,1999,,
0473cba9-d3e5-4033-aa48-cbccbb911be6,The Walking Dead,467,Image,1977,,
1fc9e668-d134-4768-8498-b3b59527389c,The Walking Dead,468,Image,2013,,
c5cd1e45-bd11-45e7-91c8-3bec47f4bc0b,The Walking Dead,469,Image,2009,,
b09a7ac2-7c16-4170-bb4f-8761b9899408,The Walking Dead,470,Image,1968,,
cb4e0711-98e7-42b6-919d-b717f9662100,The Walking Dead,471,Image,1981,,
f49917c6-3ace-4a20-afcc-a33b9a9ee57c,The Walking Dead,472,Image,2005,,
c57b91e5-b3c1-471c-b73c-2ba999e6a7f9,The Walking Dead,473,Image,1980,,
96962e69-3525-4a3f-b2ed-5e83be075f9d,The Walking Dead,474,Image,1979,,
c7b6a5b9-8b86-4679-a29d-bceabbbd83ad,The Walking Dead,475,Image,1981,,
41ee968f-bdf6-47f7-a160-26dd501ebc65,The Walking Dead,476,Image,1970,,
4350e1de-a93a-4605-b3d1-4dec83b8196d,The Walking Dead,477,Image,1970,,
88db4a80-bcaa-450b-93a5-66b6bc8eaf18,The Walking Dead,478,Image,1986,,
2cdbf4ff-65f0-4328-bd29-0e20ce53da85,The Walking Dead,479,Image,1988,,
7ec33870-21ba-4428-a6c0-de0235f78c96,The Walking Dead,480,Image,1995,,
eb29dd15-5d0c-4ed3-b98a-11dab8a38b82,The Walking Dead,481,Image,1983,,
f11d7118-3e3c-4a83-9266-cea6074abf74,The Walking Dead,482,Image,1973,,
bc619f6a-1df3-49bc-b92f-74dba2ed0623,The Walking Dead,483,Image,2004,,
aa87df16-b5c2-4e37-8bd6-704fcbbe769f,The Walking Dead,484,Image,1975,,
9b1986c7-e99d-4985-bfa8-8f9c912b40e0,The Walking Dead,485,Image,1987,,
b8fad37b-7fe6-408e-be4b-4af6913f923e,The Walking Dead,486,Image,2009,,
4c94d4d0-1d9c-4412-be36-1036298303d4,The Walking Dead,487,Image,1990,,
c01649a7-34dc-4158-a650-370dbd5d531a,The Walking Dead,488,Image,1964,,
9868c3e6-7255-4fc1-b861-108aad93339e,The Walking Dead,489,Image,1988,,
ad424f66-4b60-4192-ad45-5259078ec625,The Walking Dead,490,Image,1988,,
f850e258-8179-4c98-b717-33d48861c77a,The Walking Dead,491,Image,1961,,
ae95b826-e813-47c4-ab4f-bf256e1d6429,The Walking Dead,492,Image,2020,,
0351ff33-b1d4-4a9b-af3c-7599dc78944f,The Walking Dead,493,Image,2022,,
3a8270e9-18ed-4d1f-8476-69a5222487d8,The Walking Dead,494,Image,1963,,
d556d335-f28a-4e8f-8b66-615335612b1c,The Walking Dead,495,Image,2004,,
b8a8cda2-1579-4e9e-8760-05e17a09aef3,The Walking Dead,496,Image,1963,,
938c3803-db32-4408-b0dc-2d038f8e8e96,The Walking Dead,497,Image,2016,,
ec5edf0e-e11d-4c06-9a7f-5564bcc54ae6,The Walking Dead,498,Image,2001,,
e991c01d-5d02-4a56-b495-fc896617f498,The Walking Dead,499,Image,1999,,
e2c23256-06e1-48c6-b162-4017eedfe6dd,The Walking Dead,500,Image,2009,,
93ddce29-aa02-4e89-bd29-912a1ede139e,The Walking Dead,501,Image,1971,,
54cf490b-8fa4-4f76-b658-3cd6fcc38f6b,The Walking Dead,502,Image,1967,,
036d830e-f3f6-49c0-8e86-2a2afc258f7c,The Walking Dead,503,Image,1992,,
0440b8f6-c8f6-4e75-ac45-86281378009c,The Walking Dead,504,Image,1990,,
dbe66379-e157-472e-a173-92031f4352b7,The Walking Dead,505,Image,1993,,
5124b6da-45d2-48b6-9371-6e120f6d7af7,The Walking Dead,506,Image,2015,,
19f6fefa-14f5-47d2-8c21-7fe9f99c248f,The Walking Dead,507,Image,1984,,
8251cab5-84b6-4c80-98b0-42f22c3c469d,The Walking Dead,508,Image,1972,,
49d8606f-671a-4847-ba54-54ef46424ca3,The Walking Dead,509,Image,1976,,
6443c56f-f747-4911-8b4c-b91bcb412988,The Walking Dead,510,Image,1982,,
d53b6426-0b26-4f32-8d02-4caf78d73db9,The Walking Dead,511,Image,1972,,
25fc31af-30a5-4afc-ba8e-40a1589a758e,The Walking Dead,512,Image,1990,,
9d8fff2a-aa5e-4758-a120-e5324a2988d0,The Walking Dead,513,Image,1986,,
62f71f41-5b0e-470e-b2bf-e5610d939546,The Walking Dead,514,Image,1999,,
e9e39263-0d76-4337-887b-0ccb767dc79b,The Walking Dead,515,Image,2024,,
32e11495-3290-4087-90a7-113c1c9e9beb,The Walking Dead,516,Image,1985,,
c9cdcfd3-c95d-4508-95fe-8146cf257ab5,The Walking Dead,517,Image,2018,,
b9bb5b64-9886-4ace-8ef8-42530b7fa2f9,The Walking Dead,518,Image,1991,,
8540c8b3-95ef-4a21-9ec2-926c0cafb5e7,The Walking Dead,519,Image,1996,,
26f7672f-1bd5-4827-9eeb-b44cd09cb6f5,The Walking Dead,520,Image,1983,,
6fdbe95a-48ab-43af-a062-69e673300d57,The Walking Dead,521,Image,2023,,
9a029a76-3a89-421f-a2e1-c226f190b135,The Walking Dead,522,Image,1969,,
d52bc514-00c4-4e76-88ba-3dd1df678f69,The Walking Dead,523,Image,1973,,
0be46412-ca91-4bdd-ad6f-e2fcd9b89be2,The Walking Dead,524,Image,1960,,
b3e655bf-6a75-4dd3-abf2-717674bdfd58,The Walking Dead,525,Image,1999,,
972960d7-759c-4569-875a-bc3e7d0c0deb,The Walking Dead,526,Image,1988,,
2e90d362-75ff-4f13-996e-ee65de1122cc,The Walking Dead,527,Image,1995,,
4719dc07-0c61-4ecb-a55a-f9ec2f08cb7e,The Walking Dead,528,Image,1992,,
4e3d3031-1ccb-4b39-8273-312a74a6a295,The Walking Dead,529,Image,1989,,
b8c021ba-239a-4798-8ec1-331a99be5fce,The Walking Dead,530,Image,1988,,
300e3b7b-b6f9-440a-ae64-280624b18f1a,The Walking Dead,531,Image,2019,,
9bf595ee-4291-46e4-97d0-e3d2a936bab9,The Walking Dead,532,Image,1980,,
7ee3c859-01d2-4077-92b2-9c2bb42335a8,The Walking Dead,533,Image,1987,,
1cdafb95-6276-4be7-aa6e-f7ab54d44425,The Walking Dead,534,Image,2014,,
5225a898-bff5-455b-8c30-36f65cd7a426,The Walking Dead,535,Image,1980,,
90c69ab2-de72-4955-89f5-1fe458055d25,The Walking Dead,536,Image,1973,,
cadfbd3e-2b7e-4b78-ac3b-5984f26c45ef,The Walking Dead,537,Image,1989,,
5ebf5785-ad1d-4899-b5ae-17785c80a2af,The Walking Dead,538,Image,1962,,
bfc69c87-4a23-494f-91c5-905e0fca09eb,The Walking Dead,539,Image,1962,,
64572f6c-ac2d-410d-b12b-a9c5c3e486d9,The Walking Dead,540,Image,1987,,
3e43846e-b493-4dee-939d-3bff4e368a82,The Walking Dead,541,Image,2001,,
4d6c64bd-95cb-4394-9497-bf5daf2d0624,The Walking Dead,542,Image,2014,,
bd813061-c43a-4b7f-9c2d-2c1e5610452c,The Walking Dead,543,Image,1985,,
86c2f65b-bddd-491d-a036-acc52e5bbe28,The Walking Dead,544,Image,1990,,
0e3fb000-e9ef-46f1-8150-b377fbfd3716,The Walking Dead,545,Image,2004,,
23490349-738d-4acc-9b43-b05176d7e319,The Walking Dead,546,Image,2011,,
65ba94dc-a3c9-48d8-a2f7-e4ce9e1c9c67,The Walking Dead,547,Image,1972,,
9ebabbb3-2e36-43f4-b445-aa2c364ea57c,The Walking Dead,548,Image,2005,,
c0a2d7a2-fb7d-46ae-9591-3237c42f3392,The Walking Dead,549,Image,1982,,
4a98488a-23de-45bd-8113-654fd7a3d0b4,The Walking Dead,550,Image,1967,,
4d33a594-b3f7-4b48-9b89-4bb5fe61c0d4,The Walking Dead,551,Image,2004,,
41812bf3-af97-49c1-9dd2-b6c1a02e275f,The Walking Dead,552,Image,1973,,
15eaa24f-9761-4848-8b30-ca8ca7ff3bbb,The Walking Dead,553,Image,1962,,
c56b832c-2863-4cbe-a197-5cbc35864a86,The Walking Dead,554,Image,2004,,
324df8e2-08dc-4bd6-93c8-4cbd8d49c2d0,The Walking Dead,555,Image,2020,,
08288d44-f891-421f-ab96-8abf504533d4,The Walking Dead,556,Image,2005,,
b6719ad6-2b9f-45b9-a1f9-06c1c0dec849,The Walking Dead,557,Image,1996,,
cef9eec4-24dd-456b-8e10-d5c5f14631d5,The Walking Dead,558,Image,1976,,
af60bf7e-3ea4-49d3-9c89-866ba6c0c6e7,The Walking Dead,559,Image,1987,,
40ce6830-c528-44b3-b8a7-e68a3fcfe418,The Walking Dead,560,Image,2010,,
436a11f8-5838-4779-aacb-54290633472f,The Walking Dead,561,Image,1987,,
191552b5-6d44-4eb6-b015-35e6752bac8e,The Walking Dead,562,Image,1965,,
d5cbefea-886d-4fc2-843d-8561f4f6fc14,The Walking Dead,563,Image,2011,,
361490dd-e4ed-48ef-8fa3-769091880d0f,The Walking Dead,564,Image,1965,,
bc0d59e3-f08b-433b-a35b-b7afccb59193,The Walking Dead,565,Image,1967,,
b55dbac1-c8a2-435c-9715-20907e7b17bd,The Walking Dead,566,Image,1966,,
b7812a13-e318-418a-a8c8-1dcf9db60142,The Walking Dead,567,Image,2005,,
9418f17d-d920-44b5-9dbf-0e67cdae6dcb,The Walking Dead,568,Image,1976,,
2d1b7d90-b61b-4c3e-a853-ed1ad70704c6,The Walking Dead,569,Image,1986,,
cfa1df54-12a2-4804-93ec-c7478a671e4c,The Walking Dead,570,Image,2016,,
9d1d767c-466d-436b-b5b7-2fbe8d4fddf2,The Walking Dead,571,Image,1962,,
a42e70f9-92e4-4b2f-a0a2-d300e2ab84ee,The Walking Dead,572,Image,1980,,
90df9f55-c727-4936-b5ef-9c36f44f792e,The Walking Dead,573,Image,2010,,
2ccfe932-a26c-4515-bee9-464c713edbe5,The Walking Dead,574,Image,2004,,
7979af20-d617-432f-91ed-a5131c159a5b,The Walking Dead,575,Image,1961,,
4785b5df-73a8-4ef9-8e55-de811e204efa,The Walking Dead,576,Image,1978,,
48c4eb41-3f92-4566-894d-dc3a4acd253a,The Walking Dead,577,Image,1973,,
01993a29-eaf0-41a2-bc43-8ebc7ffa5459,The Walking Dead,578,Image,1991,,
a15239a5-7c5a-4c70-b19f-d5142984d766,The Walking Dead,579,Image,2004,,
c3f37631-1919-4a9f-acdd-3c89497d517e,The Walking Dead,580,Image,1999,,
298e317a-e4be-47fb-9a84-b8f08aaea531,The Walking Dead,581,Image,2010,,
1145cdac-d523-47dc-9d6c-56accfb0e603,The Walking Dead,582,Image,1977,,
533c1e8e-667b-4dea-8677-b6e6b67260dc,The Walking Dead,583,Image,2023,,
61f9cf4a-2d0f-4967-93f4-71ca1aed9c82,The Walking Dead,584,Image,2021,,
fd4ba928-5cff-485b-a5c8-91f493728802,The Walking Dead,585,Image,2002,,
679de513-8d6e-46ba-831d-f7f6774ae33b,The Walking Dead,586,Image,1983,,
f20ee134-08e1-46e9-af69-29306b00a7d0,The Walking Dead,587,Image,2014,,
6e845485-038d-4363-ada4-b1f2f7d9fbd8,The Walking Dead,588,Image,1977,,
46e7b1a4-1f02-4244-ba94-d2c6dfa38a1a,The Walking Dead,589,Image,1985,,
6815fbc5-700f-4110-99ba-01323458ef93,The Walking Dead,590,Image,1982,,
9393a7a1-d4aa-4a13-ad89-fbd45846a273,The Walking Dead,591,Image,2013,,
1da7f677-8a4e-4861-8ce1-afda93daa843,The Walking Dead,592,Image,1980,,
cb799c4d-7521-4d3f-ac14-44d1b55176c8,The Walking Dead,593,Image,2020,,
ba6bddd3-1c68-47a6-b652-fcc7f400ae3b,The Walking Dead,594,Image,2001,,
f4e5045f-7e21-41b0-83bf-0a34cd2303b0,The Walking Dead,595,Image,1966,,
c20ead0c-ffa8-4f5b-94d4-def15b1a94df,The Walking Dead,596,Image,1987,,
fe1745c7-b2aa-41de-b963-0c82fae7f380,The Walking Dead,597,Image,1980,,
5fa1e737-314f-4486-b5e4-861fb7fe8c7a,The Walking Dead,598,Image,1970,,
64abfd36-7aaa-4580-997e-42751c96f52a,The Walking Dead,599,Image,2002,,
a00543c6-d2be-4cc6-b73f-9027de89cbfd,The Walking Dead,600,Image,2009,,
82b05642-ef9f-4ef8-8f99-30570aecf30c,The Walking Dead,601,Image,1979,,
39777e6b-31d7-4a93-9d24-0017c626fbf8,The Walking Dead,602,Image,1990,,
2c6aad1f-0bed-463b-8366-e91a512ae5e5,The Walking Dead,603,Image,2016,,
130ef030-585a-4d80-b6bc-1c36eb852152,The Walking Dead,604,Image,1982,,
2b547759-d47d-40eb-9dca-06a941ba4ea3,The Walking Dead,605,Image,2009,,
42e9afa3-15ab-42a6-b572-5b22d9b0ce98,The Walking Dead,606,Image,1982,,
2e52d7da-87e9-4f24-ae6f-eb7e7250bdae,The Walking Dead,607,Image,2011,,
07a44d2c-8b6c-42b1-965e-0039a355039e,The Walking Dead,608,Image,1999,,
d3005c0c-7c09-486c-8a85-7a12f5ea48e0,The Walking Dead,609,Image,2020,,
5fa0b86a-6ca4-4ea6-9e9e-7eac93d23259,The Walking Dead,610,Image,1968,,
779d2c99-8290-4717-abc7-a53154ef69c5,The Walking Dead,611,Image,2021,,
e21b6746-bc1a-4d3c-abca-04a70ad2b7b3,The Walking Dead,612,Image,1992,,
e2d936ea-9fc7-4ed4-858a-11185675dd0a,The Walking Dead,613,Image,1998,,
9b6fb759-ec45-4a24-8c5c-1a6f277b7472,The Walking Dead,614,Image,1972,,
246e5514-56c4-40df-a4a3-ef0474a955f3,The Walking Dead,615,Image,2008,,
33e63256-0168-4371-97a4-35cce5e06f4a,The Walking Dead,616,Image,1979,,
37984ecf-af0a-4f4e-99ca-286143438e31,The Walking Dead,617,Image,1985,,
16cb07b3-0582-47b6-85f3-965e80b311ec,The Walking Dead,618,Image,1994,,
e120b9c3-b471-43a7-b6c3-674083ee9cd7,The Walking Dead,619,Image,2024,,
200a348a-ae62-4481-8256-b93afec34757,The Walking Dead,620,Image,2003,,
63d8dfe4-c5c1-4446-b761-6f8855a197f6,The Walking Dead,621,Image,1967,,
93b4534e-24b8-4407-8e35-8063950aa5a7,The Walking Dead,622,Image,1976,,
3b6ba2b2-f0c4-4f5c-85ee-bfa1f9fea0e6,The Walking Dead,623,Image,2004,,
de0d8601-797c-4c53-9d7e-3ed2c5ef2d15,The Walking Dead,624,Image,1970,,
3ad1c04f-c6b1-4737-97b7-ce3a0e1800bd,The Walking Dead,625,Image,1983,,
147c1c9c-fd59-4bbf-8934-f9989e4c7610,The Walking Dead,626,Image,2004,,
896a40e7-ce2b-4efd-a6ff-c29afe701561,The Walking Dead,627,Image,2004,,
15f89cea-94d3-42f4-bc24-befd5c1081a9,The Walking Dead,628,Image,2001,,
b1e005bf-5031-4133-8278-5448b741423f,The Walking Dead,629,Image,2021,,
0d4a20c9-4dcb-476e-b0bf-89e6f8b195f5,The Walking Dead,630,Image,2007,,
03c7ef52-7eb0-46ff-9ba1-b82a2cfc456a,The Walking Dead,631,Image,2016,,
f4239db4-50b2-4bdf-8fd4-34f9f93986c7,The Walking Dead,632,Image,2013,,
dbbf12b0-94bc-41bd-9396-38cf530c2dab,The Walking Dead,633,Image,1960,,
7b257cc1-6574-422f-918e-3fb5f2d6bdd2,The Walking Dead,634,Image,2014,,
eed4fae2-6261-49ff-831d-401d3c1cacf1,The Walking Dead,635,Image,2021,,
41c6fd55-a0e7-4197-9696-e79d49758994,The Walking Dead,636,Image,2020,,
1069007f-3d46-4e66-8b0e-6cc5594c20a1,The Walking Dead,637,Image,2009,,
27aa5f6f-18de-4984-a505-f66e5c3a8385,The Walking Dead,638,Image,1967,,
9c6ef627-6db9-49c4-bd27-6c22d42292c2,The Walking Dead,639,Image,1984,,
351ea082-de20-4f7f-9641-829ca8e616a1,The Walking Dead,640,Image,1999,,
3dad7140-4915-4a64-a6f9-05e1012caef5,The Walking Dead,641,Image,2006,,
2620c603-ffa1-4af9-8a17-037cc882062f,The Walking Dead,642,Image,2000,,
f06de206-33cc-4387-860e-fefadc466482,The Walking Dead,643,Image,1966,,
a3c2bc5a-79bd-4dea-aff2-683e1a21c248,The Walking Dead,644,Image,2012,,
88fafcea-56c5-4384-83f0-7fe5da669701,The Walking Dead,645,Image,1998,,
fbd826ae-7394-4590-bedd-65ff2c361393,The Walking Dead,646,Image,1998,,
37eedde0-4760-42ff-b5c8-50c5b5965931,The Walking Dead,647,Image,2016,,
945d68be-a94a-4917-ae96-967ec19109fd,The Walking Dead,648,Image,2012,,
428a0fd3-3468-45c2-a1c9-800ee5218b66,The Walking Dead,649,Image,2018,,
173f80b9-5ff2-4061-9d4d-fd16c322ce43,The Walking Dead,650,Image,1990,,
a6752343-6e5c-413b-9c03-e93e0b7a3945,The Walking Dead,651,Image,1977,,
fb065f60-cfa0-4688-8281-c38a28469f8b,The Walking Dead,652,Image,1986,,
5292b8a9-e057-409d-8a92-76cff3118634,The Walking Dead,653,Image,2019,,
56ad4645-8dd8-445a-8215-2505e3f1019a,The Walking Dead,654,Image,1996,,
5563686d-2544-4059-8f9b-03a36085a290,The Walking Dead,655,Image,1979,,
f3d607a5-cb8e-448f-b034-d305469fdafc,The Walking Dead,656,Image,1983,,
a2897586-6806-4b23-aa32-e0215fff020a,The Walking Dead,657,Image,1989,,
6a3a16b1-5e3a-497c-9cb4-5f466714480c,The Walking Dead,658,Image,1965,,
c83327ae-32f0-4587-b98c-760f34f1d919,The Walking Dead,659,Image,2024,,
31228505-3278-4b03-b8b0-a91ce12b90e4,The Walking Dead,660,Image,1995,,
39d27182-e501-4816-b45d-c6fb88177915,The Walking Dead,661,Image,1998,,
f9b8fd1b-995c-4009-a5af-dcf93c7e751f,The Walking Dead,662,Image,1979,,
30eb3180-bc03-4763-9138-5603c224f034,The Walking Dead,663,Image,2003,,
8b9f78d6-8eda-4954-8295-62f62ef9e411,The Walking Dead,664,Image,1985,,
2c249c00-0d2f-42f7-af35-a9f1725668ae,The Walking Dead,665,Image,1982,,
60e092f9-4435-46d6-ac4f-1bfe0cd3d8ec,The Walking Dead,666,Image,1992,,
621a2269-18d4-46bb-8623-3c41eb3d20b3,The Walking Dead,667,Image,2004,,
3036cfa8-aba4-4bfd-8435-e1f88349fa20,The Walking Dead,668,Image,2012,,
3a06a612-a635-495c-8b4c-fdff51131ff8,The Walking Dead,669,Image,2013,,
fcad295b-d4f4-4591-8331-42ff6b732cc1,The Walking Dead,670,Image,2013,,
0d3ad768-a100-447c-ad89-bf622daa9a2d,The Walking Dead,671,Image,2012,,
89967292-b759-4624-84f2-e3f1366d9fe5,The Walking Dead,672,Image,2002,,
fe04bfe6-add3-4a0c-a6c6-efaf4bb11b9b,The Walking Dead,673,Image,1972,,
3470a989-a34a-4c0c-88b7-3ca86c65de18,The Walking Dead,674,Image,2002,,
bba02daa-d83c-40af-a5e5-17d2478992e4,The Walking Dead,675,Image,2022,,
8561e11a-850b-4a90-b2f5-a061caef4825,The Walking Dead,676,Image,2017,,
f2ca227c-7def-46f3-a632-abb5f584a90e,The Walking Dead,677,Image,1971,,
e152c2e6-14c0-4af8-9dba-2237a33c5bca,The Walking Dead,678,Image,1990,,
4a827d83-66e8-4d9c-b814-60bc75871421,The Walking Dead,679,Image,1986,,
d9897aa1-d2c7-46cb-a74d-f442cec5516c,The Walking Dead,680,Image,2023,,
831bef7b-e25f-4d56-88f1-b399d4cd6955,The Walking Dead,681,Image,1993,,
2c0a8f9e-a482-4f2a-80f1-0c8990f517fe,The Walking Dead,682,Image,1972,,
c1a45b71-8a3f-4d5e-9283-2ad1ec22d1eb,The Walking Dead,683,Image,2004,,
35e726c1-870b-4ea3-afad-99f5591f815d,The Walking Dead,684,Image,2017,,
f0790694-3da6-481e-8bc1-a2b1b4bf27c1,The Walking Dead,685,Image,2000,,
7f0202cd-f19f-4bbf-9f9a-29ad9d1bc986,The Walking Dead,686,Image,1989,,
f21fe23d-a5ca-426a-a8fe-0fb785bdaa63,The Walking Dead,687,Image,2007,,
f6494c3b-6d67-479b-89c4-3793612af1a4,The Walking Dead,688,Image,1990,,
7353eb17-fd30-4909-ba5e-2f9dfe5a63a2,The Walking Dead,689,Image,2020,,
91874268-65a8-4900-8ed7-f37f89605b76,The Walking Dead,690,Image,1999,,
43feda5a-37a3-4de4-8aaa-afb96c5fe6b6,The Walking Dead,691,Image,2017,,
9a10937c-0f71-479d-95a7-dcfb82176db8,The Walking Dead,692,Image,1980,,
208c4de1-1988-43f6-9762-3e46c9ed68c9,The Walking Dead,693,Image,1970,,
7ac6d610-478e-4c71-97c2-8c3a530c97a1,The Walking Dead,694,Image,1974,,
7c5b2e5d-28c2-433b-b57b-6b33c0e23cf3,The Walking Dead,695,Image,1972,,
72dcb1dd-56f6-4c8f-8a8c-e61afa2d9fb9,The Walking Dead,696,Image,1995,,
e849ce10-1445-426e-8aa5-669e8cda8b8a,The Walking Dead,697,Image,2000,,
2c70b6f5-5512-4871-8f62-0d30b689a9cf,The Walking Dead,698,Image,1967,,
55a0281a-80ed-484c-afbf-cd744ea35315,The Walking Dead,699,Image,1983,,
cb78e354-c86e-40e7-b1f4-74c6984d7274,The Walking Dead,700,Image,1988,,
8e82207c-40e9-46b8-8e8e-29b9997c8717,The Walking Dead,701,Image,2014,,
0bcb6485-c1b9-488b-80a0-34f0244641eb,The Walking Dead,702,Image,1984,,
0bb7de96-7b58-476e-88a6-d4893e017b8c,The Walking Dead,703,Image,2024,,
ff67ddea-a593-4d2c-b49f-5db90037187d,The Walking Dead,704,Image,2008,,
7df8deff-8bdd-40f4-b8d5-4f09a0fb096d,The Walking Dead,705,Image,1982,,
2f054f37-e0c2-4ce4-a0ec-47ee65ea622d,The Walking Dead,706,Image,1964,,
25ab419f-2fa5-409e-9fb1-f267d70d74b9,The Walking Dead,707,Image,1970,,
72e624dc-a8ba-49cc-96e0-75514af2c86a,The Walking Dead,708,Image,2010,,
2633544e-2389-4a73-8efe-e244ce88dd9c,The Walking Dead,709,Image,2005,,
21dab966-5022-4476-90e7-4b4be37284fe,The Walking Dead,710,Image,2009,,
bb095566-1dfa-450b-9ac1-771f7bf8d03f,The Walking Dead,711,Image,2022,,
01323611-fecd-4153-9a51-8c7d5764f851,The Walking Dead,712,Image,2009,,
1698bd70-a0b8-4056-bbdf-898f207f237f,The Walking Dead,713,Image,1988,,
f4d397fa-3bfc-40b5-afa3-bab3811a5c38,The Walking Dead,714,Image,1976,,
294502e7-a403-4488-81f0-ee46c11b1189,The Walking Dead,715,Image,2003,,
d81b7d55-8927-4578-a2b9-1cc52eb84cc6,The Walking Dead,716,Image,1994,,
9cd3fa04-a655-410c-86b4-99aa880c6955,The Walking Dead,717,Image,1964,,
dac31dea-3dbd-44d0-b799-b602473a566e,The Walking Dead,718,Image,1987,,
5783a25b-3c38-47e2-a255-056233e82014,The Walking Dead,719,Image,1963,,
2083ed73-9359-4ffd-a48a-f64f3736f2e9,The Walking Dead,720,Image,2002,,
f51aae41-486f-4980-9644-c41e731deb91,The Walking Dead,721,Image,1963,,
a8afbd91-198b-49c4-9600-31b9dc729e66,The Walking Dead,722,Image,1989,,
5a45bdd6-ee4f-497a-ba52-18b914f63ff5,The Walking Dead,723,Image,2003,,
45132037-b090-4c43-a094-0386cf0f8a12,The Walking Dead,724,Image,1996,,
f32e806e-0270-47ef-b5b6-b99251284d73,The Walking Dead,725,Image,1973,,
40c3710a-e721-4160-934c-002fb852c89c,The Walking Dead,726,Image,2014,,
8f0b3e20-f58c-4242-93eb-74cfc3871f36,The Walking Dead,727,Image,2016,,
2513fa6b-248a-4b6a-a55e-188751311b4c,The Walking Dead,728,Image,1989,,
2d8354de-ff5c-4f9a-89d6-726d80058268,The Walking Dead,729,Image,1965,,
b90a5989-9069-41a8-ad79-7754f937192c,The Walking Dead,730,Image,2022,,
5e23860f-e9b2-46e0-ba92-9e4ffac07962,The Walking Dead,731,Image,2021,,
01bac90e-9ce2-44f0-91dd-8f9f45e0a1ba,The Walking Dead,732,Image,1985,,
54c20f5b-ddf5-44b3-80a8-9a50a30c51c4,The Walking Dead,733,Image,1964,,
ec92d9bf-f195-4185-8c78-14bd45616909,The Walking Dead,734,Image,2004,,
ed0d6d7d-39e6-417f-9f30-25c0e7e742e1,The Walking Dead,735,Image,1978,,
3f9cbf85-ec17-4a8d-8716-bf8a4eb8812d,The Walking Dead,736,Image,1969,,
62b3d700-19a9-40d9-9eb9-8aedde112b17,The Walking Dead,737,Image,2003,,
483800e3-107e-4b23-a88b-7aa3e7faec42,The Walking Dead,738,Image,2024,,
87e8e23f-ccba-4005-82ec-3323316cecfc,The Walking Dead,739,Image,2002,,
9ddf8a46-16eb-4c03-8272-f799e507170d,The Walking Dead,740,Image,1986,,
fd4ba1fc-3937-4ab2-ad5e-2c20c46d1f38,The Walking Dead,741,Image,2005,,
820d7e3b-05bd-4fb1-b338-83ebc4db3173,The Walking Dead,742,Image,1975,,
493aef10-72b0-4a86-8925-e50d84eb78dd,The Walking Dead,743,Image,1961,,
c523f52a-3343-484f-bc9a-e8b12374fe33,The Walking Dead,744,Image,2005,,
8342edf4-364e-4a5f-ad04-0d6b097ff648,The Walking Dead,745,Image,1987,,
01602010-ed12-484f-b24c-1e1784483347,The Walking Dead,746,Image,1960,,
f75cf330-322b-46da-98c9-04a349297dc1,The Walking Dead,747,Image,1972,,
bda71baf-f4bb-4b61-bca7-bc440e4015ba,The Walking Dead,748,Image,2023,,
885e0a91-d20e-4d58-9251-38705ec05d9c,The Walking Dead,749,Image,1996,,
f6ad0c68-84a2-44bc-97cd-ed06f64fdb76,The Walking Dead,750,Image,1991,,
b9547c89-8825-4f53-8996-74018e3b8b8c,The Walking Dead,751,Image,2016,,
9eb4e613-859a-4cff-992f-fa7901c46fec,The Walking Dead,752,Image,2016,,
493662a5-78a5-4110-ac72-7880223ae144,The Walking Dead,753,Image,1963,,
9e510181-4eef-42d5-b0ba-7fe6d56b51f5,The Walking Dead,754,Image,2017,,
b3c8fdfe-fafa-4bce-96fd-9ce9710fb62c,The Walking Dead,755,Image,2008,,
ee2473f0-5c30-4141-b375-b6a4292a2761,The Walking Dead,756,Image,1984,,
e1b282b7-d222-49e7-a6fd-fd04d44e2668,The Walking Dead,757,Image,2022,,
354833b0-160f-44cf-8d45-fbb44d426982,The Walking Dead,758,Image,1975,,
7bd310e2-67b5-4e78-9f1d-21f79a092d68,The Walking Dead,759,Image,2015,,
de884243-4184-434a-bddd-95d78ca94fca,The Walking Dead,760,Image,1975,,
d8d6f626-565d-4592-8780-7ca2857f6cca,The Walking Dead,761,Image,1966,,
985af496-5ecd-4b23-9fee-750dfc2af625,The Walking Dead,762,Image,1966,,
f7dea0dd-4984-4c1d-af94-71b664086593,The Walking Dead,763,Image,2004,,
737ef2fa-af54-44b9-85f2-1a0fad415a03,The Walking Dead,764,Image,1998,,
074f320f-fe0c-4872-8767-c3bc60e30d30,The Walking Dead,765,Image,1995,,
76e435cc-c898-4b88-8914-f1fd1f5c7aa6,The Walking Dead,766,Image,2024,,
fbd2ae53-f0f1-4f4f-9248-8b74eb5d6df7,The Walking Dead,767,Image,1994,,
a82d9e50-a179-4b69-a808-32426c4cdd29,The Walking Dead,768,Image,1984,,
49a382f0-8f10-4d27-ab8f-2e6c6f2cb956,The Walking Dead,769,Image,1999,,
14b76532-8f0a-491f-948f-2c65214ec57c,The Walking Dead,770,Image,2011,,
af18c327-f185-4d36-ba76-d379fc335bf2,The Walking Dead,771,Image,2021,,
ec6faf17-48c5-458f-aafb-44e773e17c24,The Walking Dead,772,Image,1974,,
4137f91f-e338-4acd-8f62-0f2f03feb433,The Walking Dead,773,Image,1975,,
54925c32-eab8-4585-8c70-7c144d1716d2,The Walking Dead,774,Image,2019,,
800341d1-906b-4cde-ac41-0340ef2f01bd,The Walking Dead,775,Image,1977,,
4b8da2eb-f926-48c8-9bc8-f27ac8e98c79,The Walking Dead,776,Image,2011,,
200a3421-b799-4d2c-bab3-0506259e8fb7,The Walking Dead,777,Image,1968,,
fb9d1588-4beb-41fb-8717-1a4a86329a29,The Walking Dead,778,Image,1962,,
5892fd06-4c90-44ab-9a62-a3832a52433a,The Walking Dead,779,Image,1970,,
bce83ce7-5a74-4f67-979d-a1fcc3ebd571,The Walking Dead,780,Image,1976,,
0d939016-6717-4ede-894c-d98df631b17f,The Walking Dead,781,Image,2020,,
ae733e7d-7128-4b94-bd2d-b43ee6315926,The Walking Dead,782,Image,2013,,
a1f7f7a3-9a30-4770-bf00-ce37e140d416,The Walking Dead,783,Image,1997,,
a2ee2351-6071-4b43-a9d1-d9bac0228cfc,Savage Dragon,1,Image,1963,,
e331985e-40dc-4ff6-9ab0-428cdf3186d1,Savage Dragon,2,Image,2006,,
030098d3-0f89-408a-99cf-f23592dd9967,Savage Dragon,3,Image,2013,,
e1ce6174-5457-4cae-820a-fef1c7a6bb01,Savage Dragon,4,Image,1981,,
a23f389b-e5fb-467a-966c-06486f02863a,Savage Dragon,5,Image,2013,,
d20a69eb-b6aa-4ef9-8686-f174ec8c9fd4,Savage Dragon,6,Image,1980,,
267ff607-cee3-47dd-b537-74a9f5bf9e2e,Savage Dragon,7,Image,1990,,
29b52dee-e400-4797-9ffd-85ebc135137b,Savage Dragon,8,Image,2004,,
b2280c19-d0c5-4b64-908a-f9f7b8d7cf2d,Savage Dragon,9,Image,1973,,
8abd3cbc-301e-4e5f-9c9f-a0d8b0757a96,Savage Dragon,10,Image,2009,,
b19de8ca-2e09-471c-bfa3-ef931580ed85,Savage Dragon,11,Image,1964,,
e803d1d6-f7df-4342-a7f3-d834c69cabfa,Savage Dragon,12,Image,2006,,
8deb9bc3-2cfd-41a8-bac2-ebd0f2261666,Savage Dragon,13,Image,1978,,
9187937a-0ec1-47a1-afa4-4b4c355812b2,Savage Dragon,14,Image,2017,,
9aa30288-e25b-4d96-9924-b4d9de159db6,Savage Dragon,15,Image,2020,,
29c8b94b-139c-479e-b4f5-bd2edcd9f2a0,Savage Dragon,16,Image,1967,,
44cb8cb1-1776-4a56-b90e-7ca81bbc72f8,Savage Dragon,17,Image,1973,,
5150df84-2bdb-42bc-8b34-e788bc648147,Savage Dragon,18,Image,1998,,
c6b701c0-dbf1-4e11-bc51-c4ebdea4e79e,Savage Dragon,19,Image,2012,,
990d0709-9a32-46b7-9d9b-6a7eadfad129,Savage Dragon,20,Image,1998,,
2323f430-713d-4159-9fb6-e1ebda3afcb7,Savage Dragon,21,Image,1965,,
ed845909-d469-454c-8de3-822f60b224f7,Savage Dragon,22,Image,2004,,
169daa37-5396-41d6-91b2-4fd92388bff2,Savage Dragon,23,Image,1984,,
d2cc1503-ef7e-476f-a05c-ba93ae66b20b,Savage Dragon,24,Image,1965,,
ae28d7ad-096c-48a2-b1e9-b11a55c7b87a,Savage Dragon,25,Image,1970,,
19fbe62a-eea9-406c-9a3a-3b00860ee39a,Savage Dragon,26,Image,2008,,
8b82ee3a-12a3-4c5d-8dbe-7f124757148d,Savage Dragon,27,Image,1990,,
f87ba0da-2f47-4971-b0d0-15c1950e746b,Savage Dragon,28,Image,2022,,
fabb40e1-b2cc-469c-9950-937724ee1aa9,Savage Dragon,29,Image,1991,,
bdcc39d9-0f4b-430e-8c37-47d5314a11b8,Savage Dragon,30,Image,1983,,
e9c8ebe9-1e1a-47cf-bfd6-1d3b99f40f2f,Savage Dragon,31,Image,2018,,
605b874a-e487-49ae-9bdf-6c61e4727482,Savage Dragon,32,Image,1983,,
a0b892f9-5812-4a19-b86d-422bdad2a04a,Savage Dragon,33,Image,1981,,
58f4f1cc-75b5-4a76-9a42-e1cef5a0fceb,Savage Dragon,34,Image,2023,,
ad394393-6c9f-4d82-8b13-62113de1290e,Savage Dragon,35,Image,2013,,
c96a537a-4a68-455f-8f33-de9dea0374a3,Savage Dragon,36,Image,1962,,
0aaa714f-dc7a-4109-9376-67a7c7ec6105,Savage Dragon,37,Image,1966,,
a2e015ac-026b-4b0f-804b-65c0fc4ef853,Savage Dragon,38,Image,2013,,
bba37824-16e2-4f21-a5f2-59bf81bc6e8e,Savage Dragon,39,Image,1986,,
c7e05e0e-9fd9-485d-8cfb-7f9d73d61374,Savage Dragon,40,Image,2012,,
b30b6749-6747-40fd-9348-042429645876,Savage Dragon,41,Image,1989,,
aa4dca70-d51d-48c8-aab3-a66eee11e9d5,Savage Dragon,42,Image,2005,,
76932e09-1d71-46ea-9650-ef9570fbedd6,Savage Dragon,43,Image,2021,,
f4a44bfa-b614-4955-9d25-296718d2f35a,Savage Dragon,44,Image,1978,,
34128283-5f19-4502-816f-0fc237f9cf9d,Savage Dragon,45,Image,1974,,
4efbbb99-3759-4746-a638-d32bf4fde0c7,Savage Dragon,46,Image,1977,,
fdd4d9e6-6509-4896-822d-abb5639e5897,Savage Dragon,47,Image,1992,,
1706e21b-b620-4ba6-a379-748dac6d3a66,Savage Dragon,48,Image,2000,,
89fdd429-5e72-4be0-962a-221cb1aa32de,Savage Dragon,49,Image,2007,,
b1096571-e1a5-46eb-928c-1fbb3e77d524,Savage Dragon,50,Image,2016,,
61c210ac-3bb3-4771-896a-27a79701f2f9,Savage Dragon,51,Image,1978,,
399c744d-898e-48e6-9696-06658dfdef75,Savage Dragon,52,Image,2024,,
fdbfb4ad-c971-445b-a8a8-d1703f7fdfa6,Savage Dragon,53,Image,2014,,
dde58a22-a31b-48c4-b607-55a4e5006f52,Savage Dragon,54,Image,1994,,
85d68ac5-df32-45fa-85f6-cf65900e60bb,Savage Dragon,55,Image,2017,,
2e1dd265-a818-4c58-a338-1f3302e2b4d6,Savage Dragon,56,Image,1963,,
b155cab1-b1bf-415a-a92c-c3828caa172f,Savage Dragon,57,Image,1986,,
a1310881-27d6-491b-b96c-825a8ddd008c,Savage Dragon,58,Image,1965,,
6bf11ffd-9abd-4270-b9b1-5d0cd97e93b8,Savage Dragon,59,Image,1964,,
095d31e3-cff3-45f5-8733-3b331bbbcb8d,Savage Dragon,60,Image,1992,,
893e44e3-cf9f-4a7c-8feb-27aace76261a,Savage Dragon,61,Image,1986,,
00de9a90-c480-45ea-bf57-d5932d67c051,Savage Dragon,62,Image,2016,,
72172c49-d898-4c94-9c43-00f3fe5ad08d,Savage Dragon,63,Image,2007,,
82943d1d-228f-4b0a-abe2-f84a0d3b048c,Savage Dragon,64,Image,1982,,
99373f93-8a91-418b-89dd-59b9d920cad9,Savage Dragon,65,Image,2021,,
94264f2a-ff36-43b3-9c3f-f5d7678ab668,Savage Dragon,66,Image,2008,,
ec0bfbf7-87df-4245-adcd-7364aeb9f9f7,Savage Dragon,67,Image,2022,,
8b3f9d21-5455-425b-a70e-95f0e7012cf7,Savage Dragon,68,Image,1985,,
cba316fb-4043-4b7f-9da0-dc1b39b99b2f,Savage Dragon,69,Image,2020,,
e7edff23-be25-40eb-955f-6d2fddd21f5a,Savage Dragon,70,Image,1965,,
2bf0038a-2d28-4080-bbb6-794d148c489d,Savage Dragon,71,Image,1999,,
6114ec93-75ad-4c6c-be87-d6672f6fbc52,Savage Dragon,72,Image,1976,,
e06f6e9a-68e2-460a-a6ba-0413291fa96c,Savage Dragon,73,Image,1993,,
bb5aeba0-53bd-40a7-bd59-df2be180dde0,Savage Dragon,74,Image,1999,,
908e8761-d8d6-490b-9045-503a5fbb78fb,Savage Dragon,75,Image,1974,,
4db97935-ab8d-4204-9430-7a8cecd7fe78,Savage Dragon,76,Image,2019,,
7d6f6721-681e-432f-8c42-57f629027845,Savage Dragon,77,Image,1972,,
5c593ccc-f8f5-41bf-81e0-61106b43b56c,Savage Dragon,78,Image,2006,,
42fce6cb-908f-48bb-9f6e-515491fdf94b,Savage Dragon,79,Image,1978,,
9afb0125-c37b-487c-bf98-f2689d3c2a32,Savage Dragon,80,Image,2000,,
e3601f78-9083-4acd-96ec-356768d3b7ed,Savage Dragon,81,Image,1961,,
9763b9aa-8b23-4f7c-9bb8-031bf14299be,Savage Dragon,82,Image,1984,,
12353936-d37c-4d04-aafb-4c85b3fcd016,Savage Dragon,83,Image,1998,,
94a2dcd7-60fe-4fb9-94c1-3055f5cc9106,Savage Dragon,84,Image,1987,,
10276f78-71ab-410d-b04e-b1750c7cc44c,Savage Dragon,85,Image,1993,,
f3f14a82-2aaf-490d-b225-491ba749d10f,Savage Dragon,86,Image,1962,,
a847c000-5d76-4833-9289-cc2c197c5c1d,Savage Dragon,87,Image,1988,,
92c3279b-5dac-4068-9b85-5daaa64563db,Savage Dragon,88,Image,1972,,
206dda19-ff8e-40db-87ea-2711129dc0b4,Savage Dragon,89,Image,2008,,
43c0f86d-4290-4184-b65e-2def96404adf,Savage Dragon,90,Image,1998,,
0ba0a4e6-c0f4-40bf-8693-ad07a14431f5,Savage Dragon,91,Image,1990,,
513e736b-b9c3-4b19-9c23-f670fda49dbd,Savage Dragon,92,Image,1973,,
211a7b42-8561-41f6-ba1b-14c167935237,Savage Dragon,93,Image,2014,,
59c65bd1-48a9-490a-9b14-1a92c20377df,Savage Dragon,94,Image,1985,,
c167d961-7b8f-444a-835f-045a381e281d,Savage Dragon,95,Image,1986,,
0d15d0cc-71c8-4d05-8800-1e7e23b9cd0e,Savage Dragon,96,Image,1983,,
07d06178-6067-4940-b343-8ade28e65673,Savage Dragon,97,Image,2000,,
38a8bc0c-8981-42dc-980b-c3a2d1374ece,Savage Dragon,98,Image,2002,,
17010de7-3908-4425-9cf2-e5f1feb076e8,Savage Dragon,99,Image,1991,,
f158f9c9-e126-4954-a948-8744c820144a,Savage Dragon,100,Image,2009,,
89bc2f96-08ff-4dd0-a5f7-0cf8269199aa,Savage Dragon,101,Image,1977,,
2ecfe8f1-2698-4def-9b6f-a35577296da0,Savage Dragon,102,Image,1998,,
4b25ce6d-63e8-4149-ad82-e16fefe502f0,Savage Dragon,103,Image,1965,,
ee74f603-b9f7-4e9c-ad4d-28ba968d53d7,Savage Dragon,104,Image,2002,,
4e4bc277-0de1-4901-b76d-394916ab606a,Savage Dragon,105,Image,1965,,
d79ecd1b-e23d-4522-a562-70fe9b9da827,Savage Dragon,106,Image,2017,,
34fc73c4-8daa-49e1-ba20-28ccfc798db6,Savage Dragon,107,Image,1979,,
abde4812-47e9-4df6-8be2-d5a32b9b077d,Savage Dragon,108,Image,1968,,
25ae0f4b-d374-40f7-82b6-547d69259d79,Savage Dragon,109,Image,1981,,
7c37a281-2296-40a1-a222-8fb501b58845,Savage Dragon,110,Image,2014,,
f31a4d40-6f4b-48aa-8cba-613249bab77c,Savage Dragon,111,Image,2016,,
2f1d34d6-4acf-484e-83c8-b079090c8b0f,Savage Dragon,112,Image,2002,,
3e3c3310-1fc5-40dd-9390-b21f121c64ec,Savage Dragon,113,Image,2017,,
518a7527-ccea-431d-9867-97feab53c5e8,Savage Dragon,114,Image,1965,,
1f89ec6a-0dda-4c0c-b8e5-d7ba61139e40,Savage Dragon,115,Image,1987,,
c3eb99d2-f243-478d-a825-119a378c774c,Savage Dragon,116,Image,1972,,
6756cefd-462d-4f8b-8306-5cb3efb74220,Savage Dragon,117,Image,2006,,
9b60288b-65d8-469e-b813-2ad45158bfd3,Savage Dragon,118,Image,2023,,
1a00de61-263f-408a-bf6d-aa74f1a47aeb,Savage Dragon,119,Image,1986,,
cc412084-7804-42fb-9fc1-872a7fd22955,Savage Dragon,120,Image,2023,,
0fe8ed04-30d7-40e7-9d44-c4ff699e3c1c,Savage Dragon,121,Image,1989,,
089dd8a0-85ac-41c1-bffe-2ebf9f62daa5,Savage Dragon,122,Image,1971,,
d2769556-25b9-423e-823e-8af9b6c93a45,Savage Dragon,123,Image,2001,,
519ed920-2291-4980-a9af-fea71623dd99,Savage Dragon,124,Image,1969,,
b06b372d-1b2f-4ce5-8a9c-292e8a0bb859,Savage Dragon,125,Image,1977,,
b49ee99f-21e5-47be-856e-61b280410d6d,Savage Dragon,126,Image,2018,,
04274990-da9d-4195-b70a-39486733f26d,Savage Dragon,127,Image,2019,,
ac3db088-8245-46e0-b6b3-c2d511efc022,Savage Dragon,128,Image,1971,,
076c82fa-14dc-4ed9-a924-88e8281f77a1,Savage Dragon,129,Image,1975,,
2cab43fb-8fe1-4e59-bfd4-87a04d614754,Savage Dragon,130,Image,1994,,
18bc3050-5613-41fd-9893-41f2fdf7ff4f,Savage Dragon,131,Image,2014,,
42b86c41-8e4a-422f-ac89-65b22397b5c7,Savage Dragon,132,Image,1983,,
edfdd0fe-76fd-4ebe-a201-4ebaea3f08e2,Savage Dragon,133,Image,1987,,
74037f99-732b-4a3e-b5e3-ef4809fea0ea,Savage Dragon,134,Image,1969,,
c025566c-b194-40fe-926b-7b033c65425f,Savage Dragon,135,Image,1970,,
f54c908c-966f-4a8f-b33b-f946dc496b57,Savage Dragon,136,Image,1983,,
0bb475cf-9c69-419f-9782-0bc861173e8c,Savage Dragon,137,Image,1995,,
e156fc23-66ce-4277-8cbe-10c57992073c,Savage Dragon,138,Image,1960,,
d6dc87c3-55cb-4e67-ae3d-419105a4494b,Savage Dragon,139,Image,2017,,
7c0603a4-4607-40ca-a8b7-e790459b2a95,Savage Dragon,140,Image,2017,,
3d1c21af-1717-4f31-ad10-f9c38a2d3d58,Savage Dragon,141,Image,1962,,
2f97978a-73eb-4423-94f2-fe6ad59b5c91,Savage Dragon,142,Image,1988,,
f4ab5b11-e1ae-4582-b66a-9316a5ee09df,Savage Dragon,143,Image,2006,,
c0412a8f-c648-4837-956b-340c6a500576,Savage Dragon,144,Image,2006,,
d33aeab5-5a13-4490-99b0-3658ab00e867,Savage Dragon,145,Image,2001,,
121781ed-a271-4f40-92e9-4e0ced776dbf,Savage Dragon,146,Image,1964,,
f4d6e7d4-dde6-402b-9fd2-6a99abe4f09e,Savage Dragon,147,Image,1999,,
1c0fca5d-1bec-4586-a130-e7ca0c9817eb,Savage Dragon,148,Image,2022,,
2050c7da-1ab8-4091-95b6-080d4e388c15,Savage Dragon,149,Image,1968,,
f526f716-93a0-4625-a1df-a982daacce45,Savage Dragon,150,Image,2009,,
793f97f1-1eaf-4724-8bd2-7b4f661235e0,Savage Dragon,151,Image,2017,,
854e53ba-86e8-4bc9-b63c-fe374a1423f2,Savage Dragon,152,Image,1968,,
cce74b2c-7bac-4eba-8189-80bc46556fd3,Savage Dragon,153,Image,1991,,
01f1e91e-4f3c-47d4-9e70-651e884c8da0,Savage Dragon,154,Image,1979,,
4ef8bad3-ce44-4666-8d38-246ab6843aab,Savage Dragon,155,Image,2005,,
80314241-20c1-48bc-9b8f-14e25f0e7ff1,Savage Dragon,156,Image,1996,,
2e85388c-c999-4de6-8ae5-4b0e1dd11fd6,Savage Dragon,157,Image,1982,,
4dfaacdc-c032-43c7-a8d8-1e2790a2ade7,Savage Dragon,158,Image,1974,,
f7dff9f4-22d8-49ec-a683-6d26a91bb781,Savage Dragon,159,Image,1982,,
1c0cb1a2-3afd-44cb-b4e1-7134219a8e08,Savage Dragon,160,Image,2005,,
56c8db43-3f51-4128-96cb-990b950025b3,Savage Dragon,161,Image,1985,,
1eff86f1-f46d-446e-8ae5-8b5a4506ed05,Savage Dragon,162,Image,1998,,
3147d92a-8009-4885-8fae-467b9d3608bd,Savage Dragon,163,Image,2016,,
742a9d0f-aa65-4c3d-9ef7-614ee862d3be,Savage Dragon,164,Image,1993,,
efbceeb6-344f-4a3d-badb-2ef46585b0cf,Savage Dragon,165,Image,1971,,
d5707468-2088-490a-a3d1-20d2d612052c,Savage Dragon,166,Image,2015,,
7a0a74dc-6555-4c03-8650-f89de975b8b6,Savage Dragon,167,Image,2003,,
8f68f56a-abc3-4352-b30a-89633ea7e15f,Savage Dragon,168,Image,1975,,
af7764e1-68f0-44a7-abc5-e160d536da09,Savage Dragon,169,Image,2022,,
7a03c9d8-25d7-4119-a18e-e72acc074c04,Savage Dragon,170,Image,1974,,
7d6e3995-2e50-43dc-a1d3-e3543df3f320,Savage Dragon,171,Image,1986,,
5dc0d0dd-ed15-4756-bdf0-38fadfd56e04,Savage Dragon,172,Image,2010,,
6e041ad0-5f28-4392-8e9a-3621a5cf2c1d,Savage Dragon,173,Image,1966,,
67f9f600-2e88-4dc9-93c0-5e3aa68938ca,Savage Dragon,174,Image,1995,,
171dbba8-b7e5-4969-ad36-46303eb21aa0,Savage Dragon,175,Image,2012,,
252d34bd-2846-41d8-a6f2-fcbdf3b54970,Savage Dragon,176,Image,2001,,
27e7204a-af2e-4e7b-ace3-0afbe4d835d2,Savage Dragon,177,Image,1976,,
c79ab163-ce20-4ab3-b6e7-010d3a61bcef,Savage Dragon,178,Image,2012,,
6ddcf00c-d028-4531-be1e-176c63abd908,Savage Dragon,179,Image,1990,,
b93a9860-39a4-4437-93ac-d663dd74e8e4,Savage Dragon,180,Image,1996,,
4d11f983-013f-40b9-a54f-52c3e9715382,Savage Dragon,181,Image,2005,,
2ea78e11-f0e9-4ef8-81e6-d3e72ba3f716,Savage Dragon,182,Image,1965,,
5da72074-a397-42f3-a5de-eb4d7f6c69ea,Savage Dragon,183,Image,1999,,
2dad5f8e-3719-460d-8dc6-a0ae16bf04ea,Savage Dragon,184,Image,1981,,
d4989333-e471-47a5-b9ef-551fb81d4ec3,Savage Dragon,185,Image,2021,,
da1bb0ab-10ef-4b53-838c-94e790ed92ac,Savage Dragon,186,Image,2001,,
4a483203-7b7b-47ab-8f16-c77bfc1f1fa1,Savage Dragon,187,Image,2008,,
453e7466-1d8b-43cd-bbf2-6b4d54da9cea,Savage Dragon,188,Image,1976,,
eadfd9b6-bb55-4102-8c65-f4d34ce6fdac,Savage Dragon,189,Image,1990,,
dae2c751-18cc-4517-967a-f7a56cb60577,Savage Dragon,190,Image,2006,,
e3fcb754-affc-4b56-883f-4f868aed03df,Savage Dragon,191,Image,2007,,
3474ed32-ab07-4a9f-aa2c-6d0760cb33de,Savage Dragon,192,Image,2015,,
3294c1b6-c6fa-4b98-a78f-98b121096e99,Savage Dragon,193,Image,2001,,
02922f6a-2c77-4853-9acb-904c5b2a28df,Savage Dragon,194,Image,1997,,
7ac22eb9-aaa9-41ea-bfe1-fa4caec0ac88,Savage Dragon,195,Image,2018,,
b2c0d378-9870-4d34-a986-32aca82622da,Savage Dragon,196,Image,2010,,
f17d3d89-da5b-46a9-9026-afd8c7cf4b56,Savage Dragon,197,Image,1990,,
45d6bc07-8235-44b7-99b9-cf8be075c461,Savage Dragon,198,Image,1982,,
45fbe5b9-5a57-4d9d-8eaf-043ad27112b5,Savage Dragon,199,Image,1964,,
ebb40ef3-61c4-4ae9-8140-603b74a3a2b6,Savage Dragon,200,Image,1987,,
96be86f9-020a-46b8-bcce-bb6b9c4efde2,Savage Dragon,201,Image,1968,,
0ed55843-8d67-4dc1-9532-36885fdd54b1,Savage Dragon,202,Image,2012,,
dbe0a35b-93e3-4786-a3a1-7c92b190fb51,Savage Dragon,203,Image,2000,,
af60a5c7-8de9-4a2b-a156-cee217379b01,Savage Dragon,204,Image,1997,,
d09e204b-d578-4d9e-b61d-874468a25cbd,Savage Dragon,205,Image,1970,,
a99dcb64-371e-490f-9ab8-10347a50de8e,Savage Dragon,206,Image,1987,,
9aca6bcd-31a4-4224-ad93-cbac458c3ad5,Savage Dragon,207,Image,1998,,
6d13c291-273b-4f34-978c-05c3f8e01873,Savage Dragon,208,Image,2023,,
b560421f-ca19-43d0-965c-743d67311c3e,Savage Dragon,209,Image,1995,,
87f88e91-ad04-4e66-a214-32fefb052b52,Savage Dragon,210,Image,2010,,
1a142375-5c20-4f73-a47d-2b1ead4f5d88,Savage Dragon,211,Image,2011,,
6bc352d4-2fa4-4773-a930-efc2d13303ef,Savage Dragon,212,Image,2016,,
c2760503-525e-4f4a-a150-db82fcb541eb,Savage Dragon,213,Image,2018,,
593b1c70-f3c2-406c-b752-33de35dab92e,Savage Dragon,214,Image,1996,,
ad5ca831-6215-4e50-89cb-68f0c26c478a,Savage Dragon,215,Image,2015,,
a2070924-ffad-4e15-a115-daeca54f75e4,Savage Dragon,216,Image,1987,,
98c3d0c5-5a19-4720-9bdb-7bb77e83a3b0,Savage Dragon,217,Image,1970,,
3e7b817d-1265-4433-a4b8-d33a27b90d4d,Savage Dragon,218,Image,1994,,
52892b74-ee59-40f2-a388-ad968f18d4a5,Savage Dragon,219,Image,2023,,
7a2c091e-ad63-4cbc-b989-f84b31add1e7,Savage Dragon,220,Image,1996,,
9c4919da-9142-4831-b78a-c1300750ce20,Savage Dragon,221,Image,1964,,
30bc8540-6f29-4fc1-885a-6f99d9421ddc,Savage Dragon,222,Image,1978,,
1d42137d-2d3b-48bf-93e8-8334cf6449d2,Savage Dragon,223,Image,1984,,
edcb1708-d7fa-40fa-a9f4-70edd477d555,Savage Dragon,224,Image,1987,,
a6991355-bf59-4d30-9c07-202e6428d0ff,Savage Dragon,225,Image,2012,,
4a8b0448-a976-4e7e-9ace-1c3f8e4c085c,Savage Dragon,226,Image,2009,,
79f74007-07ec-4d6f-8d91-deda1d591cf4,Savage Dragon,227,Image,1988,,
3485ec05-bb3b-42a7-8e1d-fc9dd7472042,Savage Dragon,228,Image,1992,,
76067ce5-80b1-46c5-9206-b6b03748bb07,Savage Dragon,229,Image,1997,,
24b5769f-a729-45a4-9dc3-99c90b613a69,Savage Dragon,230,Image,2000,,
a4aca1ae-e300-4613-afe4-76d0935ab0aa,Savage Dragon,231,Image,2006,,
0f6c704a-8391-42f9-a639-6b58ba21d26c,Savage Dragon,232,Image,1960,,
25ee42c8-d13b-4330-9abf-6de13dc2fbbb,Savage Dragon,233,Image,1982,,
c176d894-3076-4ef0-bbb4-d9eadc82a48b,Savage Dragon,234,Image,1979,,
37422d00-0d89-4e70-811f-31201ade9b32,Savage Dragon,235,Image,1995,,
03819b36-1faa-4c36-8d87-ab440a9dadee,Savage Dragon,236,Image,1974,,
2132d754-092e-4244-82db-8f8f6e7bb33a,Savage Dragon,237,Image,1968,,
2240bfd4-fa78-43e0-8b4c-50311e063ae4,Savage Dragon,238,Image,1985,,
1bfc27eb-566c-4a83-b311-7402091827b3,Savage Dragon,239,Image,2000,,
20905296-13e9-4855-8bd0-974969d2ad8d,Savage Dragon,240,Image,1983,,
df2c40d3-aab0-486a-9cd5-a2a4ac262b23,Savage Dragon,241,Image,1969,,
2259cdb8-4214-4548-9794-7b351880e54e,Savage Dragon,242,Image,2024,,
412d0e30-7416-4fe0-a9b7-73681c1df196,Savage Dragon,243,Image,1965,,
7bb90e03-6478-46a1-9219-06ba7c25f398,Savage Dragon,244,Image,1999,,
80ad870e-1341-4c81-9de0-61df3d003817,Savage Dragon,245,Image,1998,,
15a2f5cd-cbf9-4241-b1ae-e4b5016267a8,Savage Dragon,246,Image,1973,,
0e3d5faa-647a-4b7d-9cff-a66b3ecf63fa,Savage Dragon,247,Image,1965,,
68cc5e4f-589f-4cf9-92e6-2037297b3d3d,Savage Dragon,248,Image,2003,,
1c63882d-afbe-488a-8826-eec43e75f787,Savage Dragon,249,Image,1988,,
ef0f2244-c8e6-4f24-9ad7-f3d00faaea86,Savage Dragon,250,Image,1977,,
c2ea8a1b-b840-4f21-8430-1123c3d0ed0c,Savage Dragon,251,Image,1982,,
02d47365-162a-4312-b0bf-2ddad41c4380,Savage Dragon,252,Image,1984,,
d999d0da-6a71-47fd-affe-50b90ce0554f,Savage Dragon,253,Image,1994,,
bb425be3-a66f-4b5c-ba1b-9663b242c869,Savage Dragon,254,Image,2018,,
5ce1b2cc-ea88-4a0a-a81f-b093baf30bb4,Savage Dragon,255,Image,1968,,
990025e7-13e4-4be9-9c4a-dbd938de89b2,Savage Dragon,256,Image,2019,,
7b61609b-a440-4072-b9a7-25f9e38353dd,Savage Dragon,257,Image,1993,,
847323ef-d0f9-458e-955b-dfe219878c7c,Savage Dragon,258,Image,1970,,
ee9bd808-de03-494b-8b6f-848186ac97c3,Savage Dragon,259,Image,1976,,
20a67ecd-0ec1-4bd6-a8cf-996e807b2c73,Savage Dragon,260,Image,2020,,
a85abe51-18c8-46dc-8706-a58bfc32b31a,Savage Dragon,261,Image,2002,,
ed830952-6ef8-4382-952c-6c0d1c387666,Savage Dragon,262,Image,2009,,
2b32fc30-d5b7-4ef9-816b-ae248ce4090f,Savage Dragon,263,Image,1979,,
31a26f47-7f77-49b0-92d6-873a061865d8,Savage Dragon,264,Image,1987,,
b910a19e-9f79-431a-9279-77eed6ac5fb1,Savage Dragon,265,Image,1971,,
a9936d94-9a5e-4660-a0df-b98b0671c1cf,Savage Dragon,266,Image,1975,,
9140bf32-80a1-4a8c-a6da-83c301df7851,Savage Dragon,267,Image,1983,,
9d29353c-aa98-4722-ac12-8045f257af37,Savage Dragon,268,Image,1985,,
a96899b9-5f00-40e6-90fa-f1f65b4142d9,Savage Dragon,269,Image,1997,,
ce8b471b-f908-41a6-81e0-acf76f299eb3,Savage Dragon,270,Image,2017,,
b8d8fb63-10b8-4232-b517-a82e50322989,Savage Dragon,271,Image,1961,,
e1ca969a-ce50-40a6-b264-e7920d6c69f3,Savage Dragon,272,Image,2005,,
2364dcbb-bb44-496f-98dc-6338e33cf59a,Savage Dragon,273,Image,2010,,
fc17276d-dbff-443e-ba13-b9d78eac4776,Savage Dragon,274,Image,1992,,
b891db3b-36d4-4ef2-890f-50d3bc78a73d,Savage Dragon,275,Image,1973,,
58a734b1-17f9-4fae-93c9-7cc0d2dac99c,Savage Dragon,276,Image,1989,,
6cd40fa5-7d59-43d0-9419-92951d7d639e,Savage Dragon,277,Image,2016,,
17d90370-4c73-4e00-ab5f-bf94cd66e8f3,Savage Dragon,278,Image,2023,,
3a6fdb94-e494-40af-93bc-4da2492dc292,Savage Dragon,279,Image,1986,,
ceb01496-186f-4ad2-ae00-a8cf45001782,Savage Dragon,280,Image,1979,,
154f3408-b5e7-462d-8657-628d227c0407,Savage Dragon,281,Image,1982,,
cd85817c-c445-434f-be49-8b3031f0bff7,Savage Dragon,282,Image,1986,,
4880f3aa-b8ca-437c-8579-6b37bfbf294b,Savage Dragon,283,Image,2006,,
a47868ae-2604-40fe-8165-4f7af3944e08,Savage Dragon,284,Image,1980,,
c33ff65a-15f9-4654-8a20-bc53ed1a5a8b,Savage Dragon,285,Image,1996,,
8b9b15e5-8b3a-4243-be4f-9d978124e48f,Savage Dragon,286,Image,2018,,
5fe1d054-687a-47e8-8f05-d2602ad9723d,Savage Dragon,287,Image,2017,,
5ed31ec9-aebc-4985-aecb-b13a90cad15c,Savage Dragon,288,Image,1969,,
4d0cfe75-0d5b-4e11-b831-12faf2bcf52c,Savage Dragon,289,Image,1972,,
f3d3c9ef-4958-45a7-81a7-238d92091712,Savage Dragon,290,Image,1974,,
51abbb1f-0d83-470e-b9e7-676b9acf9105,Savage Dragon,291,Image,2001,,
ee8a8214-092e-47ff-bde4-a29baf59b044,Savage Dragon,292,Image,2002,,
9154212e-8ef6-4cf8-a695-f48f994439c9,Savage Dragon,293,Image,1965,,
c74cbd9b-7c23-4dd2-ac3c-52876c67e114,Savage Dragon,294,Image,1996,,
6a86b141-1b8d-4a52-9f76-9c39ffb6ebf1,Savage Dragon,295,Image,1970,,
8cf8b022-eedc-4313-b7f4-e8d2e168909b,Savage Dragon,296,Image,1990,,
ccd65735-a273-4fc4-90d5-1826b6519e98,Savage Dragon,297,Image,2011,,
3413cc28-aaf2-404c-bb55-566e231f932b,Savage Dragon,298,Image,2023,,
ab511416-ffba-4ebb-b2fc-e3070eaa3abb,Savage Dragon,299,Image,1972,,
fedb8b25-1e18-479a-acef-91d652cdd888,Savage Dragon,300,Image,2018,,
abcf0435-6b5e-4c71-bd63-ca651373e7a2,Savage Dragon,301,Image,1989,,
3c567af9-eaef-4277-97f8-ba46fe93319c,Savage Dragon,302,Image,1998,,
c00b0267-4966-4005-a8af-66502e97d57a,Savage Dragon,303,Image,1998,,
a716156f-cd7a-4de2-9529-09cc8318d9e6,Savage Dragon,304,Image,2008,,
9b1e8ec1-3f60-4100-bac2-63cb83e0264e,Savage Dragon,305,Image,1998,,
37902664-c15d-4e2a-b081-6d0baf5bde1d,Savage Dragon,306,Image,1989,,
413d89fa-b798-45d2-94cd-a0da9922646e,Savage Dragon,307,Image,2007,,
ec116f5f-f93d-4a0e-9b90-34b7af85dce2,Savage Dragon,308,Image,2005,,
1e1cd579-0104-45c0-9127-d43b51ac1dc9,Savage Dragon,309,Image,1972,,
1a65ae78-e26b-4891-875f-aab3b210b1a9,Savage Dragon,310,Image,1992,,
e3c8547a-404b-4dfe-82f0-507e3c9f9644,Savage Dragon,311,Image,2020,,
0a878b7e-e019-4201-9180-8de5801d56f7,Savage Dragon,312,Image,2016,,
18947f35-fd9a-4933-93ba-05fe9d1bf2e8,Savage Dragon,313,Image,1962,,
31c2589b-e837-4e91-9cb7-3f7de0f6b99f,Savage Dragon,314,Image,1979,,
b087aab2-65a2-4ab9-9c97-b7f849269262,Savage Dragon,315,Image,1974,,
c0d258f1-5a45-4bb3-8ee1-28fd639d35c5,Savage Dragon,316,Image,1986,,
9e9a9597-5782-48c9-95cb-06ffbd9511b7,Savage Dragon,317,Image,2002,,
0d2b98a3-ece2-4652-ba05-8a34708af425,Savage Dragon,318,Image,1999,,
5d488066-0ec1-4569-a32d-170f3dfb0133,Savage Dragon,319,Image,2014,,
8bc0dd0c-edfb-4fd2-ab5c-aa9323a59e91,Savage Dragon,320,Image,1976,,
341d940e-f32e-4621-a60b-cd6459acfbe2,Savage Dragon,321,Image,2001,,
589bcc99-cfc7-49a9-8152-37375d8d3598,Savage Dragon,322,Image,1979,,
f1248bc1-6b86-410f-b45c-ee76f545dc65,Savage Dragon,323,Image,2019,,
0fdafb9d-67bf-4d60-9189-f51100be6649,Savage Dragon,324,Image,2023,,
09316f73-e825-4a9a-885e-e2cf8c84ba5b,Savage Dragon,325,Image,1971,,
50ec94c5-413a-4f95-a9de-a5c47c30dbff,Savage Dragon,326,Image,1962,,
3c4a4e26-38ef-4167-9801-f08e52ce237b,Savage Dragon,327,Image,2018,,
783b5af5-3c5b-486a-aba5-81b232525ce1,Savage Dragon,328,Image,1969,,
1a035295-485b-4af5-8067-4ec44d68c750,Savage Dragon,329,Image,1992,,
42df053f-7596-4c7e-af34-962fbf061e58,Savage Dragon,330,Image,1994,,
d55fc2af-058b-4078-b74b-b680750ca558,Savage Dragon,331,Image,1992,,
a8b4b627-cec9-4670-88d0-affe50e78578,Savage Dragon,332,Image,1987,,
e1729b1a-a7cc-43de-81be-7ab6814b9659,Savage Dragon,333,Image,1960,,
8efe3ad1-0e17-4bcd-a323-d3e332cac916,Savage Dragon,334,Image,1994,,
89c91193-90fd-4485-9ebb-2cb4feba650c,Savage Dragon,335,Image,1997,,
990d2bc3-e4e2-4ae7-acbe-a1a5bca10f0d,Savage Dragon,336,Image,2008,,
addf00d4-70e4-4919-84ae-f031361b108d,Savage Dragon,337,Image,1965,,
fa444879-0b1b-4b14-99f2-f99845a1fea8,Savage Dragon,338,Image,1961,,
b9289795-5572-46ef-8ca7-4267b4850029,Savage Dragon,339,Image,1995,,
762e75f9-f654-4dc0-8c3a-08f700590652,Savage Dragon,340,Image,2017,,
3b5f6ac7-ce01-446e-9bb1-cfd288d2efba,Savage Dragon,341,Image,1980,,
ab4f0dbf-ac76-4394-a1a2-1d0c8e1aa0c8,Savage Dragon,342,Image,1984,,
802e14e4-d3d3-47d7-b4d6-03a899749d82,Savage Dragon,343,Image,2023,,
764f9bf6-7c62-4053-a4a1-ce83fcd9c950,Savage Dragon,344,Image,1988,,
8f8c4d32-7d73-42cc-b2a6-efeefd14d343,Savage Dragon,345,Image,2000,,
21ef383b-4292-4a29-a88f-1c8da7b839b5,Savage Dragon,346,Image,1978,,
a763366d-a615-49c9-ac86-c72f56d2783c,Savage Dragon,347,Image,2020,,
1a5e0c95-4977-4e05-bbcf-e62eea011aff,Savage Dragon,348,Image,2023,,
e84595d8-ecad-4821-bdfe-41c1d260d3ac,Savage Dragon,349,Image,1982,,
05bc28fe-5553-4d4e-858a-4ec72946f9cb,Savage Dragon,350,Image,2024,,
567cfd3a-1971-4333-bb55-eb0e91c35a2f,Savage Dragon,351,Image,1999,,
3abae968-7cbe-42d7-80d0-1d865d3561eb,Savage Dragon,352,Image,1970,,
e7501abf-26b1-40bf-8771-43fb27115326,Savage Dragon,353,Image,2018,,
9df816c6-9bb3-4b93-9a4e-40a3982767a2,Savage Dragon,354,Image,1985,,
a4da26f8-f849-4e9f-9543-006ab1d12d84,Savage Dragon,355,Image,2004,,
f8aa0de9-6c0f-4c53-931c-433dcdaab3f5,Savage Dragon,356,Image,1982,,
d2b18925-7490-4c7e-b7ca-46318c51ff44,Savage Dragon,357,Image,2023,,
644b3ad8-b4c3-4a7b-be17-06e441bb44ec,Savage Dragon,358,Image,1987,,
a7d91d6d-c1e9-4787-98cd-1531fb4bf6e3,Savage Dragon,359,Image,1980,,
3a28dcfb-74f0-404c-8da6-6e2f3e84e5e7,Savage Dragon,360,Image,1989,,
a97a7d80-d428-40dc-8a86-920934f7806f,Savage Dragon,361,Image,2020,,
7153b374-99b6-4948-a013-573fd72158a9,Savage Dragon,362,Image,2006,,
2a3bfa42-ec5d-41dd-89ca-ac6cbecad407,Savage Dragon,363,Image,1977,,
80555e01-e44c-4b1c-8dcb-d5ef54952ef1,Savage Dragon,364,Image,2015,,
04fc6330-f71e-408c-9617-44f4a341b06c,Savage Dragon,365,Image,1979,,
05fc257a-de65-4aab-8823-694629092db8,Savage Dragon,366,Image,1998,,
cb4e0f2e-b294-483e-9d76-3444f30599a1,Savage Dragon,367,Image,2019,,
2f25d991-dd59-430b-bf8b-2dae4b5bd4ab,Savage Dragon,368,Image,1961,,
8eca2852-27bc-42f6-9926-b69844d6d9f1,Savage Dragon,369,Image,2011,,
9af22ba9-1b55-494d-b72d-1321eeeecd80,Savage Dragon,370,Image,1990,,
e244c467-bb1f-4da9-97cc-1537454ae5a7,Savage Dragon,371,Image,1964,,
24a2fced-dda1-4c98-8cb4-094063adf277,Savage Dragon,372,Image,2008,,
cee60f59-5334-4990-9e60-e4b46fde54bd,Savage Dragon,373,Image,1972,,
97125218-891c-4090-a8e5-b7b93971000c,Savage Dragon,374,Image,1983,,
26376cc3-14c9-4275-bf09-09c4e2f7523c,Savage Dragon,375,Image,2019,,
531ff303-c2f8-4e8e-b9be-358bf7b7dbb4,Savage Dragon,376,Image,1972,,
efbc3399-f313-4b05-acb7-38b3d223f02d,Savage Dragon,377,Image,2008,,
56fe7d4f-3538-4d85-be78-54ce6dfcd41e,Savage Dragon,378,Image,2022,,
32a1422a-f357-4f74-806f-a343bc61b6de,Savage Dragon,379,Image,1999,,
8997d173-84ca-4c25-9a44-7431a5d99488,Savage Dragon,380,Image,1978,,
58148163-779d-484d-bf03-b51ab5c25c6c,Savage Dragon,381,Image,1974,,
4d89ff5f-c841-4652-bbea-96efdbef8b64,Savage Dragon,382,Image,1975,,
1dbf50d3-bd56-49b6-ab4c-b31bffda407d,Savage Dragon,383,Image,2022,,
6ae72e87-b45f-423e-8e75-4483b08c30a5,Savage Dragon,384,Image,2017,,
31400249-9223-431e-a9b7-d2a5e3146617,Savage Dragon,385,Image,1999,,
92df698c-47a3-4e28-a13e-45251618f08e,Savage Dragon,386,Image,1982,,
7768f90c-bfa7-421c-b0fa-4169190584f3,Savage Dragon,387,Image,1974,,
c7026cc5-8b07-4bee-b82c-4b08388a77b5,Savage Dragon,388,Image,1965,,
24d0949f-b46c-4df2-a737-f1d821314808,Savage Dragon,389,Image,2021,,
c577c0d4-1705-4b78-96af-fe5d9e03fa00,Savage Dragon,390,Image,2021,,
3c1c0558-01a9-4b31-93e7-5865bb8fdcdf,Savage Dragon,391,Image,2019,,
63a0b0bd-8956-475e-87b4-0cc212f5726c,Savage Dragon,392,Image,2016,,
dc90ebf3-885d-42c4-b5f4-bdb7d0e73860,Savage Dragon,393,Image,1983,,
2ad18923-530c-4915-a586-d62c72d1c700,Savage Dragon,394,Image,1998,,
33fafde9-5169-42f1-a338-50b3e87ca087,Savage Dragon,395,Image,2005,,
94dd3301-6c35-4b09-8408-b47ecff80723,Savage Dragon,396,Image,1993,,
9d93cc44-e6d5-49e7-980e-7e5c897ba95c,Savage Dragon,397,Image,1963,,
2a1ba665-303c-427b-bdde-a8e615ef3503,Savage Dragon,398,Image,1983,,
c10e87f1-4758-4d35-b53a-bb88a4024b94,Savage Dragon,399,Image,1987,,
288aa3ad-66dc-4d60-96f1-c5d5775e0990,Savage Dragon,400,Image,2000,,
103d4720-c2ad-4fcf-91de-5bb5bab30c53,Savage Dragon,401,Image,1972,,
9c337d6c-9c70-4e47-8256-1c620ba5001b,Savage Dragon,402,Image,2017,,
112a7587-e173-4971-96f0-3b4aa6ef534c,Savage Dragon,403,Image,1985,,
473b3518-1525-483b-a01e-9925b186cbea,Savage Dragon,404,Image,2012,,
653f5985-d779-44e4-816b-720adf08c62e,Savage Dragon,405,Image,1988,,
9757f195-7884-4532-aef0-4ccccd24340e,Savage Dragon,406,Image,2024,,
a3c3ad02-25d4-40f9-8cb8-85fe6ac27c23,Savage Dragon,407,Image,1974,,
536c3a78-d42f-41fe-a05e-2a97531a81e5,Savage Dragon,408,Image,2020,,
4c58cff3-3324-4175-ba83-8f39e565a4d3,Savage Dragon,409,Image,2007,,
8a1859f0-dda5-4538-993d-b3a00c41053d,Savage Dragon,410,Image,2005,,
87144750-6880-4a1c-8a6f-1a15a6dbde1b,Savage Dragon,411,Image,2005,,
b3ad2967-76be-41de-95dc-ca8a48a1f47a,Savage Dragon,412,Image,2014,,
d2314662-aa30-4d1f-a924-aecb36820e91,Savage Dragon,413,Image,1981,,
e32646cf-1cbf-406c-b373-88ad6f432005,Savage Dragon,414,Image,2005,,
e4bd5048-8e11-4149-b819-3d44e842538b,Savage Dragon,415,Image,1997,,
f276d8e8-3e5d-4079-965d-4466dda4d33f,Savage Dragon,416,Image,2012,,
a26dfafe-97d4-4a76-bb28-9ed14e0ea69a,Savage Dragon,417,Image,1999,,
e7944f2b-462c-4310-822f-2769a9c80907,Savage Dragon,418,Image,1977,,
9cd2246b-1106-42c0-8644-93f255805209,Savage Dragon,419,Image,1999,,
7e9dea6d-3972-4b24-95c6-44a642efeb8a,Savage Dragon,420,Image,1991,,
59660d9d-a0e5-4614-b806-f789f1858546,Savage Dragon,421,Image,2020,,
2e226d73-74f6-4071-9d00-938a00691de8,Savage Dragon,422,Image,1985,,
d906f4ac-41b2-462b-9946-797d5d484a2c,Savage Dragon,423,Image,1992,,
e91389d6-3180-4d47-92f9-5a2c7c024c79,Savage Dragon,424,Image,1976,,
47d80a08-3525-4d9b-9028-c5b163e094ff,Savage Dragon,425,Image,1978,,
8cc8edf4-3de2-419c-a225-23031f6c1afa,Savage Dragon,426,Image,1964,,
8752ea67-1f85-46c6-af2f-651d94e020f9,Savage Dragon,427,Image,2002,,
2cdc9e79-d49e-421b-a056-9f3ccba2d299,Savage Dragon,428,Image,1986,,
8a151da9-3232-42ad-b367-6d15cbf0dff2,Savage Dragon,429,Image,1971,,
8478a448-73a8-4ed4-a018-a33f0364b83c,Savage Dragon,430,Image,1986,,
72a987fd-9311-4624-9b84-04ea86e2725e,Savage Dragon,431,Image,1967,,
a5d0742f-2631-45e7-b9f6-4e316a067689,Savage Dragon,432,Image,1965,,
d206d917-f302-4729-b605-4001f9b98069,Savage Dragon,433,Image,2018,,
ed205ac8-c02b-4a05-8971-f741bd1ec3c8,Savage Dragon,434,Image,1970,,
84d68597-17d5-484d-8704-82611c9b008f,Savage Dragon,435,Image,1961,,
c31fa11f-e6fe-4a37-a210-61ac517f1486,Savage Dragon,436,Image,1969,,
5b347267-8766-4f79-badf-7d6ba9802d2d,Savage Dragon,437,Image,1960,,
f447b860-1fba-4fab-8300-720cbb41969e,Savage Dragon,438,Image,2006,,
cae65ece-5b65-45e0-9705-fd994b20227c,Savage Dragon,439,Image,1994,,
652405bf-e183-4d50-ab08-d061f3b2f322,Savage Dragon,440,Image,2015,,
4d6616f7-d671-4560-ad6c-7c8b91b6e317,Savage Dragon,441,Image,1975,,
db631840-4c56-4a0b-83d0-3a51849d2cfc,Savage Dragon,442,Image,2014,,
f3786fc2-0749-43d5-8cda-461ee050a244,Savage Dragon,443,Image,1975,,
be22a47e-4237-436d-b172-a22c34132920,Savage Dragon,444,Image,2021,,
c97333db-6dee-4d2f-b80b-c177f9176211,Savage Dragon,445,Image,1981,,
1687b899-1030-4721-b0e9-58e469938cf1,Savage Dragon,446,Image,2018,,
cb6948b3-bd98-4111-804c-fc65e4a2f39e,Savage Dragon,447,Image,1964,,
71d27e70-389a-4e11-b9ec-4492734062ed,Savage Dragon,448,Image,1972,,
c09414de-600e-4be4-a68a-c0399b2cae2e,Savage Dragon,449,Image,1970,,
409a1120-bda7-4fa2-9950-b626be0f2ee5,Savage Dragon,450,Image,2000,,
49c6e7a2-9759-4b6c-8d8a-cc46d3a917f6,Savage Dragon,451,Image,1991,,
8c7e200a-23dc-49a8-84fa-0ef0442eea42,Savage Dragon,452,Image,2001,,
7be2c9ce-ffe9-4541-9251-c11fc9c939fc,Savage Dragon,453,Image,1997,,
701a1eeb-96c0-433b-92e0-7443b770cefe,Savage Dragon,454,Image,2020,,
79c087c4-0c84-4437-945d-fc1fcc7d21e3,Savage Dragon,455,Image,1978,,
2c807cf4-40d0-4561-b757-bf8e8c9e223e,Savage Dragon,456,Image,1987,,
1813c244-2fbc-4f28-a404-ac19b6a8339b,Savage Dragon,457,Image,1980,,
82b3ebf3-2f9f-4a4d-a2d2-a3c1570d6700,Savage Dragon,458,Image,1989,,
bf7451d6-3f74-49a4-af65-17ff5fb22cb8,Savage Dragon,459,Image,2019,,
65229c6e-4e54-428a-9339-98223f48fbf5,Savage Dragon,460,Image,1989,,
550494c3-6b45-49c0-8935-d2d25f795cef,Savage Dragon,461,Image,1983,,
54d7e92a-0cc3-4883-a55e-c55546add44f,Savage Dragon,462,Image,2013,,
84685d55-d8d7-4dde-b5cb-52256a368ce8,Savage Dragon,463,Image,1964,,
182a1bf8-00fd-4223-9954-f1ef0e2b1005,Savage Dragon,464,Image,2023,,
7650f752-c2fb-42ab-b604-9c7df0efb09a,Savage Dragon,465,Image,2023,,
71335c6f-7cda-47c1-8bc6-e03339eaf677,Savage Dragon,466,Image,1979,,
fe654147-83de-44a8-9190-e832efad633e,Savage Dragon,467,Image,2006,,
6da411d7-9aea-4aba-9448-1213e90ce933,Savage Dragon,468,Image,1966,,
34a668de-7305-4681-bd58-63bec24b77d1,Savage Dragon,469,Image,1962,,
51fd3a93-0c8c-4f4e-92f6-15cdaf23b67e,Savage Dragon,470,Image,2016,,
a26beb8c-859e-4189-868f-e35b10ad4de0,Savage Dragon,471,Image,1964,,
01cdefc9-26bb-411a-a7e9-c35e177195cc,Savage Dragon,472,Image,2017,,
41627509-4503-473e-bb46-0e542305551c,Savage Dragon,473,Image,1965,,
6714b024-65a7-456b-8716-3bdc3dafe2cf,Savage Dragon,474,Image,2018,,
ddf18ed0-59cb-4942-b9f6-26becbe43a0e,Savage Dragon,475,Image,1968,,
f0ede956-6400-4a26-8b68-5995628b1007,Savage Dragon,476,Image,1983,,
64ea6ed3-b95f-4919-a201-8081537531ab,Savage Dragon,477,Image,1977,,
eb0b8faa-459c-495f-9f77-e9d5005ea631,Savage Dragon,478,Image,1962,,
95935210-97cd-4142-934c-df426e8a08bf,Savage Dragon,479,Image,1989,,
ecbe9baf-325f-4ffd-a940-aed0ef114f74,Savage Dragon,480,Image,1967,,
b1953dd9-ce74-4769-a521-889ee92e3d54,Savage Dragon,481,Image,1979,,
99514f48-bd8f-4401-97ea-9937e0b0d774,Savage Dragon,482,Image,1982,,
8216839c-7877-4f23-b9d1-c4aa246ba75e,Savage Dragon,483,Image,2020,,
ed7ddaf4-cadb-4bb4-a10e-c97426b3e0e8,Savage Dragon,484,Image,1975,,
904188f2-2635-4577-a9e6-b1fadf6db1ad,Savage Dragon,485,Image,2001,,
c6028bb1-072f-46b3-af62-5eb9e72c244b,Savage Dragon,486,Image,2003,,
c696848b-5443-410e-9d96-78fb06072f19,Savage Dragon,487,Image,1966,,
c6e3baa4-0b79-48e7-9e0b-e8e699c02ec4,Savage Dragon,488,Image,1977,,
38de1d44-a237-424d-85a9-e27e4ddcc910,Savage Dragon,489,Image,1982,,
210df8e3-97b0-4e7c-80da-6e49b006f5f1,Savage Dragon,490,Image,1983,,
b608df40-aa01-4e82-9055-3d36c7af5122,Savage Dragon,491,Image,2002,,
4b2eacce-2a44-4f4e-b414-059e9afef1c3,Savage Dragon,492,Image,2007,,
b54f565d-bc3c-4679-9030-8754c807d6b0,Savage Dragon,493,Image,2012,,
99b22523-dc54-4082-bcb9-30b6cc1adb86,Savage Dragon,494,Image,1967,,
54b98af3-0dc9-4831-88ca-b5d72d0e42a8,Savage Dragon,495,Image,2020,,
48c957bc-9b87-46c6-828f-0ead19f72476,Savage Dragon,496,Image,1960,,
ad304505-078a-4650-9790-a5a4ffc06feb,Savage Dragon,497,Image,1989,,
60d0a232-2450-454e-86c4-45a951c617bb,Savage Dragon,498,Image,1994,,
837c1e1f-b0f2-45d0-bef6-e4dcd15272f6,Savage Dragon,499,Image,2006,,
79a5bb46-9fd9-41c7-8825-3a8d4234e257,Savage Dragon,500,Image,1983,,
4dd20187-1f97-4903-a0f0-198079acc23a,Savage Dragon,501,Image,1975,,
ea738221-7838-4e05-881a-67f691e29ca5,Savage Dragon,502,Image,1993,,
43ca1735-b1ff-4fa9-83da-31d70666811e,Savage Dragon,503,Image,2002,,
8f06913a-ad68-4341-8b91-3bbb1541a296,Savage Dragon,504,Image,2024,,
153e5922-2c8f-45ce-a6ab-4fc7201750d3,Savage Dragon,505,Image,1982,,
f1bdbde4-c811-4f73-8537-32a71317814c,Savage Dragon,506,Image,2023,,
b79cf959-3c09-4eb2-89be-fbc098adf57d,Savage Dragon,507,Image,2005,,
25ae2064-c3c1-475a-a0d7-c3657aa51a9b,Savage Dragon,508,Image,2001,,
6d6b1767-d9ff-4ef7-8f77-9faa21a0b4e1,Savage Dragon,509,Image,1966,,
ef5d8a3e-d489-473f-8911-320cdd73d906,Savage Dragon,510,Image,1989,,
5a7d1f77-87a2-4f1c-acbe-667503735856,Savage Dragon,511,Image,1972,,
837c1ed5-7c5a-4642-aada-a4dc04d8238a,Savage Dragon,512,Image,1963,,
808abb29-01db-41db-bdcb-7928a838e266,Savage Dragon,513,Image,1992,,
71862b47-bb8b-4752-b973-bc4d15ec550a,Savage Dragon,514,Image,1973,,
7c976259-0d40-44e9-b218-eef1bc4c022f,Savage Dragon,515,Image,1966,,
1e370f87-ec0d-4bee-8fc1-62da2fbcf9f2,Savage Dragon,516,Image,2019,,
0443b67e-91a9-4a68-a555-6e109b81e20c,Savage Dragon,517,Image,1972,,
1b0099b0-e0f2-48f3-8186-ab5d8bd82698,Savage Dragon,518,Image,1977,,
82bf5553-4211-4f26-8430-b6aca04c157b,Savage Dragon,519,Image,2006,,
062e4219-983b-4eba-97cf-30555d479604,Savage Dragon,520,Image,1963,,
0cfb1124-5e67-4360-b031-5ddb7a791a35,Savage Dragon,521,Image,1973,,
edfd683d-18da-4a8b-817e-cf7417a232bf,Savage Dragon,522,Image,2006,,
4700209f-cc42-4fda-b308-1c28ac614af2,Savage Dragon,523,Image,1976,,
e0751621-7d76-4951-a4b6-2545cb53cfbe,Savage Dragon,524,Image,2014,,
1da5766c-3bc7-4630-90ff-26d2345b809a,Savage Dragon,525,Image,1992,,
31eba408-269f-4484-802e-5c2cd4bceeb1,Savage Dragon,526,Image,1962,,
7498b121-68d2-422d-8bc3-040a5705257b,Savage Dragon,527,Image,1986,,
d0d8852c-b387-460d-b644-e6ffd316f154,Savage Dragon,528,Image,1987,,
89cb51ce-eed1-4d30-ae8b-c24afe836713,Savage Dragon,529,Image,1963,,
4bd3a786-ba3c-48fe-9028-d1d42fb25484,Savage Dragon,530,Image,1968,,
42e84b03-381d-4000-94dc-82c6949a2766,Savage Dragon,531,Image,2017,,
fa6a93eb-f8d0-488f-908a-b4e9ca2bcb0f,Savage Dragon,532,Image,1963,,
7d3539ff-e225-4d4c-a43c-01a5512f7976,Savage Dragon,533,Image,1968,,
b9cc9068-3949-4058-98cc-0f30d0ccfbe2,Savage Dragon,534,Image,1982,,
3974f929-5f14-419b-8675-19a2c018105c,Savage Dragon,535,Image,1992,,
f729e7e7-92d3-42fb-9940-3760634313d6,Savage Dragon,536,Image,2015,,
8fee69b4-93ea-4a11-a016-e66492e693e8,Savage Dragon,537,Image,1984,,
050df524-77dc-4745-beb9-578a38f68072,Savage Dragon,538,Image,1980,,
ff48df47-166d-4205-bf4b-cbd145876df4,Savage Dragon,539,Image,1973,,
5c1e4eae-39f5-4a90-b926-b529276a421c,Savage Dragon,540,Image,1981,,
fd5ab82d-2bb4-48cf-b3f3-ce2cba842962,Savage Dragon,541,Image,1992,,
2c89b581-e5b2-4bee-be53-7316fc09f73a,Savage Dragon,542,Image,1968,,
6d8b798c-6e9b-4203-8ae3-d82e98166a89,Savage Dragon,543,Image,1989,,
4f02b061-3278-440f-a312-7f1073afb39e,Savage Dragon,544,Image,1983,,
0a4a2579-06d1-42b0-809c-db8d256e517d,Savage Dragon,545,Image,1998,,
077abfd4-0f76-4fd5-b62f-88f3944f423b,Savage Dragon,546,Image,1993,,
8c3d40e5-f7eb-4f09-9218-d6a8c84ea45e,Savage Dragon,547,Image,1967,,
136a4471-0964-48a7-acec-f14235c72e24,Savage Dragon,548,Image,1972,,
3fa787ad-18bc-4010-ad12-4a2714c0d169,Savage Dragon,549,Image,2023,,
865198cf-55c9-46d0-b84a-8ddbbb27787c,Savage Dragon,550,Image,1995,,
f046161f-1a48-4071-88c7-41f8281d2923,Savage Dragon,551,Image,2016,,
1483331e-5afd-4d4e-b55f-665b66356bb7,Savage Dragon,552,Image,1995,,
c6866376-2af2-4b97-b72a-ecdf4fd241de,Savage Dragon,553,Image,1968,,
5fc18449-0855-4af7-a43a-3b1c04632151,Savage Dragon,554,Image,2015,,
d35c5781-0fa1-46aa-ba07-17812d76c263,Savage Dragon,555,Image,1982,,
3451ae13-e789-4fdf-9f8b-824d73d796fc,Savage Dragon,556,Image,1980,,
9e28e8e4-f720-4038-a389-c8d40e6b7181,Savage Dragon,557,Image,1976,,
ee442812-965f-4a86-b331-87b47f7ea75a,Savage Dragon,558,Image,2020,,
aeb68cfa-edb7-4ad9-9d52-3075d3a692b9,Savage Dragon,559,Image,1970,,
4911fd66-c2d0-4b87-986b-16904e1fe096,Savage Dragon,560,Image,2021,,
249c4a8f-8981-4b3e-9242-96382ae87a52,Savage Dragon,561,Image,1968,,
ac7b2658-5500-4c99-aaf6-01d002c043a4,Savage Dragon,562,Image,2010,,
b5ada088-6cf1-41b1-b642-69c185907d68,Savage Dragon,563,Image,1987,,
09eeab05-56a2-4e9b-9319-2e2ec12e4664,Savage Dragon,564,Image,2003,,
005ae869-abea-47d7-8397-eeb14cceac7a,Savage Dragon,565,Image,2023,,
bb7251de-f7df-4671-8546-35e6242fbf33,Savage Dragon,566,Image,2010,,
65726c55-61ed-4b22-b002-8468736440b6,Savage Dragon,567,Image,2024,,
84452a9f-5834-4f01-bc6d-c3bfb247473c,Savage Dragon,568,Image,1995,,
5f46e337-1527-4f06-9afb-65268fc09f65,Savage Dragon,569,Image,2003,,
a3d6d45b-2e5c-4cf2-9b3d-45679de5d028,Savage Dragon,570,Image,1963,,
c980e857-59d5-4940-990c-36f9efc5331e,Savage Dragon,571,Image,1967,,
f1c06872-cc43-4dfe-ae81-c4e9b20b61ee,Savage Dragon,572,Image,1983,,
48f2f389-516f-4dca-943a-4ecc5be56078,Savage Dragon,573,Image,1980,,
3fab4b5f-73ce-4708-a4c2-6f998aa2673b,Savage Dragon,574,Image,1981,,
7fdbc845-5c40-4823-a1f7-691e5d92d929,Savage Dragon,575,Image,1982,,
5be738eb-9b48-43d4-a8c2-082cbb82e94b,Savage Dragon,576,Image,1972,,
1c386045-4123-4c73-9aae-80b4aa397ada,Savage Dragon,577,Image,1995,,
16416473-df76-4dea-bbb6-60b684f4ab3a,Savage Dragon,578,Image,2022,,
7d8fdfd4-787e-44a9-aab7-6d0fda055088,Savage Dragon,579,Image,1996,,
c61fdad4-c76f-4ba5-aaca-bb6b91751eed,Savage Dragon,580,Image,1995,,
a342f119-d987-47d6-9c53-0f457a905785,Savage Dragon,581,Image,2021,,
e7bf75b8-d642-4cea-9606-207eb0fb8d77,Savage Dragon,582,Image,2005,,
4d36ce91-2206-4bd2-8ab1-25baa4fbc644,Savage Dragon,583,Image,2018,,
6c7c9dd5-4c73-4263-a6ba-7a1acf5cdea7,Savage Dragon,584,Image,2011,,
6fb1e065-5452-4c3a-ab84-45d333f10505,Savage Dragon,585,Image,1977,,
baf894e7-9845-4852-ab2e-5a04ce697454,Savage Dragon,586,Image,1967,,
f8e8426d-2c57-4ad8-9da8-cb8149495236,Savage Dragon,587,Image,2015,,
281bd8a4-a72e-496f-96b0-f1a1e41cc218,Savage Dragon,588,Image,1989,,
a7e0336b-bd7e-4b46-93fd-4ef1786d17d7,Savage Dragon,589,Image,1966,,
4b314cd0-7051-45a2-af28-ff06067cca35,Savage Dragon,590,Image,1975,,
33de2ca3-7949-44c7-8d36-ca91bd274893,Savage Dragon,591,Image,1967,,
2eacb511-9084-48b9-b7f6-0cf65dac3ce2,Savage Dragon,592,Image,2019,,
d64053cc-7f9f-41ed-af86-61e0b452d21d,Savage Dragon,593,Image,1961,,
41b05c6e-770b-42c5-b181-ab55dfd3d45c,Savage Dragon,594,Image,2021,,
7aeb520d-faab-4921-8adf-d38fe025737c,Savage Dragon,595,Image,1999,,
75bf2440-236c-44aa-b37d-35f0ee943c22,Savage Dragon,596,Image,2009,,
384b6b9c-1a7f-4759-b1b2-d6f799c3221d,Savage Dragon,597,Image,1995,,
b2045cb2-7f7b-4c0e-80ba-271e24301db7,Savage Dragon,598,Image,1986,,
ef271104-9451-46ca-9513-1fd4072caff8,Savage Dragon,599,Image,1984,,
6c7e4f10-a20f-45a9-b461-42a483542093,Savage Dragon,600,Image,2009,,
51dbbaec-3f4f-431f-acbc-301d6b95aaeb,Savage Dragon,601,Image,2000,,
10af020d-ea64-441b-b99e-bd0f27bcb52f,Savage Dragon,602,Image,2006,,
eb4efb67-03c2-4103-aadd-557b26e078d8,Savage Dragon,603,Image,1975,,
4e6f8d8e-01fa-42b1-889e-331b54982786,Savage Dragon,604,Image,1999,,
9a27882b-0c35-40bd-a3b9-f819b46f60a2,Savage Dragon,605,Image,1964,,
f8a39303-f122-4449-8d3b-38e3cc5abc79,Savage Dragon,606,Image,1974,,
7aac0c37-c534-4c41-bc22-607ca462318d,Savage Dragon,607,Image,2011,,
2853fb35-77c4-4a69-8f7d-2ca414b4217e,Savage Dragon,608,Image,1981,,
9722f31f-e2de-4cbe-aebe-124637c460fc,Savage Dragon,609,Image,2020,,
4a31a65f-e1e9-4e55-9b74-97e9ecb73194,Savage Dragon,610,Image,1986,,
0e40c3f4-b817-4e1f-bfa9-57d1da64d2c9,Savage Dragon,611,Image,2015,,
3e8b2c7f-b852-495d-b5c1-758c5daf37c5,Savage Dragon,612,Image,1977,,
0ef28cb9-2b17-4572-b496-0b5f3461af5f,Savage Dragon,613,Image,2017,,
575572f8-0777-489a-9004-eb971e66c640,Savage Dragon,614,Image,2022,,
80b622a3-8bb5-42ba-9a60-af4b5374da17,Savage Dragon,615,Image,1963,,
512e5d46-778c-4e4d-9857-0e1766f11e1c,Savage Dragon,616,Image,1964,,
02f34a78-28c3-4838-9b16-86cf7acf5bcb,Savage Dragon,617,Image,1971,,
61b8a3ce-7f8e-4a51-ba84-456c90918382,Savage Dragon,618,Image,2011,,
56647391-e23b-4f67-a781-5c9a3106b05e,Savage Dragon,619,Image,2006,,
7a7e2fb5-7bfc-4a3e-86ea-65df921c8512,Savage Dragon,620,Image,2023,,
96b1670a-d439-48a9-b41f-f5bbda53d7e2,Savage Dragon,621,Image,2017,,
0df7285f-23e0-4b92-902a-bca2e54ebce3,Savage Dragon,622,Image,1962,,
c9683fbf-7a63-4b6a-82d7-c1c6adcce0fe,Savage Dragon,623,Image,2008,,
77c6d209-cee5-4c54-b62a-e6c577357251,Savage Dragon,624,Image,2009,,
b910382b-2582-4807-8cd7-31a5f6588f6d,Savage Dragon,625,Image,2024,,
07d44bc2-5938-403d-b6b8-de0c8dbc39d7,Savage Dragon,626,Image,1992,,
245f35d3-b378-4257-9e8d-a75ffc3e68d3,Savage Dragon,627,Image,2005,,
8b950e8d-327d-410a-a157-31963b52540c,Savage Dragon,628,Image,2004,,
f1261bb5-3188-4f80-b241-bff25bb2a16a,Savage Dragon,629,Image,1967,,
dae59588-ec18-464d-8622-409959308e42,Savage Dragon,630,Image,1961,,
812f00e2-8eb4-41b7-836b-7e4bd72dd526,Savage Dragon,631,Image,1976,,
79948875-bf62-46ce-bebd-4cfe79d0f111,Savage Dragon,632,Image,1968,,
3ac57161-2dc2-48fa-af99-54d30609e9c1,Savage Dragon,633,Image,2024,,
5b938fea-792a-453d-a12b-5009996ee5db,Savage Dragon,634,Image,2000,,
f2a66fc8-8923-425e-adc8-3699341b7b52,Savage Dragon,635,Image,2006,,
1462272a-9cfd-4eb0-bea4-ca0e11ada970,Savage Dragon,636,Image,1978,,
ed8fb4d2-f768-410f-b65f-b8c35d3557f6,Savage Dragon,637,Image,2020,,
72ebc1ea-6880-4938-aae5-c776be1745ba,Savage Dragon,638,Image,2014,,
c8336239-ef27-46dc-bc2f-50a63439003a,Savage Dragon,639,Image,1989,,
f7d2a177-c905-4e81-ac09-5f55c7914649,Savage Dragon,640,Image,2020,,
134ce9dd-4d93-4f55-a9a7-6c2b9bac4e0f,Savage Dragon,641,Image,2011,,
2b70c4ff-971a-4d8b-a949-d89944da5ff2,Savage Dragon,642,Image,1961,,
b6a2b5c3-94de-440a-8a3d-1ad73353600b,Savage Dragon,643,Image,1973,,
871f61ff-f6b5-492b-a214-d35d27e2a663,Savage Dragon,644,Image,2015,,
b91dfbfe-a3de-44e1-8d45-3b46c6bf1989,Savage Dragon,645,Image,1965,,
f40122a2-415c-4fd4-942b-0158df7077ee,Savage Dragon,646,Image,2008,,
82f58ea1-1eda-4b77-a0a1-098d33bed000,Savage Dragon,647,Image,2009,,
74cbc06d-3cef-43bf-ad02-be778ab639c4,Savage Dragon,648,Image,1967,,
ab260a4d-14a1-4030-80e6-1283cf07e74f,Savage Dragon,649,Image,1980,,
12fa74ca-5a72-4d9a-a299-9ba010094ef9,Savage Dragon,650,Image,2010,,
d0ae7e09-071d-4476-a7be-b644a1cfa7b6,Savage Dragon,651,Image,1971,,
f0c01309-be3d-4959-8f9a-1ca58968a761,Savage Dragon,652,Image,2024,,
a9c9024f-9e48-4113-8cca-a9d43922dc8b,Savage Dragon,653,Image,2013,,
71ae7c47-3df8-4517-8610-a358d46db4ce,Savage Dragon,654,Image,1974,,
96291a78-ba7b-42c6-9a53-4bad2d60a2ba,Savage Dragon,655,Image,1969,,
7f1c566c-7d8f-4080-a5e7-25ea4f5caf26,Savage Dragon,656,Image,1961,,
c5321a03-f8ce-4e00-98e1-0557e0c74232,Savage Dragon,657,Image,1985,,
72fd1f2e-860a-4f37-9a46-111be56d0351,Savage Dragon,658,Image,2021,,
8a2d4467-6951-44be-b288-2f52d586e377,Savage Dragon,659,Image,2002,,
a77f2e7a-53a7-4849-80aa-ca29870624d1,Savage Dragon,660,Image,1988,,
3b2f8897-15db-4191-ad0b-0cad83af005c,Savage Dragon,661,Image,1978,,
7e7e81ce-0b24-4a3d-9d62-bf3f2121fbd9,Savage Dragon,662,Image,1982,,
427e5f61-b7bb-4b14-93ee-837c46ed0f78,Savage Dragon,663,Image,1961,,
31a7e499-f234-4361-99e7-48873ab6b4f6,Savage Dragon,664,Image,2014,,
e0df54be-8636-49f6-88ff-b3b6d9d46a06,Savage Dragon,665,Image,2019,,
abfde676-2091-4f06-93e4-5484afde0bad,Savage Dragon,666,Image,1995,,
cbc92f58-2164-4d58-a084-21a5c385aa49,Savage Dragon,667,Image,1976,,
4a0f229a-f2df-4e64-8ba0-eafe2f2d48cf,Savage Dragon,668,Image,2018,,
25c10ce1-d842-4887-a521-e6885ede5de3,Savage Dragon,669,Image,1968,,
ffdc2a5a-b7fc-4005-86cf-3bc459865d25,Savage Dragon,670,Image,2006,,
701309ed-be5f-423c-8e75-77c1f9d602f5,Savage Dragon,671,Image,2018,,
7b8e0eb7-ca2c-4e81-babf-91a071927d35,Savage Dragon,672,Image,2021,,
836a8045-f2a2-43fe-aeb5-01235d991ec5,Savage Dragon,673,Image,1999,,
b4fc8dea-7bf6-4bac-a09c-0cd4d3846273,Savage Dragon,674,Image,2004,,
f1a346cc-58c9-46e2-a76f-eea580551c23,Savage Dragon,675,Image,1985,,
28e3b480-c7ad-4fda-9c1c-cbe0ccf73d4b,Savage Dragon,676,Image,2000,,
93d4a635-3e38-43c3-b398-b888f56ab6c7,Savage Dragon,677,Image,1969,,
b7f94650-42b5-45e7-9edd-26af0c553523,Savage Dragon,678,Image,1982,,
c00de1ee-a85f-4631-ae6f-80a89e74c725,Savage Dragon,679,Image,2000,,
669c0a71-e6e5-4017-9edd-900119d59a4a,Savage Dragon,680,Image,1979,,
ad7a412a-dc7e-4db4-bde6-92d32bfa1fa9,Savage Dragon,681,Image,1961,,
6f5c03ce-474e-47c2-bd5a-73456183c4b9,Savage Dragon,682,Image,1986,,
c1873f42-ffe2-43a2-a631-5f4c114219c1,Savage Dragon,683,Image,1985,,
fde7ad56-8f5c-4025-8a76-acceedb4d97c,Savage Dragon,684,Image,2011,,
6d91e41a-3513-4031-b656-ffd5c24b906a,Savage Dragon,685,Image,1965,,
eacb3450-2e87-449a-ab7e-4fbeac6a96af,Savage Dragon,686,Image,1992,,
4d2813af-28ce-46ad-b824-a315754d9bc9,Savage Dragon,687,Image,2001,,
0bb96e3e-200b-43e9-9795-a2cbf204d9c3,Savage Dragon,688,Image,1980,,
317dff68-b2c5-4db1-9d54-6ffd7a5cbbdd,Savage Dragon,689,Image,1987,,
22a88974-bb9a-4e91-a645-81c8afb55bb7,Savage Dragon,690,Image,2021,,
942cc161-19ab-4648-b6b5-bec56edec412,Savage Dragon,691,Image,2001,,
19e82cb5-0976-4669-aa96-0581a5e864d6,Savage Dragon,692,Image,2016,,
45c240ff-4eb9-4fdd-a197-c7816310f60e,Savage Dragon,693,Image,1994,,
d42b4175-0065-43c5-bdc2-6e009206fccf,Savage Dragon,694,Image,2002,,
4017a1ee-c2d2-4d62-9c03-35b6d65a53d0,Savage Dragon,695,Image,2003,,
345a49b9-1b60-4167-9c66-187c6924edfb,Savage Dragon,696,Image,1971,,
82f1fb53-482f-481d-9991-03d8c7d1cf8d,Savage Dragon,697,Image,1965,,
aeca9b3a-3827-400a-b390-5af39d436997,Savage Dragon,698,Image,2012,,
c70dd4c2-06f4-4e85-909a-d2d16a662c17,Savage Dragon,699,Image,1966,,
401accb5-e642-482f-b849-0687e487fbb1,Savage Dragon,700,Image,2014,,
fe9c1819-e7ca-44c2-8fa2-2453ca56fd02,Savage Dragon,701,Image,2006,,
268c5a63-cd3b-46e7-8127-5288a819eb02,Savage Dragon,702,Image,1986,,
15ff3916-fe01-4bef-a5dc-3775a82b1d06,Savage Dragon,703,Image,2012,,
76bfeb4d-d29a-4a07-99ca-5f7ebfd8646d,Savage Dragon,704,Image,1970,,
f10cdeed-4f94-4687-b796-b6ed454e6a13,Savage Dragon,705,Image,2021,,
66ccdae8-4ce8-447d-a658-1a3da9245909,Savage Dragon,706,Image,1976,,
417040c9-9a4a-4764-bd61-48a98f63b784,Savage Dragon,707,Image,1961,,
866c61d9-6c5a-4e30-a166-1e17718e362d,Savage Dragon,708,Image,1963,,
08a389a2-da9c-42b6-a020-03af3a641080,Savage Dragon,709,Image,1963,,
25d20a21-2c30-4a04-a9ac-4f67948dff1f,Savage Dragon,710,Image,2004,,
dad2b407-8cbf-4903-96ea-72246ec15c29,Savage Dragon,711,Image,1988,,
a11d44f3-0041-4e19-8fa1-c3a8b96ce81a,Savage Dragon,712,Image,1999,,
f048f079-6d57-4dbf-a413-6dc25f868ec5,Savage Dragon,713,Image,1974,,
c716077b-b065-4658-9124-cc7dab46e496,Savage Dragon,714,Image,2006,,
7ff7133a-91dd-4609-b8a7-94d7357942f8,Savage Dragon,715,Image,1960,,
f8852323-644a-4395-80cd-0bd21a2fbcaf,Savage Dragon,716,Image,1991,,
dc20ea3b-a095-4020-a41a-f4061f5d7570,Savage Dragon,717,Image,1978,,
0bd69f90-0382-42a6-a3b4-cf5d37546158,Savage Dragon,718,Image,1975,,
2bc4e550-b166-4b05-a554-d9196194aec0,Savage Dragon,719,Image,2007,,
b1e51274-41c0-484f-9f85-6c0abc9e89f8,Savage Dragon,720,Image,1973,,
499c2a4b-62be-4beb-9787-c8c941dd20a3,Savage Dragon,721,Image,2001,,
301463bd-66f6-4e25-9335-81f5cfa9d355,Savage Dragon,722,Image,2024,,
4feb6e31-68d4-4670-aff2-d516db443ea4,Savage Dragon,723,Image,2013,,
ff4ad9a4-fa11-4b15-a44a-81336fb7287b,Savage Dragon,724,Image,1965,,
4c3e1a2b-8ac6-4a08-a42a-d972a3a3ee8c,Savage Dragon,725,Image,2024,,
159239a7-2511-4769-a094-60e27e6f955c,Savage Dragon,726,Image,1972,,
fdab0cfd-8a7e-46d9-9c13-6c33901fc684,Savage Dragon,727,Image,2019,,
2ff42dd5-c5d2-4e23-80a3-00d7a10faa85,Savage Dragon,728,Image,2019,,
3e577941-b003-43a1-8b6e-3be6c9b2e93d,Savage Dragon,729,Image,2003,,
3fb6ea28-d784-4db2-b923-d5fc2e52b378,Savage Dragon,730,Image,2005,,
e76975f7-a174-46b6-b717-f402fd8ec472,Savage Dragon,731,Image,1976,,
0b924093-ad74-49e3-ab8a-2870f93762bc,Savage Dragon,732,Image,1998,,
e514f685-ff42-4a09-b29e-84f7e32b5d57,Savage Dragon,733,Image,2023,,
2f0926cb-a1a1-490f-8c2d-95c7364aa19d,Savage Dragon,734,Image,2018,,
3517b519-b3a1-4fdc-8353-bef8327bc632,Savage Dragon,735,Image,2009,,
4b4d4a18-cf32-47eb-8dcb-7fb149e86eed,Savage Dragon,736,Image,2007,,
49b1f408-6a5f-44e5-a4c1-c34c2aff3101,Savage Dragon,737,Image,1966,,
355c4137-58bb-4fd0-bac3-ea73326216df,Savage Dragon,738,Image,2009,,
6313e281-9249-4332-bc1a-d3f2f61f151d,Savage Dragon,739,Image,1970,,
565aa029-648a-4117-bbae-9a558d5eeae7,Savage Dragon,740,Image,2016,,
835698d9-3d51-4acc-93d1-d3bc9b29a976,Savage Dragon,741,Image,2007,,
381dc58a-f765-4e8b-8b33-4ed2128753d2,Savage Dragon,742,Image,1972,,
dae0eada-2329-460d-89d7-25b16486ddd0,Savage Dragon,743,Image,2007,,
b55e454f-ef14-4527-bae5-76f32f4e1036,Savage Dragon,744,Image,2002,,
c4d8b4fd-52fe-4653-a7bd-5b40ecb8d60c,Savage Dragon,745,Image,1981,,
c77f2337-6ca7-4aa2-a1b2-662e01776802,Savage Dragon,746,Image,1964,,
4f773d50-43da-45a8-a0f0-fce2680798ef,Savage Dragon,747,Image,1978,,
83967487-9715-419f-b127-67ec3f4beace,Savage Dragon,748,Image,1969,,
25dfab64-14cf-4470-b498-ce5ba45b10c1,Savage Dragon,749,Image,1965,,
5b534f10-e5a0-477b-8f5a-f42a6fcd35ea,Savage Dragon,750,Image,1976,,
ff9d74bc-9051-4aa0-90e6-90279b7ad338,Savage Dragon,751,Image,1988,,
a66f6685-4e1c-4e1a-b35e-33b70c9f19fd,Savage Dragon,752,Image,1972,,
42308f2a-ee50-4914-a10b-7dbda803be9e,Savage Dragon,753,Image,1970,,
5e00e8f9-92e7-47d5-ba8d-343411c263ff,Savage Dragon,754,Image,2005,,
7414263a-6ca5-4dea-9708-788cd5c740a2,Savage Dragon,755,Image,2001,,
16f6bf2a-3584-4cd2-b6c0-cbcbd90579fc,Savage Dragon,756,Image,2017,,
40f91944-324a-4934-b49a-bf9e706df421,Savage Dragon,757,Image,2001,,
27169b94-dc82-4c52-8441-f27608abed37,Savage Dragon,758,Image,1971,,
6a2e9bd6-1fb9-4bca-b59c-165ae08aa17b,Savage Dragon,759,Image,1984,,
e678a622-6a97-483c-a10f-8b7e2cb9ccdf,Savage Dragon,760,Image,2022,,
48dbc5c3-3ca2-4bf6-b537-764730e18457,Savage Dragon,761,Image,2020,,
3838d829-4db9-4ac1-8e36-a34464bfde35,Savage Dragon,762,Image,2018,,
201b9a8a-21cb-4c9d-8b20-3bc4cea8ef76,Savage Dragon,763,Image,1990,,
2ec1765e-a8f1-46ad-bf01-bb610e976c46,Savage Dragon,764,Image,1964,,
98af7545-d26e-49d1-9517-1173a06fc4d3,Savage Dragon,765,Image,1982,,
ad96bd37-07e2-4879-ad8e-3bf1bb51d914,Savage Dragon,766,Image,2021,,
99f43d09-5c49-4533-8c35-b73dda00fd66,Savage Dragon,767,Image,1994,,
abc05754-7f5b-471d-add4-7e97118fd9ac,Savage Dragon,768,Image,2024,,
9f7cefa4-09a5-4f12-8b83-ceec8e19ea8c,Savage Dragon,769,Image,1975,,
4fcb919f-18bd-4e25-8d03-bfc552fdaa4c,Savage Dragon,770,Image,1992,,
882699b3-7cf7-494f-83d0-eaf9e6324327,Savage Dragon,771,Image,1995,,
8d548a36-6913-402e-84bf-27491a356fab,Savage Dragon,772,Image,1967,,
6d8cf092-9fd7-4b2b-a654-210b60a0c3a6,Savage Dragon,773,Image,1982,,
6f6df6e4-d650-44ec-b4f6-17752744f732,Hellboy,1,Dark Horse,1983,,
2faf1866-ab85-4bbe-aa79-a9afc880f24c,Hellboy,2,Dark Horse,1970,,
590db792-2412-4f1a-85ed-149fb8af253d,Hellboy,3,Dark Horse,2016,,
6fd73985-810e-48f6-808f-eb7df58887c1,Hellboy,4,Dark Horse,1978,,
c0f80ef5-523a-40b8-be67-884f260767bd,Hellboy,5,Dark Horse,1981,,
cb7f37bf-d85b-4a8f-8ef5-55cfad39cb42,Hellboy,6,Dark Horse,1989,,
7e67a29b-869c-49ea-993c-37106cea6dc2,Hellboy,7,Dark Horse,1988,,
1ef50e4c-a4bf-4aec-8b76-75a537e53cc2,Hellboy,8,Dark Horse,2013,,
1b952fe6-2cc5-460a-94ca-eea0129ed61a,Hellboy,9,Dark Horse,1970,,
6359119d-0636-4fb1-aeb8-0737f5a697b0,Hellboy,10,Dark Horse,1962,,
0b9250d9-d23d-421b-a12d-d43ad47cc2b1,Hellboy,11,Dark Horse,2001,,
a978a2a3-a02a-4900-b5d7-a18152642ffb,Hellboy,12,Dark Horse,1981,,
4d670469-56af-4a09-883f-a20f8d032e30,Hellboy,13,Dark Horse,2013,,
acaa9775-1cab-400b-b01a-082e3b1f3519,Hellboy,14,Dark Horse,2006,,
67c54822-10b8-415d-8962-1b5537541518,Hellboy,15,Dark Horse,1968,,
425a5dcf-8e2c-4cae-a375-50de497f82b5,Hellboy,16,Dark Horse,1968,,
dec90c06-30d2-4623-9330-7192584d3e9c,Hellboy,17,Dark Horse,1980,,
a0a876b6-5b66-4997-9925-d653707f90e9,Hellboy,18,Dark Horse,1979,,
573cabaa-02fa-40c0-8b24-5187e24212dd,Hellboy,19,Dark Horse,1999,,
cc90567a-71a6-4ecf-b1da-37c70750089f,Hellboy,20,Dark Horse,2021,,
d809fb75-5560-4eb6-bd38-1466e33287f5,Hellboy,21,Dark Horse,1970,,
9e7f00f2-63f7-432d-8186-ac7c5c0af3c0,Hellboy,22,Dark Horse,1968,,
3c107e67-5bb4-4a91-9a7e-93ca4e9bbb2b,Hellboy,23,Dark Horse,2004,,
61e28864-689f-4de4-a693-5cbeec405c1e,Hellboy,24,Dark Horse,1983,,
ee228738-2d87-49dd-bd05-e17a1a6124d9,Hellboy,25,Dark Horse,1972,,
485ccdc8-fd56-4fd6-84f7-102f12920cdc,Hellboy,26,Dark Horse,1983,,
20ab32f0-cc17-421b-a916-b57d31826275,Hellboy,27,Dark Horse,2013,,
4ee0a874-8bb4-401d-8bbd-c720449d55cc,Hellboy,28,Dark Horse,1971,,
c9a6acb1-a64d-4404-a079-85bac9b52e6b,Hellboy,29,Dark Horse,2019,,
1c949302-96bf-458b-a70e-cb98543d57b4,Hellboy,30,Dark Horse,2001,,
3c6cf45e-700f-41a9-9a02-47fb44ade7d3,Hellboy,31,Dark Horse,2022,,
628b830d-3486-4453-9710-c88f6baa6a91,Hellboy,32,Dark Horse,2024,,
9615a14f-c312-485f-a456-536325c19826,Hellboy,33,Dark Horse,1982,,
0ffd7b37-3181-4e73-b686-e161f76928a0,Hellboy,34,Dark Horse,1987,,
42bfb850-843e-4af9-b607-bdba1716cb31,Hellboy,35,Dark Horse,1965,,
57931e2f-a512-45ed-894b-15c383f54362,Hellboy,36,Dark Horse,1960,,
f02f7561-6904-409e-87d6-89ac67a56f7d,Hellboy,37,Dark Horse,2008,,
2d73d82b-fa97-40f2-8d2d-1176f73917a4,Hellboy,38,Dark Horse,1995,,
5bc85cfb-91a1-4c20-bdc2-c47777a06a4a,Hellboy,39,Dark Horse,1980,,
27e4b2bb-c00a-4400-b810-1c8b0741f132,Hellboy,40,Dark Horse,1976,,
9e2baa63-1b6e-429c-bc54-bf7e8740a6d9,Hellboy,41,Dark Horse,1964,,
5a73d15a-1916-4afc-8f3f-becf885ca454,Hellboy,42,Dark Horse,2000,,
9a0262ae-76d3-4f75-b0d3-792c02f1dedb,Hellboy,43,Dark Horse,1969,,
20e420b2-ba7a-428b-ae80-626d9632f807,Hellboy,44,Dark Horse,1967,,
8eb9c1bb-57d1-4f0f-9616-b21d79190703,Hellboy,45,Dark Horse,1963,,
b5cc4b11-2989-425e-a4f3-0a1bae38b12d,Hellboy,46,Dark Horse,2017,,
6fe75d83-aa04-48ea-89cf-167f67d8e93b,Hellboy,47,Dark Horse,2012,,
b0df1b52-185d-46d9-9a1b-13c5b034eb5e,Hellboy,48,Dark Horse,2005,,
5ec7aed3-b78b-435c-b59c-9406a2f47da5,Hellboy,49,Dark Horse,1999,,
4fcbd2b6-5fc1-45a8-9992-11990e3bdf47,Hellboy,50,Dark Horse,1973,,
f9ca0c85-879d-4fa9-8340-50173d37056a,Hellboy,51,Dark Horse,2013,,
a87f3d3b-8fc9-48bd-9394-e59a9338105e,Hellboy,52,Dark Horse,1977,,
bd943259-31a8-4738-8ddb-12857d9e0298,Hellboy,53,Dark Horse,1980,,
5140e715-d1c8-44b1-bc2e-5393c42900dc,Hellboy,54,Dark Horse,1980,,
10cb2c11-f570-42e3-9347-6bd323c780aa,Hellboy,55,Dark Horse,1997,,
afbc6cf0-5efd-492d-8fc7-af4c675d5631,Hellboy,56,Dark Horse,2007,,
bf1ed912-1293-4ca9-a9b9-b8cfb3e62200,Hellboy,57,Dark Horse,2000,,
2d5074fa-437f-4805-8ede-dcf5110431be,Hellboy,58,Dark Horse,2013,,
993a18c7-1296-49d5-823a-00042b138d25,Hellboy,59,Dark Horse,2019,,
8fb411e7-7be1-42c5-b803-76a77a90866b,Hellboy,60,Dark Horse,2008,,
ffd4d384-5ce1-44c0-8588-bfdd51b38581,Hellboy,61,Dark Horse,2016,,
f922dcc4-a0af-4342-87ee-97df4c73b4af,Hellboy,62,Dark Horse,1962,,
fb93c351-4ec0-4151-b80a-364c3038a62b,Hellboy,63,Dark Horse,1961,,
69a35edd-8eeb-47eb-a7c8-e1b3d7475925,Hellboy,64,Dark Horse,1984,,
e1af73f5-6156-4a9e-bc55-9b454f2523ed,Hellboy,65,Dark Horse,1988,,
c9a95019-65f1-406d-aaca-98c725d36a48,Hellboy,66,Dark Horse,1992,,
f4b83dbe-eed2-4274-bd48-0ca5b74f3ef0,Hellboy,67,Dark Horse,1995,,
3ff4cc74-fd50-4c68-9123-be25f51be9fb,Hellboy,68,Dark Horse,1983,,
a3af46a4-6339-4100-9fc2-0f29c58cd1b1,Hellboy,69,Dark Horse,1966,,
11a21e96-35dd-4230-8bae-1f22d717c4d2,Hellboy,70,Dark Horse,1997,,
c215adc4-6ab6-491a-8831-d5f7e592ff7f,Hellboy,71,Dark Horse,1997,,
71be6803-4c27-4205-9e48-19815e019896,Hellboy,72,Dark Horse,2001,,
0786a419-5ad6-4473-b664-8f0447bfb2cd,Hellboy,73,Dark Horse,1976,,
d5f3775c-f673-434e-a437-614a909774af,Hellboy,74,Dark Horse,1965,,
27923811-4456-4e8d-8967-414a997f8b86,Hellboy,75,Dark Horse,2006,,
009c73cd-f82e-4cfe-86a7-64dcd286d2f9,Hellboy,76,Dark Horse,1972,,
8431025e-d4f4-4380-9ea9-c3d5f1faed9c,Hellboy,77,Dark Horse,1998,,
e0a61c3a-899e-4947-a7b0-287bbb182ff1,Hellboy,78,Dark Horse,1968,,
817f726a-bf54-47d2-8652-d9498594bda5,Hellboy,79,Dark Horse,1962,,
e0001830-1824-4df5-aae6-a78905f5dc2f,Hellboy,80,Dark Horse,2001,,
4dc463f2-1854-4fcd-aa59-9f12011963c1,Hellboy,81,Dark Horse,1987,,
04bee204-95b1-4789-9e03-98c241180a9f,Hellboy,82,Dark Horse,1980,,
0e2a2067-de88-4d49-9ec8-ea3a45dc2874,Hellboy,83,Dark Horse,2024,,
7f6bb4a2-2fc7-4dcf-807c-c0dddb4bb60c,Hellboy,84,Dark Horse,1967,,
941f7725-c302-4ef6-bd71-4e7028db36cd,Hellboy,85,Dark Horse,1973,,
0af97cd0-04df-4b94-a8d7-12e39246e618,Hellboy,86,Dark Horse,1960,,
3dc1c2ce-786e-41bf-8fa6-18e7674e162f,Hellboy,87,Dark Horse,1995,,
466ca951-c64d-41b0-94f4-3b6e35e3f5a6,Hellboy,88,Dark Horse,2017,,
073f12cd-82d9-4db4-9ed1-cf85a396ab8c,Hellboy,89,Dark Horse,2023,,
8116f1e2-334a-483f-9c89-088cb1d098e1,Hellboy,90,Dark Horse,1967,,
8fb427e0-b4da-4425-8cc8-a7009406aa65,Hellboy,91,Dark Horse,1960,,
9124c066-293a-4f9a-bb8f-33206adc321e,Hellboy,92,Dark Horse,2020,,
4055f15f-1556-42bf-bc80-91219a2c6fbb,Hellboy,93,Dark Horse,2012,,
746fefe1-208e-4a24-bf61-860b99e7dea4,Hellboy,94,Dark Horse,1995,,
fb9f3ceb-c285-4c36-b741-94eb4a42be8c,Hellboy,95,Dark Horse,2009,,
f36e7250-d86f-43c3-92ae-3bdf2a57ac4f,Hellboy,96,Dark Horse,2002,,
b847d794-7a18-4fda-9c99-77bdba022c6c,Hellboy,97,Dark Horse,1974,,
126569f8-a980-4b19-a654-78faf62cf3a2,Hellboy,98,Dark Horse,1987,,
cf0169aa-59fe-4523-8a6e-c9589c4efcb4,Hellboy,99,Dark Horse,1986,,
c13d31a5-8b65-4cda-83b0-3aa5cdfb22e9,Hellboy,100,Dark Horse,1974,,
17c80277-c1b6-4d16-9138-e26b6c90caf0,Hellboy,101,Dark Horse,1973,,
22f7236b-e309-40d5-880d-120aa67595d2,Hellboy,102,Dark Horse,1979,,
81e5f16a-2ae8-403d-bc1d-328f53d46df4,Hellboy,103,Dark Horse,1965,,
4d075d46-518f-4281-9752-9d06d3d30638,Hellboy,104,Dark Horse,2020,,
477f61dd-3c08-4039-992e-14dd96f89ebc,Hellboy,105,Dark Horse,1998,,
16ebc40e-a06c-4ee7-a8d3-722a09fb284c,Hellboy,106,Dark Horse,1966,,
7592f85e-af23-472b-bc97-10cabbfbb303,Hellboy,107,Dark Horse,1992,,
9a102089-0d8e-4ced-a8ec-5766ca4ca501,Hellboy,108,Dark Horse,1982,,
1bc7bdaf-b293-474e-9d58-a4b01c95bb5c,Hellboy,109,Dark Horse,2016,,
63bbacf8-345e-46a3-b0b4-cc4b50870223,Hellboy,110,Dark Horse,1983,,
65ac26a3-6258-48ee-b844-fec407886cdb,Hellboy,111,Dark Horse,2005,,
8b255c0f-12b5-4b71-aa57-8b1fc346365a,Hellboy,112,Dark Horse,1968,,
c9753423-6120-4aeb-934b-7e33c31a3a68,Hellboy,113,Dark Horse,1964,,
8f6b5000-00be-4f61-b1a8-4f4d693d8347,Hellboy,114,Dark Horse,2006,,
f10f80b4-8424-49fa-ab11-60e446b58157,Hellboy,115,Dark Horse,2014,,
a23abad8-ac1f-4c90-a185-74dd2d3ffa3e,Hellboy,116,Dark Horse,1987,,
6774f6cf-4f77-4be2-9ec6-6687e617f188,Hellboy,117,Dark Horse,1967,,
92ab27c4-053e-4a50-831e-22f70f2db0e9,Hellboy,118,Dark Horse,1961,,
1a977d87-f24b-4d10-8980-e0b732d6ee85,Hellboy,119,Dark Horse,1989,,
f86ec80f-e5fd-4991-987c-8971bde337ea,Hellboy,120,Dark Horse,2009,,
a2add471-35db-438b-a85d-622ed6d2f087,Hellboy,121,Dark Horse,1994,,
90cd3281-c3db-4449-90c2-5146d007c8ea,Hellboy,122,Dark Horse,2014,,
cb1dc514-ad33-4c82-97fa-112481d70f60,Hellboy,123,Dark Horse,1975,,
00379c92-b8d3-4043-85da-47d9e4d579d9,Hellboy,124,Dark Horse,1968,,
dbe84d09-47a4-49c0-a5ef-86b3e9c77154,Hellboy,125,Dark Horse,2017,,
8b93f34e-6913-4b5f-ae33-154041674498,Hellboy,126,Dark Horse,1993,,
6f595ce8-28ab-4131-ad81-3e04e5993fc2,Hellboy,127,Dark Horse,2021,,
47158906-202e-4a4a-a882-e7c8dbd27d43,Hellboy,128,Dark Horse,2019,,
198b408f-7127-4070-a15c-55158b57b934,Hellboy,129,Dark Horse,1975,,
9ac44342-a125-472b-9441-a7a4c9122a24,Hellboy,130,Dark Horse,1966,,
93c70ef8-c22f-4e64-80f8-79e0165cea80,Hellboy,131,Dark Horse,2000,,
88c3989b-a570-4277-bc48-3e6f59b004ba,Hellboy,132,Dark Horse,2014,,
c7012558-2a8b-4800-bd5e-325cc538a4b4,Hellboy,133,Dark Horse,2007,,
7681ebb6-57ba-4949-8c22-d3b49107f751,Hellboy,134,Dark Horse,2002,,
a4d4e4a5-16e8-43b8-8556-70c052ba7e9c,Hellboy,135,Dark Horse,2017,,
2b91047a-202f-41eb-a488-16edf3ca8096,Hellboy,136,Dark Horse,1967,,
b321f280-34ce-44cf-b95c-cdf5cde1c6e2,Hellboy,137,Dark Horse,2013,,
e70f6ab6-5518-4168-9840-ec86d986d65c,Hellboy,138,Dark Horse,2000,,
83ff913a-ce8f-4ce5-bba4-9307ee92149b,Hellboy,139,Dark Horse,1986,,
692172ff-cd00-4b8e-a9ce-38f0bd7e6d94,Hellboy,140,Dark Horse,1962,,
70bad4d7-1876-4d37-95b3-2f691835c09d,Hellboy,141,Dark Horse,2000,,
48ccf5fc-1915-4a2b-8ba4-da201ba38380,Hellboy,142,Dark Horse,2006,,
6ca89cc5-8e52-43c5-b881-9f25944fdb3c,Hellboy,143,Dark Horse,2005,,
299ff276-4211-446b-ba5e-dfbdf5517e96,Hellboy,144,Dark Horse,2008,,
6abe10cf-a55f-4ede-ada0-7c07967a7ecb,Hellboy,145,Dark Horse,2016,,
597add43-ab9a-4911-a848-ac02a94a7ad0,Hellboy,146,Dark Horse,1961,,
39beef74-2bec-4a19-b30f-834d7ba45993,Hellboy,147,Dark Horse,1961,,
6ec09ee5-4d40-4c40-9829-5daa3be5bf2a,Hellboy,148,Dark Horse,1973,,
5e6590e2-2f0e-4ea3-976e-e729d9527c99,Hellboy,149,Dark Horse,1983,,
18b32bdf-6aad-465e-aed8-e22130a4c8a4,Hellboy,150,Dark Horse,2002,,
e2a1c1e8-5fd0-4cf0-b438-0806eec705ce,Hellboy,151,Dark Horse,2021,,
806ec988-8129-4ded-8d73-68d765eee4f2,Hellboy,152,Dark Horse,1999,,
468f5582-e87f-470c-8a7a-6543059b9042,Hellboy,153,Dark Horse,1968,,
1c215f0c-3867-49e1-b577-1632cb62b133,Hellboy,154,Dark Horse,1990,,
0ffecbeb-9eba-47c1-80e2-ee9c709e6274,Hellboy,155,Dark Horse,1992,,
50461bd2-5353-4142-a4f5-24d520ad0804,Hellboy,156,Dark Horse,2009,,
14bd76c9-494f-4b8d-b4bd-683b14ea7bb2,Hellboy,157,Dark Horse,2001,,
7bee1b26-b170-460a-aaf7-1fbf3cccbbc4,Hellboy,158,Dark Horse,1989,,
21a83dd6-0d3d-41e9-83a8-3afde91522a2,Hellboy,159,Dark Horse,1994,,
b43df1c0-b23c-4184-a475-0e569e83b69d,Hellboy,160,Dark Horse,2014,,
7cb5fe14-7205-4f5d-8f6a-f45dc842e810,Hellboy,161,Dark Horse,2009,,
cda35f1c-97a7-4398-bfeb-a48291b7583b,Hellboy,162,Dark Horse,1979,,
7f180ad6-2c39-4e40-9918-0a6c19d5670a,Hellboy,163,Dark Horse,1960,,
ef255da7-c5d9-46e1-9fc8-ed4a1132f690,Hellboy,164,Dark Horse,2011,,
4e6b4d72-232d-422e-a0d2-8b830b3434ef,Hellboy,165,Dark Horse,1975,,
abaaa63e-b378-4ffd-91fa-2939607cca48,Hellboy,166,Dark Horse,1968,,
0bcc0e70-941f-4076-8302-e984e5c04bac,Hellboy,167,Dark Horse,2008,,
754ad553-671d-434f-b5c4-e8af2aef71ec,Hellboy,168,Dark Horse,2007,,
225be6f9-21ee-4654-95a2-e743bd36d2dc,Hellboy,169,Dark Horse,1995,,
62d6565a-a710-4b94-9bc2-8782af4218ce,Hellboy,170,Dark Horse,1996,,
626dec2f-1a07-42e3-bcda-576d229ed519,Hellboy,171,Dark Horse,1979,,
33338d5c-c149-49f3-8e23-497eb9e05e09,Hellboy,172,Dark Horse,2012,,
0f653b65-0eee-43f2-ae42-14f46f0bfe2c,Hellboy,173,Dark Horse,1977,,
8dc180ed-b28d-4c0f-9b77-f340a6e78df3,Hellboy,174,Dark Horse,2023,,
2f7315dc-dae9-441c-80b3-661b091033e9,Hellboy,175,Dark Horse,1978,,
63f97f89-f383-4212-8689-4cbe521ebc9b,Hellboy,176,Dark Horse,1978,,
c06f592a-c8c8-4fda-b114-1dae9efb1311,Hellboy,177,Dark Horse,2007,,
6df5c17a-9bc4-4371-a1d7-98d231a862eb,Hellboy,178,Dark Horse,1992,,
7161337f-31a1-4560-964b-e9e780d44b94,Hellboy,179,Dark Horse,1986,,
da591c52-eb4a-4b26-adbe-aa8fdc38c3de,Hellboy,180,Dark Horse,1995,,
c49ff563-31aa-448e-9ba2-cb8d135249bc,Hellboy,181,Dark Horse,2009,,
a6f375af-e97d-4750-9ac2-e614ed256ae2,Hellboy,182,Dark Horse,1961,,
49444507-c338-4afe-84b5-be0219aa4ddd,Hellboy,183,Dark Horse,1973,,
00097631-4d63-4eb4-ad43-2f5fafb43309,Hellboy,184,Dark Horse,1998,,
5cb6b789-1cbe-4e71-8550-ad61ca926c68,Hellboy,185,Dark Horse,2010,,
35215084-df46-4f7a-8564-72ddc0f49111,Hellboy,186,Dark Horse,2012,,
a59baa92-5858-48ad-8200-5bd863dbeee0,Hellboy,187,Dark Horse,1980,,
987196ce-6077-4a94-b8b9-4f89a2396fa3,Hellboy,188,Dark Horse,1972,,
5bcee968-aa98-4ff0-9ab4-efb3052788bb,Hellboy,189,Dark Horse,2011,,
47532cd3-71a1-46b8-b33b-a9bb14435149,Hellboy,190,Dark Horse,2009,,
7ce79e6d-7e50-4920-b2da-5ae99b09301f,Hellboy,191,Dark Horse,1966,,
d96cc21c-8b33-485e-bad9-faafa51821ce,Hellboy,192,Dark Horse,2014,,
7399b7ef-cf19-43bb-be4d-890c34e11b20,Hellboy,193,Dark Horse,1972,,
d7d362a9-3ade-4a61-ba46-354d228d59c8,Hellboy,194,Dark Horse,2003,,
52cc9bd0-4d9f-421c-98be-67b6c6e29868,Hellboy,195,Dark Horse,1977,,
4a38e576-c81e-40d7-93a0-56753dff4803,Hellboy,196,Dark Horse,2005,,
d60e1670-d1f7-4288-9a7e-04e8e585a892,Hellboy,197,Dark Horse,2007,,
66cb97ab-1b37-4cbf-bf8e-b2de64f6619a,Hellboy,198,Dark Horse,1984,,
85e4f6db-f683-4763-8d82-b95c146b58d9,Hellboy,199,Dark Horse,1961,,
b6992ff9-276a-425d-88eb-95db776d524e,Hellboy,200,Dark Horse,1978,,
6c74f442-2448-4879-8809-39f821c9a59a,Hellboy,201,Dark Horse,2003,,
167bc656-3add-4b2e-b8cb-554883b89e23,Hellboy,202,Dark Horse,2022,,
93eee62b-78f1-4932-aa5d-7e4977c83305,Hellboy,203,Dark Horse,1997,,
d8eacf3e-fbef-4517-a1ba-299e7eb68553,Hellboy,204,Dark Horse,1998,,
89b19d93-eaf7-4fcf-8336-d08b621f0195,Hellboy,205,Dark Horse,1978,,
31d5f4c8-addb-4537-9aec-b0d3c163983b,Hellboy,206,Dark Horse,2012,,
134d8120-56ff-4578-92a3-261c9476127a,Hellboy,207,Dark Horse,2017,,
e0fe479a-75f5-4cc1-9e56-49196e076fb3,Hellboy,208,Dark Horse,2024,,
76686077-9b3c-4311-a1b7-b38e7abb65c2,Hellboy,209,Dark Horse,2000,,
05eb8953-6916-44ee-a7e9-7a251dde06da,Hellboy,210,Dark Horse,1978,,
eec5d1f9-a4ec-4870-a230-4c85b084dba2,Hellboy,211,Dark Horse,1998,,
1ccab607-7337-4c05-8798-b2db64d5b368,Hellboy,212,Dark Horse,1988,,
a364bf0b-37db-455a-8608-3ef39676e1f0,Hellboy,213,Dark Horse,2013,,
ec32b95c-5f0b-4c93-b766-ea584d53e32a,Hellboy,214,Dark Horse,1966,,
4f725641-9e57-413a-a0eb-d52184e081da,Hellboy,215,Dark Horse,2004,,
88290dcc-5c0c-4f0a-ba33-502e10c5cd76,Hellboy,216,Dark Horse,1983,,
d72ccd64-552b-4106-aba8-8ce3fb639b8b,Hellboy,217,Dark Horse,2001,,
17333baa-ace3-4a56-88db-986d3c99279b,Hellboy,218,Dark Horse,2020,,
b0790f0e-459f-4352-8d5d-58dec56c489c,Hellboy,219,Dark Horse,1999,,
b6327cb9-bbbd-4eb1-ab74-25c3bf042860,Hellboy,220,Dark Horse,2007,,
62df3f5b-a650-4a81-bdb5-23d3c2130eb1,Hellboy,221,Dark Horse,2016,,
a967ee9f-3edd-4e31-a7cd-a61e1cdf74d4,Hellboy,222,Dark Horse,1996,,
a04a2cfe-45e3-4216-9d2f-23ee5bfdcaa4,Hellboy,223,Dark Horse,1963,,
86aff924-0ccc-4312-9b09-caa60bc20e4f,Hellboy,224,Dark Horse,1982,,
7a2d3954-9a27-4f07-ae75-604108c2730b,Hellboy,225,Dark Horse,1985,,
f0e0b302-0dd9-47f0-b2e9-e5dff1325b07,Hellboy,226,Dark Horse,1991,,
9d2d1ec6-b9c3-4e06-922b-97ca84363dac,Hellboy,227,Dark Horse,2008,,
6be3db8b-1f10-47b0-af91-61ab0677f4c8,Hellboy,228,Dark Horse,1971,,
b0b01d78-1231-4e61-b836-2c08c8b3ed7f,Hellboy,229,Dark Horse,1979,,
119f7507-2820-4bd2-8f07-3ec0951d9eb9,Hellboy,230,Dark Horse,1979,,
480167a6-bb21-45fc-97c7-031db8a7f6de,Hellboy,231,Dark Horse,1979,,
0b523f4a-78cf-4f49-8d4e-72ef12c0929d,Hellboy,232,Dark Horse,2010,,
2e5a6e4b-2144-4588-98d5-db52f63a073c,Hellboy,233,Dark Horse,2018,,
92638cb1-1793-4453-80f1-5926c8ab4632,Hellboy,234,Dark Horse,1970,,
6408299c-2b82-479f-8f0c-42fb2e45bdf4,Hellboy,235,Dark Horse,1960,,
57d8ada7-810a-410e-95f0-a7c61ba539ed,Hellboy,236,Dark Horse,1981,,
807eba6e-a99b-469e-b257-1879053c9e75,Hellboy,237,Dark Horse,1960,,
788802ae-0721-46de-9c29-ba37e18283d4,Hellboy,238,Dark Horse,2003,,
60eefc9f-e4ef-47ce-9988-c8ff6c85c4fa,Hellboy,239,Dark Horse,1978,,
ea62ea0c-41c1-4995-add3-dc9e52095f45,Hellboy,240,Dark Horse,2008,,
31a51056-f1f6-491a-ab5c-5a616fef9418,Hellboy,241,Dark Horse,1960,,
15593912-5d1c-4de5-aecc-9313eca7fcd4,Hellboy,242,Dark Horse,1996,,
31ffc7ce-8db3-4810-92ef-d7e9c41dbcc2,Hellboy,243,Dark Horse,1988,,
6e799270-e4fd-4210-8930-9764964605a4,Hellboy,244,Dark Horse,1968,,
8cbb0caa-f24e-442d-a888-2b89c5b442d8,Hellboy,245,Dark Horse,2007,,
a15af0ed-4a89-429b-a23d-077f38f67096,Hellboy,246,Dark Horse,1990,,
5a781851-e1a4-4a3f-82a2-0338c621c99d,Hellboy,247,Dark Horse,1995,,
fb1eabf8-993f-4056-b180-c960797ced13,Hellboy,248,Dark Horse,1969,,
66072222-7bdf-4f8c-9079-803ca5f76f94,Hellboy,249,Dark Horse,1990,,
dbe7ca01-cc09-48b6-b943-3ddaa194fe3f,Hellboy,250,Dark Horse,1990,,
dce67617-3b68-4754-a2cf-35578760d6b0,Hellboy,251,Dark Horse,1960,,
541ca664-cbbb-4357-858b-d274e7d145e2,Hellboy,252,Dark Horse,1965,,
479586af-cd9b-4997-a774-4a6d34fb49ac,Hellboy,253,Dark Horse,1961,,
c6a52e2b-4415-4c09-9d59-8298932e0c8c,Hellboy,254,Dark Horse,2001,,
842b8b73-6d25-41c9-98ef-73495d47b12f,Hellboy,255,Dark Horse,2007,,
6f055b8e-1d95-4ea4-95bb-dce0caaca33f,Hellboy,256,Dark Horse,2013,,
99a7850f-91d2-4df4-8788-9207c5fb53b0,Hellboy,257,Dark Horse,1981,,
40193c2a-7566-4095-abb7-f86a604267bf,Hellboy,258,Dark Horse,1973,,
792bf71c-918c-4fdb-ade3-4f2ee4d1773a,Hellboy,259,Dark Horse,1990,,
f1fe10cf-0268-4599-913f-f25b6930078e,Hellboy,260,Dark Horse,2024,,
8bb2136b-7750-4677-b25b-f30c31cc9bae,Hellboy,261,Dark Horse,1993,,
5a3ddf3c-b38c-404d-9ea7-e13ee095c3eb,Hellboy,262,Dark Horse,1970,,
84f3a784-a38e-45aa-91bd-77e91bb1919e,Hellboy,263,Dark Horse,1996,,
24a88b4a-df03-4855-a983-5f5f4ac4dad0,Hellboy,264,Dark Horse,1972,,
ba09d7f8-0c8c-4fa4-9580-9375f96ea082,Hellboy,265,Dark Horse,1992,,
461d5e4e-71bf-43d3-931e-e0c3e3289446,Hellboy,266,Dark Horse,1984,,
c98a270e-c48d-4f1c-996e-d9479d01cda5,Hellboy,267,Dark Horse,1998,,
43de6df1-f74d-4108-8875-b8932f4dca8e,Hellboy,268,Dark Horse,2013,,
c93a1cb9-30a4-4472-bc5f-ec516985f7d4,Hellboy,269,Dark Horse,1965,,
5f0153a4-11c8-40a1-839a-90bd1061b2f7,Hellboy,270,Dark Horse,2018,,
9527db06-5f61-4c8a-a2dd-d0380e8998d9,Hellboy,271,Dark Horse,2000,,
cc9601c4-8201-4847-8ccb-55ceb24cf2cd,Hellboy,272,Dark Horse,1969,,
76fdd617-ee21-499f-b914-f102dc601654,Hellboy,273,Dark Horse,2022,,
68f27bf6-7c3e-43c7-8da3-4d0f3fbddb1e,Hellboy,274,Dark Horse,1972,,
d9b5f0e2-94b9-4ac9-9c48-3418432fa355,Hellboy,275,Dark Horse,2020,,
99eb9024-05b2-4b32-bdb8-4be924e8c61c,Hellboy,276,Dark Horse,1965,,
a72fb48f-1af5-405a-b799-2a172ac564d1,Hellboy,277,Dark Horse,1977,,
0d264fef-ae5a-4997-9196-627a641f7b54,Hellboy,278,Dark Horse,2016,,
9d847915-057a-4d92-a07a-d29ba94d15e4,Hellboy,279,Dark Horse,1996,,
db553371-d80a-47ba-aeac-3799a778ad68,Hellboy,280,Dark Horse,2006,,
3afe8d5e-9846-492b-b0c4-423be8498212,Hellboy,281,Dark Horse,2009,,
a9aa7569-5060-473d-aa16-aaf8756c867c,Hellboy,282,Dark Horse,2011,,
439afa7e-9fc7-4c03-9cf3-e34a69f0004f,Hellboy,283,Dark Horse,1983,,
bfa3951c-daf4-445b-a7f1-6be4c5f3e5e2,Hellboy,284,Dark Horse,1968,,
e191a160-382c-42ef-80c2-e8731a8e4948,Hellboy,285,Dark Horse,2005,,
768964d3-50a6-4d41-bcf6-9fb530b7ef88,Hellboy,286,Dark Horse,1980,,
631dbdd6-66d5-48ea-9a6d-322c3f495361,Hellboy,287,Dark Horse,1990,,
bdb46b71-eac9-4fe2-9c74-77e0ae68b84e,Hellboy,288,Dark Horse,1984,,
a97cdad4-34f9-4480-9c54-8773852617ea,Hellboy,289,Dark Horse,2015,,
bf287569-6603-4196-9d6e-9d36a73868b4,Hellboy,290,Dark Horse,1972,,
64f88fc0-3578-45e3-b289-8bc8228ebc14,Hellboy,291,Dark Horse,2008,,
487c4090-88b8-438e-a5f4-3d8954d1e8a5,Hellboy,292,Dark Horse,1986,,
efe8cc8e-d94b-4c39-a148-8dc090bb2dec,Hellboy,293,Dark Horse,2016,,
9bc7e62c-aba8-4952-ae38-d1a253643f92,Hellboy,294,Dark Horse,2021,,
4a119666-1b99-4824-9bd9-3a5413a3f549,Hellboy,295,Dark Horse,1969,,
fcd2a287-87c2-49b1-a15a-518e5ef7e890,Hellboy,296,Dark Horse,1992,,
b27e009e-6368-4be5-80cb-b14c2ab7ff94,Hellboy,297,Dark Horse,1977,,
cef9161d-47d0-4a29-bd49-facc23569506,Hellboy,298,Dark Horse,1996,,
245fd230-cbf4-4246-8f70-6f933b1624d7,Hellboy,299,Dark Horse,1996,,
3c201636-634c-4615-8c63-bffc257b190c,Hellboy,300,Dark Horse,1966,,
a472e2a8-4dd6-4cb9-8b2a-5e4a9a000199,Hellboy,301,Dark Horse,1985,,
de00b62a-4160-4d0c-a5b1-c1c201b43bc9,Hellboy,302,Dark Horse,1981,,
3b9a480f-dd33-4847-a547-9f28a3b5aeb4,Hellboy,303,Dark Horse,2012,,
50a5dc17-9f18-4988-ac01-d3dfd90fbc88,Hellboy,304,Dark Horse,1997,,
2c661442-4af2-419c-99ab-92e2eae4c2fb,Hellboy,305,Dark Horse,1966,,
e012263d-9e49-4398-a4fe-c13b0e1b8bde,Hellboy,306,Dark Horse,1967,,
c9c54d9e-d9e2-48dc-bcf6-176dade27c23,Hellboy,307,Dark Horse,2011,,
b8caf6d3-df46-42e5-a39e-cdecf9b78972,Hellboy,308,Dark Horse,1989,,
18ac3aa3-55dd-4263-8148-ba87e7696160,Hellboy,309,Dark Horse,1962,,
77ccfd94-797e-47bf-a239-4e320552d783,Hellboy,310,Dark Horse,2019,,
980675cb-0dbf-48da-a98f-fe1fe91d749a,Hellboy,311,Dark Horse,2021,,
fb6aee7d-de60-48a7-a8f6-fc5f06efc2ef,Hellboy,312,Dark Horse,1992,,
17f3a143-baf8-4195-b8c2-76ef6e90c658,Hellboy,313,Dark Horse,2008,,
ca26bf37-7ab8-4518-b234-5f91e516501a,Hellboy,314,Dark Horse,2009,,
027f70d1-9580-49ae-907c-e177ccd838a3,Hellboy,315,Dark Horse,2001,,
2bc35e32-17bc-4a46-97c8-4fa3acb73cf2,Hellboy,316,Dark Horse,2006,,
8c52e2ae-52e8-45e2-ae32-0c3cac0a85b1,Hellboy,317,Dark Horse,2016,,
172da0bc-9ef0-4517-9065-94761d806d0a,Hellboy,318,Dark Horse,2018,,
d08bdb46-38be-4871-97f6-d20c45aa85f8,Hellboy,319,Dark Horse,1972,,
d83af0d6-8755-4c28-9fe8-a8f3fb2669c8,Hellboy,320,Dark Horse,1980,,
d6874da1-47c8-4c59-8d3b-ff582f8221b5,Hellboy,321,Dark Horse,1987,,
a2ef9779-7f47-4798-9114-464cdacaa61c,Hellboy,322,Dark Horse,1981,,
ea0d90a4-d0c6-475c-8e45-30da54b4d7b0,Hellboy,323,Dark Horse,2001,,
9b12a7a8-165a-4c26-96ba-fe7b021b67cf,Hellboy,324,Dark Horse,1963,,
1be5abbf-e97d-4fe6-ac88-e418e6b6653c,Hellboy,325,Dark Horse,2000,,
34aa20e2-1147-4289-9646-c88cae4f4df4,Hellboy,326,Dark Horse,2013,,
9bebfea8-0f1c-43fd-8c0f-41fcedb0f4dd,Hellboy,327,Dark Horse,1998,,
9240e843-b03b-4da7-8295-49aaf61d8af4,Hellboy,328,Dark Horse,2007,,
f43fa317-38c2-4999-adee-f823c57c9af6,Hellboy,329,Dark Horse,2020,,
498c60f6-f620-41be-b74f-fbc35417af41,Hellboy,330,Dark Horse,2014,,
46e17ff4-7491-4853-ad56-8b26eb5f20d5,Hellboy,331,Dark Horse,1961,,
3379f978-966e-45b3-a274-8cde9a763232,Hellboy,332,Dark Horse,2005,,
036ce1be-3e35-4629-a2ab-163461f0af0b,Hellboy,333,Dark Horse,1992,,
24879e47-ea78-4f86-9dcd-1fb0055912f2,Hellboy,334,Dark Horse,1988,,
2806801f-9c98-4b63-9ce9-70ae290977ed,Hellboy,335,Dark Horse,2012,,
4ec109cc-3d68-40e3-8a41-5c4255dc79f9,Hellboy,336,Dark Horse,1979,,
5ba9a2b1-806f-4763-9844-f5de42ac1d22,Hellboy,337,Dark Horse,1989,,
9b475b9a-58c1-44fb-a4d4-6b788600ded2,Hellboy,338,Dark Horse,1970,,
6a753d0f-cf35-4c05-95aa-d257c4cbb317,Hellboy,339,Dark Horse,2010,,
c0c9865f-40f3-4aba-9d46-397fbd8866e8,Hellboy,340,Dark Horse,2017,,
9c6d60b7-b29f-4f10-93b4-788267365741,Hellboy,341,Dark Horse,1982,,
282e9fd9-7afb-4e04-a467-ed8423a1e6b3,Hellboy,342,Dark Horse,1978,,
68d421ea-33cc-4bbb-9d09-4949ffc9d700,Hellboy,343,Dark Horse,1967,,
03b13caa-7b62-48be-88c4-5973b75418ad,Hellboy,344,Dark Horse,2000,,
e1b06541-9d93-4835-b9fc-d0bce6b70df0,Hellboy,345,Dark Horse,1972,,
2f6b3f2e-0104-44cb-aade-b6e07e1a7132,Hellboy,346,Dark Horse,1984,,
c919ef1b-8290-4268-8cfd-87585ebd31e5,Hellboy,347,Dark Horse,2010,,
3906ec22-9aad-42f9-af71-06b55a014f26,Hellboy,348,Dark Horse,2019,,
b27514f5-0c27-4c8d-b676-c12170d5f9b3,Hellboy,349,Dark Horse,1980,,
a3737078-0b60-4991-826c-96cfedddfd44,Hellboy,350,Dark Horse,2012,,
f9dadd55-9bc9-4996-b1cb-fd027a485cd5,Hellboy,351,Dark Horse,1981,,
c01c39ff-c599-48ff-8a29-848cecb40b11,Hellboy,352,Dark Horse,2001,,
110eb0dc-c867-462d-b989-4d03f325943b,Hellboy,353,Dark Horse,1989,,
e9b0ab4d-7662-4344-a268-350e783a0479,Sin City,1,Dark Horse,1972,,
c8a1860c-97ef-49e2-9fb6-78e08827131e,Sin City,2,Dark Horse,1964,,
65b90fc9-8f5a-4365-b3c7-1e50f57aab4c,Sin City,3,Dark Horse,1961,,
34536908-4f82-4ec8-bda4-a8f509ef9427,Sin City,4,Dark Horse,2001,,
a024e1a6-a19d-4c85-aa24-0722896ec8db,Sin City,5,Dark Horse,2010,,
7e45701f-98d7-4350-8f70-6ee160e60c6c,Sin City,6,Dark Horse,2009,,
faf22ee2-fd32-4f65-ae39-e1d7afff1244,Sin City,7,Dark Horse,1995,,
d6784b72-8252-4c09-a898-b7dfdaca3fd0,Sin City,8,Dark Horse,1965,,
9c4b38df-455f-441d-8b2e-74b883f45097,Sin City,9,Dark Horse,2006,,
f80ceadc-31f9-4182-a059-3b7f5d1cb99b,Sin City,10,Dark Horse,2002,,
2e47666e-8848-4e95-bf34-88db3c735efb,Sin City,11,Dark Horse,1967,,
a01e1cc5-a854-45fd-bb34-6a4b2631a4f2,Sin City,12,Dark Horse,1989,,
d0dc3192-ae34-45e8-b57a-ed73ea3c3750,Sin City,13,Dark Horse,2002,,
d54c9a23-e27a-49ae-9cd7-9aa287215fe6,Sin City,14,Dark Horse,1964,,
4a0659da-173c-48ee-ad5c-f062d4e36e3e,Sin City,15,Dark Horse,1969,,
4f26b43f-8e21-429f-a61d-4a85176c585c,Sin City,16,Dark Horse,2000,,
5b1dcedb-0f5c-4a77-9e45-c3b1473bbf99,Sin City,17,Dark Horse,2021,,
2a5d162c-c898-44aa-be48-7e23ceff7f3d,Sin City,18,Dark Horse,1990,,
1e38245f-4818-4bc9-bcb1-833f0f89672b,Sin City,19,Dark Horse,1961,,
0273b020-bd62-4aac-bc81-60a296b1cf4c,Sin City,20,Dark Horse,1968,,
6ae160ca-2716-46ee-a2ac-d7ff7232b482,Sin City,21,Dark Horse,2021,,
b1880005-0680-426e-a1a9-bd3548d1ba86,Sin City,22,Dark Horse,1963,,
6c13d340-1c04-44d2-9e8f-3c028549ef1c,Sin City,23,Dark Horse,1993,,
d617c823-ae7e-4b54-9153-b2826aa28f59,Sin City,24,Dark Horse,2004,,
4312e573-b548-4525-9f42-88da8b692eaf,Sin City,25,Dark Horse,2024,,
5466f753-bac3-4cd1-83f1-6b0a0cc9c881,Sin City,26,Dark Horse,1977,,
8421430c-3237-46a7-842b-fbb0863746ec,Sin City,27,Dark Horse,1960,,
dda1af51-9277-488a-b098-ca7e1da2674c,Sin City,28,Dark Horse,1993,,
fbc385df-0ddb-4b81-aaa3-09ad3faa8e20,Sin City,29,Dark Horse,1977,,
0a0fd764-8624-4744-bed2-d03e29ccb750,Sin City,30,Dark Horse,1985,,
47ef7fe4-f8ab-43e7-8faa-c09025ca931b,Sin City,31,Dark Horse,1991,,
e6afbb17-d54f-402a-9686-c50d9bf7797b,Sin City,32,Dark Horse,1989,,
21ba9b7c-b8e9-4e74-9f78-0a966baffab9,Sin City,33,Dark Horse,1989,,
32bc9706-b328-40cf-8428-d5f564ed4114,Sin City,34,Dark Horse,1960,,
4cc2b2a6-3a4c-4b7c-b7ee-fd58f8999a36,Sin City,35,Dark Horse,2005,,
e5b15d4d-e94c-41e8-8dc6-22420a6e4124,Sin City,36,Dark Horse,2007,,
65d19736-9a98-4258-b30d-51811ceb0fcc,Sin City,37,Dark Horse,2004,,
2ddd98b0-964d-461d-838b-ce0e19c0ba8d,Sin City,38,Dark Horse,2018,,
1c4b93bf-ea27-40fd-8067-0dc2d13cdf08,Sin City,39,Dark Horse,1983,,
a057d3b2-2465-4261-8edc-61f57d0671e9,Sin City,40,Dark Horse,1976,,
475a6c14-ed79-468c-8b48-099d45493b23,Sin City,41,Dark Horse,2002,,
851e3618-4603-4159-b721-0a7ca8b8e9f8,Sin City,42,Dark Horse,2019,,
6f8ecff9-4a36-462c-833b-0415487d53b8,Sin City,43,Dark Horse,2018,,
478f2f10-ba9e-472d-9a51-d59e267adfc1,Sin City,44,Dark Horse,1982,,
6f51781d-a44b-4bd1-9a0e-bf1eb3bde520,Sin City,45,Dark Horse,1975,,
4475d3eb-78dc-4eb0-b1f4-37d88eb8c700,Sin City,46,Dark Horse,1970,,
1e48d1aa-79db-4a68-ba6f-2a2b0c6a8c73,Sin City,47,Dark Horse,1974,,
06e79d0d-cf4e-45e5-ba62-998417263a94,Sin City,48,Dark Horse,1974,,
f1e37a57-e94c-4c8d-a6f3-08ebab082e8e,Sin City,49,Dark Horse,1984,,
1d6cfeb7-2a56-4982-8464-12e62a4740f1,Sin City,50,Dark Horse,1977,,
848f9105-856e-4378-9d8d-dadaf949fd62,Sin City,51,Dark Horse,1970,,
ddfc5d35-2568-45ab-9c82-61ae6b5dd0b4,Sin City,52,Dark Horse,1998,,
84322608-aec1-4e06-9b56-c3cc22efcc8c,Sin City,53,Dark Horse,2015,,
e36414cd-07a3-42e5-93ea-698589213438,Sin City,54,Dark Horse,2015,,
214ac0ca-7097-4317-8407-a59135321ae7,Sin City,55,Dark Horse,1967,,
90330353-b270-4609-9bc9-63ce6b8de122,Sin City,56,Dark Horse,2016,,
8e7169f9-be55-4182-8567-4236fece3908,Sin City,57,Dark Horse,1989,,
378a6f75-c3ca-4aec-a971-8733723776fa,Sin City,58,Dark Horse,2021,,
7241ed6d-0baf-4b58-8c8c-8febdfe9b1bd,Sin City,59,Dark Horse,2024,,
9756415a-a058-4c2e-aff7-ceff6a8a5bf6,Sin City,60,Dark Horse,1965,,
4f2fab35-ecc1-4dbd-b3dc-7d7c105e26a0,Sin City,61,Dark Horse,1977,,
4f2e9a20-19e3-4fe4-953c-4745bf09b3c5,Sin City,62,Dark Horse,1970,,
f0bade66-23f2-49c4-93d7-d48ef33fa4d0,Sin City,63,Dark Horse,1971,,
5705f52c-5755-466b-9974-a76eca4c8687,Sin City,64,Dark Horse,1994,,
7f963f97-a3da-43c8-a26c-c2a290c64512,Sin City,65,Dark Horse,2011,,
014a3b7b-7d63-4ac6-a215-023d60c619a0,Sin City,66,Dark Horse,1966,,
11368bc5-720c-4d4d-81e3-59c66b164efb,Sin City,67,Dark Horse,1971,,
e541a146-dde7-4016-8739-ce7f56f146a0,Sin City,68,Dark Horse,1968,,
7d06cf5e-11b9-4545-92cf-57410a97092b,Sin City,69,Dark Horse,2011,,
72a3f2c2-bb50-4db9-bc46-98660b1e34fb,Sin City,70,Dark Horse,1989,,
809862bc-f247-4121-8737-4ef2eb149d5e,Sin City,71,Dark Horse,1983,,
9688b947-81dc-4ab8-99cf-60a4a711d3c8,Sin City,72,Dark Horse,1967,,
efd07153-39e1-4483-bccb-79b1efc8ccb8,Sin City,73,Dark Horse,1967,,
3f9fd5c0-8843-4362-85d7-73860da2b390,Sin City,74,Dark Horse,1997,,
8a6c0070-5702-4065-95d5-b6d0006dfb79,Sin City,75,Dark Horse,2017,,
db0407d9-6751-4e53-9168-bc81403f75c4,Sin City,76,Dark Horse,1968,,
ec7262dc-7555-44b3-bfd2-eb0c3de74949,Sin City,77,Dark Horse,2003,,
3ed2d304-68fd-422b-84de-3bdb6051d5f2,Sin City,78,Dark Horse,1976,,
75b7a5de-c8aa-43a3-b4a2-cd0a7249fbcb,Sin City,79,Dark Horse,1999,,
26bf12b6-3acb-4f02-b4e2-5450d66570f6,Sin City,80,Dark Horse,2017,,
36a63c84-4264-429f-9e52-e3f31c16acc7,Sin City,81,Dark Horse,2013,,
d7a1ce0c-43f3-4029-a477-ff15d84d12c4,Sin City,82,Dark Horse,2012,,
9ca28f13-11b7-4d0a-9b18-78123e2aced2,Sin City,83,Dark Horse,1995,,
3e5fda4c-d729-4c5a-b5d3-9eff206392da,Sin City,84,Dark Horse,2024,,
24b0bd26-4a88-46ee-b62c-7705a9763e58,Sin City,85,Dark Horse,1970,,
fc62c7f9-a35d-4eaa-b961-526e4494a400,Sin City,86,Dark Horse,1993,,
849b4029-806e-48d9-b758-7fe063464a1a,Sin City,87,Dark Horse,2013,,
474ac5e6-527d-4aaa-8850-9c76eba8828c,Sin City,88,Dark Horse,2012,,
006bbb0a-073e-4279-9667-de98281803f8,Sin City,89,Dark Horse,1968,,
681afbcc-7b03-4957-8277-94de6f0ecc37,Sin City,90,Dark Horse,2022,,
59c86168-5eb1-4fd0-83ab-9fab2d044719,Sin City,91,Dark Horse,1965,,
3dc33f59-16b8-432a-a0a2-67ab06bd8c79,Sin City,92,Dark Horse,2022,,
8b384b17-aaa5-4492-ad8a-cc63fdbac852,Sin City,93,Dark Horse,2022,,
024a29dd-1d9e-47c2-a7ff-551796cbf132,Sin City,94,Dark Horse,2016,,
4cc00c2c-7dc6-443d-94cc-f6eb4ce23256,Sin City,95,Dark Horse,2024,,
ea436fb6-616e-40f6-b31d-b2cbb4fa5ee9,Sin City,96,Dark Horse,2007,,
97e10ad0-4eb6-4bb3-84ea-30cf812acb0f,Sin City,97,Dark Horse,2009,,
b012489e-10df-410f-9f43-cc59bd9be160,Sin City,98,Dark Horse,2018,,
55325d28-c950-42cf-bc83-30c19b8f30e5,Sin City,99,Dark Horse,2007,,
12416536-37a6-4df2-b4eb-89ca2b529e82,Sin City,100,Dark Horse,1966,,
693daa30-6ebe-4651-bded-cab039a5ddf8,Sin City,101,Dark Horse,2008,,
4ad09982-f61c-4b57-a73a-40525898dfe8,Sin City,102,Dark Horse,2004,,
ea3930d7-c5a9-4272-b050-a42714d1abca,Sin City,103,Dark Horse,2013,,
fba19faf-79df-4c90-9e12-92265eb675aa,Sin City,104,Dark Horse,2024,,
be531ea2-6875-4080-807d-24b1e9c4d374,Sin City,105,Dark Horse,1985,,
55fe4e18-84b3-4c7a-8c50-51e23d71579a,Sin City,106,Dark Horse,2005,,
7e774308-0b8f-4ba4-8e00-24f38549264d,Sin City,107,Dark Horse,1962,,
ed1d6d8c-ed3a-4fc3-9bdd-af34a5a5efc7,Sin City,108,Dark Horse,1983,,
e4b2de76-4c62-484e-a9d4-d97c4ef8009d,Sin City,109,Dark Horse,1964,,
9a60c997-eab3-4ddf-b832-a97e62ca2031,Sin City,110,Dark Horse,2007,,
16f67935-6df8-4cbf-b469-52545c4da668,Sin City,111,Dark Horse,2009,,
9c6371a2-9a1f-4e40-ae9f-c15e64f4a02f,Sin City,112,Dark Horse,2010,,
72f798c2-3100-476c-ab17-e6ce2352cb3b,Sin City,113,Dark Horse,1975,,
6a7a2d06-a91e-4600-a9ef-f533f8baa819,Sin City,114,Dark Horse,2015,,
5610e275-f0c7-4ccf-b444-2e1e01b962f2,Sin City,115,Dark Horse,2011,,
19ed73b0-e16c-477b-8861-1a1872d3a08f,Sin City,116,Dark Horse,2003,,
db75c9f9-10b7-4567-921b-d447e93b53e5,Sin City,117,Dark Horse,1975,,
c51e84f1-56cb-4ee1-8d82-def050166458,Sin City,118,Dark Horse,1997,,
bb62f697-d555-4b6f-8e05-d0b868d56e8f,Sin City,119,Dark Horse,2011,,
df039226-f275-4677-85fe-29fd2667cd17,Sin City,120,Dark Horse,1983,,
414bce2f-8608-43f0-a7a6-d7411ed03e36,Sin City,121,Dark Horse,1990,,
4071dac1-0e3e-4e95-8fda-bbd392b6c914,Sin City,122,Dark Horse,1997,,
8e57a922-2dfd-433e-9362-ceceee99d931,Sin City,123,Dark Horse,2015,,
588a0aed-849d-4037-9139-5de9e4a16aac,Sin City,124,Dark Horse,1963,,
1a29f167-c8ca-472d-8583-cf35cd1b0c77,Sin City,125,Dark Horse,1982,,
b9f5437d-42b3-43ed-a87a-d80fe7144c7a,Sin City,126,Dark Horse,1967,,
81f23bf1-2b0e-49ad-b3f3-279b57156939,Sin City,127,Dark Horse,1977,,
97f6af91-2d13-4fdf-ad8f-17f0792fd6fe,Sin City,128,Dark Horse,1973,,
c7d05d88-a429-4137-9697-afcb17472859,Sin City,129,Dark Horse,2017,,
1ad1b59c-adba-4e82-8f16-1932e08596f6,Sin City,130,Dark Horse,1995,,
11c37869-ed0b-4c34-a0cd-1727d2f59a84,Sin City,131,Dark Horse,2022,,
0a3ca600-f89e-4d9c-8aba-47a788d503dc,Sin City,132,Dark Horse,2000,,
61f44fad-28c9-44a9-82c2-01ff2ac27e86,Sin City,133,Dark Horse,1982,,
a6a0d4bb-3c3c-45cb-bccf-f82de7543450,Sin City,134,Dark Horse,1994,,
fa24338a-3f3b-4244-8c13-ed03ccae2ccf,Sin City,135,Dark Horse,1964,,
3579a94e-629d-444f-a4b0-c5bfd0df9e3c,Sin City,136,Dark Horse,2022,,
e9a0e674-c034-4445-9120-0498e37d60e5,Sin City,137,Dark Horse,2000,,
7f47b6d3-3f16-4898-8bd2-dcef8d3b317b,Sin City,138,Dark Horse,2009,,
07403958-7746-4188-9e9b-14ece90cdd06,Sin City,139,Dark Horse,2005,,
107b6f85-8be9-4182-9320-a6e88928b099,Sin City,140,Dark Horse,1987,,
23746d44-e241-460f-8819-fc2b1b7cde0e,Sin City,141,Dark Horse,2010,,
0c40a89a-de5a-49e8-95c3-c28d5af69f7e,Sin City,142,Dark Horse,2009,,
5775195a-349b-45e9-8a76-73d86285fe31,Sin City,143,Dark Horse,1989,,
501cc8d5-fa84-4fda-a655-49e569648480,Sin City,144,Dark Horse,1989,,
424a915c-c18f-4ae1-94c8-4c73a6e19d59,Sin City,145,Dark Horse,2002,,
accd1092-ff6e-476b-824e-d2e0bc96548a,Sin City,146,Dark Horse,2005,,
c443f546-4175-4e49-bf3a-5564b4e77737,Sin City,147,Dark Horse,2012,,
506a63da-0caf-4321-af36-66cf50f27912,Sin City,148,Dark Horse,1998,,
83b8e2e1-6ce3-428b-8f32-1ac1da3029e8,Sin City,149,Dark Horse,1994,,
a02f46e9-08db-470e-899e-001c30157d19,Sin City,150,Dark Horse,2021,,
e6986b58-187f-497b-8feb-cee1b9d3d368,Sin City,151,Dark Horse,1988,,
3fb67375-403f-444d-ac81-dfa367d9e0b7,Sin City,152,Dark Horse,1987,,
948791ad-9a61-4f66-8d07-f186f16e8fc6,Sin City,153,Dark Horse,2007,,
6ab5f353-4052-49d9-b9a4-15d569d45f09,Sin City,154,Dark Horse,2016,,
27254561-fd87-444a-9840-f55a83cd6771,Sin City,155,Dark Horse,1971,,
b2a9e141-7233-460f-9e42-c90852394c1d,Sin City,156,Dark Horse,2017,,
ec6213b9-68fd-4860-99d1-32891c96e583,Sin City,157,Dark Horse,2014,,
fa4aa642-b875-4db2-879a-5f2a01d89cd2,Sin City,158,Dark Horse,2006,,
f9e2e604-a477-479d-8901-0be0634b679d,Sin City,159,Dark Horse,2024,,
85bf6d30-8b3c-4eb4-9f7c-4ba4533b7d3e,Sin City,160,Dark Horse,1965,,
c474e303-b2bd-4aaa-964a-937251dffd35,Sin City,161,Dark Horse,1982,,
45e0e26c-278a-48a3-bca2-288a385babd9,Sin City,162,Dark Horse,1983,,
830ffdb7-fecc-438e-80a5-1d4e8175bc6d,Sin City,163,Dark Horse,1983,,
48867a48-7d6d-42c7-962a-fc05ca0ee1f8,Sin City,164,Dark Horse,1966,,
7cb8af1d-ad2e-47aa-833f-2995181d8ef3,Sin City,165,Dark Horse,1966,,
4f29a408-1af1-461c-abc9-bae8188e3115,Sin City,166,Dark Horse,1982,,
1f9296b1-57b5-4268-a83e-96a6e9066fd1,Sin City,167,Dark Horse,2023,,
89cc9f4f-a489-4aee-835c-d028579c69f1,Sin City,168,Dark Horse,1968,,
294d860c-28d2-4942-ac7a-8ab628e85db4,Sin City,169,Dark Horse,1976,,
afba43cc-b381-4c40-a2e7-4ae188618995,Sin City,170,Dark Horse,2009,,
dd7bcf46-0fbc-48c2-8a68-288eb72a6f2e,Sin City,171,Dark Horse,1972,,
e0314681-3dfc-4113-852a-c5f4f54c210b,Sin City,172,Dark Horse,1960,,
4ce72686-1bbb-4467-85b6-411f3b101456,Sin City,173,Dark Horse,2014,,
1aed4bfb-e03a-472b-9203-aac9ae0600d0,Sin City,174,Dark Horse,1960,,
d45941b7-3e7d-41c9-8656-b68cdbec48ff,Sin City,175,Dark Horse,1984,,
c122e304-7597-404f-b3a7-55329e48b525,Sin City,176,Dark Horse,1991,,
8a2cb323-1ef9-40b5-8aec-df8eedc82728,Sin City,177,Dark Horse,2023,,
ca621270-f113-465b-9f7d-4b516c373b45,Sin City,178,Dark Horse,1974,,
e760b119-ed30-44e4-9816-d34ae698ccaa,Sin City,179,Dark Horse,1965,,
6f19d6fe-5b5a-404b-b627-e0dda392b36c,Sin City,180,Dark Horse,1960,,
60076ad3-b341-4fd2-8c3c-20a3063c947b,Sin City,181,Dark Horse,2013,,
338d557d-2777-49e9-9b89-dc6357f1600f,Sin City,182,Dark Horse,1995,,
70be065f-fdb5-439c-82c2-88f04cbad29c,Sin City,183,Dark Horse,1963,,
1727ea3b-85c9-46a3-ac0b-42200b031648,Sin City,184,Dark Horse,2016,,
50687df2-2a35-4e02-b3d9-850318cf21c1,Sin City,185,Dark Horse,1998,,
51a643b4-cac5-4154-ba2d-817d8681f50b,Sin City,186,Dark Horse,2022,,
abc3ebb9-b5b2-438b-aabd-3ed69c111020,Sin City,187,Dark Horse,1981,,
b1402625-5373-4e8b-b22e-997f2f362119,Sin City,188,Dark Horse,2016,,
36c84a37-94f7-4e66-9892-d8218e173bb5,Sin City,189,Dark Horse,2015,,
0272c2f4-ef83-4bb3-8efe-69aec32ce1a7,Sin City,190,Dark Horse,1988,,
8d7db0d9-96ee-4e40-8017-c901e9b17c7e,Sin City,191,Dark Horse,2003,,
f4d03885-028c-42f3-ac7a-c337ff916675,Sin City,192,Dark Horse,1973,,
0bc022d5-7f53-4a60-8e44-482b97c7d354,Sin City,193,Dark Horse,2022,,
e299c10c-42dd-4345-af45-f8df9a13399b,Sin City,194,Dark Horse,2011,,
90d7e8d5-9da8-4f29-a7b9-86f7ffd13d35,Sin City,195,Dark Horse,1977,,
236cccea-150a-4236-80b8-9fb39a1177d7,Sin City,196,Dark Horse,2019,,
fd8bbec5-c132-4f87-b587-f4a69858f9e6,Sin City,197,Dark Horse,2008,,
6372f846-8f8c-4a24-87b9-fd07b134ec7c,Sin City,198,Dark Horse,1961,,
d42b783a-5685-4add-b5bb-325717a62075,Sin City,199,Dark Horse,1975,,
1d9ce7cf-e3d1-48bb-87dd-b315dff1a6ea,Sin City,200,Dark Horse,1984,,
410e2b1a-4ca6-4395-9a2d-ccde3c47520c,Sin City,201,Dark Horse,1962,,
50d0d2cf-4ce3-4c19-8c20-13c14bab678a,Sin City,202,Dark Horse,1979,,
206e19b0-e0d5-4125-b512-208db77a28f8,Sin City,203,Dark Horse,1979,,
9ac66a0f-a24b-44bd-8c6c-467afba7f37a,Sin City,204,Dark Horse,2001,,
db22ea93-eba6-442f-b06d-e6e15f35a3fe,Sin City,205,Dark Horse,1990,,
d3fd5f37-9939-4fa1-82fa-ceac165edf96,Sin City,206,Dark Horse,1967,,
3b416aec-1205-4ea1-809f-2e0dd74781c3,Sin City,207,Dark Horse,2004,,
6b332e41-d086-4dd2-9461-befe7f42d281,Sin City,208,Dark Horse,2014,,
1631f08c-dc0a-4094-aa87-e6215a76746b,Sin City,209,Dark Horse,2014,,
b06e714e-e3b1-4fe7-b006-5639bc807360,Sin City,210,Dark Horse,1979,,
db44a68e-cce5-4ae5-a9d3-4c6a2895ab73,Sin City,211,Dark Horse,2008,,
339780a9-514e-4c09-815a-78be90c21b75,Sin City,212,Dark Horse,2023,,
dc0ee0bc-1efa-49dd-8a0d-12f388d18502,Sin City,213,Dark Horse,1969,,
42fbb994-8b30-47a2-a37d-70e593bb917b,Sin City,214,Dark Horse,1967,,
994be1d2-2ddb-4508-9d0a-becf021128cf,Sin City,215,Dark Horse,2014,,
93cf3d9a-f05c-4e0d-8252-a55d39df3a6b,Sin City,216,Dark Horse,1996,,
b99de7c5-4521-49b9-8ac7-35627a8154bc,Sin City,217,Dark Horse,2001,,
2674372b-6cea-4a60-b330-011c21c6f76e,Sin City,218,Dark Horse,1964,,
c0d39b4e-cdc2-445e-9977-089ae368aa91,Sin City,219,Dark Horse,1979,,
9298b30c-2bd0-464d-9566-f27439443b7c,Sin City,220,Dark Horse,2021,,
896e8d22-0cf8-426f-b228-62eaad062709,Sin City,221,Dark Horse,1987,,
37e8c771-3e2e-46c8-9afa-555af1c65361,Sin City,222,Dark Horse,1997,,
c3a1ba84-f3d2-4bfc-a26e-86d2b1861c86,Sin City,223,Dark Horse,2001,,
3d48e88a-263b-4577-bc3f-4b8c86acba7c,Sin City,224,Dark Horse,1995,,
2dcafad7-ba01-4c1a-88ca-768891236fb0,Sin City,225,Dark Horse,2023,,
48bf8365-1df1-4101-8796-94175c718552,Sin City,226,Dark Horse,1960,,
ef64e985-3c0e-48d8-8870-1f8aa918a4b9,Sin City,227,Dark Horse,1991,,
e057b75c-d9f5-40ff-86ad-c09528742f8c,Sin City,228,Dark Horse,2003,,
86cdc037-edf6-4732-a638-a725a1ee58e8,Sin City,229,Dark Horse,2014,,
83f54661-25c3-46ab-a866-2cff0432f21c,Sin City,230,Dark Horse,1966,,
1dd77e61-c9e9-4b4a-8890-07a4febe76ca,Sin City,231,Dark Horse,1991,,
25e4ea74-83cf-4303-8d39-1efdd5b86122,Sin City,232,Dark Horse,1997,,
7aee44aa-de2c-45a6-83bc-3b3624b35f86,Sin City,233,Dark Horse,2003,,
5dc90ff6-138e-45ab-9cd1-ff6640b41943,Sin City,234,Dark Horse,1969,,
5ac2c1d9-d454-40eb-a7f8-12307f4ec841,Sin City,235,Dark Horse,1980,,
5678faef-c171-4da1-b389-1af97bc3fabe,Sin City,236,Dark Horse,2005,,
89308d8c-d4b4-4604-a01e-530b833e6ff2,Sin City,237,Dark Horse,1996,,
26dc3392-2cb7-439b-a0f0-630aa6d088d7,Sin City,238,Dark Horse,2017,,
2d10e635-7eff-4c1b-aec1-32e719196f64,Sin City,239,Dark Horse,1999,,
5be861db-6293-4994-893a-de0464b04a47,Sin City,240,Dark Horse,1975,,
3e1d9fb6-21a7-4a5d-b4cd-3965573bf216,Sin City,241,Dark Horse,2001,,
3b1d1c00-2bd5-4f74-ac5f-20fb275bc301,Sin City,242,Dark Horse,1984,,
2c2361dc-cada-44e8-aa8a-6c91727e83bb,Sin City,243,Dark Horse,1973,,
ddbccfc7-3f83-46b9-b10a-a71160fe2f0e,Sin City,244,Dark Horse,1985,,
d572ec43-0ef9-4752-b365-170616d45ed1,Sin City,245,Dark Horse,1987,,
eebb4517-68f4-4f43-b3cf-044a327694e0,Sin City,246,Dark Horse,2007,,
15ce756f-6b78-4a82-9fba-aaf824fa9bf1,Sin City,247,Dark Horse,1988,,
3f214f81-cf4f-45d3-913b-ceb47dbc847d,Sin City,248,Dark Horse,1990,,
6461d7c0-a30a-45af-bfb4-72664cad4e99,Sin City,249,Dark Horse,2019,,
db8c5806-b846-44b0-b9b3-b7d7164eeca4,Sin City,250,Dark Horse,1981,,
771e1266-4086-4375-9e2c-9b1066442b61,Sin City,251,Dark Horse,1997,,
5a31bb67-a7f2-4900-9a9f-74386273b7bb,Sin City,252,Dark Horse,1975,,
47152f96-6c65-4cf9-b9bc-69b6568443e7,Sin City,253,Dark Horse,1966,,
5b1bbefb-ca22-4fd9-aacf-d7b765dde4fd,Sin City,254,Dark Horse,1991,,
51cf112c-f2f2-44c1-ab3e-1dfdcefa732c,Sin City,255,Dark Horse,1993,,
baa4b53e-9726-4a5f-ab4d-b868fc4d57bc,Sin City,256,Dark Horse,2024,,
a4fd7cd7-3114-4b0c-bc46-ed41d9d997a4,Sin City,257,Dark Horse,1983,,
1d86461b-4930-4143-bdf4-6faf1b64fdf4,Sin City,258,Dark Horse,2015,,
0742de70-df08-4625-baca-9aa58dc57159,Sin City,259,Dark Horse,1975,,
263fad9d-32ed-494d-b206-db7c7a949dcd,Sin City,260,Dark Horse,1986,,
f6d2089c-bab8-49e4-9551-385efdcf1ba6,Sin City,261,Dark Horse,1998,,
15900428-7cbe-4ec4-9640-4c797ef1b48d,Sin City,262,Dark Horse,1980,,
a666109b-eeb6-4a90-b251-11d5cce00ee1,Sin City,263,Dark Horse,1982,,
4da60fb2-b325-4d95-86a1-c972dc5b32eb,Sin City,264,Dark Horse,1999,,
56a69a98-662f-4699-aadd-e4c95fcd2011,Sin City,265,Dark Horse,1995,,
7d97b976-e78e-48d3-a742-b79c784f29c7,Sin City,266,Dark Horse,1960,,
52c7d325-a66c-4e98-b686-abb6703172cb,Sin City,267,Dark Horse,1989,,
af4c9bcc-5392-4c5e-80cf-7919757056e1,Sin City,268,Dark Horse,2017,,
4241388f-2622-44a0-9f7f-da71861d426b,Sin City,269,Dark Horse,2014,,
161b2092-3248-4a7e-8a18-44efe40532eb,Sin City,270,Dark Horse,1964,,
c6e41285-978f-470b-94d4-c76941267ad1,Sin City,271,Dark Horse,1981,,
ffd2b1c2-dc2b-419b-ac39-1618bde748fd,Sin City,272,Dark Horse,1996,,
3e3204ac-853d-4694-a5fd-2ee339b07576,Sin City,273,Dark Horse,1964,,
9825b7b0-708e-4ac0-90c8-c637003fea94,Sin City,274,Dark Horse,2018,,
3608cca4-1f03-4fbd-aa3c-b29be4d36349,Sin City,275,Dark Horse,1989,,
9a646171-abf5-4504-aa40-f4751a774328,Sin City,276,Dark Horse,1961,,
3f7155a8-4c4b-4842-8c0a-9d5942fec230,Sin City,277,Dark Horse,2004,,
c3f1b620-0ed6-4169-97b8-15e261c2a9b7,Sin City,278,Dark Horse,2003,,
a8f7cc00-4cc8-4d16-9558-2d7800a2c96c,Sin City,279,Dark Horse,2013,,
43aaf58f-e6b7-4bc7-aa80-a5eb41f4d97a,Sin City,280,Dark Horse,2008,,
2a1bb4f2-004f-4084-ace6-8ebcf7ef0cd7,Sin City,281,Dark Horse,1964,,
989d6883-9c88-4e3b-a6a2-20870b362bf2,Sin City,282,Dark Horse,1974,,
8d4d22e5-78ad-442d-a645-2e8859abac1e,Sin City,283,Dark Horse,1968,,
89ccd77e-e067-48fa-8bbe-fc7d5e42e344,Sin City,284,Dark Horse,1969,,
5beacec7-1418-48be-9bb2-85ca289a4855,Sin City,285,Dark Horse,1994,,
8395adce-fe30-406d-aa1e-5149826c250f,Sin City,286,Dark Horse,2006,,
de6e1bf4-0b5d-4762-b1d8-149bc10f27f2,Sin City,287,Dark Horse,1984,,
3b8a0bf5-a233-4dd3-acec-edb5e178d136,Sin City,288,Dark Horse,2010,,
fd0db772-f9f3-4686-8fc9-b869d5a6955c,Sin City,289,Dark Horse,2006,,
a02e61ac-f804-47bf-b158-3839dfc1c207,Sin City,290,Dark Horse,1966,,
98c59022-2f9f-45fa-8308-833d49d1d937,Sin City,291,Dark Horse,1965,,
46a36828-ca6d-476e-a0ea-2098894a228c,Sin City,292,Dark Horse,2024,,
4830cf72-13ba-4c78-914a-9f8639a39845,Sin City,293,Dark Horse,1971,,
590c7f27-ab24-4146-a752-e4d92e80eaf0,Sin City,294,Dark Horse,2005,,
143b51a2-5d1e-4eb3-8203-d1e1a75aa12b,Sin City,295,Dark Horse,1963,,
52cd25ae-d052-4127-a393-db0c31799f2a,Sin City,296,Dark Horse,1995,,
47c3b612-4adf-4139-bc08-a09ae0953da6,Sin City,297,Dark Horse,1988,,
f325d1d7-92dd-4fd5-8d9b-f423c4009d93,Sin City,298,Dark Horse,1971,,
688c7728-e1a2-4344-9263-22c2acf761ac,Sin City,299,Dark Horse,2009,,
a5d1783e-1625-4e30-aaf4-488ee2c179f8,Sin City,300,Dark Horse,1993,,
00c7d846-3635-4d77-aa9d-25dd6891f7b6,Sin City,301,Dark Horse,2015,,
d9d953f0-6c24-44ef-aa14-94ad31400ae4,Sin City,302,Dark Horse,1998,,
acc0c9e3-1478-4ee8-8fbb-fb65e46502e0,Sin City,303,Dark Horse,1984,,
03297317-3d86-4ba4-88f9-c04f15de6841,Sin City,304,Dark Horse,1977,,
f2a19ba3-80de-49fe-8158-721340183954,Sin City,305,Dark Horse,2004,,
ce8ced55-8b88-4fbc-9611-868116398a7f,Sin City,306,Dark Horse,1998,,
a3f0c588-0f15-439e-8515-209dd4fe39b9,Sin City,307,Dark Horse,1975,,
7f4ae7e2-a2bf-4891-b732-6b9cdfde4e79,Sin City,308,Dark Horse,1984,,
785e7e1d-b1ab-4b08-8ade-f12630597cf1,Sin City,309,Dark Horse,1968,,
9a1fcd64-8d38-4404-8f65-bc7133648537,Sin City,310,Dark Horse,1972,,
bef2c1d8-d312-44c9-b9ef-e71e460be2fc,Sin City,311,Dark Horse,2022,,
a727d1c9-0b3a-41f3-8301-ad6feaf7c39a,Sin City,312,Dark Horse,1980,,
1aa6a0ca-cdd7-42df-bebf-1e0c2b2839c9,Sin City,313,Dark Horse,1972,,
38004ca3-c8f6-4453-b3e5-b7a723456e09,Sin City,314,Dark Horse,2001,,
53c2c63c-7396-440f-9ccb-6eb94470b328,Sin City,315,Dark Horse,1981,,
0cad0807-2ca5-4eff-9bc9-1f9a895511a9,Sin City,316,Dark Horse,1998,,
4a568864-a519-4579-ad28-fbcb6ae1cd1a,Sin City,317,Dark Horse,1965,,
d5247b0a-33ac-469c-9b49-92b3cba836d8,Sin City,318,Dark Horse,2008,,
8755e7a7-1efb-4732-a433-7be91a1d05d2,Sin City,319,Dark Horse,2018,,
c833be3b-a561-451b-b1d2-91e19815f48b,Sin City,320,Dark Horse,1961,,
39a7b07e-9eb8-461a-bf00-601dd550c9b3,Sin City,321,Dark Horse,2014,,
a0033678-3e15-4024-a213-dcc1f7a3ed83,Sin City,322,Dark Horse,2014,,
fe33d1c9-484b-433c-ae89-63fa61b8e4f1,Sin City,323,Dark Horse,2002,,
2b6ac3df-7f87-4774-a898-d36835ab787e,Sin City,324,Dark Horse,1977,,
0db2df75-da4e-4a05-b00d-d9193e8e7daf,Sin City,325,Dark Horse,2001,,
3a626296-46b0-49e3-b1e8-42d6cd12e7a7,Sin City,326,Dark Horse,1987,,
2b5b7949-76fb-4eda-be89-32c3dd9752db,Sin City,327,Dark Horse,1989,,
9c26bf4c-0911-4d9d-b9b8-fc2acd9b750f,Sin City,328,Dark Horse,1968,,
88cf2e08-4cfe-40af-a682-29e4b1e66a28,Sin City,329,Dark Horse,2022,,
a48095b4-8d89-4401-aa23-09dda38d3e72,Sin City,330,Dark Horse,1960,,
d982aaea-e9cf-49ae-bb05-a7d5e6d2c463,Sin City,331,Dark Horse,1992,,
be7b5d22-20d3-4c9a-b154-2f738e9116a1,Sin City,332,Dark Horse,1999,,
499083e2-ccba-4cf9-8fd0-997ca978a676,Sin City,333,Dark Horse,2009,,
49ddf75f-1f57-41a0-af9f-fb9fd6c65e7e,Sin City,334,Dark Horse,1971,,
054cbc57-7dce-4f2c-93c0-9c0593e9708d,Sin City,335,Dark Horse,2024,,
7780861e-7403-42ef-aae4-be9fa8d6043f,Sin City,336,Dark Horse,2014,,
e9ba894e-144f-4f0b-ae4a-bdd155b9c942,Sin City,337,Dark Horse,1962,,
60df0c91-07b7-4ed3-b2c7-74cd763b723f,Sin City,338,Dark Horse,2012,,
8c819d37-d7c7-4946-9b5e-8ffc9ea880c5,Sin City,339,Dark Horse,1985,,
1457932d-a5d2-4332-b091-b0f6a6061d09,Sin City,340,Dark Horse,2011,,
f89a2200-ba22-493f-a289-a3f3e12e4af2,Sin City,341,Dark Horse,1963,,
f11a3306-dbe2-4656-84b9-5f96bd822528,Sin City,342,Dark Horse,1996,,
6a943713-798c-466f-b0f4-fee884b53c1f,Sin City,343,Dark Horse,2022,,
2d66edba-8fa4-45cf-b8f7-67de1e337e36,Sin City,344,Dark Horse,2006,,
ed24e5d9-2952-4da6-930f-00ab0ac50ebf,Sin City,345,Dark Horse,2002,,
e260c33f-72f1-4749-97e1-78e8543de0c4,Sin City,346,Dark Horse,1974,,
aa68e7ab-b50e-473e-9d43-a900ef5787d9,Sin City,347,Dark Horse,2020,,
a85e93df-ef62-4b9c-8f03-8c1a1a1c202f,Sin City,348,Dark Horse,1979,,
24dc0729-7d29-4ab8-bac2-9dd8333b12c8,Sin City,349,Dark Horse,1990,,
eb329bda-4ea3-47f0-9fc2-59f1074d4be0,Sin City,350,Dark Horse,1973,,
694752ed-7bfa-4a02-96e3-eeb8fc0b00e4,Sin City,351,Dark Horse,1997,,
d5855e52-8777-488a-9df5-eecade1d8c05,Sin City,352,Dark Horse,2003,,
0233fbf3-69f3-4e36-99b3-d3481b11ca73,Sin City,353,Dark Horse,1989,,
5ccbbb7c-8fd3-455e-9282-632da988661c,Sin City,354,Dark Horse,1979,,
27c4a7e7-ad9c-4cfe-b9ab-233cc27a2217,Sin City,355,Dark Horse,2011,,
9b65eff3-9e2e-47a9-bfa8-87c2c84adebb,Sin City,356,Dark Horse,1964,,
122a3261-7e4a-4847-9b35-5cf3e561c371,Sin City,357,Dark Horse,1976,,
e2196a37-bcc9-48c3-b02c-020696dc2f4a,Sin City,358,Dark Horse,1973,,
93e53a2c-e083-4204-82dc-870e61129294,Sin City,359,Dark Horse,1980,,
44c2a970-4f0c-4f53-b249-c17ac627a748,Sin City,360,Dark Horse,1963,,
f62f6f95-6827-488f-8e23-b76b19a1ebe8,Sin City,361,Dark Horse,2003,,
e2bae7c7-99e6-41ed-bce9-ff15173d9d1f,Sin City,362,Dark Horse,1982,,
848337b8-f51c-40dd-8901-21b3083a0dd1,Sin City,363,Dark Horse,1963,,
24e700ca-abb4-46c9-a806-23be985186a5,Sin City,364,Dark Horse,2000,,
00c37e7e-1426-4064-9741-f9bfe5cd6621,Sin City,365,Dark Horse,1990,,
848466cd-7f7c-4e21-a0dd-1927b403b562,Sin City,366,Dark Horse,1985,,
20991ea9-b34a-48e5-a4da-aefe6ba45ebb,Sin City,367,Dark Horse,1987,,
2d36605b-6457-436c-a9ca-387add218f01,Sin City,368,Dark Horse,1982,,
11e1b309-7a8e-4e7f-95db-807f1999fcfb,Sin City,369,Dark Horse,1967,,
d2c3b146-c5cd-4716-bb9f-f2e42bf4fafb,Sin City,370,Dark Horse,1987,,
f68cc7ac-bbef-42c9-a030-e38715de05ec,Sin City,371,Dark Horse,2017,,
ba404d0a-0dfb-4ffa-93e3-c1dc66b0d702,Sin City,372,Dark Horse,2020,,
41466ed5-2d62-4edc-8fb9-f8ae30722648,Sin City,373,Dark Horse,2022,,
15f53c58-1436-4c9d-84e0-93d75d54605b,Sin City,374,Dark Horse,1993,,
d9f37121-1e37-48a4-85ea-a8562d175ea8,Sin City,375,Dark Horse,1961,,
868edb14-43bb-48fd-94cd-7604a99eff4c,Sin City,376,Dark Horse,1985,,
91444604-8c00-4d84-83f1-cf96bc3747a0,Sin City,377,Dark Horse,1994,,
6ebaa1ac-9b7e-4a15-a7e1-d9d5531996a0,Sin City,378,Dark Horse,1960,,
7bda7fd2-927c-4474-aba7-ec5efd5662a1,Sin City,379,Dark Horse,1975,,
610d3593-f4d4-44dd-ac98-6f517399b4d0,Sin City,380,Dark Horse,2017,,
8bf11a64-f84f-45c5-a4d1-84e572724ca4,Sin City,381,Dark Horse,1986,,
adedf47d-493b-4d51-85ab-5bddbccf31cc,Sin City,382,Dark Horse,2001,,
0df78e52-c0f3-4056-b287-dc818e5a2daf,Sin City,383,Dark Horse,1976,,
7e62b73c-07e0-4728-b32d-2d126ca6670e,Sin City,384,Dark Horse,1972,,
182c8fdd-00f1-4eec-9af6-5b1fb5901ed7,Sin City,385,Dark Horse,1990,,
0730994a-447b-4d10-b339-5cc12d95b6c6,Sin City,386,Dark Horse,1968,,
4d3bca1e-4f83-46a2-9359-15b9966876b6,Sin City,387,Dark Horse,1972,,
abf7bda4-ffc7-4c8b-ab18-c5ecb8642281,Sin City,388,Dark Horse,1961,,
bb75c5e9-038d-40bd-b04f-3f413601e4b6,Sin City,389,Dark Horse,1994,,
88fabed6-cf37-4d77-aa59-bf351837d2f2,Sin City,390,Dark Horse,1979,,
6cc1323f-d471-4d60-b9df-f28a5f1b7da7,Sin City,391,Dark Horse,2023,,
833988d8-25e0-43fd-8f14-492d29a66d5d,Sin City,392,Dark Horse,2011,,
423db63b-abca-4de5-bca9-1b6b505f4f1f,Sin City,393,Dark Horse,1985,,
ba64d38b-2f3f-4775-9126-3f2bdd570ff7,Sin City,394,Dark Horse,1986,,
3cce16f2-cc9a-4ff8-89c4-01df2dad36d0,Sin City,395,Dark Horse,1976,,
1df820ea-7dea-4d7d-8749-169e68c3c014,Sin City,396,Dark Horse,2018,,
8966d18d-fdab-41d0-a608-f2fd3e393b78,Sin City,397,Dark Horse,1983,,
17b32424-4440-4a47-94c4-a5da197050b1,Sin City,398,Dark Horse,2015,,
f7afd745-1578-4da8-ae14-607dcae9154a,Sin City,399,Dark Horse,2014,,
3c3a2819-90b0-4ed4-991f-f7e62507414c,Sin City,400,Dark Horse,2020,,
e952cccc-2722-41e4-ac57-dec3017285c8,Sin City,401,Dark Horse,2000,,
a42fda77-304f-4e1b-9489-c9a4e0087a4b,Sin City,402,Dark Horse,1971,,
50626a69-c690-411f-a925-a12bc76df42d,Sin City,403,Dark Horse,2016,,
e6f615fe-95d9-4451-ba8f-59bb1405c3ee,Sin City,404,Dark Horse,2019,,
5b8ee7df-17e6-43b7-9c1e-10181c48ab1b,Sin City,405,Dark Horse,2007,,
0f2c0566-9061-4b9b-ba0a-8da75a6e5c49,Sin City,406,Dark Horse,2018,,
a3142ff0-e347-47a8-a73a-b32b15eae986,Sin City,407,Dark Horse,2002,,
6eebd895-e5b6-4fc9-8ae5-dfb5004cb447,Sin City,408,Dark Horse,2020,,
c44f14ec-ac86-4b9e-b80e-9f634995b264,Sin City,409,Dark Horse,1971,,
9744c7ba-99b2-4759-8e2b-aacb15ae076c,Sin City,410,Dark Horse,1975,,
79e81ec6-5fda-42ea-b4cf-29224aae9919,Sin City,411,Dark Horse,2003,,
441e7366-5a9c-4edf-a4d6-0575a61fc0d5,Sin City,412,Dark Horse,1983,,
870e3e84-ac3b-47fb-bd56-17903da3fbeb,Sin City,413,Dark Horse,1996,,
d3d1ddfd-6720-4075-b7ba-873142c99ae1,Sin City,414,Dark Horse,1981,,
4a4270f6-f8f4-4100-8e62-110e8976ee07,Sin City,415,Dark Horse,2002,,
b96f7b06-19ac-48db-8437-1f0ff5add36c,Sin City,416,Dark Horse,1979,,
43499445-76bc-4f3f-88cf-dfa408ab154b,Sin City,417,Dark Horse,1998,,
f581bfa3-b5f5-41d3-a508-4c860d8c5a73,Sin City,418,Dark Horse,1990,,
a02c755a-4167-43cb-815b-dc225c61a82a,Sin City,419,Dark Horse,1987,,
606322a9-aff5-4f50-a07e-9adecd6e5a96,Sin City,420,Dark Horse,1993,,
9546e6be-ef0b-479e-a4fb-f1658a20ff07,Sin City,421,Dark Horse,2009,,
f53cf9aa-231a-4582-a4c5-fd700dc7e271,Sin City,422,Dark Horse,1997,,
f59dd325-f87f-4bea-8751-d412e768b424,Sin City,423,Dark Horse,1974,,
f1f1dcb8-221b-48de-a5ad-95a3f7240aad,Sin City,424,Dark Horse,2004,,
d5dee43d-fb6f-46e5-ab92-8ee11fa27bb2,Sin City,425,Dark Horse,1982,,
86ad6040-ea0e-4e08-8d7c-a092995c6571,Sin City,426,Dark Horse,2003,,
34b16eb2-eca7-4119-96a9-5a34da51a8d6,Sin City,427,Dark Horse,1999,,
9845f8fe-b3b2-4ecc-9ccb-51f8b5d5dd06,Sin City,428,Dark Horse,2015,,
b53f5420-dcd1-4b38-8fbe-72810c91f14c,Sin City,429,Dark Horse,2016,,
0c0532bb-d82e-467d-81ed-d7d3b87f197a,Sin City,430,Dark Horse,1960,,
998e7829-887a-453e-88c0-9205391d1a37,Sin City,431,Dark Horse,2021,,
3b839795-df95-46b5-ad19-6a93406c5e1b,Sin City,432,Dark Horse,1993,,
48061733-7fe2-4795-839b-82bee868402b,Sin City,433,Dark Horse,1984,,
6c603fe4-fa80-4f53-aa93-6eed075faddd,Sin City,434,Dark Horse,1985,,
7c8b8eac-ddce-448e-9376-892e511a3510,Sin City,435,Dark Horse,1967,,
354cb718-b27e-468c-b2a9-9fad532dca25,Sin City,436,Dark Horse,1980,,
11314da0-0962-46af-aafc-84dd3f0ae04e,Sin City,437,Dark Horse,1986,,
2ed5e56e-306e-4a3a-bccf-a3d433f15e9f,Sin City,438,Dark Horse,1969,,
42f0cd2a-ac8c-42dc-9556-18716980bae2,Sin City,439,Dark Horse,1991,,
ad51f2ec-78b6-49f7-ae03-3a325afe8302,Sin City,440,Dark Horse,2008,,
e77002b0-a13f-45fb-aea2-986cff63a9b4,Sin City,441,Dark Horse,1968,,
a2191d3e-6472-4adc-a2d7-72ab5416beb5,Sin City,442,Dark Horse,1982,,
7601e30c-8d39-4feb-9305-f0d6047692e8,Sin City,443,Dark Horse,1980,,
a7c86824-89c9-46ad-83ff-0eb6a2201a87,Sin City,444,Dark Horse,1993,,
91f2572f-0a5e-45c8-8e52-cf6a5593aa0e,Sin City,445,Dark Horse,1980,,
dc5b0bd3-e3ef-402d-9fea-008def4ad3c8,Sin City,446,Dark Horse,1983,,
4c29516a-da00-411b-b43c-95ca726ed369,Sin City,447,Dark Horse,1978,,
1317fc67-b1b8-4cc0-bb39-92370d65705e,Sin City,448,Dark Horse,1996,,
94ef453d-1c1d-48bd-ac74-3c63045940ba,Sin City,449,Dark Horse,1993,,
c4a1cb83-fb2f-4ded-8a2d-9149486af26d,Sin City,450,Dark Horse,1976,,
bfc705a1-4c15-4630-957c-2a916e278dc8,Sin City,451,Dark Horse,1996,,
d84ee3c5-163f-47c7-b8fd-07a24d0d7d62,Sin City,452,Dark Horse,1999,,
29c0d673-7075-4f24-9b62-5dec076a523c,Sin City,453,Dark Horse,1967,,
5bd51318-d864-4811-9123-652fd92e3a24,Sin City,454,Dark Horse,1986,,
3c712097-9f3d-457c-a4e0-fa638b8ba96e,Sin City,455,Dark Horse,1963,,
b35a0dae-ebd4-4339-8390-e29375d54724,Sin City,456,Dark Horse,1968,,
e4e8a2e7-037e-4c68-bdfd-81e2140f0c0f,Sin City,457,Dark Horse,1994,,
8b7aafdb-367e-4d0f-9e23-15d7570e8124,Sin City,458,Dark Horse,1991,,
9c001fe4-5ef0-434f-9d98-1e8220946115,Sin City,459,Dark Horse,1977,,
594a4026-89d2-4ecb-80c5-e24dce94f99b,Sin City,460,Dark Horse,1976,,
7713194e-b28d-411d-b23e-222228ae65a3,Sin City,461,Dark Horse,2003,,
f12e5a84-22ed-42d7-87ab-f80e6c0c303e,Sin City,462,Dark Horse,1964,,
56db3c4c-9d4f-4580-88f5-203061c65b5e,Sin City,463,Dark Horse,1978,,
190dd0cb-7eff-409a-a6a5-f97a8b9e64be,Sin City,464,Dark Horse,1998,,
c8b01fce-4bfa-4b6f-87a0-c74eb8a2efe8,Sin City,465,Dark Horse,1986,,
6998ec79-2262-4425-bb65-bc63c6345e0c,Sin City,466,Dark Horse,2010,,
3bf64839-3a74-453f-ab7b-00de9250fb6e,Sin City,467,Dark Horse,1979,,
839d6f29-a964-4647-9269-4fd41f878ece,Sin City,468,Dark Horse,1988,,
1b1b1dda-396a-4a6b-8578-a7d6ae4cc23a,Sin City,469,Dark Horse,2011,,
243541e9-89bf-4195-b0be-aa8e9dc29fbc,Sin City,470,Dark Horse,1985,,
aae2cb18-1243-4ac2-8788-3befd10a7040,Sin City,471,Dark Horse,1976,,
ab0e6bdd-2e43-49c2-be6e-6f836c3c04c0,Sin City,472,Dark Horse,1994,,
7019fde4-4c5a-4b8b-ac3d-0422b3593187,Sin City,473,Dark Horse,1977,,
72189098-0092-409e-8ebf-3b15058d089b,Sin City,474,Dark Horse,1960,,
dafc8cb9-48c8-4603-b5d1-63aff6c6b68c,Sin City,475,Dark Horse,2015,,
a22d6b98-810a-4340-a8d9-a55bd360aec8,Sin City,476,Dark Horse,2000,,
528e321a-28ba-4857-9cba-2c1ad36d20dc,Sin City,477,Dark Horse,2009,,
05871437-256e-463d-88dc-07b663024faf,Sin City,478,Dark Horse,1978,,
95c68892-a9cc-49b3-b31f-79803db14636,Sin City,479,Dark Horse,1963,,
d6a859f6-e398-4c40-8326-0c0070fba648,Sin City,480,Dark Horse,1970,,
13774538-c326-43ed-a0da-b2eedd47c533,Sin City,481,Dark Horse,1980,,
5733b194-2b0b-4a32-ae03-63c6a08a1a1c,Sin City,482,Dark Horse,1985,,
c22c47d9-08f2-4594-b34e-c8f671cce333,Sin City,483,Dark Horse,1968,,
299e27e1-0af4-489c-8c4c-af59e89b04f1,Sin City,484,Dark Horse,2006,,
983cd2cd-6757-4eb7-9c69-547739ce2b56,Sin City,485,Dark Horse,1999,,
a54955cb-a107-40ab-8b49-e218d2033e57,Sin City,486,Dark Horse,2003,,
de90eb5d-0020-42d4-928e-d6e68dd0a089,Sin City,487,Dark Horse,2003,,
1f6a2939-0c85-4472-b6d1-3c05902c6429,Sin City,488,Dark Horse,2003,,
cf061024-2791-419c-b38c-a7fd7b58aa29,Sin City,489,Dark Horse,1988,,
7d39bb9a-29ee-438a-a7b9-b363542dc8a2,Sin City,490,Dark Horse,1997,,
0ec87e65-3bcf-4d4d-933d-a4d4e90c81ce,Sin City,491,Dark Horse,1992,,
c78513ae-df88-446b-9b99-5db8a0c7a82a,Sin City,492,Dark Horse,2004,,
e941b727-5bde-477b-a6b2-d021d8a6f95a,Sin City,493,Dark Horse,1963,,
8711130a-ebed-4359-a8e0-5deca612c31f,Sin City,494,Dark Horse,1995,,
526465be-5162-498c-8149-bb75418d6eb9,Sin City,495,Dark Horse,1973,,
6ed6596f-8c7a-4ec9-9935-dc591f163b57,Sin City,496,Dark Horse,1985,,
1a774869-0c87-485a-84e0-4f1250bbbb64,Sin City,497,Dark Horse,1988,,
5a74a81b-e008-4a8f-afe5-4109f06da66e,Sin City,498,Dark Horse,1975,,
9486a7fb-75aa-40cd-a08b-cd362e2db50d,Sin City,499,Dark Horse,1966,,
08806a79-8300-48e5-9d06-c289539dc30c,Sin City,500,Dark Horse,1962,,
9718bbe7-57de-4406-81d1-e0407e5b6109,Sin City,501,Dark Horse,2016,,
a20a0a9d-f431-4b1b-a112-9a9b7301ad47,Sin City,502,Dark Horse,2007,,
ce31b11c-a452-4084-b5cf-529fde1a5bed,Sin City,503,Dark Horse,1998,,
c5961b9e-9e4b-4f94-9a95-6858e2f6cebb,Sin City,504,Dark Horse,1965,,
86912511-91c3-4b70-a921-b6404c49b6ae,Sin City,505,Dark Horse,2001,,
3362f762-8c00-4e4d-9795-5ed65be9db39,Sin City,506,Dark Horse,1961,,
b04596f8-5aee-4c60-b10c-5f3ea2dca5b2,Sin City,507,Dark Horse,1991,,
5a7eb336-498a-4416-967f-e54d3b719267,Sin City,508,Dark Horse,2002,,
cfead197-af05-48cc-b219-f5ada2cde0bb,Sin City,509,Dark Horse,1963,,
3494d547-0c3d-4b68-a254-43e7d23ce46b,Sin City,510,Dark Horse,2007,,
a8568f29-d85d-424a-8025-ddd46c59f69b,Sin City,511,Dark Horse,1963,,
e9d75752-84de-49a8-af60-cc4616906144,Sin City,512,Dark Horse,1984,,
3a6f911a-7445-4ed3-90a1-0e00a0fa99c7,Sin City,513,Dark Horse,2014,,
445ecc1f-ec4e-4708-a96d-b02f5cb17e60,Sin City,514,Dark Horse,2015,,
e0f8c723-4db4-4b02-8586-25cf36a04a84,Sin City,515,Dark Horse,2001,,
06dc1446-e31d-416c-bab3-0e4137ffe9e5,Sin City,516,Dark Horse,1978,,
e4d6e9c2-1a57-48f3-a3bb-1eed6e59bd43,Sin City,517,Dark Horse,1967,,
06317ba5-a229-4159-93c0-7687438f97a8,Sin City,518,Dark Horse,2005,,
5f262bee-a36a-471a-9a78-cfb9c29ddf29,Sin City,519,Dark Horse,1985,,
ea9ed7ef-f60c-445b-8b17-84acee528a23,Sin City,520,Dark Horse,1989,,
46d219a4-b8b9-4582-bf9c-0deb70df1ded,Sin City,521,Dark Horse,1973,,
f3952999-0291-4633-bc7c-eff30aa98252,Sin City,522,Dark Horse,2002,,
bb9364b5-39f3-43ee-b925-2b49bf57366b,Sin City,523,Dark Horse,2003,,
7b1f87ad-8d69-4186-9fc0-80a5b41e3971,Sin City,524,Dark Horse,2005,,
979bd701-eab1-4011-8e2d-44f3612599d6,Sin City,525,Dark Horse,1975,,
bf5362f4-ac36-42cd-b37b-21379f682aee,Sin City,526,Dark Horse,2012,,
976c72e6-4798-4f28-846f-1156bc8e73ca,Sin City,527,Dark Horse,2009,,
0e8b22c1-7b99-447b-8c68-3b2eb1bde0f3,Sin City,528,Dark Horse,2010,,
63aa3db4-f931-4019-b283-f4c46d5174f5,Black Hammer,1,Dark Horse,1962,,
abd39799-b4ba-4d67-aca2-d4eab34be009,Black Hammer,2,Dark Horse,1986,,
7679f96c-f721-4b6a-9063-9a16201bbd84,Black Hammer,3,Dark Horse,1980,,
d67ef469-9899-4dc0-add1-054fdfc39792,Black Hammer,4,Dark Horse,1993,,
090dbdad-c2fe-4bb9-b3d5-360c12c0d11d,Black Hammer,5,Dark Horse,2009,,
7daebe77-2217-4bf2-ba2d-1f7afec45a0b,Black Hammer,6,Dark Horse,1968,,
991b375d-7aef-4afb-a818-36e72f8ca752,Black Hammer,7,Dark Horse,1977,,
b1833ec8-4513-47d1-8f02-449ca7f75928,Black Hammer,8,Dark Horse,2023,,
9c6a541b-dd55-42b1-9c47-0f88fda6794f,Black Hammer,9,Dark Horse,1988,,
02967a31-fe40-4e6d-b95b-981d89027f54,Black Hammer,10,Dark Horse,2009,,
fc4b661b-c228-4882-84e9-2d738f99f49d,Black Hammer,11,Dark Horse,1998,,
339427d8-3468-4e8e-850e-f2b360bc51bb,Black Hammer,12,Dark Horse,2006,,
5753cf40-9f40-483a-acde-fd86311d4e4a,Black Hammer,13,Dark Horse,1973,,
d8926a9e-ad93-4297-9feb-08653e08b9dc,Black Hammer,14,Dark Horse,1963,,
f80d173c-ba1f-44dd-a8c9-7ff1078ecbc8,Black Hammer,15,Dark Horse,2020,,
29112e00-6764-4867-b76f-19a71b5762ba,Black Hammer,16,Dark Horse,2014,,
45dfed2a-041a-44f6-9cca-6d57df9baa2d,Black Hammer,17,Dark Horse,2011,,
0b098538-f26b-4648-a9dd-463dae4b4438,Black Hammer,18,Dark Horse,1983,,
7e2296ca-d406-4c15-9c70-5e284a6f688b,Black Hammer,19,Dark Horse,1973,,
c983799a-1d33-4bc7-ad93-90d12b43674b,Black Hammer,20,Dark Horse,2005,,
bf148793-8cbc-4e55-8c6a-6d9bb3f7ecd2,Black Hammer,21,Dark Horse,2000,,
94c4f067-f661-47c3-9b65-ea65b26a59da,Black Hammer,22,Dark Horse,1967,,
16bf137e-f6a4-4347-85b7-08e20cb325ad,Black Hammer,23,Dark Horse,1968,,
4fefc364-1823-4777-bad6-5fdb07d1e790,Black Hammer,24,Dark Horse,1978,,
b2543c5e-ba65-4187-8194-fb6cbd8794a8,Black Hammer,25,Dark Horse,1984,,
8535be51-c0a9-43a1-bb6f-e05cb86626f2,Black Hammer,26,Dark Horse,1996,,
88e7afd0-0cb2-4637-8ac1-154d0188ea77,Black Hammer,27,Dark Horse,1966,,
8c51ef6a-0d52-4df8-82eb-9f6c3344ed97,Black Hammer,28,Dark Horse,2006,,
25345a67-012e-49d0-8309-44595545ad0d,Black Hammer,29,Dark Horse,1983,,
2b7f1ade-4b77-41c0-b5de-6a6c2a84de4e,Black Hammer,30,Dark Horse,1978,,
8bd573ad-d67d-4e78-b9e3-c730b5c6c582,Black Hammer,31,Dark Horse,2006,,
e83cf72d-31a2-4a6f-8c25-678f6370dd52,Black Hammer,32,Dark Horse,1995,,
76dcedb2-5c9e-45cf-bbda-75e465d068f4,Black Hammer,33,Dark Horse,1963,,
b119afed-b6fc-4eda-a96f-73c56a848e9f,Black Hammer,34,Dark Horse,1992,,
1336ca9a-2e2b-48e5-a1fd-62583bc4c390,Black Hammer,35,Dark Horse,1969,,
66eeac0b-6ffe-4abb-b896-352173cba4b0,Black Hammer,36,Dark Horse,2016,,
bf7b415b-2cfe-4043-b367-b193d5d8e72a,Black Hammer,37,Dark Horse,1976,,
1cef2dac-4bd5-479c-9856-3778d800062f,Black Hammer,38,Dark Horse,1970,,
726e0bd7-5a02-49e5-b60b-0575adf53fc1,Black Hammer,39,Dark Horse,2012,,
c3c8e9a2-9e46-49ad-8917-5da01b63a5b5,Black Hammer,40,Dark Horse,1987,,
d9fad72c-9da1-438b-a3c4-d574ce4ef797,Black Hammer,41,Dark Horse,1968,,
c101b9d8-ad88-4ca4-bc32-e5609e9db16e,Black Hammer,42,Dark Horse,2017,,
43cfbd5f-98d5-472b-83a0-ebf2df99f346,Black Hammer,43,Dark Horse,1996,,
8ee77471-2930-4ba7-82ef-ca675ca61e1e,Black Hammer,44,Dark Horse,2002,,
9cabdafc-c2eb-4cff-a141-09277b25b7ea,Black Hammer,45,Dark Horse,2004,,
deebdcf2-2d2f-43da-a856-98ba465e0bb6,Black Hammer,46,Dark Horse,1967,,
5b4971e0-5e0b-4ee4-8caf-402be5fa70c0,Black Hammer,47,Dark Horse,2019,,
de414bd7-41a4-4ec3-b7b4-4d538f0e72f5,Black Hammer,48,Dark Horse,2009,,
eca66cc7-d05d-4ed9-84fa-872736067081,Black Hammer,49,Dark Horse,2010,,
5c7d47e8-ac72-4d06-8383-eb0debcdb552,Black Hammer,50,Dark Horse,1995,,
4ad09b72-d70c-4e88-9303-d8333094e3a4,Black Hammer,51,Dark Horse,2022,,
fe0df8cf-f5c6-4de3-b197-88fed5822203,Black Hammer,52,Dark Horse,2014,,
5849be92-d3c3-4968-9db0-5c99a1871925,Black Hammer,53,Dark Horse,2017,,
a5b823d8-a862-424c-9346-b4cbf4c4ad36,Black Hammer,54,Dark Horse,1980,,
92e90e9c-09cf-4c05-a247-615144e56012,Black Hammer,55,Dark Horse,2001,,
57c24089-d61f-4011-ab78-4532128c5596,Black Hammer,56,Dark Horse,2014,,
1cfdafc1-eb85-4b30-bf51-e189c7cf38e7,Black Hammer,57,Dark Horse,1996,,
32579cd2-aa60-40ac-8aeb-627ede9593c0,Black Hammer,58,Dark Horse,2011,,
05be337e-f982-4038-a6f8-8be258740cc4,Black Hammer,59,Dark Horse,2000,,
1a7d896c-9ab5-4ca0-855b-822d23fa5a91,Black Hammer,60,Dark Horse,1984,,
da72cfd7-0fdb-4ce1-9cf8-b5f73b84d386,Black Hammer,61,Dark Horse,1961,,
07ac1481-adc0-430d-bdc4-6fe41add45e0,Black Hammer,62,Dark Horse,1997,,
228a29de-61fd-4775-a878-15e9db5b8301,Black Hammer,63,Dark Horse,1995,,
bcff5b7b-76b2-4c77-8b4b-dcb581f35c0e,Black Hammer,64,Dark Horse,1972,,
3a5ced77-2f5c-4186-a206-75e273578320,Black Hammer,65,Dark Horse,1969,,
839fa8ac-cc83-4309-8ded-69756aca28f1,Black Hammer,66,Dark Horse,2008,,
330a6b51-2baa-4179-9b72-d3e5c843c679,Black Hammer,67,Dark Horse,1973,,
5f751b51-a743-4f5e-8736-8e4ed22de967,Black Hammer,68,Dark Horse,1964,,
fa170d96-ecba-4787-88b7-4e331a5da50e,Black Hammer,69,Dark Horse,1967,,
a975dc60-f06d-4c66-9198-1d261e12e300,Black Hammer,70,Dark Horse,1980,,
de660d17-74a7-45f0-a718-c10a660a7520,Black Hammer,71,Dark Horse,1996,,
5c5d8e0d-59c3-49c5-a5cb-973ac2dd2037,Black Hammer,72,Dark Horse,2006,,
2917782f-f46a-4509-acfa-48cc0c3e8ad4,Black Hammer,73,Dark Horse,1979,,
daa6cd35-4f0c-4912-bfd6-86ef95833748,Black Hammer,74,Dark Horse,2005,,
ad331e9e-1754-4659-aa98-70f0a4575427,Black Hammer,75,Dark Horse,1995,,
e463b5e4-9eb6-41da-9461-1b262cea6463,Black Hammer,76,Dark Horse,1980,,
d9a461c4-0240-4d47-9cbf-5cc6af790adb,Black Hammer,77,Dark Horse,1992,,
3f3520de-9869-4e90-9345-385d4aaea91c,Black Hammer,78,Dark Horse,1985,,
6d38ee43-5d86-4690-94a8-b17905cbf7bf,Black Hammer,79,Dark Horse,1968,,
a617412b-74f2-4ab2-8039-67ce51a65350,Black Hammer,80,Dark Horse,1987,,
bcf41f89-607a-4b2f-8d8a-ce0177cb55cc,Black Hammer,81,Dark Horse,2006,,
2d3dd2d2-7b63-4614-bece-46bdb494f9e7,Black Hammer,82,Dark Horse,2010,,
eea4d20f-bb05-4fed-bf50-be17afed65d6,Black Hammer,83,Dark Horse,1993,,
3342bfb0-4f2f-4377-bf2f-e61632b4d816,Black Hammer,84,Dark Horse,1985,,
8b5662c6-f6f7-4fa0-a9d7-1e1a2054479b,Black Hammer,85,Dark Horse,2021,,
2e906f41-0afe-4dee-839e-bb65c805265a,Black Hammer,86,Dark Horse,1994,,
a764db4a-e6c5-4dca-af66-11cd923e8185,Black Hammer,87,Dark Horse,1967,,
450b41e9-62d3-4f39-83c9-beb3904fa6f2,Black Hammer,88,Dark Horse,2015,,
8f393f3f-6a40-4214-9159-1b201370fe95,Black Hammer,89,Dark Horse,1991,,
654b5a5d-0ae2-441c-bee4-6b66699b2e44,Black Hammer,90,Dark Horse,1992,,
5c75f57e-f67f-476a-aec6-b2e55d85c6b7,Black Hammer,91,Dark Horse,1980,,
66b9da7d-3140-4f43-ba72-b601d8e361cf,Black Hammer,92,Dark Horse,1978,,
b5232f8a-ff22-4b7e-8fec-29ca6ef29981,Black Hammer,93,Dark Horse,2012,,
cf6b9879-efd3-40e4-89e2-472f26f4289a,Black Hammer,94,Dark Horse,1976,,
98cdb6dc-40ee-4e69-933e-85c973f5d6db,Black Hammer,95,Dark Horse,1990,,
8e511708-3ea7-4241-b338-a827534826ed,Black Hammer,96,Dark Horse,2006,,
503a2d26-e83b-461b-bfc2-a307282c15cc,Black Hammer,97,Dark Horse,1988,,
26133c38-ce0e-4efc-8bb7-f8d39b1d7723,Black Hammer,98,Dark Horse,2023,,
c668b761-d26b-4e87-8cae-6b60446008a7,Black Hammer,99,Dark Horse,1961,,
de9cf67c-99d4-4c2a-8756-bae1afa0dbde,Black Hammer,100,Dark Horse,2007,,
9dbfbde4-e18d-4f57-9909-512b2ec283a7,Black Hammer,101,Dark Horse,1967,,
4f3fafb3-07d6-463c-978f-8cc096287980,Black Hammer,102,Dark Horse,2018,,
1f72a64c-37c2-45eb-ad55-34090c162bca,Black Hammer,103,Dark Horse,1998,,
99d003d1-4023-49fb-9d42-41f771144db9,Black Hammer,104,Dark Horse,1983,,
a2b25000-f834-4655-b867-1872f6275116,Black Hammer,105,Dark Horse,2016,,
d4026a32-5f89-4bd9-a715-a979b0dea4ef,Black Hammer,106,Dark Horse,1985,,
b750d92c-6063-4808-b3f9-0f1c6977924e,Black Hammer,107,Dark Horse,1979,,
82b1ba7e-8a2d-418b-8d91-270772a412bf,Black Hammer,108,Dark Horse,2000,,
9b4a826d-24ea-4c47-a00d-d8755e09df10,Black Hammer,109,Dark Horse,1985,,
0b3b7fc0-4753-4e3f-bde5-ed94a7e0a39a,Black Hammer,110,Dark Horse,2019,,
a33d6a83-2978-46e4-967f-0ee54846bbd7,Black Hammer,111,Dark Horse,1963,,
668e26d5-cabd-4242-99ba-b9ab29ae1332,Black Hammer,112,Dark Horse,1978,,
2f560802-af72-419a-895e-fcc2ac9b9b09,Black Hammer,113,Dark Horse,1965,,
267878cb-cbb6-405f-a1c0-0c94fbe21e8b,Black Hammer,114,Dark Horse,1990,,
083e781b-264c-4704-b349-e75478ecb47e,Black Hammer,115,Dark Horse,1979,,
80a22f54-e976-401c-a96d-ab0010d0a319,Black Hammer,116,Dark Horse,1988,,
72e4b2b5-14d8-488e-8c6a-caf38a9244fe,Black Hammer,117,Dark Horse,2004,,
1c181728-3829-4c89-b2d9-fa1ce1dd671a,Black Hammer,118,Dark Horse,2013,,
fcd6a83d-d427-4ed2-9446-8c5be421cb60,Black Hammer,119,Dark Horse,1990,,
4fc3e939-3857-4fc0-8d7d-724a54587c8f,Black Hammer,120,Dark Horse,1972,,
f22d6c46-34fa-441a-b53b-21e2cdbb4990,Black Hammer,121,Dark Horse,1981,,
2e510e2f-6413-4dd0-bb7c-646ce8679210,Black Hammer,122,Dark Horse,2001,,
3d15103c-7247-43f8-883b-aeded66aeba2,Black Hammer,123,Dark Horse,1977,,
aa726215-30b8-40f9-a496-0e07cb6ce1bf,Black Hammer,124,Dark Horse,1964,,
e1fb7a70-ffd5-41f8-95b7-0f27f52029fd,Black Hammer,125,Dark Horse,1978,,
bf81ed39-cb18-4eab-ac3c-90a7243e229f,Black Hammer,126,Dark Horse,1971,,
5f24e49a-9760-4cf7-884c-3df3bcfbaf8f,Black Hammer,127,Dark Horse,1980,,
7f5c75ed-ac29-4761-8280-cc73206ccb8e,Black Hammer,128,Dark Horse,2005,,
d5f3aca0-637c-4aae-97f6-2f355ba268fe,Black Hammer,129,Dark Horse,1989,,
c10031da-6742-4a68-8c72-03b9250e1896,Black Hammer,130,Dark Horse,1962,,
80f19101-f909-4437-bda4-a22e73a7b077,Black Hammer,131,Dark Horse,2003,,
744dcbc1-b26b-4c50-baac-7fe0a36b5ff6,Black Hammer,132,Dark Horse,2006,,
5404e903-7e38-48a3-9177-060aebea93c4,Black Hammer,133,Dark Horse,2023,,
949aa196-5d9d-4b7a-a03e-cc92fd8afb29,Black Hammer,134,Dark Horse,2014,,
d130c1b4-a5da-401f-a313-8bbcac6801bf,Black Hammer,135,Dark Horse,1998,,
726c7a66-8d5b-4a62-8bb3-41d7ba3ad89a,Black Hammer,136,Dark Horse,1960,,
7913a46d-0908-4078-86ad-b1453140d632,Black Hammer,137,Dark Horse,2003,,
b3647533-7e4e-4cd6-bedf-8f9c730b2c02,Black Hammer,138,Dark Horse,2012,,
1d430284-3fe2-4cff-8b62-2f886970b6f7,Black Hammer,139,Dark Horse,2000,,
52832a45-841c-423d-b2b3-36a09fef7677,Black Hammer,140,Dark Horse,1965,,
1c2ad3e5-f4dc-4b07-baa2-19ead6c4d682,Black Hammer,141,Dark Horse,2022,,
313ad7af-270e-4353-bb4b-cf23319914ab,Black Hammer,142,Dark Horse,1960,,
7745e815-2fb3-41c1-ac6b-fcae675afc2b,Black Hammer,143,Dark Horse,1960,,
6a366c92-c3cd-4932-90ec-44c9b4d6109f,Black Hammer,144,Dark Horse,2003,,
23ef69ee-afd7-4e1e-ae27-81b18d7ed38b,Black Hammer,145,Dark Horse,2016,,
5f65b47e-f3b9-4c52-8cff-fa4a4eb10d58,Black Hammer,146,Dark Horse,1967,,
c1426f6d-d552-476e-806c-c5001a337a66,Black Hammer,147,Dark Horse,1967,,
59623fa5-0510-4dd0-9fe4-dd23c2601181,Black Hammer,148,Dark Horse,1989,,
516e0539-d9c9-4936-9b8c-0afcac90363b,Black Hammer,149,Dark Horse,1972,,
8d964678-4496-4009-8349-76fc55c97bc9,Black Hammer,150,Dark Horse,1979,,
762c1c6d-796a-4efa-9f6a-f79288ba690f,Black Hammer,151,Dark Horse,2001,,
51682f80-ee62-4fdf-a9a0-1361918b26f8,Black Hammer,152,Dark Horse,1995,,
92efaf64-da12-4755-a595-55541b17cfc2,Black Hammer,153,Dark Horse,2009,,
87cc132a-191c-47fa-90c3-2dd795e83c75,Black Hammer,154,Dark Horse,2020,,
f99a023c-50ee-4654-86a9-0de2a5b57a68,Black Hammer,155,Dark Horse,2000,,
0a92e6a0-d37e-4c88-b967-e0f3b565bcca,Black Hammer,156,Dark Horse,2004,,
9c4ae555-6c23-40e5-83bb-c68fcbdc859d,Black Hammer,157,Dark Horse,2010,,
740e8f20-4034-4ce5-81e4-864a507dd79b,Black Hammer,158,Dark Horse,1973,,
8af31bad-6f9f-4b7d-ba92-d8d70f6ff705,Black Hammer,159,Dark Horse,1990,,
5c1bd5fe-3e0b-429e-874e-e5829af30bcd,Black Hammer,160,Dark Horse,1974,,
4a0153cc-317a-4279-9035-c856e0538732,Black Hammer,161,Dark Horse,1977,,
fe734732-76c0-4670-bcfd-d672375d737a,Black Hammer,162,Dark Horse,1972,,
1103a1e4-bc84-4620-92ff-ec8751d8d320,Black Hammer,163,Dark Horse,2001,,
1e6fef56-fc1b-4ffa-87df-8fe49331d29e,Black Hammer,164,Dark Horse,1984,,
1318ad33-c884-4a9b-a333-bcb8fff49610,Black Hammer,165,Dark Horse,1986,,
e2153bec-2d29-48bb-a346-99dfd8558e91,Black Hammer,166,Dark Horse,1981,,
f998be7c-239a-44ce-b1b3-69a4fbe3cce1,Black Hammer,167,Dark Horse,1979,,
03290fb9-22af-41a3-b8c9-479b67b0a2ab,Black Hammer,168,Dark Horse,2000,,
e15353cb-13f9-40db-b523-07de75586840,Black Hammer,169,Dark Horse,2000,,
b8bfae90-0c9a-4e6a-8078-4426944634c9,Black Hammer,170,Dark Horse,2021,,
47d43e9f-d111-44c9-8835-a9f689279af7,Black Hammer,171,Dark Horse,2018,,
15d1b2ba-02e9-4477-9683-bc907df4147a,Black Hammer,172,Dark Horse,1982,,
80701dd8-10b5-4c93-a704-11c6a6f20e57,Black Hammer,173,Dark Horse,2003,,
71438b60-f2be-425f-8cc8-04d386276c6d,Black Hammer,174,Dark Horse,2020,,
3e5aa2f5-4dee-4c9c-bee3-31dcb74fb0c1,Black Hammer,175,Dark Horse,2011,,
56920d93-5970-4163-9c1e-d549ca2b1d4d,Black Hammer,176,Dark Horse,1977,,
915cd6ab-9320-47ba-8713-a018ea738332,Black Hammer,177,Dark Horse,1964,,
639cc962-40a5-4503-a6b0-6bbbe5e460ae,Black Hammer,178,Dark Horse,1961,,
4a02fa37-c245-42d5-86b9-50c5e8eee151,Black Hammer,179,Dark Horse,1984,,
ef997505-1211-473b-ad3a-31c12c47e480,Black Hammer,180,Dark Horse,1979,,
97d0c037-1045-4832-a627-c639349ae2ce,Black Hammer,181,Dark Horse,2023,,
fc1b2355-8b7f-46a4-9e16-d3aa363599bc,Black Hammer,182,Dark Horse,1985,,
f097fb4b-01be-4b45-a529-aad53f119fd9,Black Hammer,183,Dark Horse,1969,,
53903348-6ac0-4dd8-9d13-6b580d9cf214,Black Hammer,184,Dark Horse,1996,,
aea56d92-cbcc-45bf-851e-8819142d14b0,Black Hammer,185,Dark Horse,2019,,
e7ee72aa-a024-4b40-a0eb-da632fa8b5a5,Black Hammer,186,Dark Horse,1982,,
cfd00b34-0934-4e99-b079-9478f1b071ac,Black Hammer,187,Dark Horse,2009,,
be794a19-d880-468b-ba96-2673e016c460,Black Hammer,188,Dark Horse,1997,,
0f2c59ca-1bd5-407f-afce-6416bf883842,Black Hammer,189,Dark Horse,1987,,
9a5b627a-8f63-404e-95dc-5a4f107779bd,Black Hammer,190,Dark Horse,1986,,
2f6f79d6-30bc-4c37-a7b1-25e68d330bc1,Black Hammer,191,Dark Horse,2007,,
4ac2a60c-1220-4f41-a27d-5ee5b9c4cbf5,Black Hammer,192,Dark Horse,1977,,
21884fee-c4c7-43fb-8f36-3e044e9200b6,Black Hammer,193,Dark Horse,1991,,
5dc32ef2-f3f7-4bb0-98b9-05842e196d29,Black Hammer,194,Dark Horse,1987,,
3d7b40e7-e89a-472d-8cc8-05b6d26bc15c,Black Hammer,195,Dark Horse,2007,,
2f726de4-334e-45ff-a7f2-cc5d73026c5d,Black Hammer,196,Dark Horse,1973,,
247d3242-98ff-4e7f-909b-975f01ac1acb,Black Hammer,197,Dark Horse,1972,,
313e5c1d-2bee-48d4-ab26-34e640a9537f,Black Hammer,198,Dark Horse,1962,,
d4c8dd4d-30e5-4091-972a-0b6fec83cfaa,Black Hammer,199,Dark Horse,1969,,
ac040f94-3c25-45cc-9a78-18c194f9cc7f,Black Hammer,200,Dark Horse,2003,,
da963cfb-3bfc-4e29-bb66-62a000a93baa,Black Hammer,201,Dark Horse,2023,,
9e7e3761-a92b-4cc8-ba6e-ad06a2ab8bcb,Black Hammer,202,Dark Horse,1988,,
633830b0-dd0b-4ce5-ab94-10bca0ca9877,Black Hammer,203,Dark Horse,2023,,
c04f415b-5308-4149-a664-cb47575e92b9,Black Hammer,204,Dark Horse,1960,,
b9c836cd-c158-4e02-99a4-a734442f82b8,Black Hammer,205,Dark Horse,2002,,
f8ca18b3-3087-4ddf-8d7f-db406fced235,Black Hammer,206,Dark Horse,1994,,
00e3aac2-b53f-4626-89d9-2da45d014692,Black Hammer,207,Dark Horse,1984,,
819a9d07-d043-4e6e-85a6-1d7207899d9a,Black Hammer,208,Dark Horse,1979,,
f5db2b4c-6a5c-42eb-99cd-22c62d5eefd3,Black Hammer,209,Dark Horse,1987,,
968920f2-e67b-4fba-a2ff-5ecc162f53c9,Black Hammer,210,Dark Horse,1963,,
3ca44573-af3f-4fc8-ae65-4c7c6ea396f4,Black Hammer,211,Dark Horse,1965,,
5614cada-0788-437d-ba17-ee8920786d15,Black Hammer,212,Dark Horse,1987,,
ef03504e-7968-4d4a-8696-296f978563b0,Black Hammer,213,Dark Horse,2012,,
8d4310eb-bc5d-4ad8-834e-0be96f9d32fb,Black Hammer,214,Dark Horse,2009,,
0d5c3a80-ac75-4170-9a40-4d5fddc0711b,Black Hammer,215,Dark Horse,1996,,
d5da1fc9-4a94-4cdc-9808-be6bf9df5ce6,Black Hammer,216,Dark Horse,1985,,
add7b35c-545a-4e2f-b9c3-33f26e1a6b9f,Black Hammer,217,Dark Horse,1995,,
731e3098-bc86-43bf-a859-9b5816c768d8,Black Hammer,218,Dark Horse,1967,,
d7822ca6-8ed4-4fc7-a03d-a1d7d7f83e81,Black Hammer,219,Dark Horse,1982,,
1f56a576-7c9e-4fb3-8636-0358c6029660,Black Hammer,220,Dark Horse,2021,,
13c93740-f91b-4a52-9a71-62367d7c8c94,Black Hammer,221,Dark Horse,2022,,
757451de-6860-429c-8291-2d6b2e0925b3,Black Hammer,222,Dark Horse,1992,,
1dd28514-775e-40ff-83cd-8f8637ec148e,Black Hammer,223,Dark Horse,1973,,
2872c869-c80d-4809-bd6f-a67a307a23f3,Black Hammer,224,Dark Horse,1990,,
a2c606d3-3c20-439f-aed7-5b717e371dc0,Black Hammer,225,Dark Horse,1971,,
482d372d-055d-4da6-83ee-36c1b4d94948,Black Hammer,226,Dark Horse,1970,,
602f5e8c-d798-418d-b8f0-24e370cf89ff,Black Hammer,227,Dark Horse,1966,,
398daea7-3e7e-4c8a-9825-501e0dcc883f,Black Hammer,228,Dark Horse,2007,,
86d4c6fd-1600-420e-b7db-8204df99003f,Black Hammer,229,Dark Horse,2000,,
8b9f84da-e3e2-48fe-88e1-22ff030fbd7e,Black Hammer,230,Dark Horse,1984,,
a3cdd863-3ca0-4f84-9949-3e938e1fa7fd,Black Hammer,231,Dark Horse,2018,,
a108ecb4-d3ba-4134-a193-4aee016f8065,Black Hammer,232,Dark Horse,1994,,
3421632f-6d70-49ff-98e8-fe7481dd3556,Black Hammer,233,Dark Horse,2024,,
9e73a5da-addb-4935-9b07-509e74f33049,Black Hammer,234,Dark Horse,2010,,
64e8463b-1920-42ec-91bd-9ccc7b040fb9,Black Hammer,235,Dark Horse,2013,,
676723fe-1810-45d3-b5a9-bc02bde6d017,Black Hammer,236,Dark Horse,2012,,
86d8c4c8-481a-481b-90f8-4d0202c5b60b,Black Hammer,237,Dark Horse,1964,,
8451aa92-7856-4f7f-bb5c-6222a69231df,Black Hammer,238,Dark Horse,1980,,
35e43e70-9635-4180-973a-ac248cad2193,Black Hammer,239,Dark Horse,1993,,
b8c8ce00-c4c7-4c0d-ba47-9ac7d25374f3,Black Hammer,240,Dark Horse,2011,,
3cb0970f-c770-4d76-bcd0-f7bedb5f7299,Black Hammer,241,Dark Horse,1988,,
90b36038-fc1b-4838-82bb-391ab4973999,Black Hammer,242,Dark Horse,1997,,
acc4603f-6956-471d-afe4-e856e1d88541,Black Hammer,243,Dark Horse,2015,,
39422383-d147-4251-8da4-119ae787033a,Black Hammer,244,Dark Horse,1960,,
587c1e6c-5a2a-4108-b06b-99301dcb2b14,Black Hammer,245,Dark Horse,1963,,
31b34858-afa6-4d40-a0c1-e2a7ef0f0650,Black Hammer,246,Dark Horse,2008,,
bef65a15-b167-43bf-8e34-8421c6961c0b,Black Hammer,247,Dark Horse,1978,,
e4dcbbef-c233-40a3-a1a6-66adf4a5ebf5,Black Hammer,248,Dark Horse,2005,,
1cc4b5f5-f360-40f1-ad5d-55b047cfe9eb,Black Hammer,249,Dark Horse,1969,,
18b8d95f-9b12-4195-87d3-1ab0aaad2860,Black Hammer,250,Dark Horse,1975,,
34b647fe-7f17-47bc-9fe2-9caa5862802d,Black Hammer,251,Dark Horse,1967,,
13ec8e8e-2048-4958-9119-a4559b0db0ce,Black Hammer,252,Dark Horse,2008,,
2290e9c4-12bc-4c45-b85e-10ed9423a993,Black Hammer,253,Dark Horse,2003,,
e3d3bf9d-ed63-4065-8e03-bc0c5ead1e62,Black Hammer,254,Dark Horse,1986,,
fc049871-ca70-49c6-ab60-f3287faf7495,Black Hammer,255,Dark Horse,2006,,
d1c8e364-491b-4aa4-ba15-7190089a4993,Black Hammer,256,Dark Horse,1995,,
82bcd8af-f7d0-46da-8310-228a560374b5,Black Hammer,257,Dark Horse,1965,,
4cbde06f-92ab-446b-85cf-93ac89e0361f,Black Hammer,258,Dark Horse,1984,,
b3502a26-27f5-434b-8035-33019a2288fb,Black Hammer,259,Dark Horse,1967,,
d9cbc494-3d59-4e28-9713-12a6a35d2782,Black Hammer,260,Dark Horse,2021,,
c3c3d467-23d7-4ece-a4cc-cf4a7a5b5eae,Black Hammer,261,Dark Horse,1968,,
56026d4c-be03-4f61-96d2-8de551e3b7a3,Black Hammer,262,Dark Horse,1995,,
34c42f1e-0e20-4c7b-b134-75ca6c0deffe,Black Hammer,263,Dark Horse,2024,,
c3334635-790d-4c35-8d39-e843dfef2f02,Black Hammer,264,Dark Horse,1975,,
d77f0f12-1c11-4ed2-aaa1-f8246334eba4,Black Hammer,265,Dark Horse,1989,,
27765643-1f2e-486a-9cf3-80e2aa0323ab,Black Hammer,266,Dark Horse,2001,,
bdbfdd31-2adb-4084-bbb5-e1e741ae964a,Black Hammer,267,Dark Horse,2008,,
d157a8bf-b9bb-41ad-857a-78558bec25b8,Black Hammer,268,Dark Horse,2017,,
17a163ee-2f85-420c-ab60-9f56e7c0e02a,Black Hammer,269,Dark Horse,1978,,
808062ea-c127-415d-b9e9-5373576423ed,Black Hammer,270,Dark Horse,2008,,
37f5d3f6-0a42-4a65-9c75-2741cfc8a9fe,Black Hammer,271,Dark Horse,1984,,
152b304e-fe60-4922-b1df-08d41e3f9249,Black Hammer,272,Dark Horse,2019,,
50f6070e-1662-41f3-9023-9470b592374b,Black Hammer,273,Dark Horse,1982,,
f55213f4-5730-4da0-9268-53c7f94ae490,Black Hammer,274,Dark Horse,2015,,
d002f428-d3cf-4add-8664-0bcf31f8574d,Black Hammer,275,Dark Horse,2014,,
b7d0230e-cb36-411a-b450-4db7f937b720,Black Hammer,276,Dark Horse,2001,,
e36875f4-e7c7-46fd-840d-535a75664d76,Black Hammer,277,Dark Horse,2016,,
a4ed6f95-fe57-489b-9ad0-9dab56030228,Black Hammer,278,Dark Horse,2022,,
5971c162-5a8a-41a1-aa8f-163a64166dd9,Black Hammer,279,Dark Horse,2001,,
38b73ea2-fd1d-49ae-8b67-c8166a37e46d,Black Hammer,280,Dark Horse,1978,,
d6259d53-9f70-4952-ad9c-d8f37298d1b5,Black Hammer,281,Dark Horse,2016,,
4c1e4a5e-50a5-4999-bd00-c473d1923c17,Black Hammer,282,Dark Horse,1978,,
68111621-21b4-40d7-b477-b23fc3f44b95,Black Hammer,283,Dark Horse,1976,,
95513354-bb79-4804-a966-ccebf039edd5,Black Hammer,284,Dark Horse,2005,,
6b86d1ac-cbd5-4dd6-9cd3-e60ab7466c2d,Black Hammer,285,Dark Horse,2019,,
273191da-2253-437e-a523-354643fb85ae,Black Hammer,286,Dark Horse,2011,,
e4e38385-a1a0-4252-856a-fb5f9030b1ea,Black Hammer,287,Dark Horse,1964,,
26db083a-b208-4864-b98d-ed789442dc1f,Black Hammer,288,Dark Horse,1981,,
c50669c6-c553-4b02-b0c8-606e4900ac27,Black Hammer,289,Dark Horse,1999,,
a60dd065-b9b3-452d-a868-5c1a807bab44,Black Hammer,290,Dark Horse,1991,,
a7b3ae86-3334-4daf-a4af-9df4221a2d58,Black Hammer,291,Dark Horse,1966,,
8d9b8de7-c084-4166-aa66-1cbfd633f58c,Black Hammer,292,Dark Horse,1985,,
bd5a95fb-7272-4a54-b048-1c271861882c,Black Hammer,293,Dark Horse,1978,,
87eed96a-bbb1-4ad4-9ec8-8c69482e7f0b,Black Hammer,294,Dark Horse,1981,,
2292483e-2d08-4d07-b134-30305b9e7e82,Black Hammer,295,Dark Horse,1979,,
d79c3c31-0d8f-4a01-8eee-402aea02a2d6,Black Hammer,296,Dark Horse,2004,,
7bf75c79-064e-4dc1-a7d8-6092e91eb4cf,Black Hammer,297,Dark Horse,1982,,
7abf008a-896c-46b1-b0aa-055beeda3eb8,Black Hammer,298,Dark Horse,1989,,
750ca5ae-dc38-4cc7-8490-a42962cca704,Black Hammer,299,Dark Horse,2005,,
e0ac1cd7-8e13-4afa-81c9-9a8fc38e7720,Black Hammer,300,Dark Horse,1989,,
64ae2d0d-dc63-44f2-ad72-ce80b69a2477,Black Hammer,301,Dark Horse,1992,,
06de5e5d-bd4c-44f1-a112-cafec27c8b62,Black Hammer,302,Dark Horse,1965,,
23e6f833-4c5c-4337-abd2-a262b2ce03c2,Black Hammer,303,Dark Horse,1960,,
9e5a42a9-1a00-4a4a-ae39-7e3114e3904b,Black Hammer,304,Dark Horse,1968,,
15718a8f-84e6-4826-9e4f-97f3d7668dd5,Black Hammer,305,Dark Horse,1989,,
bd925c3d-8660-4619-948d-186943270b6d,Black Hammer,306,Dark Horse,1965,,
2f447e07-1151-4ee0-b04d-b9d84cb9050e,Black Hammer,307,Dark Horse,2018,,
31d5bd5f-02e9-4844-87c6-6061f3d9a7dd,Black Hammer,308,Dark Horse,1974,,
d5c1dfe5-2df0-4ad1-8910-1ced52b98a1d,Black Hammer,309,Dark Horse,1990,,
80715259-60f0-449e-8db9-85e73e9a7416,Black Hammer,310,Dark Horse,1974,,
b4884ac9-450e-4470-a161-1ae3a6c54e1b,Black Hammer,311,Dark Horse,1986,,
cc5d8024-dbb1-400b-b9f5-211ab0a13425,Black Hammer,312,Dark Horse,2024,,
f873a7b0-a624-4655-aaa9-868f22f6555a,Black Hammer,313,Dark Horse,1961,,
06f5e35b-b142-496c-ad92-5eab72488a3f,Black Hammer,314,Dark Horse,1991,,
4079ac88-15b9-462b-b719-a05c6c9e5b94,Black Hammer,315,Dark Horse,1980,,
577d4d91-2d33-4926-9455-0107c56d8bae,Black Hammer,316,Dark Horse,1994,,
0e4962d7-534b-4ea3-bd02-6f5ff339db07,Black Hammer,317,Dark Horse,2000,,
3c89c5d1-50bb-4847-9dcc-1177a0532ac6,Black Hammer,318,Dark Horse,1987,,
0ab0be1c-6dda-45f6-9e21-18c2b065b5c3,Black Hammer,319,Dark Horse,2009,,
fe91cb4f-1854-4072-b634-23c7b5224b5c,Black Hammer,320,Dark Horse,2000,,
20a7ac2c-8494-44c4-ab18-119cdb9a4241,Black Hammer,321,Dark Horse,1971,,
8ad7d05a-0165-4554-9f74-1517c16a3f77,Black Hammer,322,Dark Horse,1960,,
33c61228-5a71-459a-ba70-f67fc8988ef6,Black Hammer,323,Dark Horse,1998,,
8e852b9d-7f2f-4086-9cc3-d2697ea62fef,Black Hammer,324,Dark Horse,1961,,
c0dcd53e-4a11-4a28-93c8-a38c665b945c,Black Hammer,325,Dark Horse,2010,,
0fe0b5a7-a8e3-4236-8f3e-5573ce620b81,Black Hammer,326,Dark Horse,1964,,
dc297f4a-4a0c-4322-908e-b7fe040f86a2,Black Hammer,327,Dark Horse,2015,,
a5c7fb25-e847-48bd-819b-50d2db91cf8b,Black Hammer,328,Dark Horse,1988,,
67a611b3-769b-41de-8ba7-946b159fe537,Black Hammer,329,Dark Horse,1980,,
c32a707b-de72-4612-975f-4fa9fef08f6f,Black Hammer,330,Dark Horse,1995,,
47dbdc64-a2de-4586-877c-535b06a338c3,Black Hammer,331,Dark Horse,1979,,
f92a6fe6-4a05-441a-b00d-59d85ac318eb,Black Hammer,332,Dark Horse,1995,,
02249032-3449-4649-a835-c03333beb665,Black Hammer,333,Dark Horse,2019,,
a93c8d68-e6b6-4c77-bf74-0e125dbe7db8,Black Hammer,334,Dark Horse,1964,,
278afdfb-a4fe-4c44-a170-1e50544d6453,Black Hammer,335,Dark Horse,2004,,
3011c093-e9b3-440e-80a5-5978b46b0b50,Black Hammer,336,Dark Horse,1967,,
77f2063b-a0d2-4d1f-a06b-ac33ec45d2cb,Black Hammer,337,Dark Horse,2005,,
99549db0-7603-4f35-a93e-296716a232c3,Black Hammer,338,Dark Horse,1964,,
6f358d0f-1d7f-4a9b-a2b9-14c497f18a84,Black Hammer,339,Dark Horse,2015,,
be3f12d7-aa46-4a64-841f-3b403004472a,Black Hammer,340,Dark Horse,2017,,
cf671427-4c33-4ece-a2f1-ccd9e85d353e,Black Hammer,341,Dark Horse,1970,,
707a4ab8-4dda-4b20-9886-ea46f3c17e2d,Black Hammer,342,Dark Horse,1967,,
5ffff0a7-f826-43d0-88e8-391e71fe2a65,Black Hammer,343,Dark Horse,1969,,
689920be-92d2-4203-a696-7f541fd4fac9,Black Hammer,344,Dark Horse,1967,,
77629310-6d25-41c1-8db8-85615f3bf21d,Black Hammer,345,Dark Horse,1990,,
538a74b7-991d-485e-a7f4-81593e815d41,Black Hammer,346,Dark Horse,2017,,
b19897f4-6906-42f7-99ea-04430514da5c,Black Hammer,347,Dark Horse,1964,,
44f4ebb7-c316-466f-b487-e60cc27bdc6c,Black Hammer,348,Dark Horse,2002,,
d38d8421-d0aa-4af6-b830-d30ef236bc1f,Black Hammer,349,Dark Horse,1988,,
ece19552-2bdc-4827-bd71-69f837a21f92,Black Hammer,350,Dark Horse,2013,,
36aa803d-bc57-4e43-8f12-33401d5af466,Black Hammer,351,Dark Horse,1993,,
56575888-1820-480c-907d-36554c579e9f,Black Hammer,352,Dark Horse,1999,,
6873ae5a-f87d-457e-9f0d-af87fffcd5c4,Black Hammer,353,Dark Horse,2024,,
3bdce762-e647-4bbb-8d31-40543f16be39,Black Hammer,354,Dark Horse,1980,,
9281c782-bf7f-438b-a587-cf87fabbbc9b,Black Hammer,355,Dark Horse,1999,,
6f6ec5be-ea9d-4b84-9bd4-710a9665a349,Black Hammer,356,Dark Horse,1985,,
f05f709d-255d-4a1f-b127-eb6ba968b902,Black Hammer,357,Dark Horse,1994,,
6c13ac6f-92fc-44c6-86b4-943e7ffdcc8e,Black Hammer,358,Dark Horse,1969,,
dc92bc56-303b-427a-888e-0ad471c7dea9,Black Hammer,359,Dark Horse,2004,,
8185a3d7-e53b-4fdb-9dc2-e3bde717038f,Black Hammer,360,Dark Horse,2019,,
916d539b-7a72-4436-a743-163fb71c90b2,Black Hammer,361,Dark Horse,1967,,
24816584-abc8-4bce-aa9c-dfcd589481b9,Black Hammer,362,Dark Horse,1960,,
8503c70d-93de-4594-94e8-65d911e42791,Black Hammer,363,Dark Horse,2005,,
803b1e32-59fb-4c62-a857-444d02554a00,Black Hammer,364,Dark Horse,1977,,
7dbd0556-2ead-4d09-af08-4f736ed85e8d,Black Hammer,365,Dark Horse,2011,,
ab684c5a-9046-4e7c-828c-be51650d752e,Black Hammer,366,Dark Horse,1990,,
0cd58cdb-a62e-45c3-ba28-3ae947b8052c,Black Hammer,367,Dark Horse,2024,,
1a7f83f4-2216-4759-aebc-8b957ac55460,Black Hammer,368,Dark Horse,2008,,
688359e0-9067-4f64-aab4-49ee3063339b,Black Hammer,369,Dark Horse,1985,,
fb54788b-4f50-4dcb-8267-23ed6a75ae6d,Black Hammer,370,Dark Horse,1989,,
c5fe0204-91cd-4f01-89b4-3ae5c3b4c5dc,Black Hammer,371,Dark Horse,2018,,
86637449-2b16-4ef2-a0ee-990770e9800e,Black Hammer,372,Dark Horse,1994,,
0806f776-55df-4f59-ba96-e8cc2d4a5770,Black Hammer,373,Dark Horse,1961,,
360410cf-8e2d-4175-95f0-c60def446a85,Black Hammer,374,Dark Horse,1996,,
ba42686a-7b44-4908-b75c-a90463e42d35,Black Hammer,375,Dark Horse,1989,,
713212c3-6cba-4487-86e0-0c5cec1f3d9c,Black Hammer,376,Dark Horse,1969,,
8e088676-7e0a-40a9-95ec-f681eabda266,Black Hammer,377,Dark Horse,2007,,
72ed1a64-1e79-4891-b334-8e446df15dca,Black Hammer,378,Dark Horse,1994,,
27f6cb24-0bee-4aa7-9062-1fd628d95a53,Black Hammer,379,Dark Horse,1967,,
4e7c5e8d-14a6-40e1-831b-2eaa28ff6b51,Black Hammer,380,Dark Horse,1963,,
d6594f73-2a09-420e-9d22-3f1663ac67cc,Black Hammer,381,Dark Horse,2010,,
57891973-cbb1-483d-8324-91892b7ead2f,Black Hammer,382,Dark Horse,1966,,
32967504-6add-4433-bef3-e76745b0bde0,Black Hammer,383,Dark Horse,1991,,
c9c31b34-8336-4287-a9e8-f050fa6b425d,Black Hammer,384,Dark Horse,2021,,
db759a7a-1d1d-4b6e-bf2f-6c5cd843c56a,Black Hammer,385,Dark Horse,2001,,
f1045e1f-e947-4588-b14d-b0dc9c244801,Black Hammer,386,Dark Horse,1975,,
7f868757-446a-4f14-8c82-428123629478,Black Hammer,387,Dark Horse,1999,,
1db9a2a7-5b0d-4c39-b6b9-ab19698a2450,Black Hammer,388,Dark Horse,1968,,
5d8e2596-59f3-4457-869b-eea0167ad1bb,Black Hammer,389,Dark Horse,2012,,
279778f8-d760-4069-8c05-902fe877a42a,Black Hammer,390,Dark Horse,1969,,
51141888-c5cd-437a-834f-67cb438e671c,Black Hammer,391,Dark Horse,1966,,
2ce01a6d-c9f2-428e-a756-91cdc5d455e8,Black Hammer,392,Dark Horse,1974,,
a4526beb-f598-44ab-ad4f-9c83ec5240af,Black Hammer,393,Dark Horse,1987,,
30b0dad5-5022-44a8-a25d-c85d3ad7cac1,Black Hammer,394,Dark Horse,1967,,
ee36792f-74cb-47f3-bd25-fc322d662011,Black Hammer,395,Dark Horse,1977,,
771518c8-4354-4a38-bf2d-f0e07dd64e7c,Black Hammer,396,Dark Horse,1988,,
93877928-83d5-405f-9cbd-5e20ba54d4eb,Black Hammer,397,Dark Horse,1969,,
d69b4afc-3ac5-40a4-8ecd-d3f6626552ca,Black Hammer,398,Dark Horse,2024,,
48a21172-0d0a-4b61-acc2-26c053639667,Black Hammer,399,Dark Horse,1991,,
fb3da0cf-8544-4c71-b692-44c613152647,Black Hammer,400,Dark Horse,1991,,
5dbad115-b8b4-40f3-b7eb-1c963f541251,Black Hammer,401,Dark Horse,1990,,
a2d68cc3-a5ab-4d1b-9ab2-964f7c0a4fd7,Black Hammer,402,Dark Horse,1983,,
080580d4-2fbe-4f9d-aa99-a60a216e490c,Black Hammer,403,Dark Horse,1980,,
89fe18b9-28d6-433e-8af0-f311be91ce54,Black Hammer,404,Dark Horse,1981,,
a632fdff-3a7b-4c92-b85b-1ba2dd9a0486,Black Hammer,405,Dark Horse,2023,,
9f2c989d-9bc1-45ee-ae63-2e8adf447157,Black Hammer,406,Dark Horse,2023,,
872b6def-67ff-4a54-83ce-4089a5afffff,Black Hammer,407,Dark Horse,1964,,
0efe90f8-0dd0-469e-af11-3fd73a23dfbf,Black Hammer,408,Dark Horse,1968,,
29bcfb9b-9b07-419b-bb19-d244f4202efd,Black Hammer,409,Dark Horse,1994,,
a4b3c5f5-afff-4c48-91a3-d819cf98e812,Black Hammer,410,Dark Horse,2022,,
cfe91a88-fc25-4cc4-8375-1a8284f87a26,Black Hammer,411,Dark Horse,2020,,
5771fcbb-ed7c-4d70-afa5-ad01d90c299a,Black Hammer,412,Dark Horse,1995,,
2fc0812a-dc32-455e-a68e-3e4a8859ed89,Black Hammer,413,Dark Horse,2013,,
d2f8b1ab-2e83-49a2-84d2-c05c2c26e2ea,Black Hammer,414,Dark Horse,1988,,
61bf396c-76e3-4bbf-b1c9-7e70d36837e7,Black Hammer,415,Dark Horse,1967,,
197a832a-fe25-4ee6-a85c-0f8590e00a0c,Black Hammer,416,Dark Horse,2016,,
5ac9cb79-cf4d-4ea6-9f17-aed13c37a174,Black Hammer,417,Dark Horse,1983,,
4215c710-21f6-402a-b0d6-cdc27a3ecef0,Black Hammer,418,Dark Horse,1967,,
c5630d34-57ee-4424-bdc4-9250f86cf5da,Black Hammer,419,Dark Horse,1974,,
1be3c973-8081-4882-9f1d-ad1d8b89293a,Black Hammer,420,Dark Horse,1997,,
1259d6cf-8ce5-47e2-a4e0-d637b166b6e1,Black Hammer,421,Dark Horse,1966,,
c40eed1e-78b5-40c1-9fbf-1eb8efae1342,Black Hammer,422,Dark Horse,2009,,
f28e027a-a5fc-4481-bcb0-3814cb9946b0,Black Hammer,423,Dark Horse,1965,,
0fda3cf6-9f5c-4fb9-af38-d2aca5440597,Black Hammer,424,Dark Horse,1990,,
f6616b55-baf4-4292-9ac8-d0854a7f8c4c,Black Hammer,425,Dark Horse,1984,,
bad28e0b-8590-4168-8092-fd588fd5840c,Black Hammer,426,Dark Horse,1968,,
9cd88350-85cc-4871-9483-8a044eb63795,Black Hammer,427,Dark Horse,1973,,
8f2acaba-7972-4850-be54-53731215db53,Black Hammer,428,Dark Horse,2011,,
d704332f-77e3-4c2b-bcb2-8e90aabeb4ea,Black Hammer,429,Dark Horse,1969,,
e54e6e14-b636-4367-8665-b4deb0b50a3a,Black Hammer,430,Dark Horse,1981,,
6db8571c-8c26-48a2-b2f9-9cf1bb5b5d09,Black Hammer,431,Dark Horse,1999,,
29602ee8-3cc7-400e-bcdd-fdad08b29ae8,Black Hammer,432,Dark Horse,2006,,
8b627fe5-74a2-4b3e-9c00-4c41f8aee6e4,Black Hammer,433,Dark Horse,2012,,
a86c8d2b-4645-4692-a471-f0d21a375359,Black Hammer,434,Dark Horse,2024,,
b2b48906-b690-4b29-ad74-666d55d918d7,Black Hammer,435,Dark Horse,1986,,
787ab186-2dec-4f62-8325-a0f153fe127b,Black Hammer,436,Dark Horse,2015,,
86726ee2-da32-47e2-8532-661395fbe2ca,Black Hammer,437,Dark Horse,1973,,
1109d7bb-eac5-4302-b27e-114e3984bea3,Black Hammer,438,Dark Horse,2008,,
5c708e7e-248a-48c0-895a-ee95ebd297ed,Black Hammer,439,Dark Horse,2000,,
81a6d82b-d90e-4d55-87d2-f5775d1afe42,Black Hammer,440,Dark Horse,1961,,
2fd84550-d767-4edf-8445-343fc9194d9f,Black Hammer,441,Dark Horse,1998,,
adc760a0-7ff3-4d42-b6e5-f481f1e3600b,Black Hammer,442,Dark Horse,2021,,
38db77c1-6e5c-4437-a298-2bad023a2498,Black Hammer,443,Dark Horse,2001,,
908dd194-1d7c-4e9e-a029-b2a26c60ebb1,Black Hammer,444,Dark Horse,1980,,
ba6dd9ed-63a9-4e0d-8763-d2b2708ec94b,Black Hammer,445,Dark Horse,1995,,
d9e85720-2cd4-4386-8136-f378febce3b6,Black Hammer,446,Dark Horse,1979,,
f26b9085-66ad-4856-a999-e07a840851ec,Black Hammer,447,Dark Horse,1991,,
fa903a8b-c3b2-4c2a-a26e-4158e31dbb21,Black Hammer,448,Dark Horse,2015,,
2defe867-31ed-4ced-b10b-44656caad640,Black Hammer,449,Dark Horse,1984,,
bec756af-abf2-448c-b00d-7822e1ecf2e9,Black Hammer,450,Dark Horse,2010,,
2ffe5b28-88da-4c52-abdc-96cf791ca088,Black Hammer,451,Dark Horse,1961,,
090feb8c-87ab-4cd7-91be-6071cdcd6824,Black Hammer,452,Dark Horse,1964,,
35701127-6b1b-479c-b362-34a532920e24,Black Hammer,453,Dark Horse,1968,,
91d06ea4-1eea-49b3-b1c1-9f6d0695c880,Black Hammer,454,Dark Horse,1994,,
00bb9f6e-e587-41b8-8ca0-859293a074ef,Black Hammer,455,Dark Horse,2016,,
0b8143b2-670c-4f85-94cf-d841d16f3a0d,Black Hammer,456,Dark Horse,1963,,
909c2211-e0cd-43f2-b81d-014657581b42,Black Hammer,457,Dark Horse,2012,,
b8263c73-5adf-401f-a7e9-8ef9dccdb93b,Black Hammer,458,Dark Horse,2005,,
34491db8-a301-4a26-8ccf-789dbf7f7824,Black Hammer,459,Dark Horse,2018,,
770e34c3-4daa-46e7-93f5-bf857f34b71c,Something is Killing the Children,1,Boom,1973,,
29c205bd-be59-4594-a673-23efd51ab12c,Something is Killing the Children,2,Boom,2007,,
4969c1d9-c7ff-48ee-907e-96f3d7350a1b,Something is Killing the Children,3,Boom,1988,,
54740ce4-987d-4cad-80e9-7dca5261a98d,Something is Killing the Children,4,Boom,1997,,
dbc2af57-0ca1-499a-98d9-03ee5cf2ac82,Something is Killing the Children,5,Boom,1982,,
a43183cb-b52f-4960-b5ce-22eb8559e745,Something is Killing the Children,6,Boom,1968,,
386aaf88-9e71-41f5-8bf6-785f6b4c11b2,Something is Killing the Children,7,Boom,2002,,
6365e5d9-c413-42d2-828b-d423477d061b,Something is Killing the Children,8,Boom,1978,,
b2db942a-bcf9-4bf5-8187-9e455f9df581,Something is Killing the Children,9,Boom,1988,,
30a6c256-2538-4b2c-aef5-9e7b6628fdf0,Something is Killing the Children,10,Boom,1976,,
4ad41f22-7d8e-42e0-83da-dc78d06c4806,Something is Killing the Children,11,Boom,1988,,
5f22368e-51b4-4fcd-9e7f-c546affa2638,Something is Killing the Children,12,Boom,1969,,
d356def6-1eb3-4717-8f49-e6e5284eb5d5,Something is Killing the Children,13,Boom,1968,,
3154ef73-54ca-4407-839e-861de7f17bbc,Something is Killing the Children,14,Boom,1986,,
e11ce4af-6187-4140-8827-cf3422db66aa,Something is Killing the Children,15,Boom,1961,,
4ee53e9a-5f2d-4389-a3b8-bf2cc25198cb,Something is Killing the Children,16,Boom,1983,,
b4ca3ad4-3ca6-4efe-84c8-9a0ddc311675,Something is Killing the Children,17,Boom,2024,,
a347a512-ca88-44f6-8eba-984e4ebab968,Something is Killing the Children,18,Boom,2000,,
6abf9e90-70af-494b-95bb-a6a7cd10d378,Something is Killing the Children,19,Boom,2024,,
957a8017-b1aa-4352-bad4-488aebfa80ff,Something is Killing the Children,20,Boom,2001,,
0c723457-c382-4c66-9cbb-84a2367844f9,Something is Killing the Children,21,Boom,1977,,
3b67d100-3434-44d7-b336-b4c1b3294e97,Something is Killing the Children,22,Boom,1964,,
5991b809-1d64-449c-ac0f-51b72c2d5c00,Something is Killing the Children,23,Boom,1964,,
be389ee8-7b6d-4365-b6f5-07f5155c4a4a,Something is Killing the Children,24,Boom,1994,,
c40a8c33-2df1-4039-a115-49f60dbd79d0,Something is Killing the Children,25,Boom,1990,,
27577d77-3f81-425d-8d36-8cae043225f7,Something is Killing the Children,26,Boom,1970,,
55635eea-5d5f-4055-8ee9-b90427acf1d2,Something is Killing the Children,27,Boom,1982,,
313104f8-f7c5-4409-a9e4-5320ac03f6b3,Something is Killing the Children,28,Boom,1981,,
f1eea0d5-331f-466f-bbb1-ba6abbc58e23,Something is Killing the Children,29,Boom,2015,,
4257b25e-7f4f-480f-b660-920f45316e5a,Something is Killing the Children,30,Boom,2023,,
1259143b-e1c3-4b80-be72-234ac4de96f0,Something is Killing the Children,31,Boom,1963,,
28593b56-344d-4680-8573-e9e018e5e8d4,Something is Killing the Children,32,Boom,1981,,
9db3b91f-59e2-4e2c-b387-9dd6001977e1,Something is Killing the Children,33,Boom,1982,,
5c4779ee-823b-43f2-8ae8-0da757fe4f1b,Something is Killing the Children,34,Boom,2019,,
d2df2e07-8de3-4708-a2e0-c2af4453c852,Something is Killing the Children,35,Boom,1985,,
a02def34-a0b9-465e-b4f4-38087e5ad9b9,Something is Killing the Children,36,Boom,1977,,
6e574d2d-c2c7-41b5-8f94-b73a591acedb,Something is Killing the Children,37,Boom,1962,,
b31e74ac-2973-442a-aba3-cf4971c484f1,Something is Killing the Children,38,Boom,1996,,
a72573fb-7c8c-4e6f-bded-3be1adb1f09a,Something is Killing the Children,39,Boom,1993,,
cb238c9e-248d-4e05-ad60-42a3c0ec8d70,Something is Killing the Children,40,Boom,2022,,
dc249026-6cce-4102-ba78-fb69d8ea7c45,Something is Killing the Children,41,Boom,2017,,
0ef8acbf-9327-4edf-86df-423d173113e4,Something is Killing the Children,42,Boom,1960,,
7f72d3c1-4eee-42d4-8399-e2370b893826,Something is Killing the Children,43,Boom,2001,,
1f03b106-134d-464c-965a-20dc0484a50a,Something is Killing the Children,44,Boom,2004,,
40f9cc12-4dd3-49fd-9394-531a8b812dc9,Something is Killing the Children,45,Boom,1985,,
ed1a7169-0c4a-401c-88b5-90785e48f9e2,Something is Killing the Children,46,Boom,1965,,
30de2c90-2e7e-4a2e-b817-90477cef861a,Something is Killing the Children,47,Boom,2001,,
59c5ab1f-162d-47be-9758-0034488f6420,Something is Killing the Children,48,Boom,1985,,
59db340b-de33-4ad6-bcc4-0f597da544e4,Something is Killing the Children,49,Boom,1986,,
d55fb787-3be4-4e19-b60e-8a4d970be61d,Something is Killing the Children,50,Boom,1980,,
66a7be21-fd9a-4d86-abc9-2a1a0d4c593e,Something is Killing the Children,51,Boom,2020,,
5a337133-72e7-4051-96a2-b88890b667d5,Something is Killing the Children,52,Boom,2019,,
77f3a9e6-b958-4495-921b-43bab91d3c1b,Something is Killing the Children,53,Boom,1999,,
c9edf85c-e975-4634-a1ff-a690d93687e8,Something is Killing the Children,54,Boom,1972,,
9e0cf690-61f9-44d0-b0bb-eb2cc91a8cc5,Something is Killing the Children,55,Boom,1979,,
117a05c8-a2d4-4b03-9d29-8e9cd0736a8c,Something is Killing the Children,56,Boom,2023,,
c8c7645b-c297-4b55-b7e3-7e89ae447a51,Something is Killing the Children,57,Boom,2001,,
b564f0bf-39ec-4765-8f42-29941b6d5ae0,Something is Killing the Children,58,Boom,1986,,
688c6d62-181b-47e3-9a05-f484e67ec8b2,Something is Killing the Children,59,Boom,1971,,
58125056-d7a0-4e61-b97f-674ed718b500,Something is Killing the Children,60,Boom,1989,,
fa3b9c88-84f4-4f43-bf39-c4e6f7ae3650,Something is Killing the Children,61,Boom,1982,,
3a507e98-4cd3-4bda-83fb-4500bc815932,Something is Killing the Children,62,Boom,2009,,
e923d0c9-e572-49ea-b03b-316594218d2f,Something is Killing the Children,63,Boom,1978,,
28968251-ed46-4e22-bc79-6f7fb7c8fd2e,Something is Killing the Children,64,Boom,2002,,
f822423a-4480-4bb1-b43a-27f244da2264,Something is Killing the Children,65,Boom,2007,,
1fb90f52-899c-4055-8d3d-4e9c912660b5,Something is Killing the Children,66,Boom,2024,,
1d01bc38-8e2e-41e7-9676-68e2558372d0,Something is Killing the Children,67,Boom,1991,,
543c586a-dd76-4fe3-85a2-6e1adf8335b9,Something is Killing the Children,68,Boom,1970,,
35e4f28b-8d00-4106-95fa-480603577fed,Something is Killing the Children,69,Boom,1996,,
ac0599de-df3f-4ed3-8214-163d18fece7c,Something is Killing the Children,70,Boom,1992,,
a561496e-a751-4943-8e29-65edd04755d2,Something is Killing the Children,71,Boom,2001,,
7eb134ec-ca81-4490-b197-aa9c05769aa2,Something is Killing the Children,72,Boom,1986,,
ed50423f-ef57-4d33-8e47-ea8fa6607b2e,Something is Killing the Children,73,Boom,1993,,
4b0f1c59-50f4-487e-b545-707d36cd78ba,Something is Killing the Children,74,Boom,1996,,
0b6fbf82-f6c5-4008-b496-94f2a3b5010b,Something is Killing the Children,75,Boom,1989,,
31a8d32e-a283-4bd9-a811-daced38e4b1d,Something is Killing the Children,76,Boom,2021,,
42b939e3-0f88-4153-aa9f-41104c884414,Something is Killing the Children,77,Boom,1997,,
ecfe0358-410b-4220-8c9f-9d83bf837cb6,Something is Killing the Children,78,Boom,1979,,
a080a71b-709b-4808-8caa-244c8244d6f7,Something is Killing the Children,79,Boom,1999,,
d5bb7ef7-8fc0-4991-80f5-d38a277c8e85,Something is Killing the Children,80,Boom,1991,,
68af5f98-211c-4af8-b580-a4a34d95f7ad,Something is Killing the Children,81,Boom,1983,,
d28e71f8-ac3b-4446-ad97-86f569decc24,Something is Killing the Children,82,Boom,2016,,
e5a71c87-e2d0-4e40-a2e9-fd387b2a09dc,Something is Killing the Children,83,Boom,2021,,
23cd14a6-535c-430f-b8fa-267bf80e290e,Something is Killing the Children,84,Boom,2011,,
b7e6b952-2d34-46c4-9d0c-1b0f90b16332,Something is Killing the Children,85,Boom,1978,,
f776e897-ae77-4081-b80a-4a27bb683b39,Something is Killing the Children,86,Boom,1972,,
cd45f840-d67e-4c42-8964-a5f6e9a1f12f,Something is Killing the Children,87,Boom,1980,,
a5f7c839-334e-4be1-baff-c469d191f7e5,Something is Killing the Children,88,Boom,1960,,
eca45b14-ce80-43be-865f-4e908d1b7a1b,Something is Killing the Children,89,Boom,2015,,
a1f47820-fd0a-41c1-aa73-bbd47365a175,Something is Killing the Children,90,Boom,2018,,
1cc9423b-4e8b-4ae7-bc5d-693732f24dcc,Something is Killing the Children,91,Boom,1983,,
77a446a6-ebda-45de-9c89-0b9b25c4475c,Something is Killing the Children,92,Boom,1976,,
147a09cb-00ce-4da9-9a7d-bb573298b1c5,Something is Killing the Children,93,Boom,2013,,
128129dd-1f9c-4124-8f49-dfc82c034d8e,Something is Killing the Children,94,Boom,1983,,
b3103645-e0f1-4b69-b516-ebcb5da2177f,Something is Killing the Children,95,Boom,1989,,
3a74b211-7e38-43a6-a5b0-dc73bb1a4709,Something is Killing the Children,96,Boom,2018,,
caa54ef8-b758-402e-a465-59f5f4093f2c,Something is Killing the Children,97,Boom,1968,,
2acf0c00-ee31-4ef5-a0c0-e1ae599f469c,Something is Killing the Children,98,Boom,1989,,
edb03127-a82b-4301-b923-4b260733dca7,Something is Killing the Children,99,Boom,2007,,
e8b2505d-f264-4388-86d8-d07e8747b6a1,Something is Killing the Children,100,Boom,1987,,
555c9f04-c074-43a4-b038-92d4a2e8075e,Something is Killing the Children,101,Boom,2003,,
bf977ef0-feba-42f3-abc9-9390499a7c78,Something is Killing the Children,102,Boom,1960,,
9e68d59b-83d1-402e-95e5-75f4a5e5a697,Something is Killing the Children,103,Boom,1999,,
f8cac994-5f1c-40c5-ba28-099c82763ec0,Something is Killing the Children,104,Boom,1997,,
0c6f3c1c-a99c-4ab6-9976-77b40dbb1c85,Something is Killing the Children,105,Boom,1966,,
675f7e12-dd87-47cf-91fc-5368c9c05055,Something is Killing the Children,106,Boom,1963,,
320744e9-143d-46be-96b8-6e2523fd72ef,Something is Killing the Children,107,Boom,1996,,
26b77f3b-5424-442b-86ee-3bab11a7c937,Something is Killing the Children,108,Boom,1978,,
580783b9-92c6-4da7-b00c-405c795558a8,Something is Killing the Children,109,Boom,2012,,
fa0a1f57-2825-4d46-864f-fc096a0d45cd,Something is Killing the Children,110,Boom,2003,,
7048d1eb-b14e-439a-9ecb-ea53005fc892,Something is Killing the Children,111,Boom,1961,,
bda26dea-cabb-4cca-9876-5e52425c6244,Something is Killing the Children,112,Boom,1971,,
a652c5f6-4e8e-41f8-9ef2-f09b6d7f615a,Something is Killing the Children,113,Boom,1966,,
739d178a-cfb1-4a03-9a2d-79ac44ed5389,Something is Killing the Children,114,Boom,1983,,
459829de-3993-454c-a06c-5175ae1d8559,Something is Killing the Children,115,Boom,1967,,
d68023fc-92c6-4f33-99d2-72c6c1078208,Something is Killing the Children,116,Boom,1996,,
6f63db5a-3bfb-48d8-b17d-7c51f5ee490e,Something is Killing the Children,117,Boom,1961,,
48b5d604-d114-4b6e-98f5-6c86c4016a70,Something is Killing the Children,118,Boom,2011,,
da207585-1547-4ae1-87f1-935af7a0acd4,Something is Killing the Children,119,Boom,2009,,
63e57f61-b162-4d8b-a2a5-73214086275c,Something is Killing the Children,120,Boom,2016,,
bda8b365-ce93-4ab6-a219-c45ac5364d49,Something is Killing the Children,121,Boom,1967,,
5bd87d23-a44c-4caf-abde-cd92dee5fb29,Something is Killing the Children,122,Boom,1963,,
6ec25007-ddc3-4cb1-af19-052f9c9e8bea,Something is Killing the Children,123,Boom,1995,,
a75e30f8-c234-42d0-94a2-c91187c8f6eb,Something is Killing the Children,124,Boom,1991,,
4ba9aec6-6670-4de0-8e3f-bc565900c84d,Something is Killing the Children,125,Boom,1960,,
6db0d10d-7553-43f0-bc63-417393f3908d,Something is Killing the Children,126,Boom,1971,,
479dbdd5-bf4d-4116-8fed-13cb6c52b84d,Something is Killing the Children,127,Boom,1964,,
3bc90ac0-dc47-4f4f-a539-5f8a33ceffd4,Something is Killing the Children,128,Boom,2003,,
59fc6892-89a7-41d3-bcba-47311cbe06a5,Something is Killing the Children,129,Boom,1985,,
8b2295e7-9b95-4c94-860c-33d274b478bf,Something is Killing the Children,130,Boom,1987,,
795f6b1f-7e35-48ea-a5e1-ca788e5e4d25,Something is Killing the Children,131,Boom,2023,,
e8e6b947-4e7d-41c3-8c48-a1846ecf5e40,Something is Killing the Children,132,Boom,2017,,
42e67068-f1a0-478e-81ec-eb500f655a72,Something is Killing the Children,133,Boom,1994,,
ca5d5e19-d2d8-4f2d-a192-8ac6040a70a8,Something is Killing the Children,134,Boom,1977,,
e50792e4-d600-4b54-a083-c7ba6ed3c7d5,Something is Killing the Children,135,Boom,2016,,
319e9be9-c21d-495e-a1fe-af607b6f0dec,Something is Killing the Children,136,Boom,2010,,
80270ccb-6d59-4c70-8119-8cd87dcf44f0,Something is Killing the Children,137,Boom,2024,,
3acbe730-24dc-4142-a4fd-bd66e26698d9,Something is Killing the Children,138,Boom,1984,,
82d1e53d-92d5-4e5c-be92-bb50d5b5583d,Something is Killing the Children,139,Boom,1970,,
ad231a0c-9581-4ca5-98d3-cf7e7604b550,Something is Killing the Children,140,Boom,2010,,
1cb67a17-32f2-43d6-9337-66c9befae3c2,Something is Killing the Children,141,Boom,1979,,
e38e8d31-21f5-4e12-a242-efcd9d441474,Something is Killing the Children,142,Boom,2009,,
331c11bc-7aef-4472-814a-214c83c50774,Something is Killing the Children,143,Boom,2003,,
9307f1bc-4516-4ca5-8043-129634fcce82,Something is Killing the Children,144,Boom,1979,,
1ffdd8a6-9160-4f5a-a39f-420917fe163d,Something is Killing the Children,145,Boom,2003,,
9e29f1d0-ff87-4fd0-838c-a322ee115c87,Something is Killing the Children,146,Boom,1966,,
16a74030-4bff-4534-8ff9-bf858512b474,Something is Killing the Children,147,Boom,1991,,
ffb3c599-51e1-4362-b6f2-454ead9e501f,Something is Killing the Children,148,Boom,1993,,
49abcd7c-ad74-4088-9df2-2c61b38cadca,Something is Killing the Children,149,Boom,2009,,
727c1006-ad85-462e-98e7-e62f88c87826,Something is Killing the Children,150,Boom,1974,,
d400d13e-1e5f-45f3-a91d-44f6a97732a2,Something is Killing the Children,151,Boom,2013,,
46c67349-6860-4d65-93be-14de565588ce,Something is Killing the Children,152,Boom,2002,,
bdce9514-1c77-49ac-9c42-c40fa912c3fb,Something is Killing the Children,153,Boom,1990,,
2025847a-5b36-4a61-bd9d-52c135044136,Something is Killing the Children,154,Boom,1968,,
64f2e1b9-440b-4c74-81e1-28c51dea1e6f,Something is Killing the Children,155,Boom,2010,,
4ce04623-781a-4f84-b7ca-691e3e35d549,Something is Killing the Children,156,Boom,1973,,
7669404d-e6c5-4762-85bb-6a72eed944f8,Something is Killing the Children,157,Boom,1975,,
32c88203-985e-4789-845c-be6e45b0878c,Something is Killing the Children,158,Boom,1989,,
b4d33bd5-bc8a-484f-85a7-e113a8804c6f,Something is Killing the Children,159,Boom,2008,,
981970b9-bee7-4ac5-9cc2-d64069e0676d,Something is Killing the Children,160,Boom,2007,,
345491db-dd71-4a29-871e-de4dfae22235,Something is Killing the Children,161,Boom,1989,,
fa7818ee-ab6b-4203-81c0-aa4d5f825850,Something is Killing the Children,162,Boom,1997,,
f336eab5-2191-4cbc-880c-8561b0e5797d,Something is Killing the Children,163,Boom,1992,,
284151f1-8974-4d4a-81bb-8429be25c1a4,Something is Killing the Children,164,Boom,2013,,
6319d539-b1cc-4339-bcf2-24f58da49e76,Something is Killing the Children,165,Boom,2003,,
dbd08ead-5e58-4ce3-8446-13c56de2ebbe,Something is Killing the Children,166,Boom,1990,,
7c5aeac3-96a5-45ac-a6b9-992997bb254b,Something is Killing the Children,167,Boom,1972,,
014f812c-f7f2-471c-a724-d24a2aaa25ff,Something is Killing the Children,168,Boom,1964,,
7e327d81-7873-4dd9-964e-0eabd1ca27a9,Something is Killing the Children,169,Boom,1999,,
2e89a444-c4af-472c-a688-d8c03b481a09,Something is Killing the Children,170,Boom,2006,,
ac9d9ea1-27e2-474b-b677-5a7fcffcefc5,Something is Killing the Children,171,Boom,2018,,
b9162003-72a6-409d-9292-892c24ac045c,Something is Killing the Children,172,Boom,1981,,
b99a4960-590e-445e-9168-8c11b681fcbe,Something is Killing the Children,173,Boom,2014,,
45bc69a2-2129-4fc1-aefc-621e8098fc6a,Something is Killing the Children,174,Boom,1975,,
45bd0f74-c77c-47f5-a108-cf6cb0eadfca,Something is Killing the Children,175,Boom,2002,,
bee6d0f1-95f6-4ff1-a2b8-1c2f66809cb5,Something is Killing the Children,176,Boom,1994,,
c3e8a53c-769c-4fb4-ab60-5c913789530f,Something is Killing the Children,177,Boom,1968,,
b4218220-2bc6-4110-acdc-815fc684857f,Something is Killing the Children,178,Boom,1984,,
52146e56-3bb3-410e-868c-e6912f6b9bac,Something is Killing the Children,179,Boom,1989,,
b4afb90f-d9f0-4e34-996d-09b7e81724f1,Something is Killing the Children,180,Boom,2024,,
2ec2dae6-7a44-4883-89c0-307738618d41,Something is Killing the Children,181,Boom,1961,,
44e59540-bd90-460a-8a09-ec2436d90b9f,Something is Killing the Children,182,Boom,1999,,
9edd13d2-fae4-47b6-8805-9949cc7b15b1,Something is Killing the Children,183,Boom,1986,,
e60c65d6-31ba-496e-94c5-da38e576f794,Something is Killing the Children,184,Boom,1996,,
c9b744cd-95b9-4889-b0b3-ead4889e917f,Something is Killing the Children,185,Boom,2023,,
25bb8a41-eb7e-4072-ad1d-b354821a23e6,Something is Killing the Children,186,Boom,2004,,
7f1a80be-db21-4efd-abde-924ab31f860c,Something is Killing the Children,187,Boom,1995,,
07f4eb8c-48fa-4d28-95ca-6a387fc0ced9,Something is Killing the Children,188,Boom,2013,,
d71dbcbd-f91e-4f3e-a8d7-5ed92e395e69,Something is Killing the Children,189,Boom,1989,,
5e726858-31f4-4415-bf79-5628eca48ab4,Something is Killing the Children,190,Boom,1965,,
8a4af4ee-e4e1-49ca-a3b0-8705e541130d,Something is Killing the Children,191,Boom,1976,,
2efe6eb2-bae4-4082-a996-204560b86bc9,Something is Killing the Children,192,Boom,1966,,
8cc141a0-504a-4cb3-a862-e5285c98fe37,Something is Killing the Children,193,Boom,2007,,
d82b4267-fc59-4d9a-9122-7f02b299ae08,Something is Killing the Children,194,Boom,2004,,
1f8d1520-0b8a-4a7d-8d10-bad082be389a,Something is Killing the Children,195,Boom,1963,,
610bc082-5e76-48ad-ba38-7a9b9b294c95,Something is Killing the Children,196,Boom,1960,,
806f6596-46da-46ef-9382-e3db95de538b,Something is Killing the Children,197,Boom,2024,,
5ca96b32-94e2-4170-9c36-b5ac70d623f3,Something is Killing the Children,198,Boom,1992,,
16e805eb-19bf-4d66-8b59-c1b2da286cd8,Something is Killing the Children,199,Boom,2010,,
5d999bd4-a2b9-4f96-8c07-2c8dfe680c62,Something is Killing the Children,200,Boom,1991,,
ff0ff354-a750-4691-80af-529e5bc262d1,Something is Killing the Children,201,Boom,2007,,
38aff0da-55c9-4f04-8d85-f466d6b80c4b,Something is Killing the Children,202,Boom,1994,,
f8e0b57a-b841-4bcf-8cd6-dea93263842b,Something is Killing the Children,203,Boom,2022,,
e5348096-d89f-43e2-b845-8c6bcd0b14fe,Something is Killing the Children,204,Boom,2020,,
5496c1e5-18b8-4fa5-b856-0fb137cd9a45,Something is Killing the Children,205,Boom,1999,,
6e4f21b7-5f17-42d0-836d-65a409026077,Something is Killing the Children,206,Boom,1989,,
c02cbcf9-0602-40f9-adf9-15fd25d24cb4,Something is Killing the Children,207,Boom,1998,,
dacf9854-8106-4311-bf6d-ebf463299715,Something is Killing the Children,208,Boom,1987,,
afc8dcd6-5cd6-46ee-b278-7554e59963f5,Something is Killing the Children,209,Boom,1991,,
d01ba526-702a-43ca-a338-66ae8e940539,Something is Killing the Children,210,Boom,1986,,
0ab0c06a-b867-42ab-9661-9dcd9c4309f2,Something is Killing the Children,211,Boom,2014,,
9760aa1b-ce30-420e-8388-5cc31da0eb38,Something is Killing the Children,212,Boom,2007,,
34d58252-a393-4a95-8990-45509f5c4d77,Something is Killing the Children,213,Boom,2010,,
4ed5630c-767f-4a1c-a94f-5b78ab9fd4a2,Something is Killing the Children,214,Boom,2021,,
7755a0e0-a1a7-490a-a350-12a7a0d26ab7,Something is Killing the Children,215,Boom,2017,,
d791eb5b-596c-4166-83ce-355d7b9cf75a,Something is Killing the Children,216,Boom,1965,,
0e5da42e-76dc-4892-bd20-0dee5e934467,Something is Killing the Children,217,Boom,1974,,
6e8487c6-24ae-467a-b863-3e7c818718a1,Something is Killing the Children,218,Boom,2011,,
a4343a46-8267-494b-b99f-4c68e9433129,Something is Killing the Children,219,Boom,2019,,
e252119d-aed4-4b1d-b424-728962073719,Something is Killing the Children,220,Boom,1997,,
24999cdf-a3b7-4158-a211-5d29fcf5a700,Something is Killing the Children,221,Boom,1968,,
c2f18a5c-6545-4ea7-85ea-57c97c8ee3b8,Something is Killing the Children,222,Boom,1997,,
f9aa6327-11c0-4e79-88b5-ddd59c6a3ebb,Something is Killing the Children,223,Boom,2021,,
46973a0d-6d5c-4904-b8ab-8880d176aaff,Something is Killing the Children,224,Boom,1979,,
864d7678-3371-4196-92b5-771709cb9715,Something is Killing the Children,225,Boom,1985,,
6db685cf-e58c-4f9d-bec1-c61e12482846,Something is Killing the Children,226,Boom,1987,,
3646ba0e-4b68-4dde-a80d-41f57aae2704,Something is Killing the Children,227,Boom,1994,,
4942a1dd-6284-475b-affb-b23e96dd88b0,Something is Killing the Children,228,Boom,1988,,
5069cc46-edcf-4f98-b123-70795eda7e18,Something is Killing the Children,229,Boom,1995,,
f4b15ccf-2110-483d-8587-c7663f2b7613,Something is Killing the Children,230,Boom,1978,,
ecc25122-a351-4d86-b3e9-d93e62566b65,Something is Killing the Children,231,Boom,1982,,
bb881e7d-91b2-4d33-88c1-37b044fed7c2,Something is Killing the Children,232,Boom,1977,,
b3aa7623-e7f4-4dae-bbc0-d9c42996f6f9,Something is Killing the Children,233,Boom,1979,,
fd7043fc-fcbb-48aa-98b2-4a9709357a3e,Something is Killing the Children,234,Boom,1994,,
8823225b-cc15-4103-93a2-db6627837e6e,Something is Killing the Children,235,Boom,2021,,
4b369616-cdb8-448a-8a4d-8bb3668e550e,Something is Killing the Children,236,Boom,2018,,
cb2416ed-1a66-4379-82c2-231b3d20253f,Something is Killing the Children,237,Boom,1987,,
deb80709-4cc0-46a1-9716-dbe2e9be1682,Something is Killing the Children,238,Boom,1990,,
be3e81fc-d096-4575-ad80-c2c83f3fb422,Something is Killing the Children,239,Boom,1993,,
3b7b1aaa-c0fd-47e4-a306-3b7b96cf1002,Something is Killing the Children,240,Boom,1973,,
87af0234-f713-4688-8fa6-f947a9d87a7d,Something is Killing the Children,241,Boom,1987,,
3762ad51-6978-4fd7-a963-167da2972312,Something is Killing the Children,242,Boom,1967,,
39ffcf58-4e8d-4ea6-a1ac-59e14395896b,Something is Killing the Children,243,Boom,2018,,
b1d67b81-b7b7-4db1-ae80-cd5b47dd72e6,Something is Killing the Children,244,Boom,2007,,
4084ad04-39c6-42d4-bb6f-25e03e9602d5,Something is Killing the Children,245,Boom,1984,,
5c77ca08-bcb0-4ac6-a4ab-b2878bebd679,Something is Killing the Children,246,Boom,2004,,
a23794d5-eef1-47e0-a45a-69134e5a89e1,Something is Killing the Children,247,Boom,1984,,
7de3dea4-58d4-4c8b-b01c-38b9acca614c,Something is Killing the Children,248,Boom,2017,,
39de43bd-6dbf-4abc-ba6d-b48d394694c7,Something is Killing the Children,249,Boom,1998,,
28a22708-6135-40b6-a1ba-fc7845bd2137,Something is Killing the Children,250,Boom,2023,,
a6606542-a184-4d9f-b74d-387f991250c7,Something is Killing the Children,251,Boom,1962,,
d668f96c-8eb2-45a3-a726-ca7292c69653,Something is Killing the Children,252,Boom,2016,,
9296cd23-5c3f-4876-b4d5-4175055d819b,Something is Killing the Children,253,Boom,1999,,
9f2da9d3-6e84-47b9-b727-6ffbbfaeab9a,Something is Killing the Children,254,Boom,1960,,
0db775d0-dc44-4ab1-83bc-6669a7300df9,Something is Killing the Children,255,Boom,1972,,
017ea22b-d510-4249-a71d-4e819e58d254,Something is Killing the Children,256,Boom,1986,,
b9f81a23-8376-4004-837b-1180de683cbf,Something is Killing the Children,257,Boom,2015,,
3e02a19e-f2fe-4a79-a528-faf8cc1d3018,Something is Killing the Children,258,Boom,1992,,
7ad1be91-6bbb-472e-9836-5bf0cf2c1b8e,Something is Killing the Children,259,Boom,1993,,
dba1aed5-37a8-443e-8b6c-e80b87fd848e,Something is Killing the Children,260,Boom,1962,,
7426d778-80a6-413b-9677-3f7db642ca5e,Something is Killing the Children,261,Boom,2015,,
55ec5939-68c2-4c49-9085-ff2fb0d4e98f,Something is Killing the Children,262,Boom,1990,,
b07b70b9-a8ad-4ca5-94e7-0c5017254c03,Something is Killing the Children,263,Boom,1972,,
313139f7-d868-4d7f-b18f-2cfa88d65f6b,Something is Killing the Children,264,Boom,1986,,
f133080c-c7a1-47bc-9984-6a4d4fafb999,Something is Killing the Children,265,Boom,1992,,
0240d070-3d6d-4836-941c-addcca42e37b,Something is Killing the Children,266,Boom,1988,,
27074e25-3d5e-4842-b4ae-17a1983b340e,Something is Killing the Children,267,Boom,1979,,
76130a97-6581-405a-bce9-a7931d6ad8a8,Something is Killing the Children,268,Boom,2018,,
2486ee8c-ee8d-4ce3-98a3-1d01ad8f20a0,Something is Killing the Children,269,Boom,1962,,
88b76d8d-7aad-4f96-9668-f36b92adffe7,Something is Killing the Children,270,Boom,2016,,
93e8273b-bb5d-45b8-83bc-4fa5c1b19bc0,Something is Killing the Children,271,Boom,1991,,
64e07310-10d7-496f-95d7-665c93af1787,Something is Killing the Children,272,Boom,1979,,
641ceeb9-7564-466d-a82e-557f79f60841,Something is Killing the Children,273,Boom,1962,,
d19496b0-ba81-43d9-9ead-5fe5cb8df0c9,Something is Killing the Children,274,Boom,1993,,
5e16f414-9c46-4804-8a23-3fee6f52dfa3,Something is Killing the Children,275,Boom,1972,,
d0d71b9f-21a8-4fa5-9712-78cff50e7e2b,Something is Killing the Children,276,Boom,1999,,
292e6cec-f366-4b3a-a991-783e2b1ff109,Something is Killing the Children,277,Boom,1969,,
c66098a8-7bac-4ced-8b58-f30cb58f8a8e,Something is Killing the Children,278,Boom,1963,,
e3645c90-6141-4c18-b931-45cd2ac20598,Something is Killing the Children,279,Boom,1972,,
69e201f5-2092-4d98-9c1f-84af03cce061,Something is Killing the Children,280,Boom,2001,,
0131f2f9-35c1-4ccd-be76-b3e7d9fed597,Something is Killing the Children,281,Boom,1964,,
d3ded170-5aaf-427f-8b53-cd84ade915cb,Something is Killing the Children,282,Boom,1969,,
cdbf7b75-0fc0-4db4-90ad-efd48c4973fe,Something is Killing the Children,283,Boom,1973,,
d164bb2b-77f7-4351-b45b-2502a8ddb88a,Something is Killing the Children,284,Boom,1990,,
76377249-cd50-4018-962a-96a9bbed56da,Something is Killing the Children,285,Boom,2022,,
82385ba6-0542-46d0-a4c9-d3a1809d8ee6,Something is Killing the Children,286,Boom,1994,,
90b12b14-82b8-4348-b900-bcfe1992c40a,Something is Killing the Children,287,Boom,2020,,
bb44eb3b-6c29-42c9-8873-7a4181cf7917,Something is Killing the Children,288,Boom,1999,,
785dbd69-dde4-4d27-98a1-e533f947873e,Something is Killing the Children,289,Boom,1999,,
bab88e33-ab82-4452-b226-3bf6a472dd56,Something is Killing the Children,290,Boom,1999,,
dc9807bf-d743-4159-8667-aee30b4a438b,Something is Killing the Children,291,Boom,2003,,
badb0499-9488-4f55-8da1-7a5279e9a3ef,Something is Killing the Children,292,Boom,1981,,
329e9205-361c-458e-9606-a9b133099370,Something is Killing the Children,293,Boom,1969,,
50330baa-dc16-4a22-81b0-2047b47de4cc,Something is Killing the Children,294,Boom,1960,,
4013cc6f-7208-4b32-9d41-dd9794f46652,Something is Killing the Children,295,Boom,2009,,
b31747a4-4b07-450a-8006-064ad88df14d,Something is Killing the Children,296,Boom,1983,,
db8b0e31-557a-45ea-b8c2-62dfb8bc3db2,Something is Killing the Children,297,Boom,2012,,
113e2859-3429-4810-8be9-7aeddaa947e5,Something is Killing the Children,298,Boom,1976,,
dc08a543-a67f-4462-908b-0c51efb38bbb,Something is Killing the Children,299,Boom,2019,,
d32621f1-6de6-410d-8e8e-6e3a5637d61b,Something is Killing the Children,300,Boom,2005,,
ac58d5e1-fe55-47ac-a97b-63d53972645d,Something is Killing the Children,301,Boom,2002,,
56083124-4f09-4bee-a504-c9635ec199fa,Something is Killing the Children,302,Boom,2006,,
a52ef467-a6f0-470a-8a8a-df5d95e1871f,Something is Killing the Children,303,Boom,1981,,
5cde57fa-9d10-4541-aac0-663ad8d6a3a4,Something is Killing the Children,304,Boom,1991,,
425bffa1-3d60-4b15-9201-13fcade9d63c,Something is Killing the Children,305,Boom,2007,,
f33e7242-ce22-431e-9395-8ce34f9c2ea0,Something is Killing the Children,306,Boom,1981,,
a0a2abd4-5a31-4ca1-bdfa-dd20e15f0156,Something is Killing the Children,307,Boom,1998,,
4936bfdb-b9a8-4ba0-9173-9e85a60cd562,Something is Killing the Children,308,Boom,1975,,
5a7cf919-03a5-4128-a503-e5be6c1d8f37,Something is Killing the Children,309,Boom,1967,,
09aeb1a5-f4ed-4a23-a0f9-f87925380169,Something is Killing the Children,310,Boom,1981,,
98c25d98-2118-4eae-ab9d-a01a0ad844da,Something is Killing the Children,311,Boom,2017,,
cccfba8c-ea95-4e43-bbb9-45b8c69ca0d6,Something is Killing the Children,312,Boom,1961,,
21c39d5d-3bf3-479a-aa7e-9afe18bfdd1e,Something is Killing the Children,313,Boom,1965,,
9bdeac96-786e-4ec2-be5b-1b9cd0905e7e,Something is Killing the Children,314,Boom,1980,,
add8c6c0-5617-4840-9f9a-6a76fe59ae95,Something is Killing the Children,315,Boom,1982,,
df884c11-0ee1-43c8-a465-b65c2652bd97,Something is Killing the Children,316,Boom,1997,,
99142988-eddf-420e-8f06-d7056da74a23,Something is Killing the Children,317,Boom,1961,,
76d52d0b-1c91-49fe-9748-1c32c79d20bc,Something is Killing the Children,318,Boom,1980,,
9fe5e877-6cf7-45a3-96a2-af140db69437,Something is Killing the Children,319,Boom,1983,,
639f8caf-e77a-4999-b0be-a9d6bd1c99af,Something is Killing the Children,320,Boom,2001,,
826eb130-41c5-425f-a5f6-1fa756616631,Something is Killing the Children,321,Boom,1980,,
78a9b079-bd27-43b2-814a-877406b7e8dc,Something is Killing the Children,322,Boom,1984,,
c1034b42-afd6-4768-974b-0eba6b9ba279,Something is Killing the Children,323,Boom,2005,,
825f2da2-56cf-473b-b445-72628db8b843,Something is Killing the Children,324,Boom,1975,,
2176b5e2-f1dd-4e66-96b1-7bb5ff5d02b3,Something is Killing the Children,325,Boom,2022,,
caf0437e-acb4-49e6-a97d-7f63744c9266,Something is Killing the Children,326,Boom,2009,,
9599de19-f2ef-435d-b425-a5e42580659a,Something is Killing the Children,327,Boom,2023,,
044672f4-f90c-46d2-80fa-c1ddadc909d9,Something is Killing the Children,328,Boom,1979,,
d7cc7688-0dee-4152-946c-4ec14205b210,Something is Killing the Children,329,Boom,2000,,
94b9978c-9aff-4953-815f-7fa76cfe8e80,Something is Killing the Children,330,Boom,1983,,
998e952e-bb70-483b-afc6-01f5ff6834db,Something is Killing the Children,331,Boom,1981,,
b7962de4-66cc-4828-bf73-5d4b13564606,Something is Killing the Children,332,Boom,2011,,
bc288b85-7966-4723-96dd-ab8076215b38,Something is Killing the Children,333,Boom,2007,,
0b71cd28-6388-4b3a-8bc4-7507d9200448,Something is Killing the Children,334,Boom,1971,,
a612cc17-75c6-40da-9a7b-eab8ae8ccc9a,Something is Killing the Children,335,Boom,1964,,
6a072150-ef2d-4d5a-902b-15b5b3069328,Something is Killing the Children,336,Boom,1987,,
9e544a12-408c-40c5-9f42-5ccefbe7a229,Something is Killing the Children,337,Boom,2017,,
2eaa5ed6-9e19-4ec9-ab9c-ee513518158a,Something is Killing the Children,338,Boom,1985,,
cecd47bc-1203-47db-bb03-e873fcd98492,Something is Killing the Children,339,Boom,1976,,
36b7f6e1-0acb-4b9b-9414-bbf259362039,Something is Killing the Children,340,Boom,1996,,
27a7c930-c404-45af-a813-7679e3b9e506,Something is Killing the Children,341,Boom,1993,,
613f729b-8a13-4fe1-be14-ba3ad809c303,Something is Killing the Children,342,Boom,2013,,
882b82de-9591-40f8-8003-5ea0d3963a33,Something is Killing the Children,343,Boom,1985,,
f3310bce-79ca-4c11-9312-40e92d4bf412,Something is Killing the Children,344,Boom,1979,,
0e2b5c62-4e06-418a-91da-cefe0675e24e,Something is Killing the Children,345,Boom,1990,,
210f3fe0-2766-45b7-bd62-ac848ec08299,Something is Killing the Children,346,Boom,1970,,
562f2f95-af2a-4a44-88a7-3a5ae9819700,Something is Killing the Children,347,Boom,2020,,
09ddbd09-15ab-4e34-a964-1d24abad1e75,Something is Killing the Children,348,Boom,1973,,
97cb6e6e-89d4-4a3d-bfde-84e7ae4b7441,Something is Killing the Children,349,Boom,1968,,
5836e57a-7d2c-4364-9021-511fcac5fa27,Something is Killing the Children,350,Boom,1980,,
dc6cb3bd-1c32-468b-a50b-bb05c464ed88,Something is Killing the Children,351,Boom,1976,,
e710eb2e-f5b9-494a-b60e-c7e4c48ae58b,Something is Killing the Children,352,Boom,2021,,
0e44dfb6-c369-4f3c-985a-1265a6358792,Something is Killing the Children,353,Boom,1997,,
aec6aa89-b420-4012-bd49-c5bbb964dace,Something is Killing the Children,354,Boom,1984,,
6d2c65cf-211c-488b-aa4d-9aef64468a2f,Something is Killing the Children,355,Boom,2003,,
3460e1e7-c143-4032-9602-b67e0474f147,Something is Killing the Children,356,Boom,1987,,
0fa98fba-d9f9-4c80-9313-8f4d8bd7733e,Something is Killing the Children,357,Boom,2000,,
1d161182-6a34-4be1-bdb2-caccc6ba7bde,Something is Killing the Children,358,Boom,1963,,
f6a8e2c4-842c-47c7-9da5-0e551b968398,Something is Killing the Children,359,Boom,1972,,
311f33b7-7959-4421-b1c4-70bf14e18137,Something is Killing the Children,360,Boom,2000,,
1b9aa942-a541-4c79-82e5-18b01b7daf2e,Something is Killing the Children,361,Boom,1975,,
67a17f17-ed46-4bef-98c0-f03528588e5b,Something is Killing the Children,362,Boom,1981,,
32fd9c31-7f7b-4ac3-aa47-afc1d9a92206,Something is Killing the Children,363,Boom,1969,,
07d6fead-9266-4fd9-ad4c-f00c0c2409f2,Something is Killing the Children,364,Boom,1962,,
c501f361-fbd6-48cf-9516-8bc83c23ab37,Something is Killing the Children,365,Boom,1965,,
0e0a45ba-d77c-49fe-a657-c0dad132413f,Something is Killing the Children,366,Boom,2004,,
b43d8042-8673-4198-8847-0b7f9f4f28bd,Something is Killing the Children,367,Boom,1983,,
2a3915ad-050c-4840-afb6-660dd086d034,Something is Killing the Children,368,Boom,2019,,
994248d5-d270-415f-b6fe-ae10203798cb,Something is Killing the Children,369,Boom,1989,,
3ca687f0-97a1-40e2-9b96-9232fef99004,Something is Killing the Children,370,Boom,1995,,
ef615299-8ce8-4613-b419-eabbd6d9a73e,Something is Killing the Children,371,Boom,1978,,
90ce0672-061d-40d4-afe3-e18b3948bed3,Something is Killing the Children,372,Boom,1996,,
7ede882c-9f7d-4f26-b36c-26bc9114a91e,Something is Killing the Children,373,Boom,1966,,
9df3fe21-ae41-449b-b056-568ce6e3afb3,Something is Killing the Children,374,Boom,2002,,
0d0c4177-df00-41ae-902f-b22372d58363,Something is Killing the Children,375,Boom,2009,,
70b99880-2176-4666-beac-276298157f5e,Something is Killing the Children,376,Boom,1962,,
ed57102e-1438-463e-9084-3c3329f844c8,Something is Killing the Children,377,Boom,1981,,
b55585a4-325b-4959-ae69-601ce6a90580,Something is Killing the Children,378,Boom,1993,,
01ad8298-944b-4708-aee9-73212b903062,Something is Killing the Children,379,Boom,2000,,
5188bbe8-dec3-4c71-978d-7a2e7a717bff,Something is Killing the Children,380,Boom,1960,,
1c508ae1-cccb-455a-8576-0a77fbea6823,Something is Killing the Children,381,Boom,2014,,
e6a6e9a1-2195-4951-bffa-e7bf3cc29bed,Something is Killing the Children,382,Boom,1973,,
c9cdceac-dc90-47ad-99c1-7c7a84b19763,Something is Killing the Children,383,Boom,1987,,
1d11410b-f749-4ca1-851d-76c65cd966fe,Something is Killing the Children,384,Boom,2012,,
f33cfb6b-caa3-4930-bfa3-c840cc9c15c3,Something is Killing the Children,385,Boom,1969,,
e3cbc99c-3da1-4459-8c23-821e8b8bdb69,Something is Killing the Children,386,Boom,1961,,
662ae5bd-2f41-484b-9215-19e9e9def21d,Something is Killing the Children,387,Boom,1990,,
486fca71-3a22-4779-8a70-e76889fda0cb,Something is Killing the Children,388,Boom,1990,,
38037e83-94a9-4cc4-bbc5-9714e2412cd6,Something is Killing the Children,389,Boom,1966,,
3dd67cac-f291-468b-8e44-e60cc24b0ecc,Something is Killing the Children,390,Boom,1964,,
a4220389-8729-4678-aeee-a203a0318de7,Something is Killing the Children,391,Boom,2009,,
da36980d-bbb8-4199-98b9-dca31abd186b,Something is Killing the Children,392,Boom,1983,,
814cea32-6fa6-4163-a97d-9f648a128ffd,Something is Killing the Children,393,Boom,1963,,
d68be76c-d004-4cf8-9cee-c221c9fb18d0,Something is Killing the Children,394,Boom,1988,,
a675e087-e71c-4604-ab28-3ee36f1a8622,Something is Killing the Children,395,Boom,1969,,
060af68a-f182-4ea1-a18b-0232034f2718,Something is Killing the Children,396,Boom,1986,,
daca4c2b-a66b-4957-b514-96d032b04834,Something is Killing the Children,397,Boom,2022,,
309991fa-9a00-4066-a9cb-0ca11193a771,Something is Killing the Children,398,Boom,2021,,
302061a2-7650-4f7e-aa7b-b618d01daed6,Something is Killing the Children,399,Boom,2006,,
644ad53e-10e5-4f6b-8387-cdf7f790c2f3,Something is Killing the Children,400,Boom,2017,,
11fa9c73-cf65-468c-96e3-58fd2abf7b6d,Something is Killing the Children,401,Boom,1981,,
26743638-e1ea-4a6c-a887-219c2224c615,Something is Killing the Children,402,Boom,1971,,
012c2be1-d130-456f-87ef-7e800884280f,Something is Killing the Children,403,Boom,1976,,
1e605ff1-22bc-49d0-b796-d35e0069491e,Something is Killing the Children,404,Boom,1967,,
ff5a5d32-50f3-47ef-ab80-33af7885d67c,Something is Killing the Children,405,Boom,1968,,
b7c002c2-b640-44e2-85c9-4acf7a8189af,Something is Killing the Children,406,Boom,2011,,
294f91a2-ab49-4ba5-a01d-30b5199aece9,Something is Killing the Children,407,Boom,1989,,
ba4c1f7f-1971-455c-904d-036e64268736,Something is Killing the Children,408,Boom,2008,,
9655aafd-51b3-40a2-8619-fe2a696d0c33,Something is Killing the Children,409,Boom,2006,,
e47f6163-0fe6-4452-8e68-5ef0f8db2649,Something is Killing the Children,410,Boom,1980,,
feb46fbc-342b-4506-95a4-fdf923b26568,Something is Killing the Children,411,Boom,1990,,
d3843a53-a178-41ff-9f0e-194aad3dfd35,Something is Killing the Children,412,Boom,1974,,
317d88ac-d577-43c6-8a73-3def49e0c154,Something is Killing the Children,413,Boom,1995,,
cf562998-2fa2-4de0-8440-e98f926d3fcb,Something is Killing the Children,414,Boom,2020,,
1e5c787b-97d7-4979-b177-288dd36899ae,Something is Killing the Children,415,Boom,1986,,
899da3a7-28e1-4945-912b-f4c2efb57d92,Something is Killing the Children,416,Boom,1993,,
716cf8dc-7cb9-46e5-9f7b-98368b6daf11,Something is Killing the Children,417,Boom,1970,,
2275fb06-04e5-4f19-9270-5c0782a82698,Something is Killing the Children,418,Boom,2022,,
423c2ea9-407e-4ca7-b84b-aa7cf9b3b04d,Something is Killing the Children,419,Boom,2012,,
9cf52c69-713e-48e2-96b4-751d1230db10,Something is Killing the Children,420,Boom,2005,,
c62b55e2-f377-41ff-b09f-25d108bf55ab,Something is Killing the Children,421,Boom,1962,,
7867ab1e-5f90-4942-aeec-eee77a4f4024,Something is Killing the Children,422,Boom,2023,,
d54e02df-3d3c-4f65-a88b-9f23de7bcd64,Something is Killing the Children,423,Boom,2021,,
0eec71e5-5a1c-449b-8d93-5994bcec02e1,Something is Killing the Children,424,Boom,1963,,
34a75b80-a85e-4b9b-8ae9-3a43b4b69740,Something is Killing the Children,425,Boom,2006,,
20463fbe-6c43-4035-a075-12930889a4da,Something is Killing the Children,426,Boom,1966,,
d2b12836-ee26-4d5d-843c-1b512a715a7f,Something is Killing the Children,427,Boom,1975,,
c741b9e1-1627-4a68-869a-02c6e21c6ab1,Something is Killing the Children,428,Boom,1984,,
6481961d-f548-44df-b073-74960fedabb4,Something is Killing the Children,429,Boom,1967,,
84d71fa3-c4be-4257-a974-3a6a19f177e3,Something is Killing the Children,430,Boom,1995,,
14b5ea16-c2bf-4f63-b75c-b63ff0bcbb01,Something is Killing the Children,431,Boom,1972,,
8c82ac2e-510c-468c-8b6c-4b078efa56a5,Something is Killing the Children,432,Boom,1993,,
8d148deb-8ac9-405f-b41e-6010829a5dd9,Something is Killing the Children,433,Boom,1973,,
c691bf5b-0327-4798-87ed-f751e89365eb,Something is Killing the Children,434,Boom,1972,,
0403a271-e269-4fcd-9000-739fe9177310,Something is Killing the Children,435,Boom,2010,,
b9e63367-707a-4646-8512-65627af9cde2,Something is Killing the Children,436,Boom,2015,,
9ddd324f-8e81-4165-bbdc-138054761e51,Something is Killing the Children,437,Boom,2008,,
eb8268f7-d77c-461b-9067-701474b8433a,Something is Killing the Children,438,Boom,1964,,
1af57280-2dc2-4ec1-a72d-17af68930b64,Something is Killing the Children,439,Boom,2024,,
df6e3253-8493-44a5-99c3-2bfe38f1935b,Something is Killing the Children,440,Boom,1971,,
56c94007-e226-4a1a-a71e-b4b156d78956,Something is Killing the Children,441,Boom,1961,,
1fa93a57-5b9f-4cca-9721-4094d09c5972,Something is Killing the Children,442,Boom,1977,,
51afb4da-bf50-48bb-be0b-6085e0766b0c,Something is Killing the Children,443,Boom,1965,,
8bd33418-5704-4882-a7b2-235ef9a2decc,Something is Killing the Children,444,Boom,1989,,
1faeab56-a07a-410d-898e-ffc6cceff766,Something is Killing the Children,445,Boom,1978,,
21eb7a1d-f873-4d36-9b80-96a1507d7568,Something is Killing the Children,446,Boom,1976,,
cfe47c86-7daa-4b3d-bc85-9886c7a9dd2e,Something is Killing the Children,447,Boom,1992,,
1af585d3-4f37-4fc7-bec4-ca1418591eb8,Something is Killing the Children,448,Boom,1967,,
49620eee-572a-49f4-8128-c23ad72f3c25,Something is Killing the Children,449,Boom,1997,,
e9ea3a1b-802a-4f9b-be94-50376718f0a9,Something is Killing the Children,450,Boom,1964,,
45ebc45a-79c8-4fd1-92fc-e6424eb9ae62,Something is Killing the Children,451,Boom,1978,,
6dea9a47-ff31-4e5f-9715-c8f1781be884,Something is Killing the Children,452,Boom,2012,,
83fb028d-46a7-457d-b6a1-71e972774a23,Something is Killing the Children,453,Boom,2024,,
7fa843ad-5b17-45fc-8533-efab7b356b34,Something is Killing the Children,454,Boom,1995,,
aee4d9fd-1616-4dc6-a14e-ba8325edee8c,Something is Killing the Children,455,Boom,1996,,
60087a01-14e8-4142-a139-977cb9fc2adc,Something is Killing the Children,456,Boom,1991,,
ff71f317-17cb-40fd-95a5-9917be72c463,Something is Killing the Children,457,Boom,1998,,
24f93283-1356-47a0-8e1e-f1150bee3c6d,Something is Killing the Children,458,Boom,1980,,
de27d5c4-949c-4443-8a87-dd350eb01583,Power Rangers,1,Boom,1977,,
f39dabd6-4f63-443f-a514-35b87fc89e60,Power Rangers,2,Boom,1978,,
7ac4af24-2f35-4174-afd0-eff416129521,Power Rangers,3,Boom,2013,,
17c4b78d-795e-46ac-b0fd-a0d100d69ca7,Power Rangers,4,Boom,1993,,
739ac641-5aac-4904-8aef-5394dd93a29f,Power Rangers,5,Boom,1971,,
d20fafba-98e3-4cc3-ac31-94e28fe20ca2,Power Rangers,6,Boom,2004,,
a1710103-6140-4376-b3ff-9c7bb203fe5f,Power Rangers,7,Boom,1978,,
298a2d15-50e0-4684-9357-bcb6728a0e51,Power Rangers,8,Boom,1985,,
dc3331aa-ff0f-45a0-977d-61e8aac28770,Power Rangers,9,Boom,2018,,
1a616e73-2640-4075-aec9-63ead58f246b,Power Rangers,10,Boom,1982,,
e30a4756-cb23-4305-8bfa-611809be1dca,Power Rangers,11,Boom,1982,,
d515b0eb-b435-4f5f-b9f4-5ae48ad52343,Power Rangers,12,Boom,1996,,
1ec44d1d-7368-4ab8-b160-438927cc122d,Power Rangers,13,Boom,2012,,
6b049f12-b30d-4fc2-aa47-0c412e1a8a5f,Power Rangers,14,Boom,1992,,
57771a96-56c0-4748-b0a1-bb5a009c839a,Power Rangers,15,Boom,1989,,
54ef853e-8979-408f-8985-025dd95700f1,Power Rangers,16,Boom,1970,,
840580b2-fcca-4108-a2c0-9db1e6ec5ea0,Power Rangers,17,Boom,2004,,
200c18cc-baca-42c6-bccb-bec4878551e8,Power Rangers,18,Boom,2002,,
6171d542-ac55-4908-bafc-c37d96ff1c1f,Power Rangers,19,Boom,2012,,
97dc2ebc-b63b-4d63-b9db-cd58bc376dde,Power Rangers,20,Boom,1964,,
2b392969-5f9d-4083-8b28-d390656cf389,Power Rangers,21,Boom,1985,,
f12cbc89-5e4a-414d-89a3-0efc4efed6d4,Power Rangers,22,Boom,1980,,
0a21c66e-4656-438d-9bf1-a042cb968109,Power Rangers,23,Boom,2022,,
23c3cd07-80eb-4d57-9c88-4e81a6b708b9,Power Rangers,24,Boom,1991,,
cb707b76-f3be-428b-82ac-7b2cc018107e,Power Rangers,25,Boom,2013,,
3206b9ba-83d6-44f9-806b-5fb4995f7b88,Power Rangers,26,Boom,1985,,
514cc186-3c72-4fa3-a068-b136e3121d1d,Power Rangers,27,Boom,1990,,
74a65dd0-8180-4c49-a8fe-4a52a40c5890,Power Rangers,28,Boom,1980,,
db078862-95a6-4687-bb7d-841d1af3c2c4,Power Rangers,29,Boom,1990,,
0a8a9b8b-9fc6-4444-ad9a-ad499bd73f34,Power Rangers,30,Boom,1982,,
a578c335-5de0-4516-9869-7adbcc8ae029,Power Rangers,31,Boom,1977,,
86d7d4af-bf18-499d-9194-f19c10014773,Power Rangers,32,Boom,1990,,
272a6b56-de94-4009-b7a1-7bc06af78c5c,Power Rangers,33,Boom,2014,,
fc7bd565-6534-41c2-a56e-3264c3bf72e3,Power Rangers,34,Boom,1967,,
8042f29d-8647-477e-aedf-dbd72a84235d,Power Rangers,35,Boom,1966,,
1efb4e87-79ca-462d-9230-c0411660aa99,Power Rangers,36,Boom,2014,,
c340bba5-a35e-4d51-9b20-40d2f8a9896d,Power Rangers,37,Boom,1978,,
16cad430-d463-4d57-a232-191bd5ee83c3,Power Rangers,38,Boom,2023,,
cc70a1c2-6a04-45a4-a444-82ddd4335870,Power Rangers,39,Boom,2008,,
84ff2c68-5833-4f3e-b351-a984ca774507,Power Rangers,40,Boom,1968,,
cbe7ac02-5f0d-4acc-9fcb-7db77030a157,Power Rangers,41,Boom,2002,,
3128071a-7c94-4eb6-9de9-02a9e27615a3,Power Rangers,42,Boom,1974,,
21490c5e-eee8-45c7-b78f-3f0ddc2da166,Power Rangers,43,Boom,2015,,
b6939b95-ac21-4ed0-ae80-c6c3e6e76a8a,Power Rangers,44,Boom,1983,,
93dc0334-b48a-4484-bc96-b2a619e04154,Power Rangers,45,Boom,1971,,
c90d29e2-0ebf-4984-93d9-b7f825f7cbe8,Power Rangers,46,Boom,1976,,
a960c53e-3872-4006-b76a-ce28f7e54366,Power Rangers,47,Boom,2022,,
a327462d-abaa-400d-ac32-86022950a84e,Power Rangers,48,Boom,2013,,
f1765b09-7beb-4908-b7ab-dbfe70867450,Power Rangers,49,Boom,1963,,
bec93407-aeb9-4623-8c08-045e03f195d5,Power Rangers,50,Boom,2018,,
de37ceae-0c91-41c8-812d-16e955b99db3,Power Rangers,51,Boom,1975,,
ceaf4291-cd83-42f0-a884-435353007598,Power Rangers,52,Boom,2002,,
87df638f-e417-478b-8e9f-8beae3b8fcf0,Power Rangers,53,Boom,1990,,
33a4cf2e-40a0-476e-ba91-6aca0b85771d,Power Rangers,54,Boom,1999,,
ecb6922a-28b9-41fc-90e0-9d86f8b48bab,Power Rangers,55,Boom,2021,,
e7d9502f-79f0-4d4d-beea-4bf84d003488,Power Rangers,56,Boom,2010,,
08e0b927-1e58-4e23-a2bd-66a998b7cb38,Power Rangers,57,Boom,2024,,
de1cecc1-94a4-403e-98bc-01d1ba359f15,Power Rangers,58,Boom,1984,,
1b4d4122-f8ae-4c2c-ae18-5b333b8f4fa7,Power Rangers,59,Boom,2009,,
877afaeb-5e5c-40c0-884d-40f89e021cd5,Power Rangers,60,Boom,1994,,
92ceab74-5db4-4ebf-a1c9-fc54cf4860f2,Power Rangers,61,Boom,2002,,
ceba7712-5a4c-4478-a67b-d7bde2d04e63,Power Rangers,62,Boom,2015,,
f67a0c73-9dd1-4273-8eb2-b8282a180290,Power Rangers,63,Boom,2015,,
afdef1e2-4bdb-4f26-bb5b-cb1a1c17e424,Power Rangers,64,Boom,1979,,
08f05e4c-41b8-4477-8bf0-76018e02977f,Power Rangers,65,Boom,2006,,
c0ef2d4d-b20d-4777-b5ec-6fa0dbb15263,Power Rangers,66,Boom,1973,,
c5a8fc4e-84b6-4d6d-be78-c2f074529ef1,Power Rangers,67,Boom,2012,,
dfd4b70f-6fa1-4937-8210-4b3432af17c1,Power Rangers,68,Boom,1995,,
bf4f41b8-a815-414d-90c4-ee5a4cee6144,Power Rangers,69,Boom,2005,,
b8ebd93c-c833-4df1-b12d-9e433b7035d1,Power Rangers,70,Boom,2006,,
30f93e20-0b48-4c85-8b42-17363ce6eaf5,Power Rangers,71,Boom,1996,,
90b63498-f5e4-4332-9b98-667c97f2eea7,Power Rangers,72,Boom,1961,,
32df752f-cf72-4de9-8c79-428608c75e97,Power Rangers,73,Boom,1999,,
6309473e-a43a-493f-9dcc-390a38a4e504,Power Rangers,74,Boom,1991,,
57942c73-5b37-4094-b66d-a1c2d07516f2,Power Rangers,75,Boom,2010,,
1b94e7d6-3755-4277-a573-07246aa1fd2c,Power Rangers,76,Boom,1970,,
a92b0605-0af8-4a8c-b705-23ac350bbb18,Power Rangers,77,Boom,1994,,
90f2489b-6817-4b06-9cba-f25dfaf129aa,Power Rangers,78,Boom,1979,,
a02f5b1b-def9-40b6-ba2c-b5efbbd75c75,Power Rangers,79,Boom,2011,,
bb11835b-275c-4aef-93ac-3110f9928fe8,Power Rangers,80,Boom,1990,,
8cd3a3e7-9c14-44c4-b96c-2a1ebf1a299f,Power Rangers,81,Boom,1997,,
3743dfd5-947f-4a1b-8a4c-c99400b2f265,Power Rangers,82,Boom,1996,,
77568150-8cc6-41e9-82e3-c4bd34b10b34,Power Rangers,83,Boom,1993,,
d8439b4a-6ecf-4f5b-9c17-bed39845569b,Power Rangers,84,Boom,1975,,
e47a5238-0601-4fd5-aad8-93a3e049ec71,Power Rangers,85,Boom,1964,,
738a8117-aac0-4b56-897c-340457f551e8,Power Rangers,86,Boom,1986,,
69b16ae3-af68-4601-980e-ffeb7bf26734,Power Rangers,87,Boom,1965,,
c25443c8-1d40-49f6-ae2e-51b0dcb9a666,Power Rangers,88,Boom,1977,,
ab18fa52-eb6f-4ff7-bbd3-a6dabefe8952,Power Rangers,89,Boom,2020,,
461b5948-7e88-4cba-a733-410807bc61c8,Power Rangers,90,Boom,1976,,
97d470d5-7867-4289-84e6-e6b24fa648ec,Power Rangers,91,Boom,1999,,
d1ce6891-4f22-455f-b3f8-9ef1e11511a2,Power Rangers,92,Boom,1979,,
e01f65a1-0ac4-4273-a64c-770cdd2927ae,Power Rangers,93,Boom,1975,,
7e5c99cc-1a35-4874-a4fa-9494873c5d9b,Power Rangers,94,Boom,2014,,
ee9915b0-8dc4-4b10-a1a6-306c157a374f,Power Rangers,95,Boom,2005,,
34d412d0-1973-4054-ac43-bea1137cee15,Power Rangers,96,Boom,2021,,
be9676bc-67c5-48da-bbb6-19787e79d4ec,Power Rangers,97,Boom,1995,,
1617bc6b-a0ff-40a6-aa99-5b3d09532277,Power Rangers,98,Boom,1990,,
24bbdf18-4b53-4dcb-8d85-eddf5328f2ff,Power Rangers,99,Boom,2023,,
248c5f28-5271-462b-9b6e-1b4e0a9ff714,Power Rangers,100,Boom,2022,,
b668e6a3-20de-4d58-a4f9-ac86d97a0cc8,Power Rangers,101,Boom,1998,,
fcd608c1-c28e-42a2-a399-ef47fa6e81a2,Power Rangers,102,Boom,1965,,
90a49da0-82bf-48f7-8350-59500f55179a,Power Rangers,103,Boom,1962,,
6fe0e57e-d014-46c7-97e7-4e84e93300a0,Power Rangers,104,Boom,1992,,
47533629-c904-43d9-87a8-72eda363c1c9,Power Rangers,105,Boom,1982,,
22478b51-a9b1-4cf2-a6ca-855058076a67,Power Rangers,106,Boom,2014,,
393cea84-fa3f-40b6-b8fd-cea71ae368c0,Power Rangers,107,Boom,2017,,
1e936236-7129-4b96-b459-765322757b2d,Power Rangers,108,Boom,1975,,
ca743c72-4463-4b1d-b990-42df2535a004,Power Rangers,109,Boom,1988,,
2965539e-c3ce-4d78-ac2f-8e7c2ca43690,Power Rangers,110,Boom,1964,,
0056cdda-bb2d-45ba-a859-0e43f96385ce,Power Rangers,111,Boom,1967,,
07360811-9275-4160-ae34-94a2ac95f3bd,Power Rangers,112,Boom,2009,,
9a7a0dab-075a-4b31-aa5f-996a6f46f8f6,Power Rangers,113,Boom,1996,,
b4941bdb-aee9-48ec-b506-d2c31b5340d0,Power Rangers,114,Boom,2003,,
0cb01d3b-612b-4c17-80f8-8c812a03286f,Power Rangers,115,Boom,1990,,
9c646d62-fcb6-4fe6-b9fa-6baa89653b80,Power Rangers,116,Boom,1963,,
2e127d3e-1974-45b8-8d2e-b675f008f756,Power Rangers,117,Boom,1990,,
a16a1183-1f58-4e9a-b581-6333d0024cc6,Power Rangers,118,Boom,1966,,
e12320fb-5034-4bd8-ad19-1b6b5e60d9e9,Power Rangers,119,Boom,2024,,
e1e7edf2-4dee-4f13-b473-a3ccd432fffc,Power Rangers,120,Boom,1991,,
afe01ede-a393-4019-a33a-6d3b09c15056,Power Rangers,121,Boom,1975,,
58bbae69-e9c1-4d41-b7b2-7653d6c4df2c,Power Rangers,122,Boom,1995,,
9dae76de-af2e-4a0b-9238-397bc9cfdbc8,Power Rangers,123,Boom,1963,,
beedee99-e00d-483d-a1d8-9ea6d4bd7629,Power Rangers,124,Boom,2007,,
e1cf6b13-4f5e-4d4f-9a75-395e6f60fa5f,Power Rangers,125,Boom,1977,,
805abea4-24ca-4f4d-82bb-bb6b2c495683,Power Rangers,126,Boom,1968,,
6a2cf4d3-2cde-4e66-8450-966385594e68,Power Rangers,127,Boom,1964,,
8ef00f0e-8b8e-4696-ab90-a45fbb75f023,Power Rangers,128,Boom,1982,,
4b73d631-3e6e-43f7-ac94-f45f39b19097,Power Rangers,129,Boom,1964,,
61ce7cdd-2d86-41a6-b8be-8b16be204a88,Power Rangers,130,Boom,1987,,
607a5f2a-7752-4201-a6b2-772552ca6ee3,Power Rangers,131,Boom,2011,,
3a309c8f-8466-4543-9867-79e6c6e3ac5d,Power Rangers,132,Boom,1983,,
26240597-023b-40c9-bed4-9867e2557f05,Power Rangers,133,Boom,1983,,
01c5e544-5057-4174-888c-0dad246cbc6a,Power Rangers,134,Boom,1967,,
ccfc3539-d517-4b1e-8451-ad9189a164a7,Power Rangers,135,Boom,1986,,
14356dee-a02c-4a30-bde6-1bd3d9a44d91,Power Rangers,136,Boom,1990,,
19568970-41e4-4613-a931-182b9258e80f,Power Rangers,137,Boom,2011,,
4865bd58-cdae-4ee3-ba5e-054ad7bc292b,Power Rangers,138,Boom,1978,,
c121c65a-a57d-4040-b27d-ab56058e21e9,Power Rangers,139,Boom,2001,,
60b742a8-b0c9-4be8-976a-b93a4bf2fc9c,Power Rangers,140,Boom,2006,,
69c398e5-6dca-41b0-98d5-f31aba1b0c32,Power Rangers,141,Boom,2013,,
2fc19d8f-75f1-4520-be05-3efecd006bf9,Power Rangers,142,Boom,1994,,
d2430348-c974-422b-b0ef-c9a45e01d115,Power Rangers,143,Boom,1968,,
046263f4-ebd2-4e3b-880e-b3a3498758d2,Power Rangers,144,Boom,1995,,
f2bcdf0c-4924-4a28-9fe2-62e868c63ebd,Power Rangers,145,Boom,1977,,
e493f8b5-8b07-443f-be48-dc3eb4999569,Power Rangers,146,Boom,1962,,
2d24fe7a-5d52-4878-8320-2ee2e4e7a40a,Power Rangers,147,Boom,2019,,
3c6f5f1a-ea0c-46a1-add4-a7191bd3d0aa,Power Rangers,148,Boom,1993,,
edce7a8c-88ed-48fa-a898-315e90e63069,Power Rangers,149,Boom,1963,,
5211f24c-5c4e-4adf-9556-768212b594b3,Power Rangers,150,Boom,2001,,
b9c8ac24-9dbb-4e64-be88-d284591f64ad,Power Rangers,151,Boom,2007,,
bcaa02df-1cfd-45d4-8164-da4a29661e68,Power Rangers,152,Boom,1998,,
e4278ee7-0701-472b-ba7e-4c49076f3418,Power Rangers,153,Boom,1981,,
bd7573db-097c-4f18-99da-d4d734656118,Power Rangers,154,Boom,2017,,
1a59645b-165b-4d19-aaca-d2bde402beed,Power Rangers,155,Boom,1991,,
e02eeb92-e990-4d85-ab2b-8b792f9001b7,Power Rangers,156,Boom,1993,,
678c26bd-4314-4aa1-a76f-44746aca74c8,Power Rangers,157,Boom,1963,,
ab7a724e-54dc-453e-aabc-e9816bc56bc7,Power Rangers,158,Boom,1996,,
89c19a53-7185-4718-b194-0345541ec179,Power Rangers,159,Boom,1996,,
bc828483-f8b6-4cca-85b1-ff98ea172cc0,Power Rangers,160,Boom,1992,,
474fe5b4-e466-4d84-9adf-950b66e3ae84,Power Rangers,161,Boom,1990,,
c158b7f8-c29f-4a1a-8968-ee01554c1ca8,Power Rangers,162,Boom,1998,,
09d27bbc-2767-4fdf-b54c-30bb24f2ae2b,Power Rangers,163,Boom,1993,,
df975d60-3841-4a09-8338-f8d0fbac8607,Power Rangers,164,Boom,1987,,
331bd5db-708a-417e-8fcf-6a498cce27af,Power Rangers,165,Boom,2000,,
87d96275-2edf-4666-b34f-84b33ec43517,Power Rangers,166,Boom,1983,,
14942d6e-f0b5-490e-817e-7bcf739bb1e3,Power Rangers,167,Boom,2003,,
df6c2bfc-2e1c-4e23-bb01-dc0e4ec9f344,Power Rangers,168,Boom,1980,,
ec8b32d3-18d9-4708-a713-5c2972236867,Power Rangers,169,Boom,1963,,
b038c8f8-7e8c-434b-b87f-e974751af6b6,Power Rangers,170,Boom,1976,,
5bdafd28-316e-4a0a-816e-3bc562cfc47a,Power Rangers,171,Boom,2024,,
6e94fadb-b8cd-4ff5-81d9-222ff1172648,Power Rangers,172,Boom,2005,,
3d311abe-ede6-476e-87ad-190768388c3e,Power Rangers,173,Boom,1994,,
9cec8279-9d1d-462d-a187-1192c99eb52a,Power Rangers,174,Boom,1969,,
ab72d9b2-ef50-4937-a07e-77bf4d9101e3,Power Rangers,175,Boom,1976,,
e696a588-b246-4298-9081-41a412d5b8d8,Power Rangers,176,Boom,1975,,
75bbca0e-4813-4e7b-a871-94783d82dc46,Power Rangers,177,Boom,1961,,
9e81d7a8-9692-434a-ab45-ce9d01c08d7d,Power Rangers,178,Boom,1967,,
b10a98e1-4f41-4a3f-a0ad-e040f6f270e4,Power Rangers,179,Boom,1999,,
abae78fd-d9f2-4b35-884c-6d1781903d0e,Power Rangers,180,Boom,2011,,
40bdf3d3-63ce-41c3-8bbb-a5a2a3bbc769,Power Rangers,181,Boom,1987,,
34aa5916-0937-4118-b9af-94bbebb330cf,Power Rangers,182,Boom,1981,,
e962b2cc-1390-431d-9e5d-a10d5a64551b,Power Rangers,183,Boom,2017,,
e9a7eaea-3046-459f-87cb-5d27fa4e89b8,Power Rangers,184,Boom,2023,,
87d3c89a-f7ed-4791-8726-0ad2e8a09076,Power Rangers,185,Boom,1977,,
defb2f15-6d99-4d61-81de-400a397c25dd,Power Rangers,186,Boom,2000,,
11cd8d32-2333-47e8-9bf1-fed7d1a0c73c,Power Rangers,187,Boom,2010,,
f5ab4751-dd81-4ac8-abc6-a412b54e0329,Power Rangers,188,Boom,1990,,
4c3e562b-0824-4e99-b746-3bf92fa1e862,Power Rangers,189,Boom,1961,,
6a588b4d-723b-41dc-973f-6ccc7d74de07,Power Rangers,190,Boom,1974,,
56e64799-1dce-4e02-ab92-d9708dd9fa36,Power Rangers,191,Boom,1999,,
bbdf9785-9809-40e1-88e8-f030bff0ff1b,Power Rangers,192,Boom,1997,,
52896510-5add-4f62-aaa7-3c7a6052caf1,Power Rangers,193,Boom,1987,,
eca589a2-ed56-4e45-bcc6-a5bb2200a678,Power Rangers,194,Boom,1977,,
ab2f3534-bec5-4758-84a7-8e2af58ce1f1,Power Rangers,195,Boom,1980,,
1a246f62-394b-493c-a3d7-b24f1cc16d93,Power Rangers,196,Boom,1975,,
916478ce-7bf6-4dea-b89f-62871e5f643a,Power Rangers,197,Boom,2024,,
14ece654-bbc3-4390-9209-cee672fe80d5,Power Rangers,198,Boom,1960,,
6215e034-817a-47af-bd5b-f49d701c0160,Power Rangers,199,Boom,1988,,
090b649e-d5bb-4316-b646-f71e66300b5b,Power Rangers,200,Boom,2002,,
a1cc952e-d476-40d5-8f5a-8309dae1239c,Power Rangers,201,Boom,1989,,
04012d2e-da02-4b76-bb37-3b620d65777c,Power Rangers,202,Boom,1982,,
3e94b32b-fabd-4858-a2f0-eed7315005c7,Power Rangers,203,Boom,2006,,
f566d0d5-d903-4487-9231-a95328825366,Power Rangers,204,Boom,1960,,
994a2e7e-5f17-4d8d-bc35-94a32917f7a9,Power Rangers,205,Boom,1990,,
083c9571-04bb-420e-a0c4-52d0f8320780,Power Rangers,206,Boom,1968,,
fbba1140-38d6-4895-b75e-9b75fea4929b,Power Rangers,207,Boom,1962,,
17b222ee-7f87-4dc2-8a26-e740f112255d,Power Rangers,208,Boom,2003,,
f20ef66b-9577-4b6f-9bbc-1afa38cb9c61,Power Rangers,209,Boom,1976,,
475d690d-352e-410b-9243-99d017f57e87,Power Rangers,210,Boom,2021,,
32429411-02d0-4258-9603-f11e9f555c7c,Power Rangers,211,Boom,1995,,
9df8cc5c-9aeb-4187-8ea1-719ac6e0016f,Power Rangers,212,Boom,2018,,
e3c7beed-ade0-4f55-bcf6-ab014c4054ac,Power Rangers,213,Boom,1972,,
4e131367-bdc7-444b-a369-3572c172473b,Power Rangers,214,Boom,2019,,
1da99731-5d4a-4a66-bed2-c68770023c95,Power Rangers,215,Boom,1991,,
0c4900e8-a1b0-46aa-aac5-da02e1ebae68,Power Rangers,216,Boom,2022,,
1a1a7228-81fb-4874-9f36-06decb6126bd,Power Rangers,217,Boom,1988,,
47792189-ba82-486c-8e32-fe2cd2d68d1a,Power Rangers,218,Boom,1969,,
e0bc0bce-4bfb-4f3c-9e00-e850391cbdf4,Power Rangers,219,Boom,1969,,
4e6bed2d-3fb4-4584-aab0-858cb83cbc8f,Power Rangers,220,Boom,2004,,
48c57f83-6bc1-4b97-aa38-b042d9f16659,Power Rangers,221,Boom,1994,,
af69eeeb-08df-4f90-a324-1506430b694e,Power Rangers,222,Boom,1978,,
fdaa872c-e576-4421-9c88-d15049dfcf7c,Power Rangers,223,Boom,2016,,
642b058f-6fe0-4bea-999d-6bb60a7d04e5,Power Rangers,224,Boom,2015,,
c12d6fcd-12d5-4644-bad5-d37f6f8e0510,Power Rangers,225,Boom,1981,,
45d0b979-f1e1-493b-8016-342615d8861d,Power Rangers,226,Boom,2022,,
50f88226-f3ad-4b94-a720-fd5abfd6da33,Power Rangers,227,Boom,1971,,
58e68fda-7685-460f-8898-3bb9887a147d,Power Rangers,228,Boom,1976,,
a9975494-0176-450e-8dac-2f0baee3b20d,Power Rangers,229,Boom,2019,,
68d3716d-0923-4500-8492-cbe8dc8f7d3c,Power Rangers,230,Boom,2007,,
2a2b1f3d-5416-45d6-9b64-43e5c93d1f7c,Power Rangers,231,Boom,1973,,
5c58437c-4812-4e86-b524-93fb8c145569,Power Rangers,232,Boom,1989,,
bca1bd24-3e4a-490c-873b-ef9486f1df92,Power Rangers,233,Boom,1979,,
d016f127-fb66-4aa0-97e3-ac3ffdc48bf1,Power Rangers,234,Boom,2015,,
33b333fb-121d-49b2-8a25-3574a71210b3,Power Rangers,235,Boom,1973,,
ccec5c97-4db8-4768-8a22-b1384f7ff34a,Power Rangers,236,Boom,2014,,
1e346feb-4fea-4dae-adf8-acf3c0102c0c,Power Rangers,237,Boom,1992,,
18e83acb-a5d1-4c0f-ba68-3a48e6570773,Power Rangers,238,Boom,1974,,
dd7533fb-22af-4d24-a83c-de02449f7821,Power Rangers,239,Boom,1968,,
36f5eab3-9e36-44ff-9a76-dde011d7a1e5,Power Rangers,240,Boom,2023,,
2c778167-d3ef-4096-a01a-637184de073f,Power Rangers,241,Boom,1969,,
9777bb6f-94ae-4ca6-8662-6bff0d7628d7,Power Rangers,242,Boom,1970,,
745287f0-975a-44c8-b147-83253059807a,Power Rangers,243,Boom,2001,,
2e5e34ce-d1f7-4c8f-bba8-2611fb6fd866,Power Rangers,244,Boom,1998,,
e79cfa00-320f-4dc9-a55a-10cb3920c141,Power Rangers,245,Boom,1980,,
f10175c1-67a7-4fa7-a2ca-a8f88a41950e,Power Rangers,246,Boom,1979,,
65cd4866-8eca-439d-9166-ddf727a8a123,Power Rangers,247,Boom,1993,,
d72ada4f-2ff3-4037-a94d-8bfc633c53b3,Power Rangers,248,Boom,1990,,
d9b3dc06-c908-4330-a20d-95e752c9f965,Power Rangers,249,Boom,2015,,
f4ce4941-8bed-447e-bc17-0df0bbf5b95f,Power Rangers,250,Boom,2008,,
4aafe740-475c-43e7-a3c9-b79131875dd1,Power Rangers,251,Boom,1967,,
b7e04a36-a1de-43bb-81d5-104bbe02a3e9,Power Rangers,252,Boom,1978,,
4cf10793-31d1-43e6-a51f-3f0149dfe37f,Power Rangers,253,Boom,1972,,
f0f49fdd-4b9f-4706-b17a-d530d0cc1441,Power Rangers,254,Boom,1987,,
8d1e1061-df4f-4d33-a060-df4fec0f238e,Power Rangers,255,Boom,1972,,
44be38eb-4359-4a50-89a9-6e89d82dd21d,Power Rangers,256,Boom,2011,,
f1ab31e1-3275-4c06-80f1-6da1e2f035b7,Power Rangers,257,Boom,2021,,
384c7796-a9f4-4b59-9192-8c39f0c2b1ac,Power Rangers,258,Boom,2019,,
2792c559-ae37-4723-b4ec-bdded0e8f3a1,Power Rangers,259,Boom,1989,,
6a9f10ea-bbb4-4862-be94-a698379c9fce,Power Rangers,260,Boom,1994,,
6f0596fe-091d-4e07-b02a-9c8eed27f64d,Power Rangers,261,Boom,2007,,
a4dc3cab-b2a9-4ff1-8eec-f2839f388470,Power Rangers,262,Boom,1961,,
b8049cfb-416b-47b4-9a0d-a4b3999cf0f0,Power Rangers,263,Boom,2017,,
048c54b9-4d9c-4668-afb8-5c542e746198,Power Rangers,264,Boom,2006,,
1cd056cc-887c-4693-a161-1bf789378cbb,Power Rangers,265,Boom,1978,,
ed2bdda5-f8be-4b0a-9a9f-e3e5e329c4fc,Power Rangers,266,Boom,1988,,
5379bf8f-d682-44ef-b373-42622303cf37,Power Rangers,267,Boom,2023,,
9a51457e-bca9-4056-88dd-dc16f3a1f48a,Power Rangers,268,Boom,2001,,
af306eda-3769-436c-98d7-28e67d429f71,Power Rangers,269,Boom,2021,,
bc3e1a0f-6d31-438d-9a84-c61f91336833,Power Rangers,270,Boom,1968,,
e6c87c11-1166-435d-afbd-4528131deaa9,Power Rangers,271,Boom,2024,,
19b43d86-2267-4467-8fa9-27d21af498d5,Power Rangers,272,Boom,1994,,
93e8d2a0-a47d-42de-b252-5305ffccbbf2,Power Rangers,273,Boom,1963,,
337ef609-d88f-4fd5-b03f-3e2409badaf3,Power Rangers,274,Boom,1985,,
055e2a0f-7f69-458a-879f-f60ec9c16e7b,Power Rangers,275,Boom,1969,,
3a72d68c-3b5f-4ed2-b646-3bd07144eeff,Power Rangers,276,Boom,1992,,
30cc4bcf-bdff-4f8a-87e2-2c1018bd4e2d,Power Rangers,277,Boom,1994,,
6f72158d-a77c-4135-bfb3-4b64cb1262ad,Power Rangers,278,Boom,1962,,
e80535ea-b85f-4d10-9187-d5f385f758be,Power Rangers,279,Boom,1966,,
0a3477d6-13cc-4e0e-8d11-77723bce92cb,Power Rangers,280,Boom,1989,,
88c4d166-ab19-4bc6-bdf7-6f837c14a5cb,Power Rangers,281,Boom,1960,,
68c876b0-e7e4-4e05-892c-efe23c8f038e,Power Rangers,282,Boom,2017,,
df22be76-67cd-490f-a958-77a2f496c63e,Power Rangers,283,Boom,2012,,
0f186854-781d-4d62-ad69-590f2b5666b6,Power Rangers,284,Boom,1962,,
41fa9077-4055-4409-adff-ef41e495e204,Power Rangers,285,Boom,2018,,
1a078c63-8ce4-44ea-9f54-78c88551c6d1,Power Rangers,286,Boom,2003,,
92e0722f-3cb4-4962-ab38-dc5b7379c7a0,Power Rangers,287,Boom,2020,,
aa841a72-b0e8-4cd2-9d95-6d845291f4da,Power Rangers,288,Boom,1997,,
a3984053-c63b-432a-bd28-2dea0dc7f082,Power Rangers,289,Boom,1992,,
e0fc2ca0-b9ff-41c6-83e7-93148d0f511c,Power Rangers,290,Boom,1976,,
7d59eaf1-579f-4b27-a744-5dd64adf422f,Power Rangers,291,Boom,1995,,
924a7a57-6ae0-4ce1-bae7-5c054e5c199e,Power Rangers,292,Boom,1995,,
959fdd93-dc72-4fa1-b539-5dd409a00900,Power Rangers,293,Boom,1983,,
76b12053-a783-4cd6-bab7-a9c937f28579,Power Rangers,294,Boom,2005,,
dcb2f7da-107f-4399-805a-f98f44c1a4fa,Power Rangers,295,Boom,2017,,
414ec53c-a925-4daf-9bfb-ca92c31ff605,Power Rangers,296,Boom,2012,,
dda3de6f-fca5-4630-9462-090345b3fcd4,Power Rangers,297,Boom,1995,,
92989ace-5bb8-43e7-89a3-13f00680e123,Power Rangers,298,Boom,1973,,
f7b92abd-ed46-469b-8134-14aacedf0ad4,Power Rangers,299,Boom,2013,,
eb14b626-0274-4e93-92be-2c6b0567c0fd,Power Rangers,300,Boom,1965,,
dbcde5d4-0c2d-44a0-b260-156653afc46d,Power Rangers,301,Boom,2011,,
89f77557-7beb-4b27-b27d-ecd816faf223,Power Rangers,302,Boom,1990,,
00af8c31-c2d1-4018-b08d-db54bbf702eb,Power Rangers,303,Boom,1975,,
edaf8a2a-6773-406a-a85a-09b181eba341,Power Rangers,304,Boom,1994,,
89998dc2-3d07-42bf-9a66-a36ce28aabfd,Power Rangers,305,Boom,2019,,
8330fb77-3cf1-4b5c-8b1a-23b5fdf47aff,Power Rangers,306,Boom,1990,,
951c54ae-6edf-4d6f-88ec-6f14afedd9e6,Power Rangers,307,Boom,1991,,
0b98ea9c-f95e-4500-8862-05aab572bcba,Power Rangers,308,Boom,1962,,
fb51b7c3-c0e4-4b5e-b8ac-6c7b8a5ffbe4,Power Rangers,309,Boom,2003,,
006fceab-8a1e-4396-9db6-55234cf09ec5,Power Rangers,310,Boom,2015,,
92bda280-3f15-4e6b-95fe-87934abe2c52,Power Rangers,311,Boom,2022,,
2d453e91-fb9f-48a5-b640-a802f0a9343e,Power Rangers,312,Boom,2012,,
75a8cae7-9c15-4818-9016-e727e900edda,Power Rangers,313,Boom,2011,,
5b826e09-3986-450b-92d0-515c23abe84f,Power Rangers,314,Boom,1992,,
f7d391c8-35cf-4be9-a411-e472c17aef24,Power Rangers,315,Boom,2010,,
9c2b2889-9334-4c98-b957-d206db553ace,Power Rangers,316,Boom,2010,,
1a71e53f-8f2d-463d-be9a-a60ba2c769f0,Power Rangers,317,Boom,1976,,
7a7b42c0-eb5b-4125-833c-1fde2acae55a,Power Rangers,318,Boom,2008,,
320409af-9b9f-4355-932a-813ebbb9eb24,Power Rangers,319,Boom,2016,,
33c2f6e1-37ce-45e9-9a3c-8efab96ee0e0,Power Rangers,320,Boom,2006,,
ba30efe0-be22-4769-9fa0-8f7736bab6c6,Power Rangers,321,Boom,1984,,
2febcc1d-dfd7-48cb-bf18-8cc86cc3e4ee,Power Rangers,322,Boom,1989,,
f31afeb5-bb8b-46ec-95dc-c2aca215a4b6,Power Rangers,323,Boom,1971,,
1a6703ae-f716-4580-b0d0-3ff9464dbd8c,Power Rangers,324,Boom,2012,,
f5bb3894-3238-4c03-8d6f-10a522a0006d,Power Rangers,325,Boom,2000,,
a7ae5bdf-6566-4c1a-8c5d-ea6c023e621d,Power Rangers,326,Boom,2022,,
bc54506f-2549-4abc-820f-a77f396dd91f,Power Rangers,327,Boom,2000,,
7dfdba2c-aa93-4bc3-8508-43f8f98cb408,Power Rangers,328,Boom,2009,,
ad985915-eb82-4ea1-b685-62e88693b985,Power Rangers,329,Boom,2020,,
1b0cb718-0f9f-43f8-9752-81a024ecdd78,Power Rangers,330,Boom,1970,,
db54f92f-78f4-459e-8e33-de3aa2a678a4,Power Rangers,331,Boom,1963,,
9e7f6dc3-8e52-403f-a5c1-650020e9b1a8,Power Rangers,332,Boom,1998,,
b0133680-4449-47c4-988c-13a029036e02,Power Rangers,333,Boom,1984,,
ad6ce98c-b9aa-405d-9395-efe9a7da8c89,Power Rangers,334,Boom,1980,,
23e1831c-1d93-41b1-96df-2573c537265b,Power Rangers,335,Boom,1996,,
a4c7fdc5-9c83-4b9e-8f1c-15bd1e7f4308,Power Rangers,336,Boom,2007,,
e45f7802-ca6d-42d5-a038-f44f0f5bf800,Power Rangers,337,Boom,1974,,
8c53b2c2-0d37-4857-b18d-b4c8d871b235,Power Rangers,338,Boom,2008,,
32ce9612-b686-4ca6-a1ef-c48cf08b16a8,Power Rangers,339,Boom,1967,,
95e35caf-cf78-4cde-afa7-a95db7c8b739,Power Rangers,340,Boom,2005,,
350deb10-30e1-435b-9e22-193b82f5543b,Power Rangers,341,Boom,2000,,
1d1232c3-e548-4c45-ac6d-bd25ea4155cb,Power Rangers,342,Boom,1985,,
32ff8e5e-3aea-48b1-9b9d-07f0a65ec68a,Power Rangers,343,Boom,1993,,
38b982c9-1e5b-4656-9095-902ed54f41b1,Power Rangers,344,Boom,1994,,
ee2f6d06-9b0d-440d-b2ec-4fa612bd5d64,Power Rangers,345,Boom,1997,,
66a28b13-fd66-49f9-916f-443de21b2886,Power Rangers,346,Boom,2000,,
05dbab22-a6f5-4d5b-a7df-d10500da3029,Power Rangers,347,Boom,1975,,
931ca796-78ea-4d9f-9082-7a54ee860053,Power Rangers,348,Boom,2022,,
a9513d34-26bc-40b4-b6a9-afb12e500511,Power Rangers,349,Boom,1960,,
ed18d614-abf6-46dc-b1e6-398449cf9088,Power Rangers,350,Boom,1998,,
eceeb216-8193-42f8-a301-b69575e5e7d0,Power Rangers,351,Boom,2019,,
77cb3cde-f65c-4463-b394-580adefa4b58,Power Rangers,352,Boom,1970,,
e0a8fce5-17c8-4315-8254-af0ccadc9ab0,Power Rangers,353,Boom,1994,,
1b5e7b76-5165-4b5a-8501-611b12615a8b,Power Rangers,354,Boom,1975,,
f5122f9b-7e3c-4932-a73b-6703408947d6,Power Rangers,355,Boom,2024,,
ce6319e6-b6ed-41b9-b480-a7d31ed5ddea,Power Rangers,356,Boom,2002,,
23c4ceb4-1e55-4383-82f7-489d2eb50fe5,Power Rangers,357,Boom,1969,,
402c1e79-9f6f-48f7-90ee-43a3d6049d13,Power Rangers,358,Boom,1961,,
a004804b-1773-48ff-9c64-ec38e380e311,Power Rangers,359,Boom,2007,,
a38ccc08-2785-42bf-9cd6-395b5841452b,Power Rangers,360,Boom,2015,,
e8abda5c-6f0b-47ba-b52b-80374ce68886,Power Rangers,361,Boom,1986,,
a9a7ef12-297a-4e83-8ac4-9864c6be4c67,Power Rangers,362,Boom,2013,,
9bdee825-413f-4fea-8e15-f699572b257b,Power Rangers,363,Boom,1961,,
aad31e8b-1e3f-42e4-8ecb-16243e20dac1,Power Rangers,364,Boom,2020,,
e20916ca-3d26-405c-9249-268d9b6e062a,Power Rangers,365,Boom,2014,,
e2dc4274-16d9-4533-84de-c8b045b1142e,Power Rangers,366,Boom,1964,,
893d8871-a4c4-476e-820f-838587e36de7,Power Rangers,367,Boom,2017,,
af4580fd-d5cb-44b0-9afb-8784eb2b1178,Power Rangers,368,Boom,2004,,
3af1839e-feb8-49c0-8cf0-6c6426d60127,Power Rangers,369,Boom,1983,,
9be1003d-5c8d-4542-b9ed-db1f84d675c5,Power Rangers,370,Boom,2009,,
b0b74422-0e9f-4878-959c-3fdf56975a6f,Power Rangers,371,Boom,1972,,
70c61d50-2631-42c8-baeb-4ca3a867da9c,Power Rangers,372,Boom,1992,,
b6b650b1-0dae-47db-9f9d-8de4e98103d9,Power Rangers,373,Boom,1986,,
ae44fda0-2fd6-4a28-b7cc-299fbf1138a0,Power Rangers,374,Boom,1964,,
c516f93b-1793-4aee-aa47-852ef2abfc52,Power Rangers,375,Boom,1971,,
5903c180-860a-4ee3-a370-9daca8f1fa34,Power Rangers,376,Boom,1992,,
0d613612-a632-4b96-943a-cf47b1bafada,Power Rangers,377,Boom,2018,,
24d0c8db-cdc8-4f8a-8def-8296ceb49e52,Power Rangers,378,Boom,1966,,
75c940ea-02e9-4bcd-ada5-df9c184d6d0d,Power Rangers,379,Boom,1979,,
6066114d-2b80-4bc6-b13b-47619b74eb49,Power Rangers,380,Boom,1982,,
525423fa-0b10-4263-b189-aef5c4f1699c,Power Rangers,381,Boom,2010,,
96f95194-d3ae-499b-9af2-73ed7904cfcb,Power Rangers,382,Boom,1964,,
56c8726c-0e0a-4de5-a51f-55fab9acad95,Power Rangers,383,Boom,1992,,
20b9025f-5e37-47ab-a3de-d28680b153a9,Power Rangers,384,Boom,1994,,
ade62c9a-5abf-4b4d-a892-7882c03a33f6,Power Rangers,385,Boom,2004,,
e866d063-80ad-4f7d-8398-cd9013d55261,Power Rangers,386,Boom,1990,,
a9ea51da-d4e8-4901-b0c5-a854f8dabbf5,Power Rangers,387,Boom,2004,,
2a4401ba-81f9-4ed4-b30f-e1dff8725c15,Power Rangers,388,Boom,1965,,
e0f86e6b-0277-41b6-883d-f00de887b92e,Power Rangers,389,Boom,1987,,
56c5bfbe-0e60-4431-ac53-3b82f73e012e,Power Rangers,390,Boom,1991,,
631019b3-22db-4201-aa98-e2b29f43aa94,Power Rangers,391,Boom,1995,,
4d162c1d-2447-41f7-bd1a-ce3538315e5c,Power Rangers,392,Boom,1993,,
654da4f8-0359-48ad-b393-4607f9b16f73,Power Rangers,393,Boom,1971,,
530a0394-953c-48ce-8dd7-76b790b05cd4,Power Rangers,394,Boom,1960,,
4ca5787a-c4c2-4fd0-b91f-667e68315acd,Power Rangers,395,Boom,1976,,
aa48aafb-c09f-4041-880c-517c7d85bbaa,Power Rangers,396,Boom,2001,,
1f8d8dff-b228-480c-98a1-fcc03b43e18b,Power Rangers,397,Boom,1977,,
253f7600-6b19-46b2-982f-116ac2947fd8,Power Rangers,398,Boom,1990,,
ceff157e-c185-4a86-b436-2d99fc69fa74,Power Rangers,399,Boom,1970,,
d55f951f-b959-40ba-8a76-ecb35331c208,Power Rangers,400,Boom,1963,,
a3e978d6-8d38-4b52-ba3a-0121a11619d1,Power Rangers,401,Boom,1991,,
f76915fc-02ee-49d5-af04-52d8a686b8f6,Power Rangers,402,Boom,1962,,
30cfa940-a56a-476d-b2c5-3e812412057f,Power Rangers,403,Boom,1960,,
ca4a1403-7722-4f8d-a780-615079fe8c59,Power Rangers,404,Boom,1969,,
10480ec2-5476-4583-95f8-5ec5c0479023,Power Rangers,405,Boom,1979,,
5950ef1c-637c-4c4f-8734-55cb040dceed,Power Rangers,406,Boom,1982,,
b732be51-ff4a-4bdb-b978-217cebbd9d16,Power Rangers,407,Boom,1970,,
538d0b6f-8ed5-45d4-8edd-b92d7fde44ba,Power Rangers,408,Boom,1990,,
1fff9c37-04ee-4079-864c-bd97a5cbef9d,Power Rangers,409,Boom,2000,,
0d644ed6-7177-4b6b-8381-be50ce58c85d,Power Rangers,410,Boom,2000,,
06c04e19-a7db-40f4-9b94-2a05f95ec9a9,Power Rangers,411,Boom,1969,,
1b03fc7a-489e-45ed-9292-d0216463f28b,Power Rangers,412,Boom,2011,,
64d42ee3-9a9a-458b-a298-bfe91bd252ea,Power Rangers,413,Boom,2016,,
2dbf36c0-f739-4dff-b082-13150a300da8,Power Rangers,414,Boom,2022,,
ee4ad539-6231-40f9-8039-727866d3ee12,Power Rangers,415,Boom,1984,,
1ea95707-241c-4b26-a95d-4b8dbc665a5b,Power Rangers,416,Boom,2011,,
4f166762-6b20-4137-ad8b-65d02099de01,Power Rangers,417,Boom,2020,,
f0d10ec6-d7d9-46db-b516-cced71e3bdfe,Power Rangers,418,Boom,1973,,
4b9a2b9d-4e4e-4968-889f-41e49b18bb5e,Power Rangers,419,Boom,1993,,
38c2fd31-5696-41c1-95c4-ab4fc4c46de4,Power Rangers,420,Boom,2022,,
73df2516-8f44-4f3b-8fb6-ef2d4f450b5d,Power Rangers,421,Boom,2002,,
2ba728a5-2013-4c42-84f9-75f3bc298f55,Power Rangers,422,Boom,1971,,
dc100c38-a0e5-46de-958f-e106274c1994,Power Rangers,423,Boom,1990,,
28f71b87-d3f3-4f12-ac10-43ed0772c1e0,Power Rangers,424,Boom,1979,,
d25678ce-252c-435f-86d4-eb16c8fe98a1,Power Rangers,425,Boom,2017,,
f3819af6-58c0-42b1-a6c2-8aa6ef20533b,Power Rangers,426,Boom,2013,,
ec944d83-9fd3-4c1d-9ea7-c29d3ae1289e,Power Rangers,427,Boom,1963,,
e155942e-24f1-4b5f-ae46-f81ae8e4a27f,Power Rangers,428,Boom,1974,,
f1cd1fa0-0b66-40e5-9b8a-da76219e3724,Power Rangers,429,Boom,1993,,
1c7a8e9f-f0fb-4d74-9f60-e03490d0ff59,Power Rangers,430,Boom,1991,,
fbc772ae-b468-4b9f-a9e6-5293a02b23b8,Power Rangers,431,Boom,2012,,
d0cdcc32-9f8c-4877-9f01-3042ac59f694,Power Rangers,432,Boom,1963,,
612f6797-922e-47a8-9aea-1f22497d0178,Power Rangers,433,Boom,2001,,
2a15b888-bb23-42d7-8a09-7e8dbbec1003,Power Rangers,434,Boom,2007,,
9b0f1f17-9138-42bd-bc07-586cb9015ee9,Power Rangers,435,Boom,1985,,
96169f87-6c31-4246-b6fa-3767f5e5ee78,Power Rangers,436,Boom,2003,,
4ba9b6e9-1907-4930-b96c-ca61206a681f,Power Rangers,437,Boom,1972,,
895ccce6-ad1d-4b1a-be57-fa70b1c14d10,Power Rangers,438,Boom,1980,,
c11deafa-4f16-4294-aa3a-a2734eea7771,Power Rangers,439,Boom,2015,,
5ea820da-1d0b-48e2-95b9-ae7237ca93ef,Power Rangers,440,Boom,1988,,
7d8c3b11-e358-41d7-9a71-b199323f0463,Power Rangers,441,Boom,2006,,
1185263f-949c-4dd8-8a73-f1fc4241036a,Power Rangers,442,Boom,1997,,
0a2fa5bc-713d-4a22-a968-3a44bad2a6d3,Power Rangers,443,Boom,2008,,
089d7b5e-e02f-402e-8e36-68efe5286c2b,Power Rangers,444,Boom,1970,,
9573a51f-eb92-4eab-abc1-080afc335bdd,Power Rangers,445,Boom,2018,,
475cc9c4-10ef-4d6e-85d8-e3aed415bb57,Power Rangers,446,Boom,1975,,
70a3a65e-a99d-4d0d-9d5d-ea2b4e45f675,Power Rangers,447,Boom,1998,,
b24b2ab0-b26c-4294-a5e1-5d5af4ef9fd8,Power Rangers,448,Boom,1968,,
ad5253dd-7b31-4055-ba96-215a7c2fd069,Power Rangers,449,Boom,1980,,
cb28edba-8585-4ddb-b068-9041a165ac84,Power Rangers,450,Boom,1988,,
b1b9a054-e75a-481e-ae32-cb3851ecea38,Power Rangers,451,Boom,1967,,
d22ad750-f75d-4aa4-8865-3522eee9dbed,Power Rangers,452,Boom,1967,,
378fea30-0dec-4cc7-a4e4-9448474d52ae,Power Rangers,453,Boom,1991,,
8bd726f0-c345-4549-8098-b8823b66e01f,Power Rangers,454,Boom,2023,,
73a95730-f5bf-4712-b4a3-39f368a5080f,Power Rangers,455,Boom,1995,,
ac63b9ad-ed7f-4160-b6d2-17b3f3c11fe3,Power Rangers,456,Boom,1998,,
7856e7c0-4200-439a-92cb-cc34f0173981,Power Rangers,457,Boom,2005,,
3dfc1216-9eba-4d0b-9aa6-d4bf1c70a39e,Power Rangers,458,Boom,1967,,
29818b32-f7e0-4677-933c-509a583d2f86,Power Rangers,459,Boom,1983,,
d74d62bb-5826-4379-ac20-338fa63848a2,Power Rangers,460,Boom,1962,,
ad793e41-5526-4c9b-98e8-9e6b9776ff69,Power Rangers,461,Boom,1982,,
5b7b0fe1-e5b8-4b95-a91e-f4af0989dfda,Power Rangers,462,Boom,2022,,
86c61644-4afe-42b5-b121-e15af7a8f3dd,Power Rangers,463,Boom,2009,,
758e47ee-e7c4-4448-b5ad-863d6feaf3c9,Power Rangers,464,Boom,2008,,
8473254e-3901-47f6-b883-fd02a89285eb,Power Rangers,465,Boom,1965,,
35af29da-996a-41bf-8c5a-4c787308e2b0,Power Rangers,466,Boom,2004,,
9e98fc83-28ee-4500-8c50-d6f0b7c28f14,Power Rangers,467,Boom,2008,,
baf93737-b43e-4d8d-95f0-2dd02044368c,Power Rangers,468,Boom,1994,,
3fd9e540-d8d5-43ea-9923-df0675a162b1,Power Rangers,469,Boom,1993,,
ea5a0655-2598-4450-bec3-37e381cbf6f9,Power Rangers,470,Boom,2022,,
7acb9e34-315d-416e-974f-bc1bb37d7d23,Power Rangers,471,Boom,2006,,
3bd3e383-684a-45ac-9d60-82ee8d1269db,Power Rangers,472,Boom,1987,,
8f360252-334a-452c-8f25-1d76df8c4670,Power Rangers,473,Boom,2024,,
db46d2bc-be68-4c9c-a4b3-b6c65e268152,Power Rangers,474,Boom,1977,,
15af57cb-9d43-4f19-aee2-6d4e29a438a1,Power Rangers,475,Boom,1997,,
55901d13-d30a-49b0-a197-321f0fb8ae4d,Power Rangers,476,Boom,1963,,
47f6b8f9-0080-4769-a136-e6318b092f33,Power Rangers,477,Boom,1982,,
3a910869-a93c-44dc-8b2a-8c54af05aa2a,Power Rangers,478,Boom,2022,,
9ec6c5e7-bd0c-41ba-885c-448c674e7891,Power Rangers,479,Boom,1997,,
76286047-19fa-4678-bd08-a71b6624d670,Power Rangers,480,Boom,1961,,
4c8bbdc4-53e2-4fb8-8b9b-91d4bc0bbbbd,Power Rangers,481,Boom,1977,,
22c1ab5f-936d-4e5c-bac1-a9a6da4a6597,Power Rangers,482,Boom,1993,,
8c6b4700-5ca5-49d9-b17e-f9243c5842cb,Power Rangers,483,Boom,1991,,
0d33c7f7-0be3-4fbf-8b92-2ede706123b7,Power Rangers,484,Boom,1998,,
4b8960fa-a99c-451f-b1fc-4c7a35e3dec9,Power Rangers,485,Boom,1970,,
df6cc2d7-a1a3-4c4a-9445-31319e370a73,Power Rangers,486,Boom,1998,,
e23faf06-6344-47c6-93ef-778486259989,Power Rangers,487,Boom,2014,,
b1b3921d-6c79-4eab-8116-fa9461c0727f,Power Rangers,488,Boom,2017,,
87e475cf-b25c-4e3d-ae0b-448128b3b169,Power Rangers,489,Boom,2016,,
feba074d-6ccf-4b6a-9e8f-ea9ea2485197,Power Rangers,490,Boom,1966,,
39fc0b6f-7ce4-4cb2-ba90-23585203ce9e,Power Rangers,491,Boom,1991,,
f8165b51-3984-47f5-b075-33da34222071,Power Rangers,492,Boom,1968,,
2754272d-d632-4f53-b012-74425f941852,Power Rangers,493,Boom,2001,,
44f13c91-5343-46cf-8374-fdc341867e5e,Power Rangers,494,Boom,1992,,
8b6d8ece-5927-46a6-a481-60e447a40896,Power Rangers,495,Boom,2017,,
9ac1d815-1baf-4eec-80dc-97d693ebae6e,Power Rangers,496,Boom,1998,,
ad252390-4f64-4bf9-9e30-e5cfb2aa1cf6,Power Rangers,497,Boom,1998,,
df377c7e-78a5-4ac8-948e-962210149547,Power Rangers,498,Boom,1996,,
3aec858b-69dc-4249-b2cf-2f65127d51f4,Power Rangers,499,Boom,1987,,
3fb93573-6db8-4795-b94a-19260a24c1be,Power Rangers,500,Boom,1978,,
e856eec1-7e84-4f94-a00f-c370ec2533f1,Power Rangers,501,Boom,1994,,
9b679e51-8f1b-4ab4-b440-b85bce35e633,Power Rangers,502,Boom,1993,,
565fadd4-f3a5-4ab4-ab24-6324dbf00cff,Power Rangers,503,Boom,2006,,
50900647-8c65-47e9-8381-a06c9399fc7f,Power Rangers,504,Boom,1970,,
85cfa1b8-43d4-4dab-a713-b96882d718f6,Power Rangers,505,Boom,2000,,
7127f48b-7f37-4dcc-9509-6bfcb5d663cc,Power Rangers,506,Boom,1991,,
5a659fd4-3d08-470e-9dfc-a40e92e857f7,Power Rangers,507,Boom,1971,,
e283c783-ea0f-4f82-bbb0-f3e4212eb874,Power Rangers,508,Boom,1979,,
489519e4-eb8e-41fe-9fdd-9adccb0961ea,Power Rangers,509,Boom,1995,,
27ee06a3-eebb-4b35-91cc-fab830003850,Power Rangers,510,Boom,1979,,
9f84d04f-abeb-4631-a7d3-9b4cc49be396,Power Rangers,511,Boom,2001,,
ff75d6df-3db6-47cf-9e72-81a92238e110,Power Rangers,512,Boom,1996,,
2a7fa349-2e73-4621-8af0-7f2f156f5ceb,Power Rangers,513,Boom,1978,,
32b95c4d-4a16-4f21-b2b4-ce78204b11f8,Power Rangers,514,Boom,1983,,
b3c8dcc9-ac2d-40c8-879e-8e9f1e3df0bb,Power Rangers,515,Boom,2023,,
e0ee0762-769f-4119-bf16-143b06d938d6,Power Rangers,516,Boom,2005,,
c37b0331-8ede-400a-8823-311e858a1216,Power Rangers,517,Boom,1987,,
bf0c265a-eed9-497f-8555-6b0903cd803b,Power Rangers,518,Boom,2005,,
cc44c9d7-b5a3-43a3-ad2d-8673b28de09e,Power Rangers,519,Boom,2014,,
c3985c3e-e731-41c4-8864-53780437f2e4,Power Rangers,520,Boom,1980,,
8991e3c4-49a1-4ee8-a220-d3c24e8f0df5,Power Rangers,521,Boom,1967,,
9e065a6b-9f9d-43c3-8611-83721bad763a,Power Rangers,522,Boom,1975,,
b27daf27-36ff-4d7f-a177-b226f1c8b8c6,Power Rangers,523,Boom,1978,,
a82bd762-4ec8-49b3-98dc-715e51bc7dcf,Power Rangers,524,Boom,1992,,
8eb5816c-e7da-477c-9fb1-2c45c4fe2a77,Power Rangers,525,Boom,1995,,
771edb98-012b-49f7-b82e-fc4ef3e18b41,Power Rangers,526,Boom,2006,,
63944ab0-8d92-4c43-bb66-93a5d843bdae,Power Rangers,527,Boom,1975,,
d85befff-d656-4a69-a1ec-eff4cf8255b4,Power Rangers,528,Boom,1985,,
4cb5ff70-193a-44aa-bf1e-c0b23db386d4,Power Rangers,529,Boom,2017,,
ecf8bb14-6ea7-4c67-bd7c-c64479eba9da,Power Rangers,530,Boom,1995,,
e2ac7b0d-b4ff-4f45-aa4b-a4140d27bb8b,Power Rangers,531,Boom,1980,,
5a92097e-4078-4f13-aa3a-b335a3871b9c,Power Rangers,532,Boom,1988,,
4f233e82-61ef-418e-a763-ea0ff5cf5a8b,Power Rangers,533,Boom,1991,,
ce93382f-986c-46a4-8abf-7c5a9544193b,Power Rangers,534,Boom,2015,,
1e4db0e5-bdba-4683-875d-7822e4005344,Power Rangers,535,Boom,2024,,
fd3c23a4-a99e-4ce2-ab5f-0228534c67b6,Power Rangers,536,Boom,1965,,
f3220d79-19db-41b6-9791-19a4045919fe,Power Rangers,537,Boom,2008,,
6039051d-558b-4192-b850-e645a5ff40a0,Power Rangers,538,Boom,2000,,
da81fdcd-c703-4cee-8515-5ad95ec0d177,Power Rangers,539,Boom,2008,,
fb6aca53-6dc3-418a-8770-59f2878981cc,Power Rangers,540,Boom,1960,,
dea851f9-419b-4ad7-afdc-c82587981b53,Power Rangers,541,Boom,1988,,
10eff51b-d5ea-4abb-ab0e-ed1e394c9434,Power Rangers,542,Boom,2002,,
8a34e2a3-cf62-4ac4-a116-38d97841f390,Power Rangers,543,Boom,1972,,
48dd5b33-b1dc-48cb-a0af-a339c48200d1,Power Rangers,544,Boom,2023,,
6b8f6f5c-98d4-4f22-9718-0174f63d4b80,Power Rangers,545,Boom,2012,,
1db97128-625d-4ce9-ac93-714f7d73c47c,Power Rangers,546,Boom,1994,,
48c97a79-be4a-49f4-a269-7876c1d1512a,Power Rangers,547,Boom,1977,,
95e67579-bf29-418a-a120-33ea0cd20cf4,Power Rangers,548,Boom,2013,,
b8585488-628c-44b7-8552-b64a04218059,Power Rangers,549,Boom,1989,,
b339d13a-9f7a-44f9-86e8-3d90559d62ef,Power Rangers,550,Boom,1978,,
81c0132d-2103-4a03-abcd-1813ba7a2f4b,Power Rangers,551,Boom,2002,,
7b682dfe-0bed-4557-8f43-6936e94a964a,Power Rangers,552,Boom,2004,,
3f6c35d8-78b1-4800-b6d6-67e0051d7188,Power Rangers,553,Boom,1998,,
db2d5634-8b73-4291-a0d0-b471e52f7d84,Power Rangers,554,Boom,1961,,
8041a4bb-0ffd-42ff-b18a-99358f0c5cfb,Power Rangers,555,Boom,1972,,
189c1455-9141-4c71-9cf1-a1cedfa099f5,Power Rangers,556,Boom,2010,,
d0705654-1096-40c2-b781-ae6518fc1430,Power Rangers,557,Boom,1976,,
11ef0049-fbe1-45f4-b9dd-c6d2877d5669,Power Rangers,558,Boom,2022,,
7011356e-ea4b-4601-9a6e-6f5eb3cd3ceb,Power Rangers,559,Boom,2018,,
21e2d613-4c2d-43da-b2c2-8fd3c833f374,Power Rangers,560,Boom,2014,,
99fb4c6b-83a1-49b2-b672-91f02d143b4e,Power Rangers,561,Boom,2003,,
31e86943-3ab2-4fbe-ada3-d8834b5db330,Power Rangers,562,Boom,1973,,
bc0e959d-7691-48e2-948e-9f4d4d4c8005,Power Rangers,563,Boom,2021,,
b217e515-2dc0-4ed3-bd27-a9ace561fb94,Power Rangers,564,Boom,1994,,
0572d797-f480-4e5c-a7cb-2cf39bbf2b22,Power Rangers,565,Boom,1979,,
d7621ae2-a946-4f92-b25e-b40e8b018dfc,Power Rangers,566,Boom,2017,,
cdf17e0c-16b9-4aa2-8129-89f4fcce53e7,Power Rangers,567,Boom,2002,,
90b61d2f-8954-425d-8a8a-4e3142152cf9,Power Rangers,568,Boom,1968,,
239bea68-c993-43f6-9be2-441d7f76f190,Power Rangers,569,Boom,1966,,
c8c37452-42e4-4d56-88d8-95f680f7b6c6,Power Rangers,570,Boom,1983,,
c20951b0-ab28-46fb-b40a-a400b830b21e,Power Rangers,571,Boom,2022,,
bafb5765-116c-4fb6-92b8-c413a9a03f16,Power Rangers,572,Boom,1961,,
4974cdc4-0654-4823-8eca-7d321fd91534,Power Rangers,573,Boom,1992,,
f9b09e1a-a004-41be-b944-347068eee28d,Power Rangers,574,Boom,1987,,
df171c19-e107-461c-b9e3-b2fdccdf7358,Power Rangers,575,Boom,1969,,
446127fd-309a-40ff-98be-64b9cfe69802,Power Rangers,576,Boom,1983,,
66368923-edb8-4e46-9b20-f3c26bd31932,Power Rangers,577,Boom,1976,,
fd100aef-2737-4bfc-804c-088875ebf88f,Power Rangers,578,Boom,2018,,
e0c75972-4a38-4877-889f-2ee50f0e2881,Power Rangers,579,Boom,1972,,
c25be952-b0eb-415b-a49d-cf85d0e6de2e,Power Rangers,580,Boom,2022,,
740c8421-7a87-4782-96e0-d41b6b352aa4,Power Rangers,581,Boom,1991,,
fdba4999-30e9-417e-9f03-ce94cb7a5875,Power Rangers,582,Boom,1979,,
1b8248b7-381b-4b85-b046-a37129e5792a,Power Rangers,583,Boom,2023,,
5ae7b08d-919c-4c37-9763-9aca88f6dcd5,Power Rangers,584,Boom,1996,,
d39808fa-01fe-4564-800b-519142d412fd,Power Rangers,585,Boom,2014,,
830a75e8-f525-4d5e-bca9-4a6abe6582fd,Power Rangers,586,Boom,1972,,
389e41d9-7fdd-4e21-8778-353bea7095c9,Power Rangers,587,Boom,1968,,
b437f390-9c33-472b-aabe-b6d4db63311a,Power Rangers,588,Boom,1990,,
bb3c36dc-1f7b-44df-9036-9c242a4ce6b5,Power Rangers,589,Boom,2007,,
22a04b9b-6930-4334-97d4-2412d6492922,Power Rangers,590,Boom,2019,,
d6398253-624d-413d-8e8a-7f0045ff9ec8,Power Rangers,591,Boom,1987,,
15fb8e21-e752-4e4a-ba23-bc93fc4fae8f,Power Rangers,592,Boom,2018,,
e8774694-0e20-4910-a4a2-c7d7161166e8,Power Rangers,593,Boom,2003,,
a9f55824-fb0e-46c0-8629-45242c345d1f,Power Rangers,594,Boom,2013,,
9d7e6250-7935-4cd8-b2da-5dbf3a18a32c,Power Rangers,595,Boom,2020,,
14a77645-dd63-45b1-a2dc-e59e6acb2d04,Power Rangers,596,Boom,1989,,
9271a5e0-e316-40c9-a74d-de539e323224,Power Rangers,597,Boom,1996,,
0df9eb94-cf1f-4f5c-bc40-0253be9bdf30,Power Rangers,598,Boom,2015,,
ced8bf79-814d-4886-9fdc-8d2089a28f7f,Power Rangers,599,Boom,2002,,
f4d854f7-9d9b-4c48-9be9-92513db32475,Power Rangers,600,Boom,2009,,
802db846-5ec9-4ccc-981a-0ce33500b11d,Power Rangers,601,Boom,1996,,
7d243885-3534-4c98-a38c-28915ccce6fc,Power Rangers,602,Boom,1993,,
4cd0abc0-efa6-4952-94bd-62c61da9e0d7,Power Rangers,603,Boom,1970,,
cd2ce58c-a839-47bb-a492-0ee62f6385a1,Power Rangers,604,Boom,1987,,
9a005dd5-7bbf-4ebe-80ff-f1a4a6c9e325,Power Rangers,605,Boom,2007,,
a4171bbd-113e-4bb4-aa5f-5e1e0ef5aa89,Power Rangers,606,Boom,2012,,
9a9bc159-832a-4e0a-86ef-7d11476e6065,Power Rangers,607,Boom,1975,,
840ce706-db9d-4e0f-8474-288d580809db,Power Rangers,608,Boom,1992,,
062fcf5e-9b74-4ed6-89fb-c0458cad554d,Power Rangers,609,Boom,1977,,
61dc248c-56a7-466e-860e-67532e3f0405,Power Rangers,610,Boom,1962,,
1a9cc73b-0e93-4c87-93d6-3aaddaf6fe7d,Teenage Mutant Ninja Turtles,1,IDW,1964,,
55c153df-d0ca-4364-839e-2b8064470e3f,Teenage Mutant Ninja Turtles,2,IDW,1969,,
4519dbaa-87db-4906-9592-3ae4f40eafde,Teenage Mutant Ninja Turtles,3,IDW,1991,,
7b4b9e57-2a89-4da8-9bf4-a3fdc4aa7d25,Teenage Mutant Ninja Turtles,4,IDW,1981,,
e93bbec3-5192-4d70-a3c9-f50aa9e01a85,Teenage Mutant Ninja Turtles,5,IDW,2013,,
a9bfbf2e-b7c8-44fa-9a81-d5233917e716,Teenage Mutant Ninja Turtles,6,IDW,2024,,
8a2ae4b0-4ebe-4cb9-b6df-a2f279a40aa8,Teenage Mutant Ninja Turtles,7,IDW,2000,,
92db57b2-03a8-47ed-a8e8-df1348d601eb,Teenage Mutant Ninja Turtles,8,IDW,1984,,
3a9c4d56-dbf8-41a9-acd0-d1efa3a1356a,Teenage Mutant Ninja Turtles,9,IDW,1978,,
3f0d1567-ab31-4d66-812f-70c91f9133dc,Teenage Mutant Ninja Turtles,10,IDW,1962,,
e1d7bb7b-cc8c-437e-8518-953482bd4396,Teenage Mutant Ninja Turtles,11,IDW,1990,,
1f303865-c352-4b71-beb8-bee14fb0d1a0,Teenage Mutant Ninja Turtles,12,IDW,1963,,
d24c9e74-33e7-4abc-ab2f-d80e43853ec2,Teenage Mutant Ninja Turtles,13,IDW,1973,,
f229d6fa-ccec-4111-915b-ea8e9fb6d360,Teenage Mutant Ninja Turtles,14,IDW,2007,,
287b56a0-5519-4b8a-b6f2-a28edd5e4abf,Teenage Mutant Ninja Turtles,15,IDW,2010,,
f6bc694b-09f5-47e9-87c4-4722149e89f6,Teenage Mutant Ninja Turtles,16,IDW,1977,,
43f285e7-99fe-44be-98d9-317026101cbb,Teenage Mutant Ninja Turtles,17,IDW,1991,,
000442f9-48e5-4cdb-840f-0a5c736278e1,Teenage Mutant Ninja Turtles,18,IDW,1964,,
4e4401a3-11a9-465e-8029-79f3fb163e2d,Teenage Mutant Ninja Turtles,19,IDW,1961,,
f3b82297-a7b0-4c59-8431-ed14916b8622,Teenage Mutant Ninja Turtles,20,IDW,1998,,
6f61f848-ef35-4d17-aef1-08bfda89c9e5,Teenage Mutant Ninja Turtles,21,IDW,1963,,
a393ec10-ebdc-487b-9e30-5fb74c7b65a9,Teenage Mutant Ninja Turtles,22,IDW,1980,,
15bf659f-2b0a-446b-8ef8-8dbcbcee6c9f,Teenage Mutant Ninja Turtles,23,IDW,2020,,
300d0619-0a18-4cd0-be52-ac23d0163f3a,Teenage Mutant Ninja Turtles,24,IDW,1984,,
7d05607f-7623-4c65-863a-ea0b9ab6dd86,Teenage Mutant Ninja Turtles,25,IDW,1970,,
92ebfd22-559f-49f7-8223-bda449c5be27,Teenage Mutant Ninja Turtles,26,IDW,2019,,
a581545e-e9aa-4cde-9da4-6de4137b67e0,Teenage Mutant Ninja Turtles,27,IDW,2019,,
a6e36c78-82e2-4f89-b3c4-3cc67858f159,Teenage Mutant Ninja Turtles,28,IDW,1999,,
fd523bc6-a6b2-46ad-92f6-44b409832a46,Teenage Mutant Ninja Turtles,29,IDW,1982,,
ff0268d2-a9eb-431a-a62b-37f3299811c0,Teenage Mutant Ninja Turtles,30,IDW,1988,,
28aca968-827d-4175-980e-a0b0bf4660e3,Teenage Mutant Ninja Turtles,31,IDW,2002,,
88fa830a-449a-489d-b164-d1e04f31380b,Teenage Mutant Ninja Turtles,32,IDW,2007,,
93689361-1c34-492e-863a-ce7f568d7117,Teenage Mutant Ninja Turtles,33,IDW,2009,,
c7c76c6c-c1bc-4449-b496-6802e9ff2a32,Teenage Mutant Ninja Turtles,34,IDW,1974,,
849a48d0-1891-4c04-bb05-a4d9f93dbfcb,Teenage Mutant Ninja Turtles,35,IDW,1972,,
f53c7fb8-e72e-440c-b36e-6b337de42059,Teenage Mutant Ninja Turtles,36,IDW,2004,,
07058173-a33a-48ae-8476-027b909a7c84,Teenage Mutant Ninja Turtles,37,IDW,1992,,
8c82498d-7d93-40d9-a428-2d25b94b5fdf,Teenage Mutant Ninja Turtles,38,IDW,2021,,
58f8916e-2065-49ff-a906-85df085d975c,Teenage Mutant Ninja Turtles,39,IDW,1991,,
602bcb24-2a12-492e-bcf0-a88571913b90,Teenage Mutant Ninja Turtles,40,IDW,1982,,
2046f4f9-e22f-4654-a6c6-f255f73aab7a,Teenage Mutant Ninja Turtles,41,IDW,1976,,
adc2e543-a52f-4ef0-85a8-6349866a4eaf,Teenage Mutant Ninja Turtles,42,IDW,2011,,
ff3e610d-a10f-451a-b2f2-bb99b459534b,Teenage Mutant Ninja Turtles,43,IDW,1960,,
ed303355-0f59-42b6-8cc8-165c48e6803b,Teenage Mutant Ninja Turtles,44,IDW,2018,,
494f677d-9f41-43b9-b2c7-de50b9aed6a5,Teenage Mutant Ninja Turtles,45,IDW,2000,,
89a1cc03-4ce8-427d-bb0f-5ec186e62f7f,Teenage Mutant Ninja Turtles,46,IDW,1967,,
46f4ca21-47a6-48f2-ad9e-96b4e9f33cb2,Teenage Mutant Ninja Turtles,47,IDW,1978,,
498619bb-29a5-4d92-bf9c-c665972c8b56,Teenage Mutant Ninja Turtles,48,IDW,1977,,
665d620b-7121-4912-bd4b-654a28ccd91b,Teenage Mutant Ninja Turtles,49,IDW,2001,,
9ce4927c-66de-48e9-9b24-07f02cc89b81,Teenage Mutant Ninja Turtles,50,IDW,2010,,
70583592-7d47-46d3-8577-fb081cb446c4,Teenage Mutant Ninja Turtles,51,IDW,2021,,
81a25282-6e5c-4e8d-97ae-5c3f6484df97,Teenage Mutant Ninja Turtles,52,IDW,2013,,
fe5e9a2d-732b-4b2b-9436-3a51b2c86da2,Teenage Mutant Ninja Turtles,53,IDW,1973,,
20f1e971-379f-40d6-84fb-103f2a990235,Teenage Mutant Ninja Turtles,54,IDW,2003,,
5d080151-00f6-40c8-bbbe-dfb218b767c2,Teenage Mutant Ninja Turtles,55,IDW,1992,,
2532914a-b90f-4c3d-b446-4d671b0977a4,Teenage Mutant Ninja Turtles,56,IDW,1987,,
c9af960d-90b7-4e3d-9faa-b132bf4d2c24,Teenage Mutant Ninja Turtles,57,IDW,1986,,
931af450-bbcd-44dc-b0e1-ffa44b51dff5,Teenage Mutant Ninja Turtles,58,IDW,2019,,
663f4b0c-fc34-4245-ba46-bcc2d26824f3,Teenage Mutant Ninja Turtles,59,IDW,2008,,
4eb5bbe6-b752-4c26-a6bc-8f0416de41ce,Teenage Mutant Ninja Turtles,60,IDW,1983,,
312fe6bb-2ea0-4f41-bf3d-8e5b9147a93e,Teenage Mutant Ninja Turtles,61,IDW,2000,,
65e61280-ce03-4078-8569-1832f9aee122,Teenage Mutant Ninja Turtles,62,IDW,2024,,
6f516fd6-fb28-4bb7-878b-e5a62fbedd0f,Teenage Mutant Ninja Turtles,63,IDW,1969,,
3e9159a0-bd13-4e5b-96dc-93beb1420d11,Teenage Mutant Ninja Turtles,64,IDW,2024,,
84d7d5e5-979d-486d-8ee2-cdd2cff30961,Teenage Mutant Ninja Turtles,65,IDW,1973,,
34fbe298-da3d-487a-b6d8-d92d410cc8b4,Teenage Mutant Ninja Turtles,66,IDW,2004,,
1b700b1c-b0f0-439d-8668-c1b0bf6c2f04,Teenage Mutant Ninja Turtles,67,IDW,2017,,
6f144966-008b-407c-b363-253a1aa55387,Teenage Mutant Ninja Turtles,68,IDW,1984,,
5140e447-2c7e-4e5a-b222-36a5ab8f07cd,Teenage Mutant Ninja Turtles,69,IDW,2020,,
cdba606e-53ca-4d50-9e64-7d3e69395ee5,Teenage Mutant Ninja Turtles,70,IDW,1994,,
0964b3bc-7857-42db-b1f6-7fb060b98e23,Teenage Mutant Ninja Turtles,71,IDW,2014,,
10a41fb9-8ee4-4c6d-9f36-f510b6fc6a10,Teenage Mutant Ninja Turtles,72,IDW,1993,,
604c9fb5-11f9-4de4-a16a-99a917528285,Teenage Mutant Ninja Turtles,73,IDW,1983,,
955d5b98-3a43-4c01-b0b0-603cd22439b1,Teenage Mutant Ninja Turtles,74,IDW,1997,,
c4d7e563-8917-4418-89b9-ef0ad71db1c7,Teenage Mutant Ninja Turtles,75,IDW,2019,,
efed476b-eb47-4244-8ace-7a00c184c71c,Teenage Mutant Ninja Turtles,76,IDW,2007,,
2f90e34b-5113-466a-9948-70f8fd12cfb8,Teenage Mutant Ninja Turtles,77,IDW,1962,,
957cdebf-0fbb-46b9-af58-df656d7394a0,Teenage Mutant Ninja Turtles,78,IDW,1980,,
a97e8f55-0e14-4a16-91b4-967fa8385c9d,Teenage Mutant Ninja Turtles,79,IDW,1995,,
33cbc806-8c1e-42e0-b5d9-b418a5afe0fe,Teenage Mutant Ninja Turtles,80,IDW,1982,,
0f7c94a1-23c8-4a35-961e-2c83e5c180b7,Teenage Mutant Ninja Turtles,81,IDW,2005,,
eba5716d-d423-40bf-991a-0dc7fbe933d2,Teenage Mutant Ninja Turtles,82,IDW,1976,,
48c246bf-c970-47e7-956e-7ca1c16f72b2,Teenage Mutant Ninja Turtles,83,IDW,1999,,
027e7ff9-7497-4cde-8270-6a98f1f79c0b,Teenage Mutant Ninja Turtles,84,IDW,2007,,
8e292141-1338-4b7f-abff-d6ef8c552c2d,Teenage Mutant Ninja Turtles,85,IDW,2012,,
a0eaafa4-ba91-4039-afdb-f98a7464d5bd,Teenage Mutant Ninja Turtles,86,IDW,1971,,
e4eb67a8-78de-4305-ac7f-ffeb346abe0b,Teenage Mutant Ninja Turtles,87,IDW,1971,,
6537b927-6bb3-4792-a73c-1abe650208aa,Teenage Mutant Ninja Turtles,88,IDW,1979,,
3522293a-7952-49f5-bc20-2143dd447f6e,Teenage Mutant Ninja Turtles,89,IDW,2002,,
180f7fb1-1691-4f79-8aa4-3618119102cf,Teenage Mutant Ninja Turtles,90,IDW,2009,,
84202d79-783f-491b-8c6a-561c6c31264b,Teenage Mutant Ninja Turtles,91,IDW,1968,,
c29d2518-b8bb-447d-a79a-873110e0e262,Teenage Mutant Ninja Turtles,92,IDW,2007,,
aba83121-6c55-4c29-85a3-72b8cbd6414e,Teenage Mutant Ninja Turtles,93,IDW,2016,,
492d7762-5379-48b3-8edc-d0b271520192,Teenage Mutant Ninja Turtles,94,IDW,2009,,
4cdafc09-44f0-43dd-925f-a280babea78d,Teenage Mutant Ninja Turtles,95,IDW,2001,,
d4a60c12-e8f4-44b3-a94c-5ded8e647723,Teenage Mutant Ninja Turtles,96,IDW,1969,,
82ca05f3-cbae-4ccc-9c94-fc7b0403918e,Teenage Mutant Ninja Turtles,97,IDW,1996,,
4d6d04e9-4c7c-4bcb-a3a3-52daa92c9a29,Teenage Mutant Ninja Turtles,98,IDW,2006,,
ecb449fc-ac5e-4521-864a-c23f8bd063b3,Teenage Mutant Ninja Turtles,99,IDW,1982,,
a1c64135-c396-42fd-925d-80d431a6fbfe,Teenage Mutant Ninja Turtles,100,IDW,2021,,
ee85e671-abda-4513-aa8e-0f7d76b96bcc,Teenage Mutant Ninja Turtles,101,IDW,1969,,
77789bb6-db4f-40dd-b634-9ef828d19a15,Teenage Mutant Ninja Turtles,102,IDW,1995,,
2a3d13ea-3174-4620-a824-72b46a757b9d,Teenage Mutant Ninja Turtles,103,IDW,1986,,
9e3f3b9b-7c5f-4621-aacd-abba6267afe1,Teenage Mutant Ninja Turtles,104,IDW,1972,,
c54d1df0-e5c9-49a3-b180-dfb847dc4a06,Teenage Mutant Ninja Turtles,105,IDW,1989,,
50f62f75-c56e-47f9-8b77-a4ba56c3aca7,Teenage Mutant Ninja Turtles,106,IDW,2019,,
4bb4c807-528f-44ce-ab8f-1d827843940b,Teenage Mutant Ninja Turtles,107,IDW,1963,,
9242670f-ce94-43a6-844e-d7b9275e5ade,Teenage Mutant Ninja Turtles,108,IDW,1970,,
bab620a2-d660-4497-acb6-acec224373d4,Teenage Mutant Ninja Turtles,109,IDW,2004,,
2b097551-37c1-4e95-87cf-2f24eb7dbb10,Teenage Mutant Ninja Turtles,110,IDW,1961,,
802f900e-27c0-4ed5-a50a-44d1963411b6,Teenage Mutant Ninja Turtles,111,IDW,2017,,
e0141f84-005f-418f-a5ef-4906b11bee02,Teenage Mutant Ninja Turtles,112,IDW,1971,,
78a5b372-679b-4360-af3b-9a4c94fd02ae,Teenage Mutant Ninja Turtles,113,IDW,1988,,
071421b3-f6d7-4a3b-b8ed-0a5dc6332560,Teenage Mutant Ninja Turtles,114,IDW,2000,,
6d873e36-b7ba-4e3d-a550-1c585e89f569,Teenage Mutant Ninja Turtles,115,IDW,1986,,
ce807ff1-8f10-4400-b2db-47dce999c27d,Teenage Mutant Ninja Turtles,116,IDW,1976,,
ca288def-7cdd-4157-8cdd-3e892ba16a9c,Teenage Mutant Ninja Turtles,117,IDW,2001,,
ee9eda21-742c-4213-9886-55c8b7843474,Teenage Mutant Ninja Turtles,118,IDW,1988,,
6e9bdf93-b2ba-44e1-8291-59e29883cac7,Teenage Mutant Ninja Turtles,119,IDW,1986,,
9bbafd62-3602-4732-b9f6-dd4caa3a9a56,Teenage Mutant Ninja Turtles,120,IDW,2001,,
5eee7a4b-dfbb-4acd-b699-6167915aa885,Teenage Mutant Ninja Turtles,121,IDW,1993,,
3aa2c12d-ef4f-4918-96f6-2c1c8909e4f5,Teenage Mutant Ninja Turtles,122,IDW,2012,,
001dee3c-9dbb-4165-9aef-65b43fda2b0c,Teenage Mutant Ninja Turtles,123,IDW,1976,,
874a7d82-747f-4f4b-8296-6ff9a02f7663,Teenage Mutant Ninja Turtles,124,IDW,2024,,
d4bb2c70-2e3d-4160-bf4a-2013c362e7bd,Teenage Mutant Ninja Turtles,125,IDW,2022,,
890f8e73-7f18-47af-9842-435e4d0c023e,Teenage Mutant Ninja Turtles,126,IDW,2010,,
cb061394-a559-470d-9c6f-cd5c8cb6a54a,Teenage Mutant Ninja Turtles,127,IDW,1988,,
e39a6a5a-399c-4812-9305-1a52179e0a8a,Teenage Mutant Ninja Turtles,128,IDW,1995,,
c64eb9b5-f43c-496b-bdea-9b32103f6ec3,Teenage Mutant Ninja Turtles,129,IDW,2009,,
76e18c4d-2090-47ea-b497-2ea0342a4ca7,Teenage Mutant Ninja Turtles,130,IDW,2014,,
e9cc658e-a7cc-4c13-abb4-6f636ec93f04,Teenage Mutant Ninja Turtles,131,IDW,2017,,
1eca8991-3333-4ee5-8d3b-cfc21bfe0833,Teenage Mutant Ninja Turtles,132,IDW,1978,,
d5840c55-1452-4907-8bcf-eb53cd3c3ced,Teenage Mutant Ninja Turtles,133,IDW,2000,,
1c5d4b11-43a3-46ac-a826-e8add36bd82f,Teenage Mutant Ninja Turtles,134,IDW,2017,,
ff1d7837-34f6-4aa8-b0db-83598641e98d,Teenage Mutant Ninja Turtles,135,IDW,1980,,
fd0c7802-1382-434b-80de-0d940a6733c6,Teenage Mutant Ninja Turtles,136,IDW,2016,,
b805b936-3dce-4c77-a98a-21af391f0be0,Teenage Mutant Ninja Turtles,137,IDW,1977,,
7a48f026-1b46-4925-b675-7ee8f95d263a,Teenage Mutant Ninja Turtles,138,IDW,1971,,
6c160dee-11ec-499a-97d4-26bfe1b6111c,Teenage Mutant Ninja Turtles,139,IDW,1961,,
feba9aad-2418-4bc9-a2b5-48f264b892d5,Teenage Mutant Ninja Turtles,140,IDW,1999,,
1163ff55-50cc-4679-8ed3-b03770e21e88,Teenage Mutant Ninja Turtles,141,IDW,2008,,
1cb69cd8-e558-482b-a1cc-6e76a7ff57aa,Teenage Mutant Ninja Turtles,142,IDW,2014,,
abde89a4-86cd-43b5-93de-1565824027f0,Teenage Mutant Ninja Turtles,143,IDW,2001,,
f70acd17-b583-4ecf-b97d-648fe51244fb,Teenage Mutant Ninja Turtles,144,IDW,2012,,
63006323-80c6-49a9-8cec-504eadae27fd,Teenage Mutant Ninja Turtles,145,IDW,2011,,
7602336d-a5a9-406f-98fd-def3f6001cb4,Teenage Mutant Ninja Turtles,146,IDW,2002,,
24504b22-6510-499a-9128-8a87af48150d,Teenage Mutant Ninja Turtles,147,IDW,1987,,
3f04a236-5ad8-49fa-bd5d-66ee3b61668d,Teenage Mutant Ninja Turtles,148,IDW,2008,,
e5a5676f-69b6-474d-b264-f31705fbeef3,Teenage Mutant Ninja Turtles,149,IDW,2023,,
91c901fb-a318-4b8a-91bd-dda3fe42d49f,Teenage Mutant Ninja Turtles,150,IDW,2006,,
60c5b74c-cbac-486a-ac10-f02098a82438,Teenage Mutant Ninja Turtles,151,IDW,1967,,
609f1109-dc40-4659-9f64-d533b3b4ec8f,Teenage Mutant Ninja Turtles,152,IDW,1962,,
c275b0f5-d0a5-4a04-bede-4d82a32bc98c,Teenage Mutant Ninja Turtles,153,IDW,2023,,
6db92916-3eba-4ead-b894-5ad673dfaa99,Teenage Mutant Ninja Turtles,154,IDW,1986,,
c017b684-7d00-413a-b0fd-948203fb53d6,Teenage Mutant Ninja Turtles,155,IDW,1993,,
50a4ac0a-a1de-4364-a662-57b2f475b09e,Teenage Mutant Ninja Turtles,156,IDW,2002,,
85fbacbe-72de-425f-8b9e-292173fa1759,Teenage Mutant Ninja Turtles,157,IDW,2012,,
0d4c37da-7ecb-4360-98b4-17b4924b750f,Teenage Mutant Ninja Turtles,158,IDW,2015,,
118615e5-5f72-4516-89b1-45578dcdbf2f,Teenage Mutant Ninja Turtles,159,IDW,1964,,
06df404d-c023-463c-ac64-50bff53fde6a,Teenage Mutant Ninja Turtles,160,IDW,1993,,
0a57a271-4694-4584-8c54-94118b8edcf6,Teenage Mutant Ninja Turtles,161,IDW,2023,,
65712557-9a46-4b79-9ca0-b180e1f1a0f3,Teenage Mutant Ninja Turtles,162,IDW,2011,,
15d90806-1cef-40d5-afcc-7f65345e7377,Teenage Mutant Ninja Turtles,163,IDW,1980,,
1842864c-0907-4430-bccf-f53c5a66922c,Teenage Mutant Ninja Turtles,164,IDW,2003,,
1f0d5723-8a76-41b2-8ade-e442aead4a15,Teenage Mutant Ninja Turtles,165,IDW,1981,,
a7b32cf2-7fbc-428a-ac3c-98215cc889b8,Teenage Mutant Ninja Turtles,166,IDW,1972,,
3be38af7-ab10-4731-9c87-564947b492fe,Teenage Mutant Ninja Turtles,167,IDW,2022,,
882cb68d-f6f6-4dba-bc2f-b41a7f08f434,Teenage Mutant Ninja Turtles,168,IDW,2016,,
2540aa21-a6b8-4b2a-bec6-4287f7f31a18,Teenage Mutant Ninja Turtles,169,IDW,1960,,
69899aa0-43a1-4ae4-b032-eeff188fd279,Teenage Mutant Ninja Turtles,170,IDW,2018,,
2a9f235c-013f-449a-9c58-7f5ddc1f2e50,Teenage Mutant Ninja Turtles,171,IDW,2022,,
9ad7033c-d080-4ff3-ab44-d574a0da4396,Teenage Mutant Ninja Turtles,172,IDW,1974,,
ff1a508d-d4e9-494c-8e1b-e253e2c0efae,Teenage Mutant Ninja Turtles,173,IDW,2024,,
f86dfe85-eaee-447a-8912-31a0880641f0,Teenage Mutant Ninja Turtles,174,IDW,2023,,
b04e24bd-18f7-496f-b6e6-ec25f2ab4d69,Teenage Mutant Ninja Turtles,175,IDW,1983,,
5798ff92-902c-4328-8b67-29f0e7f9d45d,Teenage Mutant Ninja Turtles,176,IDW,2019,,
73997915-2564-4d57-aba5-b27204736452,Teenage Mutant Ninja Turtles,177,IDW,2006,,
07a9583d-f678-488d-81de-1509ec04e574,Teenage Mutant Ninja Turtles,178,IDW,1994,,
ae54da86-b663-47c7-b03f-a163af292b93,Teenage Mutant Ninja Turtles,179,IDW,1989,,
af91e6c0-95cb-406b-b32c-95ae29216b5e,Teenage Mutant Ninja Turtles,180,IDW,2002,,
dfa2a460-7078-4560-8bd3-1b7258673cf7,Teenage Mutant Ninja Turtles,181,IDW,1989,,
49bf9686-21dc-4ff9-ad97-95eec3c90ecd,Teenage Mutant Ninja Turtles,182,IDW,2024,,
d408e1b2-5e45-4305-9aa7-547408476979,Teenage Mutant Ninja Turtles,183,IDW,1960,,
d4b7542b-1105-4d2b-a7de-c132e381747f,Teenage Mutant Ninja Turtles,184,IDW,1965,,
01ed5f31-4bfd-417d-bbd8-737f3c94386d,Teenage Mutant Ninja Turtles,185,IDW,1969,,
0d6c8bc4-5c11-4616-b020-718f953ef221,Teenage Mutant Ninja Turtles,186,IDW,1964,,
a2790450-3a0e-4232-8399-9299b40d718a,Teenage Mutant Ninja Turtles,187,IDW,1994,,
22c13016-ba1c-422f-815b-43ef27a22dfa,Teenage Mutant Ninja Turtles,188,IDW,1987,,
09877608-af9b-476c-9dd4-c1074f4e36ec,Teenage Mutant Ninja Turtles,189,IDW,2021,,
682c90c0-ffa0-4035-9ec5-559cdd75ef5a,Teenage Mutant Ninja Turtles,190,IDW,1994,,
a6ae2d1e-a1fc-436e-982b-e7ebf51052a4,Teenage Mutant Ninja Turtles,191,IDW,1983,,
4da95d32-871a-4465-ab3f-6271eb2b9e87,Teenage Mutant Ninja Turtles,192,IDW,1961,,
64419384-40bc-4241-8472-2d299b4f7a30,Teenage Mutant Ninja Turtles,193,IDW,2023,,
f4a73733-9bec-43ac-aa29-286c91107497,Teenage Mutant Ninja Turtles,194,IDW,2012,,
ef65dd6f-7ea8-460a-bc2b-eab0e6ef6002,Teenage Mutant Ninja Turtles,195,IDW,1976,,
49f68d6c-feef-4b73-961a-081eb0ee0de5,Teenage Mutant Ninja Turtles,196,IDW,2017,,
3237a0ef-5a14-4e5f-bf7b-d3a61f8accd7,Teenage Mutant Ninja Turtles,197,IDW,1967,,
bda15491-23f4-439d-8972-3333d51d4d80,Teenage Mutant Ninja Turtles,198,IDW,1970,,
db6f2b96-1b60-4e4a-9505-7b577d7cdf46,Teenage Mutant Ninja Turtles,199,IDW,1987,,
bbacfd67-57c8-4f3b-ad36-1a5db1b6f622,Teenage Mutant Ninja Turtles,200,IDW,2021,,
4a97a5f3-f884-4d01-bba0-88e3b0d3ea33,Teenage Mutant Ninja Turtles,201,IDW,1972,,
98126990-a2c7-4b3a-844c-7b95c9bf006d,Teenage Mutant Ninja Turtles,202,IDW,1960,,
3de1019a-5703-4ea7-a0f7-13af21dcd1fa,Teenage Mutant Ninja Turtles,203,IDW,1960,,
2fefbd31-c7b2-46e9-b798-8ee288597bb5,Teenage Mutant Ninja Turtles,204,IDW,1984,,
aa6177b5-7e33-4db0-9f15-d1ba0318229f,Teenage Mutant Ninja Turtles,205,IDW,2002,,
e1ec2541-93a2-4977-8652-df5e76584dfa,Teenage Mutant Ninja Turtles,206,IDW,1960,,
db80dedf-2e95-41bc-abbf-5c9c32d2d65f,Teenage Mutant Ninja Turtles,207,IDW,1969,,
e15c0bf7-3ead-467e-b1a5-bce989af79fb,Teenage Mutant Ninja Turtles,208,IDW,2023,,
28e1680d-c11e-4e66-9e50-385f7e684782,Teenage Mutant Ninja Turtles,209,IDW,1980,,
e7c9d839-f15a-40e3-98cc-56b6ac38d4f5,Teenage Mutant Ninja Turtles,210,IDW,2000,,
febdae66-c5cc-445f-926d-a7860e53a1ce,Teenage Mutant Ninja Turtles,211,IDW,1974,,
a7db262d-c4de-42f2-9fea-726149d1ca43,Teenage Mutant Ninja Turtles,212,IDW,1997,,
4f48dbc0-ecaa-455d-9c45-e2177e2b73aa,Teenage Mutant Ninja Turtles,213,IDW,2014,,
22b6c395-4176-4aee-ab37-5b3857346d0c,Teenage Mutant Ninja Turtles,214,IDW,2007,,
3c3c0152-8d93-4453-b1fa-a07582f129f2,Teenage Mutant Ninja Turtles,215,IDW,1988,,
09b2f6b2-eb60-4f12-b510-4ecfa31d932e,Teenage Mutant Ninja Turtles,216,IDW,1991,,
18c9df79-aca1-4df1-aef0-7baa4b385e78,Teenage Mutant Ninja Turtles,217,IDW,1980,,
7c512dc5-7c19-476c-b0d9-a05b62aad1e5,Teenage Mutant Ninja Turtles,218,IDW,2020,,
7a37edc3-63bd-42fe-b6d8-6f244152deb7,Teenage Mutant Ninja Turtles,219,IDW,1964,,
923d1e7f-190a-436e-a185-32f7ca0166ce,Teenage Mutant Ninja Turtles,220,IDW,1982,,
5c3069d1-e90f-46ca-9a73-a21a5434836e,Teenage Mutant Ninja Turtles,221,IDW,1997,,
c65e3737-4f02-442e-b6be-432918cff384,Teenage Mutant Ninja Turtles,222,IDW,1985,,
a864d5fb-a007-457d-85e1-63a951a4f6b1,Teenage Mutant Ninja Turtles,223,IDW,1990,,
900e4154-3c22-471a-be53-e7f0a073f7d4,Teenage Mutant Ninja Turtles,224,IDW,2010,,
7a1fe395-175f-4b59-ade8-9cc22a74b52a,Teenage Mutant Ninja Turtles,225,IDW,1969,,
32372b37-4e23-47d8-a519-65333a38900a,Teenage Mutant Ninja Turtles,226,IDW,2022,,
4a35f2fd-fbec-45d8-b3b3-ec2cea31f9d5,Teenage Mutant Ninja Turtles,227,IDW,1973,,
e7f8c59e-87d8-47e0-97e0-7a9eddfc400c,Teenage Mutant Ninja Turtles,228,IDW,2020,,
9a4294f6-0d5c-496b-9b04-83dfcb3db188,Teenage Mutant Ninja Turtles,229,IDW,1971,,
a387a53b-2f41-473d-9354-26edcbfa4642,Teenage Mutant Ninja Turtles,230,IDW,2001,,
1ae51f6b-552e-48e6-8f84-1742f1c650ed,Teenage Mutant Ninja Turtles,231,IDW,1997,,
afbcb17d-077b-428f-ad6a-d45ae84d66d6,Teenage Mutant Ninja Turtles,232,IDW,2010,,
f4e029dc-5c73-41cf-863b-6b487fd88ac4,Teenage Mutant Ninja Turtles,233,IDW,2022,,
f6288e0b-3d7d-4776-988c-282c06a3ae75,Teenage Mutant Ninja Turtles,234,IDW,2020,,
d6c3ef56-fb35-4974-9b69-e428eb71f893,Teenage Mutant Ninja Turtles,235,IDW,1961,,
003b8b23-5fea-4ad2-afa7-c1252d092243,Teenage Mutant Ninja Turtles,236,IDW,1971,,
e69c015d-e1c4-4f26-b249-617e3d90277a,Teenage Mutant Ninja Turtles,237,IDW,2024,,
476d8512-21b7-4e9e-b9bc-2bff95b90459,Teenage Mutant Ninja Turtles,238,IDW,1989,,
97eb5990-494f-414d-a8b8-cb9ba74e1114,Teenage Mutant Ninja Turtles,239,IDW,1961,,
d8599f08-b5bc-47c8-9954-66c1fc681ea8,Teenage Mutant Ninja Turtles,240,IDW,1973,,
eeb24222-3a75-4ae2-8a20-0de59adfdc66,Teenage Mutant Ninja Turtles,241,IDW,1987,,
d426ba17-5f14-4887-9464-74467dcc650f,Teenage Mutant Ninja Turtles,242,IDW,2021,,
532d6660-d472-4e9f-bba1-20bd22410a65,Teenage Mutant Ninja Turtles,243,IDW,1984,,
37a2cf35-ac48-4ee5-b3ac-c59624980159,Teenage Mutant Ninja Turtles,244,IDW,2018,,
0bc073d8-afb1-47e9-b58c-b3a7eaacdd1c,Teenage Mutant Ninja Turtles,245,IDW,1978,,
2b7ad12f-b6b4-493d-932c-ceb71210f067,Teenage Mutant Ninja Turtles,246,IDW,1962,,
56d822b8-08f0-4c63-b7cc-2f1145d4c4d4,Teenage Mutant Ninja Turtles,247,IDW,1975,,
b175d84b-0c17-47f8-b395-c1d980bc068b,Teenage Mutant Ninja Turtles,248,IDW,2006,,
72049681-002e-43d1-b601-0579f5f65692,Teenage Mutant Ninja Turtles,249,IDW,1981,,
549913a7-c2a6-4a4d-bb82-462cd994b055,Teenage Mutant Ninja Turtles,250,IDW,2011,,
8771f5e9-061a-47e4-b1f0-e1890d126d16,Teenage Mutant Ninja Turtles,251,IDW,1992,,
f124da5b-a71b-4002-bf2a-f0d70dd20b08,Teenage Mutant Ninja Turtles,252,IDW,1981,,
f76c1adf-5487-43a8-81be-2601537c4b42,Teenage Mutant Ninja Turtles,253,IDW,1978,,
b0ad2194-9a76-46a6-838f-bf25f4c650cf,Teenage Mutant Ninja Turtles,254,IDW,1984,,
4cd1fd64-d094-4cbd-8ecf-4bc796cda2d2,Teenage Mutant Ninja Turtles,255,IDW,2024,,
ba790803-c71c-4a39-a946-79b2e0c66721,Teenage Mutant Ninja Turtles,256,IDW,1980,,
e9a3ae6c-ecf1-4ec4-847e-882c7a296404,Teenage Mutant Ninja Turtles,257,IDW,2014,,
ce4fbef8-b667-42f0-82ab-abcd46aa17bb,Teenage Mutant Ninja Turtles,258,IDW,1961,,
2126cfe7-e003-4096-82a8-7a5ad24278a5,Teenage Mutant Ninja Turtles,259,IDW,1988,,
2b2710b8-fbfb-4c6d-87b7-0f4793eedf6d,Teenage Mutant Ninja Turtles,260,IDW,1983,,
1152082b-bd4e-469d-9cef-59b1d856991c,Teenage Mutant Ninja Turtles,261,IDW,1994,,
c4476d6a-b786-4338-86c3-265eb7a24f2d,Teenage Mutant Ninja Turtles,262,IDW,1979,,
241db5a6-49f7-4bb3-adc4-ac48e9cc87f9,Teenage Mutant Ninja Turtles,263,IDW,1970,,
e0133c46-bc88-4e3b-a5da-a1a2352b8b7a,Teenage Mutant Ninja Turtles,264,IDW,2015,,
b94d9dec-115a-4fcc-82ac-359a11870eb7,Teenage Mutant Ninja Turtles,265,IDW,1964,,
9776675f-7f00-4724-9a18-81a70d061ac5,Teenage Mutant Ninja Turtles,266,IDW,2024,,
c829e019-7062-46d3-ad01-d12edbe658c3,Teenage Mutant Ninja Turtles,267,IDW,2000,,
26daee4b-eb72-4f4b-af5f-a43b0bfa49b7,Teenage Mutant Ninja Turtles,268,IDW,1989,,
0b4556d1-84b6-4347-befb-e5f5f6f13a6f,Teenage Mutant Ninja Turtles,269,IDW,1997,,
d54e1b90-fd8b-402f-8aba-b85f952f5158,Teenage Mutant Ninja Turtles,270,IDW,1976,,
366d685e-3d12-4d21-8908-d0a6577080c7,Teenage Mutant Ninja Turtles,271,IDW,1977,,
725592bc-35d2-4646-9e13-9d43fa0a8bdb,Teenage Mutant Ninja Turtles,272,IDW,1973,,
81704773-8020-4efe-8ddd-7936fc7aa7ed,Teenage Mutant Ninja Turtles,273,IDW,2017,,
fe885314-b7bd-4dfe-9590-185b0d23ab5d,Teenage Mutant Ninja Turtles,274,IDW,2008,,
7a3b7502-8032-41f3-8257-aaaf97d83e0b,Teenage Mutant Ninja Turtles,275,IDW,2022,,
e0a4b25a-68da-4d60-b27d-62acf17ba3ec,Teenage Mutant Ninja Turtles,276,IDW,2018,,
e1114e6d-5482-460e-b8ff-395049005ae2,Teenage Mutant Ninja Turtles,277,IDW,2020,,
816e7d18-1109-4d27-a519-3debf461e1f3,Teenage Mutant Ninja Turtles,278,IDW,1975,,
2f36e37f-4a8f-4b11-872a-67864f2815ce,Teenage Mutant Ninja Turtles,279,IDW,1971,,
191ba600-74fa-465d-9636-5fc939ec9f69,Teenage Mutant Ninja Turtles,280,IDW,1980,,
0cf0247d-0873-444a-97a0-876295b5813d,Teenage Mutant Ninja Turtles,281,IDW,1987,,
f235bdaf-7546-49bd-9275-f7d78774cebe,Teenage Mutant Ninja Turtles,282,IDW,1968,,
f949e23b-356c-4b80-ad99-4509206d4eee,Teenage Mutant Ninja Turtles,283,IDW,1995,,
f6c7f80a-74aa-463a-9815-77e850468f4a,Teenage Mutant Ninja Turtles,284,IDW,1998,,
45ed5559-7742-4663-b26d-92ea97f280e2,Teenage Mutant Ninja Turtles,285,IDW,1977,,
1fa97e0d-0e9c-4c93-98b8-3a90ae7452ab,Teenage Mutant Ninja Turtles,286,IDW,1973,,
df208578-7a8d-429e-9f92-c4ca2f317b32,Teenage Mutant Ninja Turtles,287,IDW,1994,,
351ccf34-eb8b-4483-a7b3-698e7b9c219a,Teenage Mutant Ninja Turtles,288,IDW,1999,,
58a4829c-7ab3-4c6b-94af-5230f647525c,Teenage Mutant Ninja Turtles,289,IDW,2016,,
95a9cf3f-2e72-4c62-ae29-f6b6b9a4d6e0,Teenage Mutant Ninja Turtles,290,IDW,1998,,
f97ff07d-e351-4148-a6e0-a5c1e0fb499d,Teenage Mutant Ninja Turtles,291,IDW,1962,,
cbd7407c-d84a-4ce7-b026-d5bda3610e24,Teenage Mutant Ninja Turtles,292,IDW,1991,,
28236307-c11e-44e8-8409-ac5161992c16,Teenage Mutant Ninja Turtles,293,IDW,1960,,
c862ef77-9e1b-4fdc-8aa6-cf121080152b,Teenage Mutant Ninja Turtles,294,IDW,2000,,
6a462653-84d9-49d1-af45-fea5eeef4b7b,Teenage Mutant Ninja Turtles,295,IDW,1979,,
81f88a98-67f6-43b3-94a6-ceaf32356fd3,Teenage Mutant Ninja Turtles,296,IDW,2013,,
52af4d85-b38a-48f1-a39d-af4b98a15072,Teenage Mutant Ninja Turtles,297,IDW,2023,,
5cfd0f72-5765-4e2f-9e9e-b0b7714590cc,Teenage Mutant Ninja Turtles,298,IDW,1978,,
c57b26f3-26f1-4f28-86df-dab8f5ddd7c3,Teenage Mutant Ninja Turtles,299,IDW,1962,,
fb0ade0a-714b-49fc-99c7-7f08b9a60c18,Teenage Mutant Ninja Turtles,300,IDW,2012,,
31c34b0f-7c80-42e8-9bac-4b014c86c4a2,Teenage Mutant Ninja Turtles,301,IDW,2007,,
c5bdddd6-0484-4608-846e-64812cc692db,Teenage Mutant Ninja Turtles,302,IDW,2023,,
e0c2f9e7-8d17-4f20-9efd-1e73f4f0ad96,Teenage Mutant Ninja Turtles,303,IDW,1989,,
b8b773b2-a692-4763-9a59-9a8f2c37349f,Teenage Mutant Ninja Turtles,304,IDW,1975,,
87cc23d9-a279-4c5c-af8b-14261ef084f2,Teenage Mutant Ninja Turtles,305,IDW,1960,,
88c86c0f-0f56-4db7-a685-214fa9757fca,Teenage Mutant Ninja Turtles,306,IDW,1961,,
04dc2f03-6d97-49a0-a4df-f9ad881a83e4,Teenage Mutant Ninja Turtles,307,IDW,1970,,
d41e3142-51c7-47c6-a54a-a466802281b7,Teenage Mutant Ninja Turtles,308,IDW,2022,,
c52564df-d6c1-4147-b455-18bf0cb11741,Teenage Mutant Ninja Turtles,309,IDW,1970,,
01be6279-7aa1-4b77-b599-eb1bba092194,Teenage Mutant Ninja Turtles,310,IDW,1980,,
7e2d29dd-c363-40d3-ab06-fe90df105a3b,Teenage Mutant Ninja Turtles,311,IDW,1986,,
fc4c8876-ab87-4380-b045-49ecea936fae,Teenage Mutant Ninja Turtles,312,IDW,2023,,
b72c4868-c4fb-49b4-96db-d2192f7857b1,Teenage Mutant Ninja Turtles,313,IDW,1981,,
b35ba523-f115-4509-adda-be78937a9709,Teenage Mutant Ninja Turtles,314,IDW,1987,,
aac7c0b0-5a74-44eb-8e39-372adc95fab8,Teenage Mutant Ninja Turtles,315,IDW,1966,,
7d1258dd-852c-4736-98cd-a2fb939d4618,Teenage Mutant Ninja Turtles,316,IDW,1972,,
199419eb-9a0a-49be-953d-489050bb25a9,Teenage Mutant Ninja Turtles,317,IDW,1979,,
08767485-737c-46bd-894a-1dec364b7aad,Teenage Mutant Ninja Turtles,318,IDW,1972,,
021e5989-8496-4a8a-9c88-32b74f334ef9,Teenage Mutant Ninja Turtles,319,IDW,1961,,
17f76055-9671-40a2-86a2-384ef0c1161f,Teenage Mutant Ninja Turtles,320,IDW,1996,,
a4cc0be0-45b1-4d05-834f-d195522d9ca6,Teenage Mutant Ninja Turtles,321,IDW,2006,,
554da7f9-893b-46b2-83df-317e6fa9cbe9,Teenage Mutant Ninja Turtles,322,IDW,1962,,
442c82f4-ec59-4235-b7e1-d76b3e306dba,Teenage Mutant Ninja Turtles,323,IDW,1968,,
5902b960-e11a-45ab-9f40-c1f60e91147b,Teenage Mutant Ninja Turtles,324,IDW,1984,,
b9990e02-4a70-45da-9b8a-b86e94259368,Teenage Mutant Ninja Turtles,325,IDW,1964,,
d2cb181e-2299-4cf0-b5e1-27d94994af45,Teenage Mutant Ninja Turtles,326,IDW,1964,,
e2b77b81-39e9-42ee-aaf1-4864d14d5dfe,Teenage Mutant Ninja Turtles,327,IDW,2000,,
25c42aca-6f41-4471-9cdb-a1480b78acd9,Teenage Mutant Ninja Turtles,328,IDW,1995,,
f67a16a8-d2ca-4ac5-aeac-813e46e71f53,Teenage Mutant Ninja Turtles,329,IDW,2018,,
808645e1-17fe-407f-87ce-68912cfa37d4,Teenage Mutant Ninja Turtles,330,IDW,1985,,
aaf8d74f-85c8-40ba-83bb-15315b736e2c,Teenage Mutant Ninja Turtles,331,IDW,1993,,
6b8b3c3d-03b1-41fb-820f-41828eae6f6e,Teenage Mutant Ninja Turtles,332,IDW,1963,,
3d1f4a02-6eb1-4be6-a314-38cae4055864,Teenage Mutant Ninja Turtles,333,IDW,2021,,
03b5640d-4d51-40f5-b1cc-5464d41138e4,Teenage Mutant Ninja Turtles,334,IDW,2024,,
4246420a-b702-4e60-9ea6-41e4262574a5,Teenage Mutant Ninja Turtles,335,IDW,2011,,
41c328b4-3b9a-4937-a88d-0fe704a95190,Teenage Mutant Ninja Turtles,336,IDW,1988,,
eca052a9-bbb8-4ffc-9b38-c43eca8a492f,Teenage Mutant Ninja Turtles,337,IDW,1985,,
e7471ada-6f87-4cfb-b89b-6594971a458d,Teenage Mutant Ninja Turtles,338,IDW,1983,,
e35a6bb8-3cf5-4e50-8525-d50ce6e4be68,Teenage Mutant Ninja Turtles,339,IDW,1962,,
88b4ba47-7d4d-43b6-a742-64e97c4c5c92,Teenage Mutant Ninja Turtles,340,IDW,1975,,
1facee15-5c3e-4839-99ad-31a76e3e3ed2,Teenage Mutant Ninja Turtles,341,IDW,1998,,
4d40f7fa-009d-42be-bcef-2fcf14cd4fc9,Teenage Mutant Ninja Turtles,342,IDW,1986,,
e2d7b44d-0d24-4e73-a290-363db05bfdc3,Teenage Mutant Ninja Turtles,343,IDW,1984,,
1f3a1ed2-6af6-49f6-8fd2-54a60a5c83d1,Teenage Mutant Ninja Turtles,344,IDW,1974,,
78db0515-f278-4bb1-b547-3c56efbf6dc2,Teenage Mutant Ninja Turtles,345,IDW,1973,,
53ff25f6-74eb-4a69-a00b-d34578c4d703,Teenage Mutant Ninja Turtles,346,IDW,1960,,
8c14772a-b753-4ada-8027-b63d16bae07e,Teenage Mutant Ninja Turtles,347,IDW,1990,,
7775ac9d-2ed3-47f3-a9dc-804f4c3fcf1c,Teenage Mutant Ninja Turtles,348,IDW,1987,,
45da56db-2e72-4f8b-8b63-d03356d19dff,Teenage Mutant Ninja Turtles,349,IDW,2003,,
a9df544a-419b-4bb2-aa7d-34a946d388bc,Teenage Mutant Ninja Turtles,350,IDW,2018,,
210e5aaf-e657-43e4-bb19-6d2981a104aa,Teenage Mutant Ninja Turtles,351,IDW,2020,,
1d2506bf-4eb2-4121-923e-29410b30013b,Teenage Mutant Ninja Turtles,352,IDW,1980,,
fc6a23e8-ea30-4783-b3f0-3e417b6475f0,Teenage Mutant Ninja Turtles,353,IDW,2011,,
ac8c3eb0-9b3c-4949-8d57-8ff93945ee52,Teenage Mutant Ninja Turtles,354,IDW,1974,,
f7f734fe-037f-412e-9804-93b7328b8754,Teenage Mutant Ninja Turtles,355,IDW,1994,,
8e44139e-c44d-4c4f-aa09-e5c54f20f9d9,Teenage Mutant Ninja Turtles,356,IDW,2008,,
288908f7-b42c-46e3-853d-3615003794d2,Teenage Mutant Ninja Turtles,357,IDW,1982,,
c42ddb02-9286-4ac1-b158-64f6795c14f9,Teenage Mutant Ninja Turtles,358,IDW,1998,,
cf241bc1-7efd-4cb3-a7e8-a902aea5ac43,Teenage Mutant Ninja Turtles,359,IDW,1999,,
fa57a8d6-7bc1-4967-b3f3-615d51a7b04f,Teenage Mutant Ninja Turtles,360,IDW,2019,,
48b48fee-c957-4653-b889-ca3f4f66d252,Teenage Mutant Ninja Turtles,361,IDW,1987,,
20f3cabf-3f2b-4c91-8d9e-5b8507e54eb0,Teenage Mutant Ninja Turtles,362,IDW,2005,,
85e27ef0-9992-466e-9863-e9400c2d7137,Teenage Mutant Ninja Turtles,363,IDW,1983,,
9ae5ecd2-409e-4171-969e-99d621067d5e,Teenage Mutant Ninja Turtles,364,IDW,2003,,
08b1bc72-b60f-4295-b5b8-e1af83ef5d99,Teenage Mutant Ninja Turtles,365,IDW,1976,,
77935000-8870-4631-a8c1-bee08d85efce,Teenage Mutant Ninja Turtles,366,IDW,2004,,
01ff5ee1-0320-4540-a216-798ef5be71ba,Teenage Mutant Ninja Turtles,367,IDW,1994,,
595aa3f9-92de-4794-8b92-e67b01f59393,Teenage Mutant Ninja Turtles,368,IDW,1967,,
6524e81d-c19d-42a1-acbb-5c91f6b1d871,Teenage Mutant Ninja Turtles,369,IDW,1966,,
3a8ca7f2-5b37-4612-bbeb-65722a34e8ec,Teenage Mutant Ninja Turtles,370,IDW,2013,,
21792634-addd-442b-b434-ba0ca4709911,Teenage Mutant Ninja Turtles,371,IDW,2003,,
ab61c28d-7552-4e17-ad6c-94ce8b62dc99,Teenage Mutant Ninja Turtles,372,IDW,2004,,
e3e9eaa9-1281-4ce8-92c9-83cf7af44bb0,Teenage Mutant Ninja Turtles,373,IDW,2004,,
554c557c-bc2c-46cc-b90d-b486224650fa,Teenage Mutant Ninja Turtles,374,IDW,1988,,
09dfb0e0-0bd7-4b0a-8ecb-422a4290d1fd,Teenage Mutant Ninja Turtles,375,IDW,1962,,
32b4eb4f-552c-4e82-80e8-a07692c66114,Teenage Mutant Ninja Turtles,376,IDW,2008,,
4a327666-60d0-4cb4-98de-1443fb766387,Teenage Mutant Ninja Turtles,377,IDW,1978,,
940b7ee7-5242-47a9-81a2-fa67bd02885b,Teenage Mutant Ninja Turtles,378,IDW,2022,,
09f572fb-a01c-4789-b7fe-6cd6e80de024,Teenage Mutant Ninja Turtles,379,IDW,2021,,
b329e333-0027-4345-8990-51164aa3505e,Teenage Mutant Ninja Turtles,380,IDW,1990,,
dcd91a0a-a5b7-4b50-82ce-68d1c69ed997,Teenage Mutant Ninja Turtles,381,IDW,2012,,
4667804a-4edb-42e3-8230-cd1cb411ddca,Teenage Mutant Ninja Turtles,382,IDW,2014,,
70c74d43-cf2b-4fd8-9251-1c0304ffcabf,Teenage Mutant Ninja Turtles,383,IDW,2022,,
b4d2068d-4c08-4209-8c71-fdcbf51f8959,Teenage Mutant Ninja Turtles,384,IDW,2010,,
a407595f-60ff-4620-99a9-d233a26fb14d,Teenage Mutant Ninja Turtles,385,IDW,1964,,
135f5752-7b99-4033-bba8-11b239486003,Teenage Mutant Ninja Turtles,386,IDW,1990,,
cbc08ca2-9bba-4675-ae02-73380cd93267,Teenage Mutant Ninja Turtles,387,IDW,1982,,
49815a7b-f35c-47de-b4f8-ad826f1ea11a,Teenage Mutant Ninja Turtles,388,IDW,1976,,
de6f4fbf-88e1-44d6-9ad4-79e84e0b8b59,Teenage Mutant Ninja Turtles,389,IDW,2003,,
37fe953c-3ef9-422f-9601-0cbd6e9ef848,Teenage Mutant Ninja Turtles,390,IDW,2004,,
c75adf53-2f4b-4bcb-8438-67dbc184e77d,Teenage Mutant Ninja Turtles,391,IDW,2017,,
1606c62b-ea16-4e9d-84b1-4715bd729f93,Teenage Mutant Ninja Turtles,392,IDW,2022,,
1d5d7a11-a81f-405c-9b1f-da9f4109661c,Teenage Mutant Ninja Turtles,393,IDW,1962,,
e46f4d69-505b-4326-957c-f502a1ba766e,Teenage Mutant Ninja Turtles,394,IDW,2019,,
a4713504-8477-430e-98f5-1b95818aaae0,Teenage Mutant Ninja Turtles,395,IDW,2012,,
10e61873-1fe2-4004-81bd-c9e99018158f,Teenage Mutant Ninja Turtles,396,IDW,1999,,
847b1ee1-85d5-437c-8724-781c947d89ea,Teenage Mutant Ninja Turtles,397,IDW,1983,,
0bdf101c-cb52-4d9b-be79-564ce7419044,Teenage Mutant Ninja Turtles,398,IDW,2008,,
fa57d52a-beb8-44e7-aed1-cdf50ec76a1e,Teenage Mutant Ninja Turtles,399,IDW,2001,,
10f24600-a169-4b3b-b544-9a2ce3a41f6f,Teenage Mutant Ninja Turtles,400,IDW,2011,,
72fe62a0-ba64-40e4-8fb7-a70707495449,Teenage Mutant Ninja Turtles,401,IDW,2013,,
75c7bb0b-3718-4b23-905d-5cff2cbec0b9,Teenage Mutant Ninja Turtles,402,IDW,2011,,
3c56662e-b16a-4556-a50d-a2fed613dc34,Teenage Mutant Ninja Turtles,403,IDW,2000,,
2b720af2-17e5-4022-96f0-8c433dced4a5,Teenage Mutant Ninja Turtles,404,IDW,1984,,
0ead2a9a-2639-425c-bc0e-f0d64f88a534,Teenage Mutant Ninja Turtles,405,IDW,1987,,
42cab578-89f1-45ae-b349-a5bd49bd749e,Teenage Mutant Ninja Turtles,406,IDW,2019,,
2959964d-7b89-4fbb-b5d1-6340db8abe7b,Teenage Mutant Ninja Turtles,407,IDW,2007,,
44b97f82-7bf3-4cf9-b13f-3166ddae8ea9,Teenage Mutant Ninja Turtles,408,IDW,1973,,
62946aa8-4eb5-4ff4-94d2-8f8986dafb78,Teenage Mutant Ninja Turtles,409,IDW,2016,,
4ac30de2-4f99-4e6e-a8a2-d9e6af75d07e,Teenage Mutant Ninja Turtles,410,IDW,2022,,
2e940cfa-8d9b-44a4-ac0a-e45f659b2dc9,Teenage Mutant Ninja Turtles,411,IDW,1970,,
b4b571ba-1553-4950-aadb-db14b484ef08,Teenage Mutant Ninja Turtles,412,IDW,1999,,
cd35db38-7713-471c-be49-ba61e68e6870,Teenage Mutant Ninja Turtles,413,IDW,1990,,
099c9714-892c-4234-9290-f255b896129a,Teenage Mutant Ninja Turtles,414,IDW,1994,,
13993619-00b7-4765-b3b3-95cd08ba3b04,Teenage Mutant Ninja Turtles,415,IDW,2022,,
8eaf0e08-aa9f-443b-8a0f-3338371c4b50,Teenage Mutant Ninja Turtles,416,IDW,2020,,
39fe97f0-d35f-4b79-989d-9ec175bb5b95,Teenage Mutant Ninja Turtles,417,IDW,1968,,
c0f166ea-ece5-4e23-b0cc-948891e46c33,Teenage Mutant Ninja Turtles,418,IDW,2018,,
ae9432ed-4bb3-4edc-93d7-9c9e03d36934,Teenage Mutant Ninja Turtles,419,IDW,1961,,
795ebe68-7678-49e0-8ca5-4b8f4e7d7b99,Teenage Mutant Ninja Turtles,420,IDW,1999,,
325f4e4e-11a6-448b-8725-82a197f2ff02,Teenage Mutant Ninja Turtles,421,IDW,2019,,
d4921b14-c0c0-49e1-bc95-d829b35b9e5d,Teenage Mutant Ninja Turtles,422,IDW,2021,,
098127ac-1787-4d22-bdcc-0412d62f0e89,Teenage Mutant Ninja Turtles,423,IDW,2007,,
7bdce1cd-5aad-4966-840c-2919edbc8d67,Teenage Mutant Ninja Turtles,424,IDW,1996,,
3fcebc38-c48a-44d5-83a8-4290a714b525,Teenage Mutant Ninja Turtles,425,IDW,1973,,
6d26748d-d820-487a-8708-b9a232d30210,Teenage Mutant Ninja Turtles,426,IDW,2015,,
adbf3cbc-27b6-4db4-999f-7d87a5b061aa,Teenage Mutant Ninja Turtles,427,IDW,1966,,
502e082f-e9e1-4f97-80ac-7cd0d0f4b81d,Teenage Mutant Ninja Turtles,428,IDW,1983,,
d92a2462-80e4-4d18-9840-df0794d4e935,Teenage Mutant Ninja Turtles,429,IDW,2006,,
6e17942c-bf9e-42e2-8ff8-82b092e5b77f,Teenage Mutant Ninja Turtles,430,IDW,2016,,
75fe95b9-750b-43de-bccb-aab5e49b2318,Teenage Mutant Ninja Turtles,431,IDW,1965,,
3153bc15-7f21-4dfd-bec4-def56c377900,Teenage Mutant Ninja Turtles,432,IDW,1963,,
b64edf1e-9c1e-4548-9372-7a18e7d97779,Teenage Mutant Ninja Turtles,433,IDW,1982,,
0f3be138-6c9e-4f67-a2a4-585980ce62c7,Teenage Mutant Ninja Turtles,434,IDW,2013,,
b40d7e2e-2e5c-44b8-a369-38c6cf44a8a4,Teenage Mutant Ninja Turtles,435,IDW,1986,,
ae2b897f-6197-4f64-ad60-3ff13dac84f5,Teenage Mutant Ninja Turtles,436,IDW,1960,,
d4e13f41-8bb9-42de-ba71-e16d202c592d,Teenage Mutant Ninja Turtles,437,IDW,2007,,
89752949-1701-43d4-9580-b5f1e8da496c,Teenage Mutant Ninja Turtles,438,IDW,1965,,
85d0efe9-c0d6-4d6d-a1d9-816a892ac298,Teenage Mutant Ninja Turtles,439,IDW,1962,,
9cbb6a4d-dd86-4798-8eda-c5ce487ac64b,Teenage Mutant Ninja Turtles,440,IDW,2003,,
d345765d-6561-4070-90b7-0261d2ea3955,Teenage Mutant Ninja Turtles,441,IDW,1979,,
d2506bf7-2387-479c-904c-36afde0b4330,Teenage Mutant Ninja Turtles,442,IDW,1971,,
4f9cff53-e5b6-4ca4-9bcd-369d41e3d2eb,Teenage Mutant Ninja Turtles,443,IDW,2017,,
f14b6ccc-d0f3-4d8e-9e51-6c21ecbd84a0,Teenage Mutant Ninja Turtles,444,IDW,2007,,
965ec00e-f628-4b9c-a35f-98977e92daca,Teenage Mutant Ninja Turtles,445,IDW,1969,,
5b7c6788-1ee5-42fa-9d6e-05d3143cbb30,Teenage Mutant Ninja Turtles,446,IDW,1967,,
eeeee59d-024d-4372-af42-8c0b0f36a0a8,Teenage Mutant Ninja Turtles,447,IDW,2013,,
e3025a88-2d9c-41ac-894c-7996ff0b5dd2,Teenage Mutant Ninja Turtles,448,IDW,1962,,
ee7ce3a7-2871-42b7-b3d5-37f51528fd85,Teenage Mutant Ninja Turtles,449,IDW,2007,,
2da398eb-948c-456f-bb79-56a80bca8894,Teenage Mutant Ninja Turtles,450,IDW,2003,,
1b87a6d7-2119-490c-be9e-a5fc6387541b,Teenage Mutant Ninja Turtles,451,IDW,2009,,
07105406-2ee8-4261-ad2a-087664ab6518,Teenage Mutant Ninja Turtles,452,IDW,1973,,
5b4905dc-efa9-4223-9bb5-e1d0e3344455,Teenage Mutant Ninja Turtles,453,IDW,2011,,
531cfe41-9db7-4e93-81ef-50d968abc027,Teenage Mutant Ninja Turtles,454,IDW,2017,,
2dddbe9b-eac8-47e8-aa52-b022efc0aea7,Teenage Mutant Ninja Turtles,455,IDW,1994,,
9e7b4cad-a337-47ca-8ed5-2e887ffce2ff,Teenage Mutant Ninja Turtles,456,IDW,1974,,
461b32d3-c242-4f09-950f-8e65b0821934,Teenage Mutant Ninja Turtles,457,IDW,2006,,
55d34a3b-7727-457e-bf7a-ef13ebd7e0bc,Teenage Mutant Ninja Turtles,458,IDW,1965,,
5c7d6ded-a38c-42ce-a1b2-e8db92acbcea,Teenage Mutant Ninja Turtles,459,IDW,1970,,
60f59273-d165-4a83-9a44-7c4feeb82dee,Teenage Mutant Ninja Turtles,460,IDW,1980,,
2086fadd-78e9-43e5-b011-23f9dafde0cc,Teenage Mutant Ninja Turtles,461,IDW,2005,,
2b97ed17-33a0-4395-b10b-691a7563c721,Teenage Mutant Ninja Turtles,462,IDW,2013,,
27a17be9-fd2c-42cc-8033-0dd9b00aaedc,Teenage Mutant Ninja Turtles,463,IDW,1992,,
c07043eb-3562-4575-91ba-ad6919346722,Teenage Mutant Ninja Turtles,464,IDW,1982,,
341cbdfa-af0c-4600-9ffa-ec38b10ea628,Teenage Mutant Ninja Turtles,465,IDW,2008,,
07cdb6e9-f514-42a9-88a9-83bd9acd80a9,Teenage Mutant Ninja Turtles,466,IDW,1960,,
e886d340-8c5f-4d86-8e75-a3ed90d4db5f,Teenage Mutant Ninja Turtles,467,IDW,1980,,
c6a5d00f-b131-4823-99f7-8139b05afbfc,Teenage Mutant Ninja Turtles,468,IDW,2006,,
2b4a0e3c-62ac-44b7-9f87-8caac5e2cf7d,Teenage Mutant Ninja Turtles,469,IDW,1986,,
498a8094-1c8f-41aa-9321-ff9cf470de19,Teenage Mutant Ninja Turtles,470,IDW,1980,,
9eb7d7b2-89b7-4898-bb3a-5146f95e8225,Teenage Mutant Ninja Turtles,471,IDW,1984,,
2b18b80d-4529-4ff0-9b60-63aacf76421b,Teenage Mutant Ninja Turtles,472,IDW,2019,,
0689f279-5488-420c-b8f1-57ef415ccc03,Teenage Mutant Ninja Turtles,473,IDW,2011,,
92cecdfd-da04-49d7-ba04-db561a618103,Teenage Mutant Ninja Turtles,474,IDW,1994,,
d7b8d5b0-471c-4cdd-a071-482238f3dc12,Teenage Mutant Ninja Turtles,475,IDW,2005,,
401ea0c7-db79-464d-a571-ced7aae1592f,Teenage Mutant Ninja Turtles,476,IDW,2011,,
cb7d60bd-3b50-46b9-8a51-4dac1a148064,Teenage Mutant Ninja Turtles,477,IDW,1988,,
e1e1a758-b5e0-46eb-90e2-006fbad65b50,Teenage Mutant Ninja Turtles,478,IDW,1981,,
a16f2d7b-19c9-4717-b1ed-ad1bbf4f21c7,Teenage Mutant Ninja Turtles,479,IDW,2000,,
75e51599-0a37-4fc9-99ee-5ba3ed4bc45e,Teenage Mutant Ninja Turtles,480,IDW,1977,,
7b0d5006-f808-420a-a18d-92a388f5f567,Teenage Mutant Ninja Turtles,481,IDW,1986,,
026efad3-ab5f-49bf-aa70-a75b3e6f4eb8,Teenage Mutant Ninja Turtles,482,IDW,1967,,
7485ff9c-de44-4db4-a947-8d7342d94b60,Teenage Mutant Ninja Turtles,483,IDW,1960,,
8dcc4b7e-bdb9-4d26-947b-8ad2e4509d5c,Teenage Mutant Ninja Turtles,484,IDW,1988,,
b97d9261-8260-430a-a2ef-b61abdefc309,Teenage Mutant Ninja Turtles,485,IDW,1974,,
5b6d3b4a-758b-42cc-92dd-205eea616d89,Teenage Mutant Ninja Turtles,486,IDW,1988,,
84b0a62f-eb47-42c1-8393-dfc520d6fd93,Teenage Mutant Ninja Turtles,487,IDW,1961,,
2dea0f05-d8ac-4075-887f-b4b7373d772a,Teenage Mutant Ninja Turtles,488,IDW,2013,,
aae80743-4d08-4437-b4a4-c6e7ede7a227,Teenage Mutant Ninja Turtles,489,IDW,1964,,
fa970c89-7ac7-430a-8d4c-682f5c69bf53,Teenage Mutant Ninja Turtles,490,IDW,1989,,
40c10f82-28ad-4943-bf8f-8f44dc05e5e1,Teenage Mutant Ninja Turtles,491,IDW,1983,,
f3396543-0b5c-4b21-b3a9-5069d47143da,Teenage Mutant Ninja Turtles,492,IDW,1981,,
51cd1a3f-de25-460e-9308-0477e0763240,Teenage Mutant Ninja Turtles,493,IDW,2004,,
efefc4e3-b14d-44d9-85e3-ea4e08f0b329,Teenage Mutant Ninja Turtles,494,IDW,1966,,
45c07c49-2833-45f9-914a-5ba210668f03,Teenage Mutant Ninja Turtles,495,IDW,1986,,
e4a43457-6e11-41d9-b921-c4e36d63f8fa,Teenage Mutant Ninja Turtles,496,IDW,1979,,
83f678c4-c3bc-433c-a831-1a44e2685463,Teenage Mutant Ninja Turtles,497,IDW,1981,,
84955dd3-9077-4d38-9e4f-cb24731ec6bc,Teenage Mutant Ninja Turtles,498,IDW,1993,,
c6538bbe-b8fe-41e1-ae06-e57e94ef78e8,Teenage Mutant Ninja Turtles,499,IDW,2014,,
cd7aeb71-5ae8-4902-841e-45b9a725c47f,Teenage Mutant Ninja Turtles,500,IDW,1997,,
8b21c630-2048-4484-8ebd-04291170fff8,Teenage Mutant Ninja Turtles,501,IDW,1976,,
e3eb1257-6ea1-4e90-a8b7-fa0c69683728,Teenage Mutant Ninja Turtles,502,IDW,1963,,
be7d794d-ecb1-4a65-8e37-57be2da6fbc1,Teenage Mutant Ninja Turtles,503,IDW,1972,,
ab68f30c-7e0d-4bd4-bfc5-fc1c19a4a88f,Teenage Mutant Ninja Turtles,504,IDW,2009,,
a2582eb6-1de0-4bb1-a84d-3ea5e838fb34,Teenage Mutant Ninja Turtles,505,IDW,1987,,
f837090d-8bbe-4605-9ff1-a9770883c613,Teenage Mutant Ninja Turtles,506,IDW,1998,,
cd59b40b-8c32-480b-975c-9e634742b714,Teenage Mutant Ninja Turtles,507,IDW,2010,,
a3f9c377-95a4-452b-ba08-7040b60270f5,Teenage Mutant Ninja Turtles,508,IDW,2001,,
1b8097b7-45b6-4590-88a8-2291cacfb932,Teenage Mutant Ninja Turtles,509,IDW,2000,,
f5937314-9f92-4819-9c64-c333d23316b7,Teenage Mutant Ninja Turtles,510,IDW,1986,,
e748d5ad-6c70-406d-83c2-e218ffd636c2,Teenage Mutant Ninja Turtles,511,IDW,1985,,
a605ae16-7a38-4b57-b12d-35cacc693b7e,Teenage Mutant Ninja Turtles,512,IDW,1967,,
28fd896e-59f6-4992-955b-52101ddc919f,Teenage Mutant Ninja Turtles,513,IDW,2020,,
3161048f-18e4-4b3d-89da-84efeba65b0e,Teenage Mutant Ninja Turtles,514,IDW,1975,,
7e959da1-f72a-4137-b265-c629e32abb97,Teenage Mutant Ninja Turtles,515,IDW,1987,,
576962d2-e438-4a41-9ea6-fd6dfb195dcd,Teenage Mutant Ninja Turtles,516,IDW,1980,,
0dbb702f-174b-4bae-b260-1b1f0cdd48d9,Teenage Mutant Ninja Turtles,517,IDW,2014,,
769238a4-58ec-4934-817d-cbf959c46925,Teenage Mutant Ninja Turtles,518,IDW,1992,,
be430ecd-f0b8-44e2-9e95-3518d5d7e194,Teenage Mutant Ninja Turtles,519,IDW,1974,,
1b9bcb85-2a1b-4208-ac28-9d5d3c621c6a,Teenage Mutant Ninja Turtles,520,IDW,2006,,
f2ed08f1-3a08-488c-b9ed-2457811459b3,Teenage Mutant Ninja Turtles,521,IDW,1960,,
cc4e0935-2be0-4814-bb6a-f92686fd688f,Teenage Mutant Ninja Turtles,522,IDW,1987,,
37fadd48-4833-4172-8595-17325c2299da,Teenage Mutant Ninja Turtles,523,IDW,1980,,
312f1c78-eb06-49d4-8dec-0d30074437e7,Teenage Mutant Ninja Turtles,524,IDW,2021,,
5eef4afa-0a54-46c2-b5fc-78632246d904,Teenage Mutant Ninja Turtles,525,IDW,1988,,
53282d79-d6f5-4711-896e-9ed7df2531e0,Teenage Mutant Ninja Turtles,526,IDW,1986,,
49cd4560-4534-48ff-b01d-a8e95d1a4c6e,Teenage Mutant Ninja Turtles,527,IDW,1962,,
370972aa-c8da-485b-9b98-a906d1d5a102,Teenage Mutant Ninja Turtles,528,IDW,2005,,
2b141e5b-a38c-4be6-92ff-5da0ae43024e,Teenage Mutant Ninja Turtles,529,IDW,1994,,
074019a8-754e-40f3-9aed-4b9fefe5f065,Teenage Mutant Ninja Turtles,530,IDW,2008,,
a29dd52c-dcfb-498b-9868-9fdc09f8e881,Teenage Mutant Ninja Turtles,531,IDW,1996,,
508a14cc-a69a-45dc-9d22-44cdfe0effd6,Teenage Mutant Ninja Turtles,532,IDW,2018,,
9388dc7b-28a2-4a69-b86d-5bc828fad1db,Teenage Mutant Ninja Turtles,533,IDW,1995,,
1e715f3e-0448-4acc-9d64-3f821e2ace6d,Teenage Mutant Ninja Turtles,534,IDW,2005,,
3cd46b47-7f37-4444-9cd0-76dbdfaedbaa,Teenage Mutant Ninja Turtles,535,IDW,2000,,
4d6e505e-d71e-41da-9b02-030edab9d5d1,Teenage Mutant Ninja Turtles,536,IDW,1970,,
5441e3f8-fd70-4f2a-8f10-3666a2a98c9c,Teenage Mutant Ninja Turtles,537,IDW,1989,,
191f7e11-f402-46d2-9ab8-0174c7b35297,Teenage Mutant Ninja Turtles,538,IDW,2003,,
83c9881f-e4a5-401a-8f30-6d704e2f08d9,Teenage Mutant Ninja Turtles,539,IDW,1964,,
f2dd56d6-0792-4bd8-b82c-7253bab4fe71,Teenage Mutant Ninja Turtles,540,IDW,1983,,
d434f7d3-658b-4b49-baad-460096fc9e21,Teenage Mutant Ninja Turtles,541,IDW,1960,,
95135a67-637f-4244-8d1e-5d06ad849098,Teenage Mutant Ninja Turtles,542,IDW,1983,,
59fac530-6000-4e6e-9add-349b4eb3a62b,Teenage Mutant Ninja Turtles,543,IDW,1963,,
115abb3d-7bf1-4660-ab6c-855f808f5e8b,Teenage Mutant Ninja Turtles,544,IDW,1975,,
0359dee9-3315-47d1-8202-eef22bde9ed3,Teenage Mutant Ninja Turtles,545,IDW,2004,,
f9c84051-bcbb-4090-a017-f120dbd22f61,Teenage Mutant Ninja Turtles,546,IDW,2006,,
eeb5f875-553a-4d4b-b8ca-9f6d6b06b866,Teenage Mutant Ninja Turtles,547,IDW,1960,,
cddbf6f2-f1a0-49e3-b02e-f67256be9c83,Teenage Mutant Ninja Turtles,548,IDW,2002,,
67aa1a48-0617-44f2-bdc0-487f18633871,Teenage Mutant Ninja Turtles,549,IDW,2004,,
64dc10d9-5534-492a-b5fe-fad1630834ea,Teenage Mutant Ninja Turtles,550,IDW,1996,,
d0aa99fe-2a99-4725-9dfd-f0979d855ba5,Teenage Mutant Ninja Turtles,551,IDW,1981,,
9191ebd5-741c-4acf-b9a7-64de61a7a924,Teenage Mutant Ninja Turtles,552,IDW,1961,,
5f79b169-2110-4dac-a6da-1feac64071c2,Teenage Mutant Ninja Turtles,553,IDW,2014,,
150e9e19-1490-4d92-8472-adcbfda4b7db,Teenage Mutant Ninja Turtles,554,IDW,2010,,
fd7e3c43-6091-4783-b142-c74b7487b46d,Teenage Mutant Ninja Turtles,555,IDW,2008,,
81ea10e3-1a1f-458b-b064-5e409da0d524,Teenage Mutant Ninja Turtles,556,IDW,1986,,
4e818794-6831-42d7-b261-59d4fbd07246,Teenage Mutant Ninja Turtles,557,IDW,2016,,
3b3d1f4c-04c4-497e-aad0-3ed4b2285aaa,Teenage Mutant Ninja Turtles,558,IDW,1999,,
59b4391a-149f-4a26-ab1b-e61eb331b1f2,Teenage Mutant Ninja Turtles,559,IDW,1960,,
d3d3f1cd-ca69-4c45-9ebe-c1e9290d4ffe,Teenage Mutant Ninja Turtles,560,IDW,1975,,
e57944bf-68ea-4d2c-a600-cda6d51855a4,Teenage Mutant Ninja Turtles,561,IDW,1975,,
bc2bfc2c-4f0d-4b13-ba7a-faae54805d0b,Teenage Mutant Ninja Turtles,562,IDW,1982,,
2a28b68d-d1f7-4a0a-af66-337996295e30,Teenage Mutant Ninja Turtles,563,IDW,2018,,
c9dc54f9-0c57-476a-8349-bd79d71a5f29,Teenage Mutant Ninja Turtles,564,IDW,1988,,
fb7f42ff-7d2d-4ab5-a6e2-5bc366d5aa42,Teenage Mutant Ninja Turtles,565,IDW,1982,,
693e7627-6952-4e3f-9392-8298281ff833,Teenage Mutant Ninja Turtles,566,IDW,2022,,
bb7c96c0-7043-47c6-a942-b6cd2201bf32,Teenage Mutant Ninja Turtles,567,IDW,1964,,
a28aaf94-1580-4d88-9715-eda64cb7c598,Teenage Mutant Ninja Turtles,568,IDW,2011,,
3c65a009-9c8d-44ab-8c74-f393e11b7e85,Teenage Mutant Ninja Turtles,569,IDW,1968,,
1bb225a9-a917-43a9-a49f-adc4c18f193f,Teenage Mutant Ninja Turtles,570,IDW,1962,,
923231e8-e59b-4955-93ce-908851b4f3ea,Teenage Mutant Ninja Turtles,571,IDW,2000,,
1a894c65-2667-4f5d-b509-11e1d0990fb4,Teenage Mutant Ninja Turtles,572,IDW,1962,,
ef52b7ec-6e4f-44a9-bd45-b8bdad633ace,Teenage Mutant Ninja Turtles,573,IDW,1993,,
c0fff7df-7e5a-4d24-a47f-58fd491abd57,Teenage Mutant Ninja Turtles,574,IDW,2002,,
8bce69aa-aab3-47c1-b029-a5e9137f9f78,Teenage Mutant Ninja Turtles,575,IDW,1973,,
6499044d-5945-49c0-ac4b-4a0919dfe8fa,Teenage Mutant Ninja Turtles,576,IDW,1971,,
7914c728-fbc1-4908-992e-efb2090ca2d1,Teenage Mutant Ninja Turtles,577,IDW,1971,,
14974b5e-98bf-4b5b-a97d-cf57ce13ce5d,Teenage Mutant Ninja Turtles,578,IDW,1991,,
fafbfe48-f926-46e3-9506-984c83757f9c,Teenage Mutant Ninja Turtles,579,IDW,1978,,
1a14d878-821e-4baf-8ccc-29ca75ffaa36,Teenage Mutant Ninja Turtles,580,IDW,1984,,
fe2c0bec-3eef-4d75-b70a-7286fcf80e0a,Teenage Mutant Ninja Turtles,581,IDW,2001,,
c7df743e-ad8d-4352-814c-a19fa6364b56,Teenage Mutant Ninja Turtles,582,IDW,2013,,
aba29dc4-7797-4114-ae37-a67f4c4e2ed8,Teenage Mutant Ninja Turtles,583,IDW,2008,,
793c2d80-3a0f-4bd2-9cbd-d1c4db2d2041,Teenage Mutant Ninja Turtles,584,IDW,1966,,
a0d124ac-1eca-45c7-bfc7-8aced9d2687b,Teenage Mutant Ninja Turtles,585,IDW,2010,,
d14cd84f-40f2-4df1-a5d1-7a838264a188,Teenage Mutant Ninja Turtles,586,IDW,1983,,
5885ce65-3445-46f7-b79f-90d100104781,Teenage Mutant Ninja Turtles,587,IDW,1979,,
6ab08a83-b31e-47c6-98b0-0a1cddf333aa,Teenage Mutant Ninja Turtles,588,IDW,1987,,
28b8299b-7ab1-4a3f-9b70-086fec1f466f,Teenage Mutant Ninja Turtles,589,IDW,1995,,
b61bbfb1-207e-44ac-81fa-e13d57c0f4be,Teenage Mutant Ninja Turtles,590,IDW,2000,,
72a5ffc2-4257-4ab2-95d6-f709c3a4208f,Teenage Mutant Ninja Turtles,591,IDW,1983,,
3c58ebb0-7b84-493a-9488-140135d5fad8,Teenage Mutant Ninja Turtles,592,IDW,2013,,
66ecb89c-686d-4c9d-8afa-7db140f98e3c,Teenage Mutant Ninja Turtles,593,IDW,2002,,
d870f399-8e44-46f1-a91d-b3d72c030e6a,Teenage Mutant Ninja Turtles,594,IDW,2024,,
6fc52259-fd5a-47e0-babf-9ad23a6ae5e1,Teenage Mutant Ninja Turtles,595,IDW,1995,,
5a1d3cd9-5acc-4e3a-be6d-e1ff53520e3f,Teenage Mutant Ninja Turtles,596,IDW,1983,,
5c647514-805c-4af9-9699-e67308eb84e9,Teenage Mutant Ninja Turtles,597,IDW,2007,,
c5c9889e-74cc-4443-b793-51923a59d332,Teenage Mutant Ninja Turtles,598,IDW,2017,,
3339bae2-25f8-4890-a815-4622f229904c,Teenage Mutant Ninja Turtles,599,IDW,2013,,
8b6a0a8e-dbdf-464c-9a6e-b0e01467be5a,Teenage Mutant Ninja Turtles,600,IDW,1977,,
4669aa7e-6e54-44cb-88e9-03bff48268db,Teenage Mutant Ninja Turtles,601,IDW,2022,,
930318f6-3203-42f4-8463-a1c93f5dd53e,Teenage Mutant Ninja Turtles,602,IDW,1983,,
59283f91-713b-4d57-8e08-7897512e9028,Teenage Mutant Ninja Turtles,603,IDW,2020,,
e8eca01c-f2df-4cf5-888a-303a46a6a339,Teenage Mutant Ninja Turtles,604,IDW,1969,,
4acfe0e2-873c-46ff-abbe-58a9d6108119,Teenage Mutant Ninja Turtles,605,IDW,1975,,
cd2ad5d4-ce0c-48da-aea4-2665cc39acce,Teenage Mutant Ninja Turtles,606,IDW,1989,,
90ea106a-df0e-46f5-9ac3-7f6fdb2de7fa,Teenage Mutant Ninja Turtles,607,IDW,1999,,
135b4649-ddfa-4ae5-b932-280a4fce2b82,Teenage Mutant Ninja Turtles,608,IDW,2013,,
b3bb9d84-dbd5-4043-8f72-d995036f91ca,Teenage Mutant Ninja Turtles,609,IDW,1977,,
609e2079-ce8a-4a8f-b68d-859c75f8c4ab,Teenage Mutant Ninja Turtles,610,IDW,2016,,
3c57d6ca-e85c-4af1-bfbd-06cf7ff51cf3,Teenage Mutant Ninja Turtles,611,IDW,1979,,
025fef31-272d-4f92-9929-560947287b74,Teenage Mutant Ninja Turtles,612,IDW,1991,,
0f7ff2e4-432f-474c-9ee9-ed0d73921114,Teenage Mutant Ninja Turtles,613,IDW,1989,,
1eaeaaa7-4d08-428c-8752-36cfa84ffd12,Teenage Mutant Ninja Turtles,614,IDW,2014,,
6dbd6fd1-32c2-4121-aa4d-5ad9f5bfc0a8,Teenage Mutant Ninja Turtles,615,IDW,1962,,
13b32f42-9075-4dd0-94ac-17e88f31cbdb,Teenage Mutant Ninja Turtles,616,IDW,1996,,
f170e749-194e-4c25-af3a-608d6c41b3ad,Teenage Mutant Ninja Turtles,617,IDW,1997,,
6f60e1e0-395b-4a5d-804f-3e455af49ce4,Teenage Mutant Ninja Turtles,618,IDW,1975,,
2e76ed72-dc7d-4d7d-84c8-5314e9e96886,Teenage Mutant Ninja Turtles,619,IDW,2021,,
1d3291f3-c107-47a0-b8b0-db0ddfab305f,Teenage Mutant Ninja Turtles,620,IDW,2021,,
a99645a2-fc11-4177-984f-d9618ccecb64,Teenage Mutant Ninja Turtles,621,IDW,2021,,
886881d8-059b-499c-a34d-4c7d529d244a,Teenage Mutant Ninja Turtles,622,IDW,1993,,
7866a347-185c-4297-bc7b-3cf3f90f6958,Teenage Mutant Ninja Turtles,623,IDW,2019,,
80bfa4b3-0dd5-4c55-9b62-b30dd7e6b7e9,Teenage Mutant Ninja Turtles,624,IDW,1986,,
660d08f5-6563-4378-aed4-d0fe383469cb,Teenage Mutant Ninja Turtles,625,IDW,1993,,
d4371738-2e10-43bd-b30a-24f6be147851,Teenage Mutant Ninja Turtles,626,IDW,1978,,
4fdffcfa-3e36-4ea3-bb47-52df5a082657,Teenage Mutant Ninja Turtles,627,IDW,2008,,
4178d044-14e2-4741-b0ab-02c2fb6a53bb,Teenage Mutant Ninja Turtles,628,IDW,1972,,
3a6dbe24-acf7-4012-9846-a34fef3477c2,Teenage Mutant Ninja Turtles,629,IDW,1993,,
c16ca1b8-e19b-4186-beea-f9c4e22534f1,Teenage Mutant Ninja Turtles,630,IDW,1996,,
1a74cca8-ca59-4c27-bc0a-6b6e3d586450,Teenage Mutant Ninja Turtles,631,IDW,1973,,
ab6c589b-2011-4c8a-8ace-22e56881a2ab,Teenage Mutant Ninja Turtles,632,IDW,1980,,
3156d420-e7e6-4049-a8f9-5d885c2216bc,Teenage Mutant Ninja Turtles,633,IDW,1971,,
e4640363-32e1-4de8-9716-a354473bc00e,Teenage Mutant Ninja Turtles,634,IDW,1992,,
83fcb8c9-0d15-42db-bad5-799df359a7dd,Teenage Mutant Ninja Turtles,635,IDW,1993,,
5e5105c1-1766-4a65-ac01-ef92c53fe12c,Teenage Mutant Ninja Turtles,636,IDW,1997,,
707b777e-65e2-4730-949e-214719565999,Teenage Mutant Ninja Turtles,637,IDW,2007,,
102f432b-2310-448d-954f-5f2c33aac35e,Teenage Mutant Ninja Turtles,638,IDW,2017,,
b149caa3-a7a3-4062-8322-1a1965151747,Teenage Mutant Ninja Turtles,639,IDW,1971,,
62b0f8f2-1097-42be-beb5-b3004c3c1a74,Teenage Mutant Ninja Turtles,640,IDW,2008,,
a02f80ec-191f-446c-b720-754c8c12c473,Teenage Mutant Ninja Turtles,641,IDW,1967,,
4bc4ec79-bbe2-4a89-967d-efaf0c021070,Teenage Mutant Ninja Turtles,642,IDW,1970,,
31bd0a77-586e-40c8-a8f4-f3b0f6e1a3fb,Teenage Mutant Ninja Turtles,643,IDW,1989,,
ccd2657d-be33-4bc7-9770-b4d2dfb0c9f8,Teenage Mutant Ninja Turtles,644,IDW,1971,,
eccf446b-f123-4bc3-900c-ab091edcfa1c,Teenage Mutant Ninja Turtles,645,IDW,1983,,
b30d3185-a542-483e-940e-43a60374008f,Teenage Mutant Ninja Turtles,646,IDW,1976,,
e50a0c8b-a42d-40bb-99be-19a714591e40,Teenage Mutant Ninja Turtles,647,IDW,1986,,
c4e2bfae-a043-4f16-b121-453f9a755518,Teenage Mutant Ninja Turtles,648,IDW,2021,,
b471ef5f-8e31-41c5-9a8d-f5e3ffda433d,Teenage Mutant Ninja Turtles,649,IDW,1998,,
e54fe716-ce73-4db2-95f8-267bbd67aa61,Teenage Mutant Ninja Turtles,650,IDW,1960,,
ff6aec3d-a3bd-42a4-9be4-31f026146d0d,Teenage Mutant Ninja Turtles,651,IDW,1988,,
004317a3-a0de-4444-b62e-7bf24be8cdfa,Teenage Mutant Ninja Turtles,652,IDW,2012,,
79196b67-1f57-4811-93a1-f2b0c594422f,Teenage Mutant Ninja Turtles,653,IDW,2007,,
705a6211-15ff-4ad0-8037-20cc712fe538,Teenage Mutant Ninja Turtles,654,IDW,1986,,
bf03af72-fca8-4156-a459-39abed1c6862,Teenage Mutant Ninja Turtles,655,IDW,2023,,
9f5a72a8-4c3a-43b3-a4c8-4a99d95b627c,Teenage Mutant Ninja Turtles,656,IDW,1965,,
35c84e9b-a154-4b75-b328-c98a9edc667a,Teenage Mutant Ninja Turtles,657,IDW,1965,,
b7989876-8cb4-4bd6-917b-13f7acc917a1,Teenage Mutant Ninja Turtles,658,IDW,1990,,
6386d808-bb31-4804-bee9-ea3a8ec84e06,Teenage Mutant Ninja Turtles,659,IDW,1986,,
802a5787-3e1f-4ae0-a920-aa55f096bdd8,Teenage Mutant Ninja Turtles,660,IDW,2004,,
e5a41ef1-35b8-445a-abf4-2c274c83f24d,Teenage Mutant Ninja Turtles,661,IDW,1971,,
4ca5bebd-3091-417c-ae1c-6921fffa4748,Teenage Mutant Ninja Turtles,662,IDW,1967,,
580e5939-2723-4878-be84-3fce9a938b1d,Teenage Mutant Ninja Turtles,663,IDW,2006,,
0b7f76e1-1f82-4ced-a237-949f13a59072,Teenage Mutant Ninja Turtles,664,IDW,2017,,
11614c91-ecc1-48d0-9c19-546168ce1b5c,Transformers,1,IDW,1970,,
a2daaf95-e9ab-4c02-98c9-0b45a6109264,Transformers,2,IDW,2022,,
f3105fc9-a91a-474b-997b-299b8995835c,Transformers,3,IDW,2008,,
a11567d7-c0d0-46a5-b52d-471a39bcde0c,Transformers,4,IDW,1967,,
1634afa4-0a37-43e6-8442-78b4c1b06c30,Transformers,5,IDW,1976,,
bcc243a8-1954-4a1a-bb2a-faa29f3cc90b,Transformers,6,IDW,1998,,
3cb65845-010d-468f-97bf-a5f0a11da987,Transformers,7,IDW,1991,,
3f9c5dc2-8fec-4cbc-b4e3-e950ba185ab3,Transformers,8,IDW,1968,,
4841bdf3-b937-4a46-bc1f-72a95d7be88e,Transformers,9,IDW,1963,,
92ccaa54-78bd-4457-b7bd-4ad9a78f233e,Transformers,10,IDW,2006,,
c091642a-b525-4ae4-9b59-99f4b708eaf7,Transformers,11,IDW,1999,,
8a491147-2ed9-4ab8-93e2-117c1b3fd1ca,Transformers,12,IDW,1986,,
335ab124-29df-4c82-88bb-6b948d476834,Transformers,13,IDW,1963,,
dd4cb8b1-ad26-4403-bf20-71a70e84d4b0,Transformers,14,IDW,2003,,
5ece2e29-e035-4d67-9852-a84fd66ad8e6,Transformers,15,IDW,1996,,
9db8a20e-5b9e-4d1e-a56b-68e24c0a187e,Transformers,16,IDW,1982,,
c4a600c9-a9fa-4054-a0cb-d1160ab4f51b,Transformers,17,IDW,1960,,
387f312f-1eff-4b3c-8cbc-c85f93fe23d3,Transformers,18,IDW,1969,,
5a0ce7b8-efbd-40da-81d1-016dd74c67f8,Transformers,19,IDW,1979,,
16e1f0e8-13e9-4000-a181-12f126a4c432,Transformers,20,IDW,2000,,
5a5c2e86-dd64-4143-a9df-d20175000df3,Transformers,21,IDW,1978,,
373fc866-7b03-4c5c-a60f-da83c9cdbbad,Transformers,22,IDW,1994,,
3026cdc1-17c2-442d-828a-fcb2c1e84076,Transformers,23,IDW,1978,,
21d023f2-38da-4987-8426-d69e772b47c0,Transformers,24,IDW,1971,,
68596e57-c452-4d00-8142-15d337815710,Transformers,25,IDW,1982,,
67e404d7-75f7-45ab-af63-6edbb5b25945,Transformers,26,IDW,1985,,
ed7aebda-b1ba-4d25-aa81-948ce2dcf2a2,Transformers,27,IDW,2023,,
4f909924-02ed-4f49-9f53-9d1edf9734d1,Transformers,28,IDW,2013,,
d0d74224-f857-44ed-9e41-fc2662f8f378,Transformers,29,IDW,2010,,
920017a1-c45a-487f-af61-15489534d159,Transformers,30,IDW,1994,,
7cfd0657-c295-4200-86e4-78dccc3bf71f,Transformers,31,IDW,1967,,
8c621b6f-106e-4c1c-8251-f95a270c5574,Transformers,32,IDW,1977,,
9980bee2-8e85-4f8e-a236-34123c3cee58,Transformers,33,IDW,1976,,
94df4f94-768c-4fc1-933c-2a446dc2b574,Transformers,34,IDW,1984,,
140ed56c-c2ac-45ab-8cbf-6f0a0f1cef0c,Transformers,35,IDW,1966,,
3ca8cfd8-dd8f-40dc-bd1a-27be7226cdd8,Transformers,36,IDW,2022,,
56aa220f-ecda-417e-8d20-3a55978ea0c6,Transformers,37,IDW,2010,,
46b056f8-e3e3-4386-ba65-1df4690d020f,Transformers,38,IDW,1998,,
640231ef-2e8d-4d40-baba-9cd90da13376,Transformers,39,IDW,1988,,
5335c850-15de-4cb0-b49e-0b92397c5d24,Transformers,40,IDW,2011,,
68146fa0-03de-4a13-9e9b-c670fd32594b,Transformers,41,IDW,2022,,
eb3aa6f1-9b88-4121-be50-68e503838036,Transformers,42,IDW,2002,,
85614bea-40ab-4d88-84dd-ccfd67b92be4,Transformers,43,IDW,1985,,
d08c0523-2e4d-4240-9fd7-5d1754bdc902,Transformers,44,IDW,1995,,
bc017946-19c6-4d74-97d3-3b6b890a2fad,Transformers,45,IDW,2004,,
f9f7fd33-406c-4127-bf40-e920fa7a4f75,Transformers,46,IDW,1987,,
14ba5d1a-4dcb-458e-95dc-d5cdeba90123,Transformers,47,IDW,2015,,
4cef4df2-b3ed-4692-8efa-ef4d7e149635,Transformers,48,IDW,2013,,
f61707a4-64cb-4960-8c08-30c8773f7761,Transformers,49,IDW,2007,,
60c474af-9004-42eb-a39d-e1379e2d27e5,Transformers,50,IDW,1960,,
bac5cd58-0554-428f-8ed0-4732cfc9ac8b,Transformers,51,IDW,1984,,
acd25aba-68fe-4b7b-9421-2af18edc919b,Transformers,52,IDW,2023,,
5e11b70b-8a01-42ca-9367-93c33442d3c0,Transformers,53,IDW,2017,,
7c0720ea-b6de-4568-a933-5caec1f96eba,Transformers,54,IDW,1978,,
4597f5e4-d0b9-4254-8f68-cc283ecb63bc,Transformers,55,IDW,1961,,
bdb620f9-b8d5-493c-b908-6324e200e30f,Transformers,56,IDW,2001,,
bb36ab4d-8543-4a94-ad00-3af9efcfcc62,Transformers,57,IDW,1983,,
44ba0e53-bc4e-42c6-bb25-df625b75d3e0,Transformers,58,IDW,2014,,
d40a9da7-df2f-4035-8c14-78388a9e670f,Transformers,59,IDW,1990,,
f265e9b0-bb06-4262-a6b4-a7b766564ab1,Transformers,60,IDW,2013,,
5e8e6259-6dd6-4910-8ea0-11d8a0355ec1,Transformers,61,IDW,1983,,
b174af10-8e8a-4ae5-873c-1eeb3fe26b34,Transformers,62,IDW,2014,,
d94590e8-9223-4d63-adbc-4aea7909a1da,Transformers,63,IDW,1996,,
309d10ba-b151-4451-b65e-f8423e65cc7f,Transformers,64,IDW,2021,,
f8c15bf3-7b69-4688-885f-08f123ce3eb7,Transformers,65,IDW,1979,,
19c767a6-31e8-4957-ac5f-4f2ec918d9db,Transformers,66,IDW,2006,,
9514ff43-455f-4277-9f68-7f2057bf96bb,Transformers,67,IDW,2009,,
17bdea10-d852-4bd5-b520-a57da568a29c,Transformers,68,IDW,2015,,
2249eb59-02e7-4fc6-832f-f89a5c4eb08f,Transformers,69,IDW,2022,,
25842c3a-4a73-468d-a0a1-64d73a4b6bcc,Transformers,70,IDW,1964,,
3c814c97-73a1-4ab8-9d7b-6e28c9df1fb8,Transformers,71,IDW,2008,,
ba35644d-3119-4bb4-95ae-8febd34862e2,Transformers,72,IDW,1986,,
e372229f-50f7-44d2-a5c1-afe58da3be56,Transformers,73,IDW,1970,,
705d956e-3214-46ee-8f40-5d3e8cb52ead,Transformers,74,IDW,2010,,
28d211eb-b59e-4ee6-a2d7-f786db17ea6b,Transformers,75,IDW,1999,,
a87e2e08-3b65-48ff-8aae-52b55d4dad10,Transformers,76,IDW,1960,,
af97d6a1-75b5-4d51-9873-f15ef6984d20,Transformers,77,IDW,1974,,
335ad1d3-2c06-44ec-9886-b75cbed7cb81,Transformers,78,IDW,2002,,
98219593-90cc-4169-9dca-7fd9d553819a,Transformers,79,IDW,1992,,
c6c4f64b-75e8-4a43-a23e-fb913a3ac5e1,Transformers,80,IDW,2004,,
84c8c17a-bb69-4fa3-bbf5-275dcef05ffe,Transformers,81,IDW,1967,,
52179b13-7320-4165-b9e9-d60e9c74b0a0,Transformers,82,IDW,1963,,
c5fa9d9c-7f13-4e82-acab-0439b181a17a,Transformers,83,IDW,1993,,
0fde2b95-8103-46af-b955-f50872a88dab,Transformers,84,IDW,1961,,
89caae60-48c9-4010-9e78-44e34356b744,Transformers,85,IDW,1969,,
595485de-bdcd-4570-8c13-57cc81bda4ff,Transformers,86,IDW,1973,,
e7209d80-11fa-4e54-8a3f-c455eacb9ae3,Transformers,87,IDW,2008,,
70d24b8e-3707-47b1-93f6-38d79e3da7b0,Transformers,88,IDW,1989,,
d208133d-51ad-4299-9e5f-a32199543d5e,Transformers,89,IDW,2002,,
961fe432-acb3-406e-a4d3-9fcf8789228e,Transformers,90,IDW,2015,,
2c87b368-84d5-4ed7-8f2f-fc84cd3f0a47,Transformers,91,IDW,2008,,
cc3bfff9-e23a-4c2c-ad24-9eb4509da7be,Transformers,92,IDW,2020,,
3f0b6afa-221f-4a77-aa12-5454ceb66e0e,Transformers,93,IDW,1989,,
fac78fa7-ed73-4ea6-a0c2-f9b39d26a0ce,Transformers,94,IDW,1987,,
3c5cfc29-95b1-46b6-a1c6-5dc7dbfbae50,Transformers,95,IDW,1964,,
67de9a54-14fe-4059-9dbd-93f454b5c43f,Transformers,96,IDW,1987,,
0a421b7f-7c91-4d8e-88b8-a26561b02012,Transformers,97,IDW,2019,,
ab969b01-8112-4e50-abfd-266d207562d5,Transformers,98,IDW,2011,,
c1ee2275-040e-4b8d-83d7-8fd470275440,Transformers,99,IDW,2008,,
229dfcee-607f-4f22-9be0-2c558e50487a,Transformers,100,IDW,2000,,
09708c4f-fb2f-4984-8463-dec2c34cc325,Transformers,101,IDW,2004,,
34cbf841-deea-4a8c-b237-188b6d1f0202,Transformers,102,IDW,2009,,
736457f6-cee8-40de-a1a2-ea163eb8f2f2,Transformers,103,IDW,2022,,
a68832f5-ec4a-42d8-aabd-248219b6e775,Transformers,104,IDW,1983,,
e310b113-be85-4349-9681-d3637b6ddc83,Transformers,105,IDW,2015,,
bad99b55-04a8-400c-9015-3c92304e6a08,Transformers,106,IDW,1991,,
7a756d57-26fd-4025-a854-c6bb16851089,Transformers,107,IDW,2015,,
3d6e0e4b-9602-40e4-983a-8e3232828508,Transformers,108,IDW,1975,,
36561333-ee55-446c-823f-ce8e70e3ab26,Transformers,109,IDW,2004,,
f8776c96-786c-4932-995f-2aad42a98167,Transformers,110,IDW,1972,,
74ac599f-7d2f-4d98-8d99-f4df78907cc7,Transformers,111,IDW,1962,,
bd04a8d5-a191-440c-8cbd-d3150af5e6d5,Transformers,112,IDW,1983,,
333cc3ee-93af-4767-b914-68cca4dc86e3,Transformers,113,IDW,1994,,
b29e2265-5983-4f01-8b20-6e05cac27273,Transformers,114,IDW,1994,,
fc087bc1-79cc-4fe3-b077-6ac0131e3082,Transformers,115,IDW,2020,,
64ad8f2b-211a-43e2-9083-23ec2aec5e2e,Transformers,116,IDW,1968,,
defbebeb-41a6-4da4-a287-14abd4b090ea,Transformers,117,IDW,1966,,
4c43fc31-d67c-45d0-a0b4-d6e71d0c78b4,Transformers,118,IDW,2023,,
2a5cae88-bd72-47ff-8193-9816aa826fb6,Transformers,119,IDW,1995,,
5de4bfce-2757-4d92-917d-7716c6d1f38c,Transformers,120,IDW,1996,,
7cd017d0-b9c8-40b9-8b72-31823029bf40,Transformers,121,IDW,2021,,
84343854-b290-4171-abcd-9e3b2974ed1a,Transformers,122,IDW,1998,,
dafef12e-9edf-41e5-a25b-2167adff5fe7,Transformers,123,IDW,1992,,
2d607d24-33d3-42cf-9981-5cb17e249ad9,Transformers,124,IDW,1988,,
a84b02a2-4eed-4c91-bb68-0e8e51378ac5,Transformers,125,IDW,1972,,
bad25a4c-65d6-4936-9e26-1319793efaba,Transformers,126,IDW,1997,,
2c2e36f6-bd76-49e4-85d1-07a3ebc5962a,Transformers,127,IDW,1973,,
893ec0a8-ea88-47be-9f30-fd898046b1f4,Transformers,128,IDW,1997,,
4bb6a2c1-2368-4347-a055-715fba70b3a3,Transformers,129,IDW,2012,,
28958a54-cc2e-4ad7-b1db-424a7f5134e4,Transformers,130,IDW,1984,,
67adee6a-2491-4962-9761-fd1451faca15,Transformers,131,IDW,1999,,
aa6e060a-e055-45e9-96db-a2b83ca90c59,Transformers,132,IDW,2018,,
c81eb1c0-9a8b-4ad8-8a18-de5293877042,Transformers,133,IDW,2002,,
3a3c995f-06c6-4265-a2a9-674d2de9d371,Transformers,134,IDW,1982,,
460c6767-9b8b-44d5-844a-2c22b48959c5,Transformers,135,IDW,1966,,
b3fdb134-e582-4f50-b0a0-2b193f954078,Transformers,136,IDW,1988,,
6600e08b-03d9-401a-84fc-9e316cb0199e,Transformers,137,IDW,2009,,
c42fe71b-e78c-4fc9-89bc-4efea4512731,Transformers,138,IDW,1973,,
427c0406-3062-445b-9ecd-2f376e083398,Transformers,139,IDW,1983,,
842a6e40-671b-4223-b454-bb51dff1e5ce,Transformers,140,IDW,1977,,
0282e7eb-95e1-4448-8eac-4ff0657acec7,Transformers,141,IDW,1990,,
5436375a-c5b9-48b9-9fc0-2d93322102fd,Transformers,142,IDW,2020,,
06175359-89ce-4704-ab51-90e0c47a6c36,Transformers,143,IDW,2020,,
24df94bc-1f17-4aa2-a40e-017ce0533bbf,Transformers,144,IDW,2000,,
23436c71-f7e7-46fd-b276-c1ddb5c0d276,Transformers,145,IDW,2005,,
755cde01-d1aa-41a4-81f2-5b20f64122b9,Transformers,146,IDW,2024,,
6e229cca-1eac-4946-a2be-b54281629a0b,Transformers,147,IDW,1975,,
aa948e20-acac-461e-bf80-591d31666eba,Transformers,148,IDW,1982,,
7a9800e5-08b9-4554-ade3-19ca7e169923,Transformers,149,IDW,1982,,
8d79cac1-6df8-451a-a380-2884c2f910eb,Transformers,150,IDW,1986,,
62d63c4b-d8ab-4c69-86ef-d148d0809894,Transformers,151,IDW,2012,,
150b9f6e-ea49-4a92-9d63-cd8473a41aa6,Transformers,152,IDW,1967,,
64b0a760-5d1e-4d17-b854-3c026f3606a3,Transformers,153,IDW,2024,,
1570d5ba-7e1a-4c8c-8ec6-d983f0cba1f0,Transformers,154,IDW,1964,,
20f6ed65-4fcc-4a16-b31e-de213cc40256,Transformers,155,IDW,2003,,
d0a676ef-e5fb-4b78-9e4d-2a847820e5a4,Transformers,156,IDW,2016,,
2cf8d89a-47b5-4637-b9d1-bab4928daf38,Transformers,157,IDW,1971,,
32f85288-09a6-4cfa-b144-9320fdb66136,Transformers,158,IDW,2023,,
47a82e1d-5cc1-4b83-aeab-2d441da43383,Transformers,159,IDW,2017,,
18e37506-7616-4d1f-b33c-28edb5a7cb5f,Transformers,160,IDW,1989,,
4bb7ff68-cd16-4241-8b0c-7da974ddea9b,Transformers,161,IDW,1962,,
47b444b1-bf7d-4174-86c8-75d74de63622,Transformers,162,IDW,2015,,
6853b338-ab0b-4dbb-9400-27ccc8a043a8,Transformers,163,IDW,2013,,
244d63af-a92b-4c59-b55a-246d1e41bb76,Transformers,164,IDW,1998,,
863ca252-2b4e-4f37-b82c-8797c524dc7c,Transformers,165,IDW,2022,,
6d35d252-97a3-4c4f-98bb-63c132f4792f,Transformers,166,IDW,2010,,
99467947-4afb-4e4f-9a63-e21b32cbdd9a,Transformers,167,IDW,2019,,
71a68b7b-fc6e-44cb-a9ff-a32017a52c21,Transformers,168,IDW,1978,,
7b96e50f-f72f-48bc-89d9-8c395a75da35,Transformers,169,IDW,2020,,
1a30453e-89d1-444a-b386-11569cf75bd7,Transformers,170,IDW,1986,,
938100cd-01e0-4507-ad04-43f36877b23c,Transformers,171,IDW,1970,,
991cc1fb-e76c-4c9b-9321-0dd84875a55a,Transformers,172,IDW,1987,,
c763ccb6-0298-4593-a109-02de5fb5cc04,Transformers,173,IDW,2015,,
24f1bc97-3a17-4f07-a0ad-8fa207041fac,Transformers,174,IDW,2007,,
eabea3d9-d543-4d90-a6e6-11f35acbfff4,Transformers,175,IDW,2002,,
9ae54dfe-788d-497a-8c2a-f78f754a0305,Transformers,176,IDW,1984,,
4ef9060c-8577-4185-9922-efb6bbb22628,Transformers,177,IDW,2012,,
f718dc48-9fba-4d59-997e-c4044878e799,Transformers,178,IDW,1972,,
a1935e97-1c64-4d87-833a-32d7302ba695,Transformers,179,IDW,1966,,
429d0c89-e84c-45da-98f8-5df9e028acc6,Transformers,180,IDW,2000,,
9067826c-78fd-4696-ad56-b4e7435356a2,Transformers,181,IDW,1996,,
6d626a57-56b5-445c-ab86-f0e2a0a297b3,Transformers,182,IDW,2001,,
ebc1c0d3-86cf-499f-a87f-2e1b62affb56,Transformers,183,IDW,1997,,
8788f8b6-f803-4d66-b84e-4d9239de2446,Transformers,184,IDW,2021,,
bd39b286-b737-4f4a-9e14-8089a90e94f4,Transformers,185,IDW,1985,,
b2499826-054e-4467-8fb8-e0291d615238,Transformers,186,IDW,1968,,
16f6eaa9-c841-4d3e-a3fa-1e9a788793b7,Transformers,187,IDW,2015,,
91609018-a588-442d-8d95-dd43e4d646a7,Transformers,188,IDW,1983,,
87f75030-94fc-4021-a26a-6c262dc2d91f,Transformers,189,IDW,1971,,
4d43331c-5c93-4c5b-ad9c-eedd087c57a3,Transformers,190,IDW,1972,,
f1f45b7b-c377-42d5-8cd5-ed90854d3093,Transformers,191,IDW,1997,,
47126a37-ce6f-4550-8bd1-4d5981bbd2ad,Transformers,192,IDW,1962,,
e6839ae0-3177-4341-ac7d-6f357f6c383c,Transformers,193,IDW,1990,,
d8b423f7-2bd6-4509-a5af-ade301d8778e,Transformers,194,IDW,1969,,
a4178cb2-5356-40b3-b456-b49b37db44d1,Transformers,195,IDW,1966,,
e7635827-553c-464a-aa03-3d72e503a043,Transformers,196,IDW,2017,,
72975294-13ac-47b9-8f04-39c6a092314f,Transformers,197,IDW,2010,,
c26b701b-adaa-4080-b8d2-57557964bed3,Transformers,198,IDW,1989,,
f7347164-2067-4881-a51f-8be0e2081a43,Transformers,199,IDW,1992,,
96f8bc49-537e-4558-a8d6-5873a56d2412,Transformers,200,IDW,1985,,
5373e13b-b247-4ee5-a048-592c51d79733,Transformers,201,IDW,2022,,
a09e04b8-a7a6-4503-9b99-4ba43c68c337,Transformers,202,IDW,1987,,
d3e4b439-38ff-4c59-b7ae-2e76ad2c34ba,Transformers,203,IDW,2015,,
aeabdfc6-29c3-407e-bf43-655f16595746,Transformers,204,IDW,1986,,
1b6d4914-71ef-4070-98b8-b0c90fca2f7a,Transformers,205,IDW,2007,,
2a0c3f9b-95f5-41cf-bcde-fd08ba6734d6,Transformers,206,IDW,2009,,
1df06ae7-59a2-414e-9190-bd107b201861,Transformers,207,IDW,1980,,
39ed007c-b337-446f-8800-97dc7fd0f1dc,Transformers,208,IDW,1966,,
1a9841d4-d8f5-4174-a3b2-35cc60b370e6,Transformers,209,IDW,1967,,
d9ffa34b-a3c5-4c2d-8bf4-c8662e0f2ab2,Transformers,210,IDW,2003,,
6dd02514-f6b2-45c9-a8e3-964607370946,Transformers,211,IDW,1966,,
006a2592-9b0c-4573-a942-4d4ff346cc54,Transformers,212,IDW,1962,,
198c0336-078c-42c1-b038-cb023fb3e89e,Transformers,213,IDW,1992,,
17a8a0b0-9cdd-4fd9-a34a-86de017bca02,Transformers,214,IDW,1982,,
cfb59c4e-78f2-469c-9ce4-9729313243f6,Transformers,215,IDW,2019,,
242b75dd-99a1-4eb7-abd2-193585ba2c74,Transformers,216,IDW,1963,,
5cd1af57-5736-4ce2-aa24-aa537ae3a28b,Transformers,217,IDW,1960,,
bbbd62ec-42a0-4494-b403-011ab00d18c0,Transformers,218,IDW,1969,,
43854b77-749e-4feb-9f32-b9823efab845,Transformers,219,IDW,1987,,
a806d4dd-819b-4b06-833e-9b74098252e6,Transformers,220,IDW,1987,,
27cc3c4c-424c-44a0-904c-39ee47681046,Transformers,221,IDW,2002,,
1b1fa18e-ba9b-4255-a833-4884cc9f7b90,Transformers,222,IDW,2009,,
336f63f3-314c-4f53-9ab1-19478e2036ef,Transformers,223,IDW,2020,,
8c0920c3-d40b-4c50-9268-d401ca222991,Transformers,224,IDW,1996,,
b6c88599-5a7f-4ff0-8e0b-01fcf68200fa,Transformers,225,IDW,1980,,
b37161a2-9131-4da5-9e6a-f6210828372e,Transformers,226,IDW,2019,,
2b7f1f3f-2f5a-435f-8af2-6f927084d174,Transformers,227,IDW,1979,,
6dba6ab6-20f1-448e-b7e8-8a797d5182b6,Transformers,228,IDW,1981,,
34b04b65-0d15-4a74-bc61-ecd6bee854d3,Transformers,229,IDW,1965,,
f9733637-2984-4b49-8d54-55ce5994ff3b,Transformers,230,IDW,1995,,
b7d0f5b6-5105-4983-911f-1c02c5a0b257,Transformers,231,IDW,2017,,
767a9d9b-99d6-4f7a-bdb0-d949b176b398,Transformers,232,IDW,1987,,
edf7b860-25d9-4a26-a8da-5a06f1a11303,Transformers,233,IDW,1961,,
3667f2fa-2c5b-45f7-a0fe-6a3b72d87c0f,Transformers,234,IDW,1980,,
262321cf-a990-452b-b89f-00d4e3e4dab8,Transformers,235,IDW,1982,,
5fdf5105-fe70-48a4-ac1c-6d52267d6811,Transformers,236,IDW,2016,,
8a6ad1e5-702d-406e-a7ee-a05991a81c76,Transformers,237,IDW,2010,,
2bef4376-7a2c-46e1-ba53-d6cd5040eda5,Transformers,238,IDW,1992,,
d5594fb9-b0bc-4a73-a630-7b88ec02fbb7,Transformers,239,IDW,1969,,
368da136-671e-45e0-a43d-c80b86c0fd83,Transformers,240,IDW,1995,,
2628fe07-b8c3-4404-aae3-050188f62c77,Transformers,241,IDW,1969,,
2e33692c-8f9f-404d-9411-c5fbbed387bf,Transformers,242,IDW,1983,,
9821adf4-3ff1-4160-b808-9aaead2560cb,Transformers,243,IDW,2002,,
fe91a2a1-3567-49d5-8441-919d101b10a3,Transformers,244,IDW,1987,,
106ea7ca-4a9a-4894-bedc-532596dee8a2,Transformers,245,IDW,1999,,
abd81415-1242-4f7a-a415-2d87fa74097c,Transformers,246,IDW,2017,,
a8b1dfc0-84cf-47b9-8d5b-33592a2a5f66,Transformers,247,IDW,2011,,
09f641ff-db0a-4408-9e48-2ba8b8769a0a,Transformers,248,IDW,1975,,
ceb47a99-0c62-4398-be8b-8331fdb146b5,Transformers,249,IDW,1978,,
ecc06e46-7465-4dc9-8c3c-ef0403e17bab,Transformers,250,IDW,1993,,
cbd8cb22-f2d4-45e7-863c-ac079e34d0a5,Transformers,251,IDW,2002,,
f3cee83c-8f42-42ab-b9cf-c7416669a2a4,Transformers,252,IDW,1988,,
c744bc7a-95b5-4898-aff5-6f3ce1604773,Transformers,253,IDW,1964,,
075fdb49-22d2-44be-a4df-e1630943b982,Transformers,254,IDW,2006,,
928d6a6b-e867-4bd5-8943-f49f1ee69e80,Transformers,255,IDW,2018,,
542a830a-ffc3-4400-9ee0-7678f92248b9,Transformers,256,IDW,1976,,
2b6e37a2-8bc3-4af1-bdda-cdea2dbcc010,Transformers,257,IDW,1970,,
0579796e-0fa0-4c47-927c-a8f1a532a4f5,Transformers,258,IDW,2005,,
a86a7bff-db80-4eb7-ae28-849229b58628,Transformers,259,IDW,2009,,
acccb3d5-469c-4b86-815f-7a93aad540e9,Transformers,260,IDW,2012,,
25618f84-e46c-4429-8999-47b116b7aa95,Transformers,261,IDW,2021,,
bc7c92c3-ed13-4738-9c3c-561bfe8dbba1,Transformers,262,IDW,2023,,
79f50716-e538-48d2-b3df-9092d02af663,Transformers,263,IDW,1961,,
84ef199b-36f7-4a75-aeba-7e4a792bd0b1,Transformers,264,IDW,1991,,
e3c6549d-619d-47a7-bde7-70fa21997fa0,Transformers,265,IDW,1979,,
f09d2fe6-c310-425f-8d46-94093f045936,Transformers,266,IDW,1971,,
4f14245f-3184-49f0-8cb5-6f4dc8b7e145,Transformers,267,IDW,2002,,
e674f879-7cab-41ab-a23d-a4586f696487,Transformers,268,IDW,1968,,
c63b8e3a-faa0-4c0c-8100-a251e142f928,Transformers,269,IDW,2013,,
0d62ba83-2ba7-43bb-9297-95cf535b4de1,Transformers,270,IDW,2022,,
59df3b22-a0a4-49a5-92a7-e15d131a9b60,Transformers,271,IDW,2001,,
e797f3b5-0015-475e-b09f-11e46c6b8853,Transformers,272,IDW,2013,,
2bfbb415-1964-4a49-ac52-da825bb1b4b6,Transformers,273,IDW,2017,,
2aea7269-dcaa-46c1-89b3-ea99a8caa48f,Transformers,274,IDW,2012,,
1fc45c23-35ac-4814-9749-82cd33d1a08c,Transformers,275,IDW,1996,,
18470645-9149-4cb0-8711-b091084a7391,Transformers,276,IDW,2022,,
555f58be-aa55-4558-ba19-f2409c73bbce,Transformers,277,IDW,1975,,
20205fb2-a232-4b64-a7a4-c38b59d90a28,Transformers,278,IDW,2001,,
7e0e5d22-8c4e-4489-86f7-1359ee952204,Transformers,279,IDW,2013,,
67d36b5c-daa2-4d4d-8792-11f911082172,Transformers,280,IDW,1971,,
320c6f43-039d-4dea-9cd4-0e771cef011e,Transformers,281,IDW,2010,,
a4235da6-9939-4ffd-b348-390683afcb85,Transformers,282,IDW,1970,,
d59a1072-2f0a-44e2-9b55-8b5d3ca64e41,Transformers,283,IDW,2023,,
f9124815-2627-4e31-a82d-58f361658cb7,Transformers,284,IDW,1985,,
2762b0e9-be9a-4d22-bb5f-eb1561bea908,Transformers,285,IDW,1998,,
cf01de08-8c37-43e9-abc4-53d81b8f3041,Transformers,286,IDW,1972,,
15ec1151-b560-4aab-8ec4-e422675be586,Transformers,287,IDW,2017,,
5e602e85-9670-4852-86f2-28da946edb9a,Transformers,288,IDW,2009,,
ecb64a91-751a-4c85-b696-f81521546883,Transformers,289,IDW,1985,,
bd2913d7-2e94-4126-8e2b-f180703d303a,Transformers,290,IDW,1981,,
afa68597-b227-47fc-93eb-fa93b220df60,Transformers,291,IDW,1999,,
c9849db6-84d7-4478-92fb-6aaadca4f3eb,Transformers,292,IDW,2023,,
3cdee7d4-03da-4c9d-8892-b7c34b1a5865,Transformers,293,IDW,2007,,
9241199d-73af-4ed8-861d-ea0d7eda847e,Transformers,294,IDW,1972,,
520f3f6c-e8b6-4037-98e6-c7ef55361970,Transformers,295,IDW,2002,,
8247b2cf-090e-409a-b991-7770cd1bb084,Transformers,296,IDW,2018,,
38ad0658-0493-425d-b547-774b54f9ebbd,Transformers,297,IDW,2001,,
fdb4d376-464b-487f-ae04-a21d9b9795d0,Transformers,298,IDW,2022,,
cb270d79-5429-4511-bb68-5322e9cf7367,Transformers,299,IDW,1982,,
f2287429-97c4-4acd-ae09-caf657f109c4,Transformers,300,IDW,1977,,
bb8de75f-7e57-4708-bf9e-dd9ebeda2de6,Transformers,301,IDW,1968,,
66b835f1-a9c1-47ce-95df-e99e4a516627,Transformers,302,IDW,1963,,
72a4a2c3-f37a-4300-829a-72af4fc88937,Transformers,303,IDW,1992,,
fc57369f-77df-463b-bf2f-fad930fd3e9a,Transformers,304,IDW,1976,,
ea86dec5-577a-4454-802f-517e94a20f7f,Transformers,305,IDW,1974,,
67ed3303-71f9-4a4c-8a51-7126f0bdb1d8,Transformers,306,IDW,2016,,
063d862c-1313-46f4-8e4d-a75f635a39d3,Transformers,307,IDW,2023,,
c71298bf-e721-498d-b028-30c43c755aaf,Transformers,308,IDW,1972,,
456b8cba-2d08-4103-aba2-8e00818297f0,Transformers,309,IDW,2000,,
f27b1d90-610b-4208-ba8e-304b80142417,Transformers,310,IDW,2001,,
c1d282f5-4ca6-4df0-bb27-d3e82d69c7d1,Transformers,311,IDW,1966,,
ce634ba4-ba2e-496a-b934-a1895a1e92f5,Transformers,312,IDW,1976,,
26db1ec5-bc9f-4115-89a4-78b1eb93fbb1,Transformers,313,IDW,1986,,
ed54ffaa-710c-452a-82c3-33f24cf0eda8,Transformers,314,IDW,2015,,
86909cdf-8b5f-4162-b78b-21109ab329b0,Transformers,315,IDW,1960,,
8629f2cf-22e7-443b-a5d8-54480e0989dd,Transformers,316,IDW,2016,,
f74aaf98-0da9-4ccc-8659-0a4225f8eddf,Transformers,317,IDW,1971,,
b2668cad-90a7-40ed-aaeb-61c096477339,Transformers,318,IDW,1967,,
770f8d84-42f5-44c4-844b-01a10515a0ce,Transformers,319,IDW,2020,,
37f5d137-11a6-49ee-ab2e-8ee768f282d1,Transformers,320,IDW,1990,,
7b56eaa2-a579-42ec-bc1f-c7992be5092f,Transformers,321,IDW,1977,,
74befe3e-a709-47ba-bbc1-f844d247be15,Transformers,322,IDW,1970,,
c849750d-98f1-4f54-99cf-4e5c0c045373,Transformers,323,IDW,1972,,
f20f84a0-e928-4b93-ad71-d2ce59f510d0,Transformers,324,IDW,2005,,
4eb5aa61-cfcb-4727-8423-b4e938c77ddf,Transformers,325,IDW,2004,,
91bdf6d2-539f-41ca-bc43-7fe69e4d4d98,Transformers,326,IDW,1980,,
5bc6a5f1-cbfd-4976-ad17-5ca6e12de365,Transformers,327,IDW,1999,,
27a32616-345c-4401-8a81-71ceef092a09,Transformers,328,IDW,2005,,
92b4544b-0c61-4baf-9281-1ecbc65071f6,Transformers,329,IDW,1986,,
73fd2538-1374-4b70-b136-56d89448f279,Transformers,330,IDW,2009,,
f2c8bfdf-ab41-447e-b00a-24bc73c42f89,Transformers,331,IDW,1964,,
6d6aab51-b52f-452b-bf30-99a20a8d242b,Transformers,332,IDW,2019,,
0747d670-d578-4346-a474-056321458b8c,Transformers,333,IDW,2006,,
68292dbb-d3a2-460a-bc47-0ad235441391,Transformers,334,IDW,2005,,
361be97c-5195-4710-969a-b3a5e47a8674,Transformers,335,IDW,1982,,
1f7e2357-914a-4666-9fda-11161f5e9302,Transformers,336,IDW,2018,,
299684af-0244-40a8-a020-36c1057d390e,Transformers,337,IDW,1980,,
53031106-fb01-4557-9251-b1d9e06afbc6,Transformers,338,IDW,2000,,
d69a27d6-b1ff-4992-b39a-c928dad3653c,Transformers,339,IDW,2014,,
9662105a-b121-4ac7-b628-984ae8914bbd,Transformers,340,IDW,1965,,
70772a5f-cd9e-4463-8371-3f63d7ae1270,Transformers,341,IDW,2005,,
5ac0a63d-5894-4679-8518-b3b04268ba86,Transformers,342,IDW,2015,,
b0376dd9-99d5-467d-bfc1-f2834719b824,Transformers,343,IDW,1968,,
98ebccca-3323-46eb-b339-b663eb19c2bf,Transformers,344,IDW,1999,,
f70badae-bcc4-4a82-87a5-2f497787a16d,Transformers,345,IDW,1988,,
f0c1acc3-f533-4bfe-ae8b-fd8ae3b51b31,Transformers,346,IDW,1973,,
ec63a7e7-01d3-4392-81c1-f026c7bcc10b,Transformers,347,IDW,1970,,
c125843e-35b4-4fd1-af3e-b3383d1ad43a,Transformers,348,IDW,2012,,
46b4adb5-3cd8-4457-b4a1-dcfc26f4b905,Transformers,349,IDW,2015,,
3e6b10db-3cf2-4416-a1da-55a0ea970eea,Transformers,350,IDW,1972,,
60d6d099-bf8a-4714-a1a1-b0a65b4bc732,Transformers,351,IDW,1987,,
5e44b279-51dd-4776-acf1-4eb88a53bef4,Transformers,352,IDW,1964,,
0a17776d-2767-4c8a-8153-cc7bdfd481eb,Transformers,353,IDW,1962,,
9ad3ca9e-d787-4ca6-a6ad-17a0cbebe101,Transformers,354,IDW,2019,,
2eb37e9a-9ccc-403f-a19a-ee2e9ea9cab2,Transformers,355,IDW,1987,,
7fd99810-b1d3-4e83-9d9a-40fd6f0fdb1d,Transformers,356,IDW,1999,,
781cf2f8-6f85-49e5-8739-12a77d27f2b9,Transformers,357,IDW,1960,,
570ade98-ef0c-4c02-b8ef-0403406ab518,Transformers,358,IDW,2023,,
b88c5271-4f04-4ccb-9e65-658b9796101b,Transformers,359,IDW,1975,,
8ee59f2f-6d4d-486f-8fd9-9fafb3c11aa2,Transformers,360,IDW,2011,,
c681bbb7-a41b-44c6-b255-c5f18ab658be,Transformers,361,IDW,2022,,
a36ad953-36f6-4665-a351-1bd46c5d4706,Transformers,362,IDW,1998,,
46d709d9-915b-4733-afa4-deebdeb9ffed,Transformers,363,IDW,2004,,
bb73553b-3312-47d2-861e-d56644da6d14,Transformers,364,IDW,1982,,
52433a0d-b87b-49d2-8b23-496a5032c651,Transformers,365,IDW,1981,,
67ed2ed2-7845-4a86-88e8-b3b02ed7dc11,Transformers,366,IDW,1978,,
f3f31b84-848a-4fcb-9d00-1bf581536872,Transformers,367,IDW,1960,,
1b057442-f931-4a8a-8da4-ef82ec8aec7f,Transformers,368,IDW,1965,,
de93e946-9175-4c94-9db9-3b0dc3983eb9,Transformers,369,IDW,1982,,
aaf25734-b52a-4c1a-8747-00bdc75f3f20,Transformers,370,IDW,2008,,
1a18d5a9-fa6b-485f-b8b9-a87faec34cd1,Transformers,371,IDW,2000,,
bbc5517b-e8fb-4d55-b1f2-358985ece734,Transformers,372,IDW,1976,,
7b3a5790-5301-420a-8602-5bee7e1a0acb,Transformers,373,IDW,2003,,
f55a2ae6-275d-4de3-9eb0-a5e45ab1f3de,Transformers,374,IDW,1963,,
cecd93b6-3196-412e-ae26-0a90b2b5dd1d,Transformers,375,IDW,2009,,
d39ca2f2-bd66-4db1-b0e2-01e2cab520b6,Transformers,376,IDW,2002,,
871bddf7-a1fe-496f-8402-3cedaa4ca770,Transformers,377,IDW,2022,,
8cfa9342-a385-4dfa-8169-b938a6260119,Transformers,378,IDW,1997,,
f139a2d8-f26d-4a68-ba9b-9a093e7bc16a,Transformers,379,IDW,1981,,
4a00d86b-6b08-471a-8156-d8cc6fb913d1,Transformers,380,IDW,1972,,
ad884389-a942-4cae-b594-5c71cf1a054e,Transformers,381,IDW,2016,,
4551127a-e683-4680-bb47-bf2b5d0ddd00,Transformers,382,IDW,1999,,
9dad0a7c-5ef0-4ddb-8517-60515d43f69f,Transformers,383,IDW,1989,,
6291a50b-44b8-46fd-add5-a0ad18709e92,Transformers,384,IDW,2000,,
b2f3e3e8-d6e4-4474-8131-7036707e22bf,Transformers,385,IDW,2016,,
1561fbc0-50e8-4a9d-a8c6-215e5a4daa76,Transformers,386,IDW,1963,,
10183fa1-4363-4732-9e5a-74aeec2a90b1,Transformers,387,IDW,1963,,
cde91452-5a15-4b4d-a7e7-14d54e8cf195,Transformers,388,IDW,1991,,
f818d490-9cba-4cb3-8e31-f70309514bee,Transformers,389,IDW,1980,,
737a87da-ecdb-407b-8f56-09cca5f4adfd,Transformers,390,IDW,2021,,
78aa3a41-913f-488a-8621-661d0499ec8a,Transformers,391,IDW,1993,,
8a2cb29a-cd98-40ec-873d-8ec952181fa0,Transformers,392,IDW,1976,,
8c993fe8-e029-4d61-a51a-ca82c054a2ad,Transformers,393,IDW,1971,,
c8c8b6dd-c599-4c93-89b0-267bed5594e0,Transformers,394,IDW,1962,,
e395cbcf-7fe8-4bce-8632-400b2d2b3ab6,Transformers,395,IDW,1991,,
35b1dc7f-1df9-471d-893d-59940f439b59,Transformers,396,IDW,1991,,
bfa022d8-5ffb-456b-896c-13b46bbc9c18,Transformers,397,IDW,1996,,
917d068e-406c-4e20-82c1-c529ff4406d0,Transformers,398,IDW,1982,,
2645e93c-9b33-4a2a-877d-472566bca6ed,Transformers,399,IDW,1960,,
042ef3db-5adc-4e65-903b-c1d30ea608fc,Transformers,400,IDW,1975,,
d64b9cb0-8b56-43cd-9067-ab74ce10d0e6,Transformers,401,IDW,1985,,
079e11d3-4f23-4aa1-9a31-81c8aa83710e,Transformers,402,IDW,1984,,
681fe271-b6c2-424c-9e9c-caeece91e00d,Transformers,403,IDW,1978,,
2fe8c1f1-91e3-4743-a559-aa13e3a28bf1,Transformers,404,IDW,1987,,
814a53da-e902-4c5e-a5ed-49e417ef2dc6,Transformers,405,IDW,1990,,
fe70f2c4-aefe-4479-b083-ba222a826b24,Transformers,406,IDW,2007,,
1148f83b-d528-4c7d-8e52-8a888c3eaede,Transformers,407,IDW,2006,,
4b1750c6-706b-4ce7-a9a9-28dcfe8ce342,Transformers,408,IDW,1984,,
01e30ad3-044c-4a29-9daf-5f5790ec4bab,Transformers,409,IDW,1968,,
703c826c-529b-4359-b4c2-1ed1a648c745,Transformers,410,IDW,1978,,
19941a6a-ec48-438c-a042-40ab748fb6ea,Transformers,411,IDW,1973,,
1ddc0d26-26ab-48ed-811d-9be08e0735be,Transformers,412,IDW,1976,,
adbea4d5-37a4-42c6-9878-26f786b1009d,Transformers,413,IDW,2010,,
c454746e-3962-431e-9372-9971928b591a,Transformers,414,IDW,1978,,
57c71e39-5c54-40ca-81d7-dfadc4ddecc0,Transformers,415,IDW,2013,,
1ddd13cf-0034-464b-9680-79fa9bd04512,Transformers,416,IDW,2013,,
ed77feda-559c-4e06-8b56-fc648dd538c4,Transformers,417,IDW,1975,,
dd3e0cd3-8a06-4f19-b53f-90e645a322d3,Transformers,418,IDW,1973,,
4269f141-c8ab-4db9-9dc8-cf5ff53f22fe,Transformers,419,IDW,1984,,
ae81c43d-9b27-452a-bbf4-dbf0e623af30,Transformers,420,IDW,1989,,
c4cc5e5e-faa5-443a-8ca5-2fa4282c61e0,Transformers,421,IDW,2016,,
19b5ea03-17e2-4f51-b846-1f65be3b7989,Transformers,422,IDW,2024,,
65d77f14-db95-43ff-9137-3729988b1ac9,Transformers,423,IDW,1997,,
5c8c4a59-4914-4d47-b6d7-017cea1a5b5e,Transformers,424,IDW,1965,,
631ca245-86f0-44a6-96cf-cfca764f4a76,Transformers,425,IDW,2006,,
128e8b0d-2710-434e-985a-2f8f5cd79c8b,Transformers,426,IDW,1993,,
acad8cc9-1011-4555-b2a2-97ed032699c5,Transformers,427,IDW,1969,,
d5efc6fd-8b41-4897-a3b9-45fc1c8270ad,Transformers,428,IDW,1972,,
a006870d-ab1b-465d-8193-f8b038efe485,Transformers,429,IDW,1964,,
0b59e8e4-efcf-4653-b14b-559bb34345c4,Transformers,430,IDW,2012,,
f8864064-c1a7-4037-b58d-a42b85996139,Transformers,431,IDW,1981,,
7f029335-298d-4cfb-85de-5c43f20b2342,Transformers,432,IDW,1962,,
a1253dee-e603-40f2-918b-02dec9aa38c6,Transformers,433,IDW,1992,,
700a958f-30de-41fe-a9f0-ed2cc69858dd,Transformers,434,IDW,1987,,
3ed1c4c1-7554-47e1-a916-e48d7bb8cfe8,Transformers,435,IDW,1978,,
e3d94edf-0e44-4b1e-9edb-e0539a6728bc,Transformers,436,IDW,2013,,
3963efd7-7fcb-4953-80f5-99a9365b7022,Transformers,437,IDW,2017,,
2d5d396f-25e4-4761-8f8c-340369adec3d,Transformers,438,IDW,1969,,
2e5aba30-3b08-49d6-96ec-67df9827a86c,Transformers,439,IDW,2000,,
243447cc-2ec0-4f8f-945e-effa8f6200c2,Transformers,440,IDW,2014,,
1a77d4cd-decc-4da7-a1f2-fc31a2e7c608,Transformers,441,IDW,1990,,
b1041232-fbc9-477a-a09b-bd637fe09694,Transformers,442,IDW,2020,,
0c2bc02d-792c-431b-a0c2-143e58e427df,Transformers,443,IDW,1966,,
82cb9d26-efb4-4f99-94e4-b294602243a5,Transformers,444,IDW,1996,,
2e296346-e36e-4f92-995a-38d17de85bad,Transformers,445,IDW,2022,,
01435acf-06ff-44de-8648-552e1afebbdd,Transformers,446,IDW,1977,,
e84c1a44-07b6-468f-bd37-e99baf2e5c98,Transformers,447,IDW,1962,,
d274f1bf-187b-4231-a8ee-30a956db13bc,Transformers,448,IDW,1968,,
e70491af-80ad-4a6f-9fd6-9b70731fcee6,Transformers,449,IDW,1966,,
53ac4844-cd57-4d94-a779-43b0d92ff3b1,Transformers,450,IDW,1993,,
8054c038-e5da-4ccc-9662-3e9c84ab90aa,Transformers,451,IDW,1962,,
b32f0ff4-cd50-4f64-95ed-d908db33b3f7,Transformers,452,IDW,2018,,
6f5ed9db-04cf-410f-aa19-a18e2419b48d,Transformers,453,IDW,1985,,
2c6ef4d5-d770-4e9d-8137-f9e9e65ebedc,Transformers,454,IDW,1969,,
9ff5b3a0-c0a6-45d5-9897-a26cfdc9a698,Transformers,455,IDW,1969,,
f8abc647-3743-46a7-a25d-873ab8c32c5f,Transformers,456,IDW,1960,,
c69464c3-e9c0-4b0f-bf46-f552b80e27a6,Transformers,457,IDW,1985,,
c8e3bd8f-28c8-48b3-a28c-d4d40a74ade5,Transformers,458,IDW,1992,,
6cbad419-2276-4220-aa4e-381a20bdb16e,Transformers,459,IDW,1996,,
3ba7de4f-396c-4e35-b8db-258cced18e44,Transformers,460,IDW,1979,,
c7695430-c67b-4cca-a7e4-28aa85230084,Transformers,461,IDW,1980,,
57d70b5d-faf1-4ef5-a83c-7aec167e9872,Transformers,462,IDW,2017,,
5e74a040-1f32-4d40-82c0-795ced1847c3,Transformers,463,IDW,2009,,
8b84d640-6337-489c-9103-5402aa458730,Transformers,464,IDW,2002,,
399e4c07-5d9c-43e3-9760-2376b70b49f9,Transformers,465,IDW,1967,,
a3fc1148-94cd-4322-b383-6a74d373dd76,Transformers,466,IDW,2003,,
221c892d-53be-4461-873e-4e294f1a9b0e,Transformers,467,IDW,1974,,
58647958-b50c-452a-a54b-42f238df3fcd,Transformers,468,IDW,1971,,
19a19804-ae70-41cb-87d4-1a8a124d9dec,Transformers,469,IDW,2010,,
83cb3098-aeaa-4a2c-873d-53d413140ba1,Transformers,470,IDW,2003,,
339cce6e-3678-4afa-8298-95f37b32a28b,Transformers,471,IDW,1974,,
598bbd41-99fc-413a-8312-fa96ba1959c7,Transformers,472,IDW,2006,,
bde995d3-31b6-42f1-ab47-5d2d2800c5b4,Transformers,473,IDW,2014,,
d5cb9118-f97b-4810-9c99-9a554eafecb5,Transformers,474,IDW,2017,,
f0296827-da43-4c31-8a21-b98bc7c29c42,Transformers,475,IDW,2006,,
6b065d3b-48af-402f-894b-8c2adc66937f,Transformers,476,IDW,1964,,
12e3da01-b9dc-47d1-bba0-7c66e9269c17,Transformers,477,IDW,2020,,
33a61582-f49c-4a62-8413-f2afc5f34a19,Transformers,478,IDW,1992,,
6e89f694-b42a-42e0-8bf6-fadcec78dff5,Transformers,479,IDW,1994,,
87cf10d8-220f-4e83-9e16-cc4226d56f15,Transformers,480,IDW,2001,,
52212525-f0f8-4110-9248-47406cfe452d,Transformers,481,IDW,2007,,
77549611-3c84-47bc-8308-04e74aa8c534,Transformers,482,IDW,1971,,
4a927330-1a74-4c4d-864d-35d7961f7342,Transformers,483,IDW,2024,,
6c8f4037-17c3-4fc0-9a59-0bb6d0245c4a,Transformers,484,IDW,2005,,
885e2d1c-6d6b-4956-9aa7-5eabfff9037f,Transformers,485,IDW,2020,,
04b3e851-1f87-4566-8247-d0720c08c22e,Transformers,486,IDW,1964,,
e4fdbd49-81c7-4f1c-b46d-b87eae789a33,Transformers,487,IDW,1996,,
4da10d20-3a5f-4c43-9092-f1db9ee7f65b,Transformers,488,IDW,1964,,
aa11de55-a533-4ddf-bf68-524447b63b43,Transformers,489,IDW,2004,,
66b56a1c-b896-4b23-8b25-1a1d358093ad,Transformers,490,IDW,1985,,
43b2fe0b-2f00-4043-961c-3771fcf51e07,Transformers,491,IDW,1975,,
1282250b-ca10-443e-ae33-1440bbb77ac8,Transformers,492,IDW,1970,,
d2792d83-d1f1-4999-b4e0-842d6986f8f0,Transformers,493,IDW,1983,,
a32e2867-a228-479b-bf73-ebf8271d96e2,Transformers,494,IDW,1961,,
ac5a7760-8549-4067-96e2-81431f443927,Transformers,495,IDW,2018,,
3089e102-c1f9-4790-8c04-47289aafa115,Transformers,496,IDW,2001,,
b3124423-36f8-4337-8660-aa6488695478,Transformers,497,IDW,1988,,
361bd562-931b-430e-890b-9f5454d8ae86,Transformers,498,IDW,2010,,
4802f1e8-3553-4137-adce-2f0cb1d0cde2,Transformers,499,IDW,1975,,
52cea5e5-44cd-41ce-a0cc-c67f24304857,Transformers,500,IDW,1999,,
684463d0-ac3d-4a9e-bc11-95112ed1192f,Transformers,501,IDW,2008,,
90b5b145-318e-494f-bb98-0d8dddfb750b,Transformers,502,IDW,2001,,
3ad964a0-1721-4e64-8739-bcb490185fb3,Transformers,503,IDW,2014,,
2cb3b68a-1654-4d80-8a4a-da5583bb1bda,Transformers,504,IDW,1977,,
28e997a1-e2bd-484f-bf1c-97512e8fe117,Transformers,505,IDW,2006,,
b9e1befd-82d9-4873-b7a1-834d997b7ed2,Transformers,506,IDW,1985,,
a646f7a6-c8c9-4f1f-a461-2944de239498,Transformers,507,IDW,1963,,
99218911-60d2-46ab-8179-1888df6ae4e7,Transformers,508,IDW,1987,,
4bf3f55b-9f84-49b5-ab4f-e890f0f32672,Transformers,509,IDW,2013,,
eb929edc-c02f-4514-b711-9afbf297d10c,Transformers,510,IDW,2018,,
3221a36b-4c11-487c-a297-aab21e25ebfe,Transformers,511,IDW,1988,,
800841c0-9ce8-44bd-afbe-47bc4bd98fad,Transformers,512,IDW,1996,,
6f7a8648-aa82-48ad-b1cc-7168594aafe0,Transformers,513,IDW,1993,,
9bf1caf4-ca75-4dfa-aeff-53cebddbc4cc,Transformers,514,IDW,2015,,
1872180f-1230-4065-a7be-bc9e430792e7,Transformers,515,IDW,2008,,
da33f202-1a72-4074-a4f9-6f096a584eba,Transformers,516,IDW,2021,,
63838c22-9088-468c-b433-7518663492cb,Transformers,517,IDW,2014,,
94bdfda8-9d62-41f9-861b-0a44f57cabdf,Transformers,518,IDW,1964,,
76969703-218b-482d-9b5e-81e25a59c55c,Transformers,519,IDW,1977,,
dc8adc13-f908-438b-9c95-2c96a0b7e52d,Transformers,520,IDW,1961,,
43e1268e-87f1-4e33-bf8a-9e0e83526307,Transformers,521,IDW,2013,,
d112aa1f-5f0c-4421-bec4-eac7467a4799,Transformers,522,IDW,1975,,
6b88a4da-a127-434b-b9a5-6d4736109636,Transformers,523,IDW,1999,,
8db2607d-84b0-4cfd-b9f4-f1a1532bd6bf,Transformers,524,IDW,2006,,
f5e8c364-39c2-4122-b5eb-e97b1e31e00a,Transformers,525,IDW,2000,,
cceb0f6e-298b-459d-ac57-c9ca4262a7ed,Transformers,526,IDW,1981,,
4953cc33-c0f3-4d3f-83e2-ae6db3bf13ee,Transformers,527,IDW,2015,,
3ec52350-e945-4650-8ab4-a566dc166b71,Transformers,528,IDW,2017,,
78665849-e3cf-4401-842c-00031813a21c,Transformers,529,IDW,1964,,
0e3e9cdb-0378-4493-8535-6623004d5e31,Transformers,530,IDW,2021,,
7189bec8-1ca4-42a8-92d2-06e4c88bebcf,Transformers,531,IDW,2006,,
4d2b2cfa-3265-41df-98da-3557e8f9a8c4,Transformers,532,IDW,1974,,
419f9991-578b-491c-b1cf-825c4b6142af,Transformers,533,IDW,1971,,
f6e67d9b-5484-42a2-ab7e-456b5e5a017c,Transformers,534,IDW,1997,,
5ec2a453-d055-4427-8956-235d0ad2be20,Transformers,535,IDW,2021,,
02be03c3-9c29-4fd1-b43b-d3481ca20c51,Transformers,536,IDW,2017,,
9c210ba3-a1bf-4dbe-8c8d-b060203f3e24,Transformers,537,IDW,2022,,
7deb29b0-e883-4328-9c17-f1031d16994a,Transformers,538,IDW,1980,,
f6eb5baa-50bc-48da-afef-f72c462143ce,Transformers,539,IDW,2023,,
09d87039-bec9-4e25-a701-da2898a62cdd,Transformers,540,IDW,1977,,
c1991dbd-7aa7-4837-bbc1-84fd805aa02e,Transformers,541,IDW,2015,,
69c4c3dc-2227-435c-97df-1e2905e8f31e,Transformers,542,IDW,1999,,
1f5f18bf-188a-43dc-834b-2ae11de573b3,Transformers,543,IDW,2001,,
37becdb6-36f6-4471-a3aa-692efe323bea,Transformers,544,IDW,1970,,
23d07aa0-f076-4dea-8f3c-f8001b324685,Transformers,545,IDW,1961,,
1288bdf1-f544-4213-9578-8571c07d8241,Transformers,546,IDW,2000,,
4840d273-1d8d-43e0-a81d-b779d7a568e6,Transformers,547,IDW,1975,,
2b3c9c04-25c9-4989-824d-53e3e0abfbca,Transformers,548,IDW,1984,,
9d4a4c50-20f4-4bb9-b6ac-fbf31e71ddb3,Transformers,549,IDW,1973,,
b7dc22c7-b6ee-4f90-ab00-7fa28f38f0f0,Transformers,550,IDW,2006,,
c261cfe8-56a5-4d97-85d3-033f3351738f,Transformers,551,IDW,1996,,
ce00f050-5b69-4162-ab3c-7cb78ba8ab72,Transformers,552,IDW,2004,,
06dc3e07-9f15-466d-82ca-3bfe2dba5827,Transformers,553,IDW,1995,,
556ef230-c604-4f0e-a244-fc696f0e88ad,Transformers,554,IDW,1974,,
e357fd70-40d0-428a-828d-40ea748723a2,Transformers,555,IDW,2008,,
f5a1e9d4-2f4c-4466-bd85-559ec1018f4b,Transformers,556,IDW,2003,,
3d59e9b2-32bf-4a0c-9c55-4f380a8c6e52,Transformers,557,IDW,1961,,
1aa87e91-7d4f-447a-b60b-a7db3e13da0d,Transformers,558,IDW,1978,,
20076b8c-2c33-455f-abd4-75ca12596a2d,Transformers,559,IDW,1984,,
24cbbbd4-d025-4e31-8b39-ff16840e5f3d,Transformers,560,IDW,1984,,
4202b622-dca4-4696-b29a-88c3c1e75a20,Transformers,561,IDW,2024,,
65c5fbee-79e6-4211-908e-3220cb4db86a,Transformers,562,IDW,2014,,
97fd43cc-b30e-433d-9d61-ae8aec3aaeff,Transformers,563,IDW,1989,,
d850b9c4-ce9e-43cf-ba8f-60d6f938efa7,Transformers,564,IDW,1962,,
f6f708e0-33c1-4ffe-86bd-c7c21b4c36d6,Transformers,565,IDW,1962,,
c550f6e4-69bf-4c3a-aa3c-e983a5b9dbe1,Transformers,566,IDW,1981,,
f43fb351-971b-46d7-8bd3-15d26e96506c,Transformers,567,IDW,1965,,
7d4c1a28-17ff-4ee7-8f23-b6574826678e,Transformers,568,IDW,2007,,
3e3d2d20-045a-458f-a9f5-3d7056293fc9,Transformers,569,IDW,1985,,
a468f861-d213-43b7-afec-78d3501b187e,Transformers,570,IDW,2007,,
81f5d06a-c171-4294-b43a-af9e80293fcc,Transformers,571,IDW,2012,,
99c951b7-b4a3-40b9-b68f-cb304abd5ee8,Transformers,572,IDW,1980,,
0a90f094-510c-4e1c-917f-97347df4893a,Transformers,573,IDW,1982,,
abc23679-431a-4b64-8a00-b77a1b78eb9d,Transformers,574,IDW,2015,,
e2917ac9-2cd5-400c-8396-1ecf8d702b8f,Transformers,575,IDW,2023,,
7cbc4853-5859-482e-93af-6b4ed3f2e254,Transformers,576,IDW,1975,,
7b381a28-fed6-4a09-bd71-f70438860efc,Transformers,577,IDW,1997,,
1dce19ef-b5b7-4b75-8977-dc49f2685780,Transformers,578,IDW,1979,,
c34404d4-3763-4ae6-853a-db0e958f3993,Transformers,579,IDW,1965,,
a94b34d1-6dae-4f71-befd-f673c4b68eb1,Transformers,580,IDW,1969,,
1128be1b-70bd-4e79-a770-0ecf158ea360,Transformers,581,IDW,2004,,
2d0aadd5-9368-4791-a1e8-94a1f2f6e0bf,Transformers,582,IDW,2017,,
e6415fdc-0215-4445-9870-abe0c8bb0f15,Transformers,583,IDW,1990,,
c6147df7-5478-4748-a22f-81cd6512135b,Transformers,584,IDW,1970,,
3cc22f38-bb85-46e2-9868-836aad214642,Transformers,585,IDW,2002,,
633871c7-912a-4b54-9723-e0f07c3a7c7d,Transformers,586,IDW,1997,,
5b9b0512-0e46-408f-aed2-aa5ca77ad905,Transformers,587,IDW,2012,,
bc0a9efe-160c-400d-a649-25d17b9ed0a5,Transformers,588,IDW,1999,,
63b5321a-03d7-4f6b-b430-512f0f08bc6b,Transformers,589,IDW,1969,,
575502a5-4860-4474-bfdc-da4737fe442b,Transformers,590,IDW,1984,,
430d6127-4724-401a-bfa2-be8ed4613b73,Transformers,591,IDW,2021,,
b8f75f0d-8b5d-47ca-91ee-cfc77f6f3b5a,Transformers,592,IDW,1980,,
8cf6376c-e62c-4577-a667-8faec3be6f13,Transformers,593,IDW,1969,,
9debe4cf-801d-4d98-a517-436b25f17b6b,Transformers,594,IDW,1975,,
40adcc6c-fa0f-4146-ba7d-f34d7967ff0d,Transformers,595,IDW,1998,,
0cc61aec-a90b-4270-a653-0db7c9d7e63b,Transformers,596,IDW,1962,,
972e5ade-6304-4a1f-9641-c53cc4eea5c1,Transformers,597,IDW,1964,,
ecdc19fa-77de-489a-8f8a-56349e28d491,Transformers,598,IDW,1961,,
bc1deeef-035b-4d56-9002-1de1d963742b,Transformers,599,IDW,2018,,
94adee67-81e9-4121-99b7-e411b99a2e4e,Transformers,600,IDW,1981,,
325cc3e4-a09e-4811-9d54-4c110340dfb4,Transformers,601,IDW,1993,,
651c3882-015d-455c-868e-03edddd3e4db,Transformers,602,IDW,2010,,
1190cb2e-82ba-40de-817e-0ab04afec751,Transformers,603,IDW,2008,,
afe2cfd6-9f7e-4ffc-8835-df18d045015e,Transformers,604,IDW,1973,,
07314cfd-23bc-4953-8a72-d2bad150768e,Transformers,605,IDW,2004,,
6cb19a12-c60f-4ecb-b52c-0fc4ceb02144,Transformers,606,IDW,2009,,
4343bd7b-9109-49d2-8055-c65a4ce6bfee,Transformers,607,IDW,1983,,
0cf7e764-0bb7-4088-a58a-d967a897006f,Transformers,608,IDW,1986,,
6c3a8374-8b22-4904-a1a2-a8c56a9e18eb,Transformers,609,IDW,2019,,
3639777a-6145-4844-b49d-affa20006a0f,Transformers,610,IDW,2015,,
53d1c739-27d3-4ea9-81a5-4621188b593a,Transformers,611,IDW,1961,,
de03f281-de8d-4c5a-bac3-5d64e44574ec,Transformers,612,IDW,1960,,
c60073a7-0da2-493b-a5ea-2ba00abb9e67,Transformers,613,IDW,2020,,
45e18a6b-d0b4-4ae6-a3c2-18ba1889fa9e,Transformers,614,IDW,1978,,
29dd7c5d-b947-46ad-b20d-9d3b259ff29b,Transformers,615,IDW,1970,,
6669731f-02c6-4ec6-8088-465a79bbfc6a,Transformers,616,IDW,2019,,
58e09093-fd11-4509-8178-f6e80c48cd9a,Transformers,617,IDW,1977,,
d51782ca-472e-4988-88bb-c11d7dc05431,Transformers,618,IDW,1998,,
c50844ca-079c-47e1-88bb-43a5fe687aac,Transformers,619,IDW,1973,,
65490e78-3e07-41e4-ad43-723e32561327,Transformers,620,IDW,2002,,
1d444f85-3e84-4692-8288-79a67713a938,Transformers,621,IDW,2022,,
8996b8e5-e6bd-4f1b-9de9-b18bccf07575,Transformers,622,IDW,2019,,
cf92c8f0-2a26-4585-a2d1-ec005eac353c,Transformers,623,IDW,2002,,
c75f210b-0504-4647-ad70-0e6ab4b8f091,Transformers,624,IDW,1961,,
