ENV LOADED: True
CV KEY PRESENT: True

=== Processing volume: The Amazing Spider-Man (Marvel) ===
  matched volume: The Amazing Spider-Man | id: 2127 | publisher: Marvel | issue count: None
  fetched 651 issues
  [1/651] Where Have All The Heroes Gone? #-1
  [2/651] Spider-Man; Spider-Man Vs. The Chameleon #1
  [3/651] The Enforcers! #10
  [4/651] The Spider Or The Man? #100
  [5/651] A Monster Called Morbius #101
  [6/651] Vampire at Large! #102
  [7/651] Walk the Savage Land #103
  [8/651] The Beauty and the Brute #104
  [9/651] The Spider Slayer #105
  [10/651] Squash Goes the Spider #106
  [11/651] Spidey Smashes Thru! #107
  [12/651] Vengeance From Vietnam! #108
  [13/651] Enter: Dr. Strange #109
  [14/651] Turning Point #11
  [15/651] The Birth of ...the Gibbon #110
  [16/651] To Stalk a Spider! #111
  [17/651] Spidey Cops Out #112
  [18/651] They Call the Doctor...Octopus! #113
  [19/651] Gang War, Schmang War. What I Want to Know is...Who the Heck is Hammerhead? #114
  [20/651] The Last Battle! #115
  [21/651] Suddenly the Smasher #116
  [22/651] The Deadly Designs of the Disruptor #117
  [23/651] Countdown to Chaos #118
  [24/651] The Gentleman's Name is Hulk #119
  [25/651] Unmasked by Dr. Octopus! #12
  [26/651] The Fight and the Fury #120
  [27/651] The Night Gwen Stacy Died #121
  [28/651] The Goblin's Last Stand! #122
  [29/651] Just a Man Called Cage #123
  [30/651] The Mark of the Man-Wolf #124
  [31/651] Wolfhunt #125
  [32/651] The Kangaroo Bounces Back #126
  [33/651] The Dark Wings of Death #127
  [34/651] The Vulture Hangs High #128
  [35/651] The Punisher Strikes Twice #129
  [36/651] The Menace of Mysterio #13
  [37/651] Betrayed #130
  [38/651] My Uncle...My Enemy? #131
  [39/651] The Master Plan of the Molten Man #132
  [40/651] The Molten Man Breaks Out #133
  [41/651] Danger is a Man Called Tarantula! #134
  [42/651] Shoot-Out in Central Park #135
  [43/651] The Green Goblin Lives Again #136
  [44/651] Death-Trap Times Three! #137
  [45/651] Madness Means the Mindworm #138
  [46/651] Day of the Grizzly #139
  [47/651] The Grotesque Adventure of the Green Goblin #14
  [48/651] ...And One Will Fall! #140
  [49/651] The Man's Name Appears to Be Mysterio #141
  [50/651] Dead Man's Bluff #142
  [51/651] ...And the Wind Cries: Cyclone! #143
  [52/651] The Delusion Conspiracy! #144
  [53/651] Gwen Stacy is Alive...and, Well...?! #145
  [54/651] Scorpion...Where is Thy Sting? #146
  [55/651] The Tarantula is a Very Deadly Beast! #147
  [56/651] Jackal, Jackal...Who's Got the Jackal? #148
  [57/651] Even If I Live, I Die #149
  [58/651] Kraven The Hunter! #15
  [59/651] Spider-Man...or Spider-Clone? #150
  [60/651] Skirmish Beneath the Streets! #151
  [61/651] Shattered By the Shocker! #152
  [62/651] The Longest Hundred Yards! #153
  [63/651] The Sandman Always Strikes Twice #154
  [64/651] Whodunit! #155
  [65/651] On A Clear Day You Can See...The Mirage! #156
  [66/651] The Ghost That Haunted Octopus! #157
  [67/651] Hammerhead is Out! #158
  [68/651] Arm-in-Arm-in-Arm-in-Arm-in-Arm-in-Arm With Doctor Octopus #159
  [69/651] Duel with Daredevil #16
  [70/651] My Killer, The Car! #160
  [71/651] ...And The Nightcrawler Came Prowling, Prowling #161
  [72/651] Let The Punisher Fit The Crime! #162
  [73/651] All the Kingpin's Men! #163
  [74/651] Deadline! #164
  [75/651] Stegron Stalks The City! #165
  [76/651] War of the Reptile-Men! #166
  [77/651] Stalked By the Spider-Slayer! #167
  [78/651] Murder on the Wind! #168
  [79/651] Confrontation #169
  [80/651] The Return of the Green Goblin! #17
  [81/651] Madness is All in the Mind! #170
  [82/651] Photon is Another Name For...? #171
  [83/651] The Fiend From the Fire! #172
  [84/651] If You Can't Stand The Heat...! #173
  [85/651] The Hitman's Back in Town! #174
  [86/651] Big Apple Battleground! #175
  [87/651] He Who Laughs Last...! #176
  [88/651] Goblin in the Middle #177
  [89/651] Green Grows the Goblin! #178
  [90/651] The Goblin's Always Greener...! #179
  [91/651] The End of Spider-Man! #18
  [92/651] Who Was That Goblin I Saw You With? #180
  [93/651] Flashback! #181
  [94/651] The Rocket Racer's Back in Town! #182
  [95/651] ...And Where the Big Wheel Stops, Nobody Knows! #183
  [96/651] White Dragon! Red Death! #184
  [97/651] Spider, Spider, Burning Bright! #185
  [98/651] Chaos is--The Chameleon! #186
  [99/651] The Power of Electro! #187
  [100/651] The Jigsaw is Up! #188
  [101/651] Mayhem By Moonlight! #189
  [102/651] Spidey Strikes Back! #19
  [103/651] In Search of the Man-Wolf! #190
  [104/651] Wanted For Murder: Spider-Man! #191
  [105/651] 24 Hours Till Doomsday! #192
  [106/651] The Wings of the Fearsome Fly! #193
  [107/651] Never Let the Black Cat Cross Your Path! #194
  [108/651] Nine Lives Has the Black Cat! #195
  [109/651] Requiem! #196
  [110/651] The Kingpin's Midnight Massacre! #197
  [111/651] Mysterio is Deadlier By the Dozen! #198
  [112/651] Now You See Me! Now You Die! #199
  [113/651] Duel To The Death With The Vulture; The Uncanny Threat Of The Terrible Tinkerer #2
  [114/651] The Coming of the Scorpion! (or "Spidey Battles Scorpey!") #20
  [115/651] The Spider and the Burglar...A Sequel #200
  [116/651] Man-Hunt! #201
  [117/651] One For Those Long Gone! #202
  [118/651] Bewitched, Bothered and Be-Dazzled! #203
  [119/651] The Black Cat Always Lands on Her Feet! #204
  [120/651] ...In Love and War! #205
  [121/651] "A Method in His Madness!" #206
  [122/651] Mesmero's Revenge! #207
  [123/651] Fusion! #208
  [124/651] To Salvage My Honor! #209
  [125/651] Where Flies the Beetle #21
  [126/651] The Prophecy of Madame Web! #210
  [127/651] The Spider and the Sea-Scourge! #211
  [128/651] The Coming of Hydroman! #212
  [129/651] All They Want to Do is Kill You, Spider-Man... #213
  [130/651] Then Shall We Both Be Betrayed! #214
  [131/651] By My Powers Shall I Be Vanquished! #215
  [132/651] Marathon #216
  [133/651] Here's Mud in Your Eye! #217
  [134/651] Eye of the Beholder #218
  [135/651] Peter Parker -- Criminal! #219
  [136/651] Preeeeeesenting...the Clown, and His Masters of Menace! #22
  [137/651] A Coffin For Spider-Man! #220
  [138/651] Blues For Lonesome Pinky! #221
  [139/651] Faster Than the Eye! #222
  [140/651] Night of the Ape! #223
  [141/651] "Let Fly These Aged Wings!" #224
  [142/651] Fools...Like Us! #225
  [143/651] "But the Cat Came Back..." #226
  [144/651] Goin' Straight! #227
  [145/651] Murder By Spider! #228
  [146/651] Nothing Can Stop The Juggernaut! #229
  [147/651] The Goblin and the Gangsters #23
  [148/651] To Fight The Unbeatable Foe! #230
  [149/651] Caught in the Act... #231
  [150/651] Hyde...in Plain Sight! #232
  [151/651] Where the @$%# is Nose Norton? #233
  [152/651] Now Shall Will-O'-the-Wisp Have His Revenge! #234
  [153/651] Look Out, There's a Monster Coming! #235
  [154/651] Death Knell #236
  [155/651] High & Mighty #237
  [156/651] Shadow of Evils Past #238
  [157/651] Now Strikes the Hobgoblin #239
  [158/651] Spider-Man Goes Mad! #24
  [159/651] Wings of Vengeance #240
  [160/651] In the Beginning... #241
  [161/651] Confrontations #242
  [162/651] Options! #243
  [163/651] Ordeals #244
  [164/651] Sacrifice Play #245
  [165/651] The Daydreamers #246
  [166/651] Interruptions #247
  [167/651] And He Strikes Like A Thunderball; The Kid Who Collects Spider-Man #248
  [168/651] Secrets #249
  [169/651] Captured By J. Jonah Jameson #25
  [170/651] Confessions #250
  [171/651] Endings #251
  [172/651] Homecoming! #252
  [173/651] By Myself Betrayed! #253
  [174/651] With Great Power... #254
  [175/651] Even a Ghost Can Fear the Night! #255
  [176/651] Introducing...Puma! #256
  [177/651] Beware the Claws of Puma! #257
  [178/651] The Sinister Secret of Spider-Man's New Costume! #258
  [179/651] All My Pasts Remembered! #259
  [180/651] The Man In The Crime-Master's Mask #26
  [181/651] The Challenge of Hobgoblin #260
  [182/651] The Sins of My Father #261
  [183/651] Trade Secret #262
  [184/651] The Spectacular Spider-Kid! #263
  [185/651] Red 9 and Red Tape #264
  [186/651] After the Fox #265
  [187/651] Jump For My Love, or Spring is in the Air #266
  [188/651] The Commuter Cometh #267
  [189/651] This Gold is Mine #268
  [190/651] Burn, Spider, Burn #269
  [191/651] Bring Back My Goblin to Me! #27
  [192/651] The Hero and the Holocaust #270
  [193/651] Whatever Happened to Crusher Hogan? #271
  [194/651] Make Way For Slyde #272
  [195/651] To Challenge the Beyonder #273
  [196/651] Lo, There Shall Come a Champion #274
  [197/651] The Choice and the Challenge #275
  [198/651] Unmasked! #276
  [199/651] The Rules of the Game #277
  [200/651] If This Be Justice #278
  [201/651] Savage is the Sable #279
  [202/651] The Menace of the Molten Man #28
  [203/651] Introducing the Sinister Syndicate #280
  [204/651] When Warriors Clash #281
  [205/651] The Fury of X-Factor #282
  [206/651] With Foes Like These... #283
  [207/651] ...And Who Shall Stand Against Them...? #284
  [208/651] The Arranger Must Die #285
  [209/651] Thy Father's Son #286
    image upload failed: Storage upload failed: 400 <html>
<head><title>400 Bad Request</title></head>
<body>
<center><h1>400 Bad Request</h1></center>
</body>
</html>

  [210/651] ...And There Shall Come a Reckoning #287
  [211/651] Gang War Rages On #288
  [212/651] The Hobgoblin Revealed! #289
  [213/651] Never Step on a Scorpion! #29
  [214/651] The Big Question #290
  [215/651] Dark Journey #291
  [216/651] Growing Pains #292
  [217/651] Part 2: Crawling #293
  [218/651] Thunder #294
  [219/651] Mad Dogs #295
  [220/651] Force of Arms #296
  [221/651] I'll Take Manhattan #297
  [222/651] Chance Encounter #298
  [223/651] Survival of the Hittest #299
  [224/651] Spider-Man Versus Doctor Octopus #3
  [225/651] The Claws of the Cat! #30
  [226/651] Venom #300
  [227/651] The Sable Gauntlet! #301
  [228/651] Chaos in Kansas #302
  [229/651] Dock Savage #303
  [230/651] California Schemin' #304
  [231/651] Westward Woe #305
  [232/651] Humbugger #306
  [233/651] The Thief Who Stole Himself #307
  [234/651] Dread #308
  [235/651] Styx and Stone #309
  [236/651] If This Be My Destiny #31
  [237/651] Shrike Force! #310
  [238/651] Mysteries of the Dead #311
  [239/651] The Goblin War #312
  [240/651] Slithereens #313
  [241/651] Down and Out in Forest Hills #314
  [242/651] A Matter Of Life And Debt #315
  [243/651] Dead Meat #316
  [244/651] The Sand And The Fury! #317
  [245/651] Sting Your Partner! #318
  [246/651] The Scorpion's Tail Of Woe! #319
  [247/651] Man on a Rampage! #32
  [248/651] License Invoked #320
  [249/651] Under War #321
  [250/651] Ceremony #322
  [251/651] Assault Rivals #323
  [252/651] Twos Day #324
  [253/651] Finale in Red #325
  [254/651] Gravity Storm! #326
  [255/651] Cunning Attractions #327
  [256/651] Shaw's Gambit #328
  [257/651] Power Prey #329
  [258/651] The Final Chapter #33
  [259/651] The Powder Chase #330
  [260/651] The Death Standard #331
  [261/651] Sunday In The Park With Venom! #332
  [262/651] Stalking Feat #333
  [263/651] Secrets, Puzzles and Little Fears #334
  [264/651] Shocks #335
  [265/651] The Wagers of Sin #336
  [266/651] Rites and Wrongs #337
  [267/651] Death From Above #338
  [268/651] The Killing Cure #339
  [269/651] The Thrill Of The Hunt! #34
  [270/651] The Hero Subtracter #340
  [271/651] Powerless Part 1: With(out) Great Power #341
  [272/651] Powerless Part 2: The Jonah Trade! #342
  [273/651] Powerless Part 3: War Garden #343
  [274/651] Hearts and Powers #344
  [275/651] Gun From The Heart! #345
  [276/651] Elliptical Pursuit! #346
  [277/651] The Boneyard Hop! #347
  [278/651] Righteous Sand #348
  [279/651] Man of Steal! #349
  [280/651] The Molten Man Regrets..! #35
  [281/651] Doom Service! #350
  [282/651] Three Faces Of Evil! #351
  [283/651] Death Walk #352
  [284/651] Round Robin: The Sidekick's Revenge! Part One: When Midnight Strikes! #353
  [285/651] Round Robin: The Sidekick's Revenge! Part Two: Wilde at Heart! #354
  [286/651] Round Robin: The Sidekick's Revenge! Part Three: Total Eclipse of The Moon.. Knight! #355
  [287/651] Round Robin: The Sidekick's Revenge! Part Four: After Midnight! #356
  [288/651] Round Robin: The Sidekick's Revenge! Part Five: A Bagel With Nova! #357
  [289/651] Round Robin: The Sidekick's Revenge! Part Six: Out on a Limb #358
  [290/651] Toy Death! #359
  [291/651] When Falls the Meteor! #36
  [292/651] Death Toy! #360
  [293/651] Carnage, Part One: Savage Genesis! #361
  [294/651] Carnage, Part Two: Savage Alliance! #362
  [295/651] Carnage, Part Three: Savage Grace! #363
  [296/651] The Pain of Fast Air #364
  [297/651] Fathers and Sins #365
  [298/651] Skullwork #366
  [299/651] Skullduggery #367
  [300/651] On Razored Wings #368
  [301/651] Electric Doom #369
  [302/651] Once Upon A Time...There Was A Robot! #37
  [303/651] Life Stings #370
  [304/651] One Clue Over the Cukoo's Nest #371
  [305/651] Arachnophobia Too #372
  [306/651] The Bedlam Perspective #373
  [307/651] Murder on Parade #374
  [308/651] The Bride Of Venom #375
  [309/651] Guilt By Association #376
  [310/651] Dust to Dust #377
  [311/651] Maximum Carnage, Part 3: Demons on Broadway #378
  [312/651] Maximum Carnage, Part 7: The Gathering Storm #379
  [313/651] Just a Guy Named Joe! #38
  [314/651] Maximum Carnage, Part 11: Soldiers of Hope #380
  [315/651] Samson Unleashed #381
  [316/651] Emerald Rage! #382
  [317/651] Trial By Jury - Part 1: Judgement Night #383
  [318/651] Trial By Jury - Part 2: Dreams of Innocence #384
  [319/651] Trial By Jury - Part 3: Rough Justice #385
  [320/651] The Wings Of Age! #386
  [321/651] The Thief Of Years #387
  [322/651] The Sadness of Truth; The Lost Days #388
  [323/651] The Faceless Man #389
  [324/651] How Green Was My Goblin! #39
  [325/651] Shrieking, Part One: Behind the Walls #390
  [326/651] Shrieking, Part Two: The Burning Fuse #391
  [327/651] Peter Parker No More! #392
  [328/651] Shrieking, Part Four: Mother Love...Mother Hate! #393
  [329/651] Power and Responsibility, Part 2- Breakdown! #394
  [330/651] Back From The Edge Part 1 #395
  [331/651] Back from the Edge, Part 3 of 4 #396
  [332/651] Web of Death, Part 1 of 4 #397
  [333/651] Web of Death, Part 3 of 4 #398
  [334/651] Smoke and Mirrors, Part 2 of 3: The Jackal Reborn! #399
  [335/651] Nothing Can Stop The Sandman #4
  [336/651] Spidey Saves the Day! #40
  [337/651] A Death in the Family #400
  [338/651] The Mark of Kaine, Part Two of Five: Down in the Darkness #401
  [339/651] Crossfire: Part One #402
  [340/651] The Trial of Peter Parker, Part 2 of 4: Savage Judgement! #403
  [341/651] Maximum Clonage, Part 3 of 6: War of the Spider-Men! #404
  [342/651] Exiled, Part 2 of 4: Wired for Death #405
  [343/651] The Greatest Responsibility, Part 1 of 3: Crossroads #406
  [344/651] Blasts from the Past! #407
  [345/651] Media Blizzard, Part 2 of 3 - Impossible, Be My Dream! #408
  [346/651] The Return of Kaine, Part 3 of 4: Of Wagers and Wars #409
  [347/651] The Horns of the Rhino! #41
  [348/651] Web of Carnage, Part 2 of 4:  And Now -- Spider Carnage #410
  [349/651] Blood Brothers, Part 2 of 6- Targets! #411
  [350/651] Blood Brothers, Part 6 of 6 #412
  [351/651] Bug Story #413
  [352/651] Deadly is Delilah! #414
  [353/651] Onslaught Impact 2: The Sentinels Take Manhattan! - Siege #415
  [354/651] The Road Block #416
  [355/651] Secrets! #417
  [356/651] Revelations, Part 3 of 4 #418
  [357/651] The Bite of the Black Tarantula is Always -- Fatal! #419
  [358/651] The Birth of a Super-Hero! #42
  [359/651] T'was The Night Before Christmas #420
  [360/651] Enter: The Dragonfly! #421
  [361/651] Exposed Wiring #422
  [362/651] Choices #423
  [363/651] Then Came...Elektra #424
  [364/651] The Chump, The Challenge And The Champion! #425
  [365/651] Only the Evil Return! #426
  [366/651] The Doctor is In! #427
  [367/651] A Farewell to Arms #428
  [368/651] The Price! #429
  [369/651] Rhino on the Rampage! #43
  [370/651] Savage Rebirth! #430
  [371/651] The Carnage Cosmic #431
  [372/651] Spider-Hunt Part 2: The Hunted #432
  [373/651] Nowhere to Hyde! #433
  [374/651] 'Round and 'Round with Ricochet! #434
  [375/651] Fun'N Games with the Four Star Squad #435
  [376/651] My Enemies -- Unmasked! #436
  [377/651] I, Monster! #437
  [378/651] Seeing Is Disbelieving! #438
  [379/651] There Once Was A Spider..! #439
  [380/651] Where Crawls the Lizard! #44
  [381/651] The Gathering of Five, Part Two: A Hot Time in the Old Town #440
  [382/651] The Final Chapter, Part 1 of 4: And Who Shall Claim A Kingly Crown #441
  [383/651] Spidey Smashes Out! #45
  [384/651] The Sinister Shocker! #46
  [385/651] In the Hands of the Hunter #47
  [386/651] The Wings of the Vulture! #48
  [387/651] From the Depths of Defeat! #49
  [388/651] Marked For Destruction By Dr. Doom #5
  [389/651] Spider-Man No More! #50
  [390/651] Happy Birthday, Part 3 #500
  [391/651] Saturday in the Park With May #501
  [392/651] You Want Pants With That? #502
  [393/651] Chasing A Dark Shadow #503
  [394/651] The Coming Of Chaos #504
  [395/651] Vibes #505
  [396/651] The Book Of Ezekiel: Chapter One #506
  [397/651] The Book Of Ezekiel: Chapter Two #507
  [398/651] The Book Of Ezekiel: Chapter Three #508
  [399/651] Sins Past, Part 1 #509
  [400/651] In The Clutches Of...The Kingpin! #51
  [401/651] Sins Past, Part 2 #510
  [402/651] Sins Past, Part 3 #511
  [403/651] Sins Past, Part 4 #512
  [404/651] Sins Past, Part 5 #513
  [405/651] Sins Past, Part 6 #514
  [406/651] Skin Deep, Part 1 #515
  [407/651] Skin Deep, Part 2 #516
  [408/651] Skin Deep, Part 3 #517
  [409/651] Skin Deep, Part 4 #518
  [410/651] Moving Up #519
  [411/651] To Die A Hero! #52
  [412/651] Acts Of Aggression #520
  [413/651] Unintended Consequences #521
  [414/651] Moving Targets #522
  [415/651] Extreme Measures #523
  [416/651] All Fall Down #524
  [417/651] The Other - Evolve Or Die, Part 3 of 12: Rage #525
  [418/651] The Other - Evolve Or Die, Part 6 of 12: Reckoning #526
  [419/651] The Other - Evolve Or Die, Part 9 of 12: Evolution #527
  [420/651] The Other - Evolve Or Die, Part 12 of 12: Post Mortem #528
  [421/651] Mr. Parker Goes To Washington, Part 1 #529
  [422/651] Enter: Dr. Octopus #53
  [423/651] Mr. Parker Goes To Washington, Part 2 #530
  [424/651] Mr. Parker Goes To Washington, Part 3 #531
  [425/651] The War at Home, Part 1 #532
  [426/651] The Night The War Came Home, Part 2 #533
  [427/651] The War at Home, Part 3 #534
  [428/651] The War at Home, Part 4 #535
  [429/651] The War at Home, Part 5 #536
  [430/651] The War at Home, Part 6 #537
  [431/651] The War at Home, Part 7 #538
  [432/651] Back In Black (Part 1 of 5) #539
  [433/651] The Tentacles And The Trap! #54
  [434/651] Back In Black (Part 2 of 5) #540
  [435/651] Back In Black (Part 3 of 5) #541
  [436/651] Back In Black (Part 4 of 5) #542
  [437/651] Back In Black (Part 5 of 5): An Incident on the Fourth Floor #543
  [438/651] One More Day, Part 1 #544
  [439/651] One More Day, Part 4 #545
  [440/651] Brand New Day; Park Avenue Interlude; The Astonishing Aunt May!; Harry and the Hollisters #546
  [441/651] Crimes of the Heart #547
  [442/651] Blood Ties #548
  [443/651] Who's That Girl?!? #549
  [444/651] Doc Ock Wins! #55
  [445/651] The Menace of...Menace!! #550
  [446/651] Lo, There Shall Come A MENACE!! #551
  [447/651] Just Blame Spider-Man #552
  [448/651] Freak-Out! #553
  [449/651] Burned! #554
  [450/651] Sometimes it Snows in April - Part 1 #555
  [451/651] The Last Nameless Day #556
  [452/651] Dead of Winter #557
  [453/651] Freak The Third #558
  [454/651] Peter Parker, Paparazzi: The Money Shot #559
  [455/651] Disaster #56
  [456/651] Peter Parker: Paparazzi Part Two: Flat Out Crazy! #560
  [457/651] Peter Parker: Paparazzi, Part 3 of 3: Photo Finished #561
  [458/651] The Other Spider-Man #562
  [459/651] So Spider-Man Walks Into A Bar AND... #563
  [460/651] Threeway Collision! #564
  [461/651] Kraven's First Hunt Part One: To Squash A Spider! #565
  [462/651] Kraven's First Hunt, Part Two: Identity Crisis! #566
  [463/651] Kraven's First Hunt, Part 3: Legacy #567
  [464/651] New Ways To Die, Part One: Back With Vengeance;  Fifth Stage #568
  [465/651] New Ways To Die, Part Two: The Osborn Supremacy #569
  [466/651] The Coming of Ka-Zar #57
  [467/651] New Ways To Die, Part Three: The Killer Cure #570
  [468/651] New Ways To Die, Part Four: Opposites Attack #571
  [469/651] New Ways to Die, Part Five: Easy Target #572
  [470/651] New Ways To Die Part Six: Weapons of Self Destruction; Lo There Shall Come, This Man... This Candidate! #573
  [471/651] Flashbacks #574
  [472/651] Family Ties #575
  [473/651] Family Ties, Part 2 #576
  [474/651] Old Huntin' Buddies;  A Bookie Minute Mystery #577
  [475/651] Unscheduled Stop Part 1 #578
  [476/651] Unscheduled Stop, Part 2 #579
  [477/651] To Kill A Spider-Man! #58
  [478/651] Fill in the Blank #580
  [479/651] Mind On Fire, Part One: The Trouble With Harry #581
  [480/651] Mind On Fire, Part 2: Burning Questions #582
  [481/651] Platonic #583
  [482/651] Character Assassination, Part 1 #584
  [483/651] Character Assassination, Part 2 #585
  [484/651] Character Assassination, Interlude #586
  [485/651] Character Assassination, Part 3 #587
  [486/651] Character Assassination, Conclusion #588
  [487/651] Marked #589
  [488/651] The Brand of the Brainwasher! #59
  [489/651] Face Front Part One: Together For The First Time Again #590
  [490/651] Face Front Part 2 #591
  [491/651] 24/7 Part One #592
  [492/651] 24/7 Part Two #593
  [493/651] 24/7 Finale #594
  [494/651] American Son, Part 1 #595
  [495/651] American Son Part 2 #596
  [496/651] American Son Part 3 #597
  [497/651] American Son, Part 4 #598
  [498/651] American Son: Conclusion #599
  [499/651] Face-To-Face With The Lizard #6
  [500/651] O Bitter Victory! #60
  [501/651] Last Legs; Identity Crisis; My Brother's Son; If I Was Spider-Man...; The Blessing; Fight At The Museum; Violent Visions #600
  [502/651] Red-Headed Stranger, Part 1: No Place Like Home; The Best Version Of Myself #601
  [503/651] Red-Headed Stranger: Tenth of September #602
  [504/651] Red-Headed Stranger, Part 3: Deconstructing Peter #603
  [505/651] Red-Headed Stranger: The Ancient Gallery #604
  [506/651] Red Headed Strange: Epilogue; The Girl; Models Stink; Match.CON #605
  [507/651] Long Term Arrangement #606
  [508/651] Long-Term Arrangement, Part 2 #607
  [509/651] Who Was Ben Reilly?, Part 1 #608
  [510/651] Who Was Ben Reilly?, Part 2 #609
  [511/651] What a Tangled Web We Weave ...! #61
  [512/651] Who Was Ben Reilly?, Part 3 #610
  [513/651] This Man, This Expletive Deleted #611
  [514/651] Power To The People, Part 1 #612
  [515/651] Power To The People, Part 2 #613
  [516/651] Power To The People, Part 3: Conclusion #614
  [517/651] Keemia's Castle, Part 1 #615
  [518/651] Keemia's Castle, Part 2: Conclusion #616
  [519/651] Rage Of The Rhino; The Walk #617
  [520/651] Mysterioso, Part 1: Un-Murder Incorporated #618
  [521/651] Mysterioso, Part 2: Re-Appearing Act #619
  [522/651] Make Way For---Medusa! #62
  [523/651] Mysterioso, Part 3: Smoke & Mirrors #620
  [524/651] Out For Blood #621
  [525/651] It Is The Life; Stages of Grief #622
  [526/651] Scavenging, Part One #623
  [527/651] Scavenging Part Two #624
  [528/651] Endangered Species #625
  [529/651] The Sting #626
  [530/651] Something Can Stop the Juggernaut #627
  [531/651] Vengeance is Mine #628
  [532/651] With Greater Power #629
  [533/651] Wings in the Night! #63
  [534/651] Shed Part One #630
  [535/651] Shed Part Two #631
  [536/651] Shed Part Three #632
  [537/651] Shed Part Four #633
  [538/651] The Grim Hunt, Chapter One; Hunting the Hunter, Part One: Adrift; Spidey Sundays #634
  [539/651] The Grim Hunt, Chapter Two; Hunting the Hunter Part Two: A Prophecy #635
  [540/651] The Grim Hunt, Chapter Three #636
  [541/651] The Grim Hunt, Conclusion; Hunting the Hunter Part Four: Burning Bright #637
  [542/651] One Moment In Time Chapter One: Something Old #638
  [543/651] One Moment in Time Chapter Two: Something New #639
  [544/651] The Vulture's Prey #64
  [545/651] One Moment in Time Chapter Three: Something Borrowed #640
  [546/651] One Moment in Time Chapter Four: Something Blue #641
  [547/651] Origin of the Species, Part 1 #642
  [548/651] Origin of the Species, Part 2 #643
  [549/651] Origin of the Species, Part 3 #644
  [550/651] Origin of the Species, Part 4 #645
  [551/651] Origin of the Species, Part 5 #646
  [552/651] Another Door; Honor Thy Father; Stand Off; Norah's Last Night In NYC; J. Jonah Jameson - The Musical; American Hero; You Again #647
  [553/651] Big Time #648
  [554/651] Kill To Be You #649
  [555/651] The Impossible Escape! #65
  [556/651] Big Time; The Final Lesson #650
  [557/651] Big Time Part 4; The Sting That Never Goes Away #651
  [558/651] Revenge of the Spider-Slayer, Part One: Army of Insects; Lock And/Or Key #652
  [559/651] Revenge of The Spider-Slayer, Part 2: All You Love Will Die #653
  [560/651] Revenge of the Spider-Slayer, Part 3: Self Inflicted Wounds #654
  [561/651] Flashpoint #654.1
  [562/651] No One Dies Part One of Two: Awakening #655
  [563/651] No One Dies, Part 2: Resolve #656
  [564/651] Torch Song #657
  [565/651] Peter Parker: The Fantastic Spider-Man; Marvel Team-Up Featuring The Amazing Spider-Man & Ghost Rider- Can't Get The Service #658
  [566/651] Fantastic Voyage, Part 1; Infested, Stage 1: Bug Time; Can't Get The Service, Part 2 #659
  [567/651] The Madness of Mysterio! #66
  [568/651] Fantastic Voyage, Part 2; Infested, Stage 2: Great Power; Can't Get the Service, Part 3 #660
  [569/651] The Substitute Part 1; Just Another Day #661
  [570/651] The Substitute Part 2; Infested Stage 3: Great Responsibility; Magnetic Man In The Choice #662
  [571/651] The Return of Anti-Venom, Part 1: The Ghost of Jean Dewolff; Infested Stage 4: Out of Nowhere; Thanks... But No Thanks #663
  [572/651] The Return of Anti-Venom, Part 2: Revelation Day; Infested, Stage 5: Wall-to-Wall #664
  [573/651] Crossroads #665
  [574/651] Spider-Island Prologue: The One And Only #666
  [575/651] Spider-Island Part One: The Amazing Spider-Manhattan #667
  [576/651] Spider-Island Part Two: Peter Parker The Unspectacular Spider-Man #668
  [577/651] Spider-Island, Part Three: Arachnotopia #669
  [578/651] To Squash A Spider! #67
  [579/651] Spider-Island Part Four: Spiders, Spiders Everywhere #670
  [580/651] Spider-Island, Part Five: A New Hope #671
  [581/651] Spider-Island, Part Six: Boss Battle #672
  [582/651] Spider-Island, Epilogue: The Naked City #673
  [583/651] Great Heights, Part One: Trust Issues #674
  [584/651] Great Heights, Part Two: Partners in Crime #675
  [585/651] The Sinister Six in 'Tomorrow the World!' #676
  [586/651] The Devil and the Details, Part 1 #677
  [587/651] I Killed Tomorrow, Part 1: Schrödinger's Catastrophe #678
  [588/651] I Killed Tomorrow, Part 2 of 2: A Date With Predestiny #679
  [589/651] Morbid Curiosity #679.1
  [590/651] Crisis on the Campus! #68
  [591/651] Road Trip... In Space! #680
  [592/651] Horizon, We Have a Problem #681
  [593/651] Ends of the Earth, Part One: My World On Fire #682
  [594/651] Ends of the Earth, Part Two: Earth's Mightiest #683
  [595/651] Ends of the Earth, Part Three: Sand Trap #684
  [596/651] Ends of the Earth, Part Four: Global Menace #685
  [597/651] Ends of the Earth, Part Five: From the Ashes of Defeat #686
  [598/651] Ends of the Earth, Part 6: Everyone Dies #687
  [599/651] No Turning Back, Part One: The Win Column #688
  [600/651] No Turning Back, Part Two: Cold Blooded #689
  [601/651] Mission: Crush The Kingpin! #69
  [602/651] No Turning Back, Part 3: Natural State #690
  [603/651] No Turning Back, Part 4: Human Error #691
  [604/651] Alpha, Part 1: Point of Origin #692
  [605/651] Alpha, Part 2: That Something Special #693
  [606/651] Alpha, Part 3: Final Grade #694
  [607/651] Danger Zone, Part One: Warning Signs #695
  [608/651] Danger Zone Part Two: Key To the Kingdom #696
  [609/651] Danger Zone, Part Three: War of the Goblins #697
  [610/651] Dying Wish Prelude: Day in the Life #698
  [611/651] Dying Wish: Outside the Box #699
  [612/651] Enter: Morbius - The Living Vampire #699.1
  [613/651] The Return Of The Vulture #7
  [614/651] Spider-Man Wanted! #70
  [615/651] Dying Wish: Suicide Run; Spider-Dreams; Date Night #700
  [616/651] Frost Part One #700.1
  [617/651] Frost Part Two #700.2
  [618/651] The Black Lodge Part One: Convalescence; Cat & Mouse #700.3
  [619/651] The Black Lodge Part Two: Voluntary Discharge; Three O'Clock High #700.4
  [620/651] Spider-Man & The Human Torch Save the Universe; What Would Spider-Man Do? #700.5
  [621/651] The Speedster and the Spider! #71
  [622/651] Rocked by the Shocker! #72
  [623/651] The Web Closes! #73
  [624/651] If This Be Bedlam #74
  [625/651] Death Without Warning! #75
  [626/651] The Lizard Lives! #76
  [627/651] In the Blaze of Battle! #77
  [628/651] The Night of the Prowler! #78
  [629/651] To Prowl No More! #79
  [630/651] The Terrible Threat Of The Living Brain; Spider-Man Tackles The Torch #8
  [631/651] On The Trail of...the Chameleon! #80
  [632/651] The Coming of the Kangaroo! #81
  [633/651] And Then Came Electro! #82
  series failed: 'charmap' codec can't encode character '\x85' in position 25: character maps to <undefined>

=== Processing volume: The Amazing Spider-Man (Marvel) ===
  matched volume: The Amazing Spider-Man | id: 78701 | publisher: Marvel | issue count: None
  fetched 58 issues
  [1/58] Where R U Spider-Man???; Rebirth #1
  [2/58] And Then There Were... #10
  [3/58] Bright Lights... Bigger City #11
  [4/58] Another Return of the Sinister Six!; Let There Be Light! #12
  [5/58] Time Enough..? #13
  [6/58] A Surfeit of Spiders #14
  [7/58] We're All Doomed... Again! #15
  [8/58] Coming Home #16
  [9/58] Dust in the Wind #17
  [10/58] Homeward Bound #18
  [11/58] Mirror Mirror #19
  [12/58] I Can't... (and I Don't Want To) ...But I Must! #2
  [13/58] Set Up! #20
  [14/58] Slayers to the Left of Me... #21
  [15/58] The Distinguished Gentlemen from New York #22
  [16/58] How Many Times? #23
  [17/58] Distinguished Gentleman from New York Part Three: Failure is Not an Option #24
  [18/58] Darkness Calling #25
  [19/58] The Mask #26
  [20/58] The Stray #27
  [21/58] Distractions #28
  [22/58] Mary Jane #29
  [23/58] Off to a Flying Start! #3
  [24/58] Transformations, Literal & Otherwise #30
  [25/58] Coming Home #31
  [26/58] The Long, Dark Pizza of the Soul #32
  [27/58] All Fall Down #33
  [28/58] Meltdown #34
  [29/58] Coming Out #35
  [30/58] "The Black Issue" #36
  [31/58] Interlude #37
  [32/58] The Conversation #38
  [33/58] Meanwhile... #39
  [34/58] Betrayals #4
  [35/58] Sensitive Issues #40
  [36/58] Looking Back #41
  [37/58] A Strange Turn of Events #42
  [38/58] Cold Arms #43
  [39/58] Arms And The Men #44
  [40/58] Until The Stars Turn Cold #45
  [41/58] Unnatural Enemies #46
  [42/58] The Life & Death Of Spiders #47
  [43/58] A Spider's Tale #48
  [44/58] Bad Connections #49
  [45/58] ...And Then There Was One! #5
  [46/58] Doomed Affairs #50
  [47/58] Digger #51
  [48/58] Dig This #52
  [49/58] Parts And Pieces #53
  [50/58] The Balancing Of Karmic Accounts #54
  [51/58] Unintended Consequences #55
  [52/58] The Revolution Within #56
  [53/58] Happy Birthday, Part 1 #57
  [54/58] Happy Birthday, Part 2 #58
  [55/58] Truth be Told (...or not) #6
  [56/58] The Perfect World Part 1 Heroes and Villains #7
  [57/58] The Man Behind the Curtain! #8
  [58/58] The List #9

=== Processing volume: The Amazing Spider-Man (Marvel) ===
  matched volume: The Amazing Spider-Man | id: 73420 | publisher: Marvel | issue count: None
  fetched 28 issues
  [1/28] Lucky to Be Alive; Recapturing That Old Spark; Crossed Paths; How My Stuff Works; Homecoming, Sort Of; Kaine; Learning to Crawl: Amazing Reality #1
  [2/28] Learning To Crawl Part One: The Show Must Go On #1.1
  [3/28] Learning To Crawl: Part Two #1.2
  [4/28] Learning To Crawl: Part Three #1.3
  [5/28] Learning To Crawl: Part Four #1.4
  [6/28] Learning To Crawl: Part Five #1.5
  [7/28] Spider-Verse Part 2: Superior Force #10
  [8/28] Spider-Verse Part 3: Higher Ground #11
  [9/28] Spider-Verse Part Four: Anywhere But Here #12
  [10/28] Spider-Verse Part 5: Spider-Men: No More #13
  [11/28] Spider-Verse Part Six: Web Warriors #14
  [12/28] Spider-Verse Epilogue #15
  [13/28] The Graveyard Shift Part One: The Late, Late Mr. Parker #16
  [14/28] Spiral Part One #16.1
  [15/28] The Graveyard Shift Part Two: Trust Issues #17
  [16/28] Spiral Part Two #17.1
  [17/28] The Graveyard Shift Part Three: Trade Secrets #18
  [18/28] Spiral Part Three #18.1
  [19/28] Spiral Part Four #19.1
  [20/28] Issue 2 #2
  [21/28] Spiral Conclusion #20.1
  [22/28] Issue 3 #3
  [23/28] Issue 4 #4
  [24/28] Issue 5 #5
  [25/28] Issue 6 #6
  [26/28] Ms. Marvel Team-Up; Edge of Spider-Verse: Web of Fear #7
  [27/28] Ms.Adventures In Babysitting; Edge of Spider-Verse: My Brother's Keeper #8
  [28/28] Spider-Verse Part 1: The Gathering; The Feast #9

=== Processing volume: The Amazing Spider-Man (Marvel) ===
  matched volume: The Amazing Spider-Man | id: 112161 | publisher: Marvel | issue count: None
  fetched 106 issues
  [1/106] Back To Basics Part One #1
  [2/106] Heist Part Three #10
  [3/106] Lifetime Achievement Part One #11
  [4/106] Lifetime Achievement Part Two #12
  [5/106] Lifetime Achievement Part Three #13
  [6/106] Family Matters Part One #14
  [7/106] Family Matters Part Two #15
  [8/106] Hunted Prelude #16
  [9/106] Hunted #16.HU
  [10/106] Hunted Part 1 #17
  [11/106] Hunted Part 2 #18
  [12/106] Hunted #18.HU
  [13/106] Hunted Part 3 #19
  [14/106] Hunted #19.HU
  [15/106] Back To Basics Part Two #2
  [16/106] Hunted Part 4 #20
  [17/106] Hunted; Mother #20.HU
  [18/106] Hunted Part 5 #21
  [19/106] Hunted Part 6 #22
  [20/106] Hunted Epilogue #23
  [21/106] One-On-One; Everyone Is a Target: Part 4 #24
  [22/106] Team-Up; Robo-Helpers #25
  [23/106] Who Run the World? #26
  [24/106] Who Run the World? Part Two #27
  [25/106] Who Run the World? Part Three #28
  [26/106] Arrivals/Departures #29
  [27/106] Back To Basics Part Three #3
  [28/106] Absolute Carnage Part One #30
  [29/106] Absolute Carnage Part Two #31
  [30/106] Running Late #32
  [31/106] Point Blank #33
  [32/106] Target: Doom #34
  [33/106] Doom's Day #35
  [34/106] Time After Time #36
  [35/106] Time, For A Change #37
  [36/106] Breaking News Part One #38
  [37/106] Breaking News Part Two; The Sins of Overdrive #39
  [38/106] Back To Basics Part Four #4
  [39/106] Breaking News Part Three #40
  [40/106] True Companions Part One; The Sins of the Lethal Legion #41
  [41/106] True Companions Part Two #42
  [42/106] True Companions Part Three; The Sins of... #43
  [43/106] Beware the Rising #44
  [44/106] Sins Rising Part One #45
  [45/106] Sins Rising Part Two #46
  [46/106] Sins Rising Part Three #47
  [47/106] Sins Rising Part Four #48
  [48/106] The Return of the Green Goblin; All You Need Is...?; Four Shoes!, A Family Affair #49
  [49/106] Back To Basics Part Five #5
  [50/106] Last Remains Part One #50
  [51/106] Fallen Order #50.LR
  [52/106] Last Remains Part Two #51
  [53/106] Fallen Order Part Two #51.LR
  [54/106] Last Remains Part Three #52
  [55/106] Fallen Order Part Three #52.LR
  [56/106] Last Remains Part Four #53
  [57/106] Fallen Order Part Four #53.LR
  [58/106] Last Remains Part Five #54
  [59/106] Fallen Order Part Five #54.LR
  [60/106] Last Remains Part Six #55
  [61/106] Last Remains Post-Mortem, Part 1 #56
  [62/106] Last Remains Post-Mortem, Part 2 #57
  [63/106] Negative Space Part One #58
  [64/106] Negative Space Part 2 #59
  [65/106] A Trivial Pursuit Part One #6
  [66/106] No Exit #60
  [67/106] Let's Try Something New! #61
  [68/106] Wag the Gog #62
  [69/106] King's Ransom Part One #63
  [70/106] King's Ransom Part Two #64
  [71/106] King's Ransom Part Three #65
  [72/106] Tangled Web #66
  [73/106] Chameleon Conspiracy Part 1; [Untitled] #67
  [74/106] Chameleon Conspiracy Part 2; [Untitled] #68
  [75/106] Chameleon Conspiracy Part 3 #69
  [76/106] A Trivial Pursuit Part Two #7
  [77/106] Prelude to Sinister War #70
  [78/106] Sinister War Part 1 #71
  [79/106] Sinister War Part 2 #72
  [80/106] Sins of Our Fathers; The Four Fives #73
  [81/106]  What Cost Victory? #74
  [82/106] Beyond Chapter One #75
  [83/106] Beyond Chapter Two #76
  [84/106] Beyond Chapter Three #77
  [85/106] Beyond Chapter Four #78
  [86/106] Issue 78.BEY #78.BEY
  [87/106] Beyond Chapter Five #79
  [88/106] Heist Part One #8
  [89/106] Beyond Chapter Six #80
  [90/106] Issue 80.BEY #80.BEY
  [91/106] Beyond Chapter Seven #81
  [92/106] Beyond Chapter Eight #82
  [93/106] Beyond Chapter Nine #83
  [94/106] Beyond Chapter Ten #84
  [95/106] Beyond Chapter Eleven #85
  [96/106] Beyond Chapter Twelve #86
  [97/106] Beyond Chapter Thirteen #87
  [98/106] Beyond Chapter Fourteen #88
  [99/106] Issue 88.BEY #88.BEY
  [100/106] Beyond Chapter Fifteen #89
  [101/106] Heist Part Two #9
  [102/106] Beyond Chapter Sixteen #90
  [103/106] Beyond Chapter Seventeen #91
  [104/106] Beyond Chapter Eighteen #92
  [105/106] Issue 92.BEY #92.BEY
  [106/106] Beyond Chapter Nineteen #93

=== Processing volume: The Amazing Spider-Man (Marvel) ===
  matched volume: The Amazing Spider-Man | id: 142577 | publisher: Marvel | issue count: None
  fetched 72 issues
  [1/72] Issue 1 #1
  [2/72] Issue 10 #10
  [3/72] Issue 11 #11
  [4/72] Issue 12 #12
  [5/72] Issue 13 #13
  [6/72] Spring; Summer; Fall; Winter #14
  [7/72] Issue 15 #15
  [8/72] Spider-Man Vs. Chasm #16
  [9/72] Issue 17 #17
  [10/72] Issue 18 #18
  [11/72] Issue 19 #19
  [12/72] Issue 2 #2
  [13/72] Issue 20 #20
  [14/72] Issue 21 #21
  [15/72] Issue 22 #22
  [16/72] Issue 23 #23
  [17/72] Issue 24 #24
  [18/72] [Untitled]; Welcome to Omaha, Spider-Man #25
  [19/72] Issue 26 #26
  [20/72] Issue 27 #27
  [21/72] Issue 28 #28
  [22/72] Issue 29 #29
  [23/72] Issue 3 #3
  [24/72] Issue 30 #30
  [25/72] PRELUDE: Your Presence Is Requested...; CHAPTER 1: The Last Night; CHAPTER 2: The Big Day; The Man With All the Answers; The Mother of Invention; The Case of Perry Thomas: A Spidey Situation; Spider-Man: Loosey Goosey; Huntress #31
  [26/72] Issue 32 #32
  [27/72] Issue 33 #33
  [28/72] Issue 34 #34
  [29/72] Issue 35 #35
  [30/72] Issue 36 #36
  [31/72] Issue 37 #37
  [32/72] Issue 38 #38
  [33/72] Issue 39 #39
  [34/72] Issue 4 #4
  [35/72] Issue 40 #40
  [36/72] Issue 41 #41
  [37/72] Issue 42 #42
  [38/72] Issue 43 #43
  [39/72] Issue 44 #44
  [40/72] Issue 45 #45
  [41/72] Issue 46 #46
  [42/72] Issue 47 #47
  [43/72] Issue 48 #48
  [44/72] Issue 49 #49
  [45/72] Issue 5 #5
  [46/72] [Untitled]; Cat-Nipped!; Time to Make the Doughnuts; The Amazing Spider-Man in Don't Thing Thrice, It's All Right; Secrets; Epilogue #50
  [47/72] Issue 51 #51
  [48/72] Issue 52 #52
  [49/72] Issue 53 #53
  [50/72] Issue 54 #54
  [51/72] Issue 55 #55
  [52/72] [Untitled]; Proxy; Responsibilities; The Amazing Spider-Man in Stark Kraven Mad #56
  [53/72] Issue 57 #57
  [54/72] Issue 58 #58
  [55/72] Issue 59 #59
  [56/72] Issue 6 #6
  [57/72] [Untitled]; Doctor's Orders; Team-Up: Part 2; Bubs; Same Spider-Channel; Ride's Over #60
  [58/72] The 8 Deaths of Spider-Man, Part 1: Inevitable Attraction #61
  [59/72] The 8 Deaths of Spider-Man, Part 2: Out of Space #62
  [60/72] The 8 Deaths of Spider-Man, Part 3: Tick Tick Tick #63
  [61/72] The 8 Deaths of Spider-Man, Part 4: King of Pain #64
  [62/72] The 8 Deaths of Spider-Man, Part 5: Signifying Nothing #65
  [63/72] The 8 Deaths of Spider-Man: Death and the Spider #65.Deaths
  [64/72] The 8 Deaths of Spider-Man, Part 6: No More #66
  [65/72] The 8 Deaths of Spider-Man, Part 7: Nothing Stops #67
  [66/72] The 8 Deaths of Spider-Man, Part 8:  Four Lives to Live #68
  [67/72] The 8 Deaths of Spider-Man: Cain is Able #68.Deaths
  [68/72] The 8 Deaths of Spider-Man, Part 9: Acceptable Losses #69
  [69/72] Issue 7 #7
  [70/72] The 8 Deaths of Spider-Man Part 10: Nothing Can Stop the Spider-Naut; Cash Grab #70
  [71/72] Issue 8 #8
  [72/72] Issue 9 #9

=== Processing volume: Ultimate Spider-Man (Marvel) ===
  matched volume: Ultimate Spider-Man | id: 7257 | publisher: Marvel | issue count: None
  fetched 134 issues
  [1/134] Powerless #1
  [2/134] Issue ½ #½
  [3/134] The Worst Thing #10
  [4/134] Clone Saga - Part 4 #100
  [5/134] CLONE SAGA: PART 5 #101
  [6/134] Clone Saga part 6 #102
  [7/134] Clone Saga: Part 7 #103
  [8/134] Clone Saga: Part 8 #104
  [9/134] Clone Saga: Epilogue #105
  [10/134] Ultimate Knights: Part 1 #106
  [11/134] Ultimate Knights, Part 2 #107
  [12/134] Ultimate Knights, Part 3 #108
  [13/134] Ultimate Knights, Part 4 #109
  [14/134] Discovery #11
  [15/134] Ultimate Knights: Conclusion #110
  [16/134] The Talk #111
  [17/134] Death of a Goblin, Part 1 #112
  [18/134] Death of a Goblin: Part 2 #113
  [19/134] Death of a Goblin, Part 3 #114
  [20/134] Death of a Goblin, Part 4 #115
  [21/134] Death of a Goblin, Part 5 #116
  [22/134] Death of a Goblin, Part 6 #117
  [23/134] Spider-Man and his Amazing Friends, Part 1 #118
  [24/134] Spider-Man & his Amazing Friends: Part 2 #119
  [25/134] Battle Royal #12
  [26/134] Spider-Man and His Amazing Friends: Part 3 #120
  [27/134] Omega Red #121
  [28/134] The Worst Day In Peter Parker's Life #122
  [29/134] War of the Symbiotes, Part 1 #123
  [30/134] War of the Symbiotes, Part 2 #124
  [31/134] War of the Symbiotes, Part 3 #125
  [32/134] War of the Symbiotes - Part 4. #126
  [33/134] War of the Symbiotes, Part 5 #127
  [34/134] War of the Symbiotes, Part 6: Conclusion #128
  [35/134] Ultimatum #129
  [36/134] Confessions #13
  [37/134] Ultimatum #130
  [38/134] Ultimatum #131
  [39/134] Ultimatum #132
  [40/134] Ultimatum #133
  [41/134] Doctor Octopus #14
  [42/134] Confrontations #15
  [43/134] Kraven The Hunter #16
  [44/134] Taking Advantage #17
  [45/134] The Cycle #18
  [46/134] Piece Of Work #19
  [47/134] Growing Pains #2
  [48/134] Live #20
  [49/134] Hunted #21
  [50/134] Reflections Of. . . #22
  [51/134] Responsible #23
  [52/134] Ultimatum #24
  [53/134] Plasmids #25
  [54/134] Circles #26
  [55/134] Illegal #27
  [56/134] Sidetracked #28
  [57/134] Stolen Identity #29
  [58/134] Wannabe #3
  [59/134] Emergency #30
  [60/134] Black Van #31
  [61/134] Just a Guy #32
  [62/134] Origins #33
  [63/134] Inheritance #34
  [64/134] Legacy #35
  [65/134] Today #36
  [66/134] Still #37
  [67/134] Father's Pride #38
  [68/134] Therapy #39
  [69/134] With Great Power #4
  [70/134] Average Bear #40
  [71/134] The Letter #41
  [72/134] Temptations #42
  [73/134] Help #43
  [74/134] Tampered #44
  [75/134] Guilt #45
  [76/134] Afterwards... #46
  [77/134] Suspended: Men of Influence #47
  [78/134] Suspended #48
  [79/134] Hero #49
  [80/134] Life Lessons #5
  [81/134] Black Cat #50
  [82/134] Shadow Puppets #51
  [83/134] Cat Fight #52
  [84/134] Daughters #53
  [85/134] Hollywood: Part 1 #54
  [86/134] Hollywood: Part 2 #55
  [87/134] Hollywood: Part 3 #56
  [88/134] Hollywood: Part 4 #57
  [89/134] Hollywood: Part 5 #58
  [90/134] Hollywood: Part 6 #59
  [91/134] Big Time Super Hero #6
  [92/134] Carnage: Part 1 #60
  [93/134] Carnage: Part 2 #61
  [94/134] Carnage: Part 3 #62
  [95/134] Carnage: Part 4 #63
  [96/134] Carnage: Part 5 #64
  [97/134] Detention #65
  [98/134] Even We Don't Believe This #66
  [99/134] Jump the Shark #67
  [100/134] Popular #68
  [101/134] Meet Me #69
  [102/134] Secret Identity #7
  [103/134] Strange #70
  [104/134] Strange: Part 2 #71
  [105/134] Hobgoblin: Part 1 #72
  [106/134] Hobgoblin: Part 2 #73
  [107/134] Hobgoblin: Part 3 #74
  [108/134] Hobgoblin: Part 4 #75
  [109/134] Hobgoblin: Part 5 #76
  [110/134] Hobgoblin: Part 6 #77
  [111/134] Dumped #78
  [112/134] Warriors: Part 1 #79
  [113/134] Working Stiff #8
  [114/134] Warriors: Part 2 #80
  [115/134] Warriors: Part 3 #81
  [116/134] Warriors: Part 4 #82
  [117/134] Warriors: Part 5 #83
  [118/134] Warriors: Part 6 #84
  [119/134] Warriors: Part 7 #85
  [120/134] Silver Sable: Part 1; Visions, Part 1 #86
  [121/134] Silver Sable: Part 2; Visions, Part 4 #87
  [122/134] Silver Sable: Part 3; Visions, Part 5 #88
  [123/134] Silver Sable: Part 4 #89
  [124/134] Meet The Enforcers #9
  [125/134] Silver Sable: Part 5 #90
  [126/134] Deadpool: Part 1 #91
  [127/134] Deadpool: Part 2 #92
  [128/134] Deadpool: Part 3 #93
  [129/134] Deadpool: Part 4 #94
    image upload failed: HTTPSConnectionPool(host='comicvine.gamespot.com', port=443): Read timed out. (read timeout=120)
  [130/134] Morbius: Part 1 #95
  [131/134] Morbius: Part 2 #96
  [132/134] Clone Saga: Part 1 #97
  [133/134] Clone Saga Part 2 #98
  [134/134] Clone Saga Part 3 #99

=== Processing volume: Spectacular Spider-Man (Marvel) ===
  matched volume: Spectacular Spider-Man | id: 11069 | publisher: Marvel | issue count: None
  fetched 27 issues
  [1/27] The Hunger Part 1 of 5 #1
  [2/27] Countdown Part 5 of 5 #10
  [3/27] The Lizard's Tale Part 1 #11
  [4/27] The Lizard's Tale Part 2 #12
  [5/27] The Lizard's Tale Part 3 #13
  [6/27] Here There Be Monsters #14
  [7/27] Under My Skin, Part 1 #15
  [8/27] Under My Skin, Part 2 #16
  [9/27] Changes, Part 1 #17
  [10/27] Changes, Part 2 #18
  [11/27] Changes, Part 3 #19
  [12/27] The Hunger Part 2 of 5 #2
  [13/27] Changes, Part 4 #20
  [14/27] Read 'Em an' Weep #21
  [15/27] The Infernal Triangle #22
  [16/27] Sins Remembered: Sarah's Story, Part 1 #23
  [17/27] Sins Remembered: Sarah's Story, Part 2 #24
  [18/27] Sins Remembered: Sarah's Story, Part 3 #25
  [19/27] Sins Remembered: Sarah's Story, Part 4 #26
  [20/27] The Final Curtain #27
  [21/27] The Hunger Part 3 of 5 #3
  [22/27] The Hunger Part 4 of 5 #4
  [23/27] The Hunger Part 5 of 5 #5
  [24/27] Countdown Part 1 of 5 #6
  [25/27] Countdown Part 2 of 5 #7
  [26/27] Countdown Part 3 of 5 #8
  [27/27] Countdown Part 4 of 5 #9

=== Processing volume: The Uncanny X-Men (Marvel) ===
  matched volume: The Uncanny X-Men | id: 3092 | publisher: Marvel | issue count: None
  fetched 405 issues
  [1/405] The Boy Who Saw Tomorrow ! #-1
  [2/405] Mind Out of Time! #142
  [3/405] Demon #143
  [4/405] Even In Death... #144
  [5/405] Kidnapped! #145
  [6/405] Murderworld #146
  [7/405] Rogue Storm! #147
  [8/405] Cry Mutant #148
  [9/405] And the Dead Shall Bury the Living! #149
  [10/405] I, Magneto ... #150
  [11/405] The X-Men Minus One #151
  [12/405] The Hellfire Gambit #152
  [13/405] Kitty's Fairy Tale Theatre #153
  [14/405] Reunion #154
  [15/405] First Blood #155
  [16/405] Enter The Starjammers! #156
  [17/405] Hide-N-Seek #157
  [18/405] The Life That Late I Led... #158
  [19/405] Night Screams! #159
  [20/405] Chutes and Ladders #160
  [21/405] Gold Rush #161
  [22/405] Beyond the Farthest Star #162
  [23/405] Rescue Mission #163
  [24/405] Binary Star #164
  [25/405] Transfigurations #165
  [26/405] Live Free or Die! #166
  [27/405] The Goldilocks Syndrome! #167
  [28/405] Professor Xavier is a Jerk! #168
  [29/405] Catacombs #169
  [30/405] Dancin' in the Dark #170
  [31/405] Rogue #171
  [32/405] Scarlet in Glory #172
  [33/405] To Have and Have Not #173
  [34/405] Romances #174
  [35/405] Phoenix #175
  [36/405] Decisions #176
  [37/405] Sanction #177
  [38/405] Hell Hath No Fury... #178
  [39/405] What Happened to Kitty? #179
  [40/405] Whose Life Is It, Anyway? #180
  [41/405] Tokyo Story #181
  [42/405] Madness #182
  [43/405] He'll never make me cry #183
  [44/405] The Past...of Future Days #184
  [45/405] Public Enemy! #185
  [46/405] Lifedeath #186
  [47/405] Wraithkill! #187
  [48/405] Legacy of the Lost #188
  [49/405] Two Girls out to have Fun #189
  [50/405] An Age Undreamed Of #190
  [51/405] Raiders of the Lost Temple! #191
  [52/405] Fun 'n' Games #192
  [53/405] Warhunt 2 #193
  [54/405] Juggernaut's Back In Town #194
  [55/405] It Was a Dark and Stormy Night...! #195
  [56/405] What Was That?!! #196
  [57/405] To Save Arcade?!? #197
  [58/405] Life-Death II #198
  [59/405] Born Again! #199
  [60/405] The Trial of Magneto #200
  [61/405] Duel #201
  [62/405] X-Men...I've Gone To Kill The Beyonder #202
  [63/405] Phoenix vs. The Beyonder! #203
  [64/405] What Happened to Nightcrawler? #204
  [65/405] Wounded Wolf #205
  [66/405] Freedom is a Four Letter Word #206
  [67/405] Ghosts #207
  [68/405] Retribution #208
  [69/405] Salvation #209
  [70/405] The Morning After #210
  [71/405] Massacre #211
  [72/405] The Last Run #212
  [73/405] Psylocke #213
  [74/405] With Malice Toward All #214
  [75/405] "Old Soldiers" #215
  [76/405] "Crucible" #216
  [77/405] Folly's Gambit #217
  [78/405] Charge of the Light Brigade #218
  [79/405] Where Duty Lies #219
  [80/405] Unfinished Business #220
  [81/405] Death by Drowning! #221
  [82/405] Heartbreak #222
  [83/405] Omens & Portents #223
  [84/405] The Dark Before the Dawn #224
  [85/405] False Dawn! #225
  [86/405] Go Tell The Spartans #226
  [87/405] The Belly Of The Beast! #227
  [88/405] Deadly Games #228
  [89/405] Down Under #229
  [90/405] ´ Twas the night ... #230
  [91/405] ... Dressed for Dinner! #231
  [92/405] Earthfall #232
  [93/405] Dawn Of Blood #233
  [94/405] Glory Day #234
  [95/405] "Welcome to Genosha" #235
  [96/405] Busting Loose! #236
  [97/405] Who's Human? #237
  [98/405] Gonna be a Revolution #238
  [99/405] Vanities #239
  [100/405] Strike The Match #240
  [101/405] Fan The Flames #241
  [102/405] Burn #242
  [103/405] Ashes #243
  [104/405] Ladies' Night #244
  [105/405] Men! #245
  [106/405] The Day of Other Lights #246
  [107/405] The Light That Failed #247
  [108/405] The Cradle Will Fall #248
  [109/405] The Dane Curse #249
  [110/405] The Shattered Star #250
  [111/405] Fever Dream #251
  [112/405] Where's Wolverine? #252
  [113/405] Storm Warnings #253
  [114/405] All-New, All-Different...Here We Go Again #254
  [115/405] Crash & Burn #255
  [116/405] The Key That Breaks The Locke #256
  [117/405] I am Lady Mandarin #257
  [118/405] Broken Chains #258
  [119/405] Dream a Little Dream #259
  [120/405] Blam! Star 90 #260
  [121/405] Harriers Hunt #261
  [122/405] Scary Monsters #262
  [123/405] The Lower Depths #263
  [124/405] Hot Pursuit #264
  [125/405] Storm #265
  [126/405] Gambit – Out of the Frying Pan #266
  [127/405] Nanny Into The Fire #267
  [128/405] Madripoor Knights #268
  [129/405] Rogue Redux #269
  [130/405] The X-Tinction Agenda: First Strike #270
  [131/405] The X-Tinction Agenda (Part 4): Flashpoint! #271
  [132/405] The X-Tinction Agenda (Part 7): Capital Crimes #272
  [133/405] Too Many Mutants #273
  [134/405] Crossroads #274
  [135/405] The Path Not Taken #275
  [136/405] Double Death #276
  [137/405] Free Charley #277
  [138/405] The Battle of Muir Isle #278
  [139/405] Bad to the Bone #279
  [140/405] One Step Back --Two Steps Forward #280
  [141/405] Fresh Upstart #281
  [142/405] Payback #282
  [143/405] Bishop's Crossing #283
  [144/405] Into The Void #284
  [145/405] Down the Rabbit Hole #285
  [146/405] Close Call #286
  [147/405] "Bishop to King's Five" #287
  [148/405] Time & Place #288
  [149/405] Knots #289
  [150/405] Frayed #290
  [151/405] Underbelly #291
  [152/405] The Morlocks Take Manhatten #292
  [153/405] The Last Morlock Story #293
  [154/405] X-Cutioner's Song Part One: The Overture #294
  [155/405] X-Cutioner's Song Part Five: Familiar Refrain #295
  [156/405] X-Cutioner's Song Part 9: Crescendo #296
  [157/405] X-Cutioner's Song Epilogue Songs End - Up and Around #297
  [158/405] For The Children! #298
  [159/405] Nightlines #299
  [160/405] Legacies #300
  [161/405] Dominion! #301
  [162/405] Colossus Unleashed! #302
  [163/405] Going Through The Motions #303
  [164/405] Fatal Attractions Part 3: ...For What Have I Done #304
  [165/405] The Measure of the Man #305
  [166/405] Mortal Coils #306
  [167/405] Bloodties Part IV of V: Night and Fog #307
  [168/405] Mixed Blessings #308
  [169/405] In Memory Most Bitter! #309
  [170/405] ...Show Me The Way To Go Home... #310
  [171/405] Putting The Cat Out #311
  [172/405] Romp #312
  [173/405] Hands Across the Water #313
  [174/405] Early Frost #314
  [175/405] Judgment At Avalon! #315
  [176/405] Generation Next, Part 1: Encounter #316
  [177/405] Generation Next, Part 3: Enter Freely And of Your Own Will #317
  [178/405] Moving Day #318
  [179/405] Untapped Potential #319
  [180/405] Legion Quest Part 1: The Son Rises In The East #320
  [181/405] Legion Quest Part 3: Auld Lang Syne #321
  [182/405] Dark Walk #322
  [183/405] A Nation Rising #323
  [184/405] Deadly Messengers #324
  [185/405] Generation of Evil #325
  [186/405] Evil Natures #326
  [187/405] Whispers On the Wind #327
  [188/405] Precipice #328
  [189/405] Warrior of the Ebon Night #329
  [190/405] Quest for the Crimson Dawn #330
  [191/405] The Splinter Of Our Discontent #331
  [192/405] The Road to Casablanca #332
  [193/405] The Other Shoe... #333
  [194/405] Dark Horizon #334
  [195/405] Apocalypse Lives #335
  [196/405] A Voice As Deep As Thunder #336
  [197/405] Know Thy Enemy #337
  [198/405] A Hope Reborn A Past Reclaimed #338
  [199/405] Fight and Flight! #339
  [200/405] Relativity #340
  [201/405] When Strikes a Gladiator! #341
  [202/405] Into the Void #342
  [203/405] Where No X-Man Has Gone Before! #343
  [204/405] Casualties of War #344
  [205/405] Moving On #345
  [206/405] The Story of the Year! #346
  [207/405] Big Night #347
  [208/405] Because, I Said So #348
  [209/405] The Crawl #349
  [210/405] Trial & Errors #350
  [211/405] Hours and Minutes #351
  [212/405] In Sin Air #352
  [213/405] Blackbirds #353
  [214/405] Prehistory #354
  [215/405] North & South #355
  [216/405] Reunion #356
  [217/405] The Sky is Falling #357
  [218/405] Lost in Space #358
  [219/405] Power Play #359
  [220/405] Children of the Atom #360
  [221/405] Thieves in the Temple #361
  [222/405] The Hunt For Xavier! Part One: Meltdown #362
  [223/405] The Hunt For Xavier! Part Three: When You're Unwanted #363
  [224/405] The Hunt For Xavier! Part Five: Escape From Alcatraz #364
  [225/405] Ghost of X-Mas Past! #365
  [226/405] The Shot Heard Round the World #366
  [227/405] Disturbing Behavior #367
  [228/405] Mansions in Heaven #368
  [229/405] Unstoppable! #369
  [230/405] History Repeats #370
  [231/405] Crossed Wires #371
  [232/405] Shatttering Chapter One: Rude Awakenings #372
  [233/405] Beauty and the Beast Part One: Broken Mirrors #373
  [234/405] Beauty and the Beast Part Two: You Can't Go Home Again #374
  [235/405] I am Not Now, Nor Have I Ever Been... #375
  [236/405] Apocalypse: The Twelve Part 2 - Filling in the Blanks #376
  [237/405] Apocalypse: The Twelve Part 8 - The End of the World As We Know  It #377
  [238/405] First & Last: Part 1 #378
  [239/405] What Dreams May Come... #379
  [240/405] Heaven's Shadow #380
  [241/405] Revolution #381
  [242/405] Enter: The Lost Souls #382
  [243/405] Moscow Knights #383
  [244/405] Crimson Pirates #384
  [245/405] Shell Game #385
  [246/405] For Those in Peril #386
  [247/405] Cry Justice, Cry Vengeance #387
  [248/405] Dream’s End, Part 1: The Past is but Prologue! #388
  [249/405] The Good Shepherd #389
  [250/405] The Legacy Virus Cured--But At What Cost? #390
  [251/405] Dad #391
  [252/405] Eve of Destruction Part 1 #392
  [253/405] Eve Of Destruction Part 3: Like Lambs To The Slaughter! #393
  [254/405] Playing God #394
  [255/405] Poptopia - part 1: Useless Beauty #395
  [256/405] Poptopia: part 2: The Glamorous Life #396
  [257/405] Poptopia: part 3: A Complete Unknown #397
  [258/405] Poptopia: part 4: The Clash #398
  [259/405] For Unlawful Carnal Knowledge #399
  [260/405] Supreme Confessions #400
  [261/405] Golden #401
  [262/405] Utility of Myth #402
  [263/405] Lurking #403
  [264/405] Army Ants #404
  [265/405] Ballroom Blitzkrieg #405
  [266/405] Staring Contests are for Suckers #406
  [267/405] Glaubiger, Heiler, Gefallener #407
  [268/405] Identity Crisis #408
  [269/405] Rocktopia #409
  [270/405] Hope, Pt. 1 #410
  [271/405] Hope, Pt. 2 #411
  [272/405] Hope, Pt. 3 #412
  [273/405] Annie's Moving Story #413
  [274/405] Fall Down Go Boom #414
  [275/405] Secrets #415
  [276/405] Living in a Mansion #416
  [277/405] Dominant Species, Pt. 1 #417
  [278/405] Dominant Species, Pt. 2 #418
  [279/405] Dominant Species, Pt. 3 #419
  [280/405] Dominant Species, Pt. 4 #420
  [281/405] Rules of Engagement, Pt. 1 #421
  [282/405] Rules of Engagement, Pt. 2 #422
  [283/405] Holy War, Pt. 1 #423
  [284/405] Holy War, Pt. 2 #424
  [285/405] Sacred Vows, Pt. 1 #425
  [286/405] Sacred Vows, Pt. 2 #426
  [287/405] The Dead Have No Rights #427
  [288/405] How Did I Get Here? #428
  [289/405] Sins of the Father #429
  [290/405] The Draco, Part 2 of 6 #430
  [291/405] The Draco, Part 3 of 6 #431
  [292/405] The Draco, Part 4 of 6 #432
  [293/405] The Draco, Part 5 of 6 #433
  [294/405] The Draco #434
  [295/405] The Trial of Juggernaut, Pt. 1 #435
  [296/405] The Trial of Juggernaut, Pt. 2 #436
  [297/405] She Lies With Angels, Pt. 1 #437
  [298/405] She Lies With Angels, Pt. 2 #438
  [299/405] She Lies with Angels, Pt. 3 #439
  [300/405] She Lies with Angels: Pt. 4 #440
  [301/405] She Lies with Angels: Conclusion #441
  [302/405] Of Darkest Nights, Pt. 1 #442
  [303/405] Of Darkest Nights, Pt. 2 #443
  [304/405] The End of History, Pt. 1 #444
  [305/405] The End Of History, Part 2: Death and the Maiden #445
  [306/405] The End Of History, Part 3: Burning Sage! #446
  [307/405] The End Of Tomorrow, Part 4: Hell Hath No Fury! #447
  [308/405] Guess Who's Back In Town?, Part 1 #448
  [309/405] Guess Who's Back In Town?, Part 2: To Slay A Queen #449
  [310/405] The Cruelest Cut, Part 1 #450
  [311/405] The Cruelest Cut, Part 2: Impediments #451
  [312/405] Chasing Hellfire, Part 1 #452
  [313/405] Chasing Hellfire, Part 2: Cardinal Betrayal #453
  [314/405] Chasing Hellfire, Part 3: Cardinal Law #454
  [315/405] World's End, Part 1: Not Dead Yet?! #455
  [316/405] World's End, Part 2: On Ice! #456
  [317/405] World's End, Part 3: Cutting Edge! #457
  [318/405] World's End, Part 4: The Enemy Of My Enemy #458
  [319/405] World's End, Part 5: Bad Company #459
  [320/405] Resurrections and Reunions #460
  [321/405] Mojo Rising! #461
  [322/405] Season of the Witch (Part 1) #462
  [323/405] We're not in Kansas anymore! - Season of the Witch (part 2 of 4) #463
  [324/405] Season of the Witch (part 3 of 4) To Die For #464
  [325/405] Season of the Witch, Part 4: Chaos Rules #465
  [326/405] Grey's End Part 1: Last Night I Had the Strangest Dream #466
  [327/405] Grey's End Part 2: 24 Seconds #467
  [328/405] Grey's End Part 3: Deathmark #468
  [329/405] Wand'ring Star Part 1 #469
  [330/405] Wand'ring Star Part 2: Gal on the Run! #470
  [331/405] Wand'ring Star Part 3: Glory Days! #471
  [332/405] The First Foursaken Part 1: Pulling Strings #472
  [333/405] The First Foursaken Part 2: Family Lies! #473
  [334/405] The First Foursaken Part 3: Loose Ends #474
  [335/405] The Rise and Fall of the Shi’ar Empire: Chapter One - Plan B #475
  [336/405] The Rise and Fall of the Shi’ar Empire: Chapter Two - The Things They Left Behind #476
  [337/405] The Rise and Fall of the Shi’ar Empire: Chapter Three - Vulcan’s Progress #477
  [338/405] The Rise and Fall of the Shi'Ar Empire Chapter Four: Castaways #478
  [339/405] The Rise and Fall of the Shi'Ar Empire Chapter Five: Double-Edged #479
  [340/405] The Rise and Fall of the Shi'Ar Empire Chapter Six: Vulcan's Progress (Redux) #480
  [341/405] The Rise and Fall of the Shi'Ar Empire Chapter Seven: Crossing the Rubicon #481
  [342/405] The Rise and Fall of the Shi'ar Empire Chapter Eight: Imperial Rescue #482
  [343/405] The Rise and Fall of the Shi'Ar Empire Chapter Nine: Vulcan's Descent #483
  [344/405] The Rise and Fall of the Shi'Ar Empire: Chapter Ten: In Exile #484
  [345/405] The Rise and Fall of the Shi'Ar Empire, Chapter Eleven: The End of All That Is #485
  [346/405] The Rise and Fall of the Shi'Ar Empire, Chapter Twelve: Endings and Beginnings #486
  [347/405] The Extremists #487
  [348/405] The Extremists, Part 2; Endangered Species, Chapter 2 #488
  [349/405] The Extremists, Part 3; Endangered Species, Chapter 6 #489
  [350/405] The Extremists, Part 4; Endangered Species, Chapter 10 #490
  [351/405] The Extremists, Part 5; Endangered Species, Chapter 14 #491
  [352/405] Messiah CompleX Chapter Two #492
  [353/405] Messiah CompleX Chapter Six #493
  [354/405] Messiah CompleX, Chapter Ten #494
  [355/405] X-Men: Divided - Part One #495
  [356/405] X-Men: Divided - Part Two #496
  [357/405] X-Men: Divided - Part Three #497
  [358/405] X-Men: Divided - Part Four #498
  [359/405] Divided We Stand - X-Men: Divided, Part Five #499
  [360/405] SFX, Part 1 #500
  [361/405] SFX2: All Tomorrow's Parties #501
  [362/405] SFX3: Beginning to See the Light #502
  [363/405] Issue 503 #503
  [364/405] Lovelorn, Part One: Every Little Bit Hurts #504
  [365/405] Lovelorn, Part 2 #505
  [366/405] Lovelorn, Part 3 #506
  [367/405] Lovelorn, Part 4 #507
  [368/405] Sisterhood Part 1 #508
  [369/405] Sisterhood Part 2 #509
  [370/405] Sisterhood Part 3 #510
  [371/405] Sisterhood Part 4 #511
  [372/405] The Origins of the Species #512
  [373/405] Utopia Chapter 2 #513
  [374/405] Utopia Chapter 4 #514
  [375/405] Nation X: Chapter 1 #515
  [376/405] Nation X: Chapter 2 #516
  [377/405] Nation X: Chapter 3 #517
  [378/405] Nation X: Chapter 4 #518
  [379/405] Nation X: Chapter 5 #519
  [380/405] Nation-X: Chapter 6 #520
  [381/405] Nation-X: Chapter 7 #521
  [382/405] Ghostly; The End Of The World And Everything After #522
  [383/405] Second Coming, Chapter Two #523
  [384/405] Second Coming, Chapter Six #524
  [385/405] Second Coming, Chapter Ten #525
  [386/405] The Five Lights, Part One: Freak like me #526
  [387/405] The Five Lights, Part Two: Velocidad #527
  [388/405] The Five Lights, Part Three #528
  [389/405] The Five Lights, Part Four #529
  [390/405] Quarantine: Part 1 #530
  [391/405] Quarantine: Part 2 #531
  [392/405] Quarantine: Part 3 #532
  [393/405] Quarantine: Part 4 #533
  [394/405] Quarantine: Part 5 #534
  [395/405] Issue 534.1 #534.1
  [396/405] Breaking Point, Part 1 #535
  [397/405] Breaking Point, Part 2 #536
  [398/405] Breaking Point, Part 3 #537
  [399/405] Breaking Point, Part 4 #538
  [400/405] Losing Hope #539
  [401/405] Issue 540 #540
  [402/405] Issue 541 #541
  [403/405] Issue 542 #542
  [404/405] Issue 543 #543
  [405/405] Uncanny #544

=== Processing volume: Uncanny X-Men (Marvel) ===
  matched volume: Uncanny X-Men | id: 115285 | publisher: Marvel | issue count: None
  fetched 22 issues
  [1/22] Disassembled Part 1 #1
  [2/22] Disassembled Conclusion #10
  [3/22] This Is Forever Part 1; Wolverine Returns; The Last Blindfold Story #11
  [4/22] This Is Forever Part 2 #12
  [5/22] This Is Forever Part 3 #13
  [6/22] This Is Forever Part 4 #14
  [7/22] This is Forever- Part 5 #15
  [8/22] This Is Forever Part 6 #16
  [9/22] We Have Always Been Part 1 #17
  [10/22] We Have Always Been Part 2 #18
  [11/22] We Have Always Been Part 3 #19
  [12/22] Disassembled Part 2 #2
  [13/22] We Have Always Been Part 4 #20
  [14/22] We Have Always Been Part 5 #21
  [15/22] We Have Always Been Part 6 #22
  [16/22] Disassembled Part 3 #3
  [17/22] Disassembled Part 4 #4
  [18/22] DIsassembled Part 5 #5
  [19/22] Disassembled Part 6 #6
  [20/22] Disassembled Part 7 #7
  [21/22] Disassembled Part 8 #8
  [22/22] Disassembled Part 9 #9

=== Processing volume: X-Men (Marvel) ===
  matched volume: X-Men | id: 4605 | publisher: Marvel | issue count: None
  fetched 115 issues
  [1/115] I Had A Dream #-1
  [2/115] Rubicon #1
  [3/115] Thrall #½
  [4/115] Where Happy Little Bluebirds Fly... / Last Stand #10
  [5/115] End of Days #100
  [6/115] Hard Landing #101
  [7/115] The Cruelest Cut #102
  [8/115] The Goth #103
  [9/115] Painted Ladies #104
  [10/115] Killing Angels! #105
  [11/115] Search and Rescue #106
  [12/115] Maximum Security: On the Yard! #107
  [13/115] Dream’s End Part 4: The Future is Now! #108
  [14/115] Ceremonies #109
  [15/115] "The X-Men VS The X-Men! (Again)" #11
  [16/115] One Tin Soldier Rides Away... #110
  [17/115] Prelude To Destruction #111
  [18/115] Eve of Destruction (Part 2): A Call To Arms #112
  [19/115] Eve Of Destruction (Part 4): Conclusion #113
  [20/115] Broken Mirrors #12
  [21/115] Hazardous Territory ! #13
  [22/115] X-Cutioner's Song Part 3: Fingers on the Trigger #14
  [23/115] X-Cutioner's Song Part 7: The Camel's Back #15
  [24/115] X-Cutioner's Song Part 11: Conflicting Cathexes #16
  [25/115] A Skinning of Souls Part One: Waiting for the Ripening #17
  [26/115] A Skinning of Souls Part Two: The Crops Mature #18
  [27/115] A Skinning of Souls Part Three: Harvest of the Innocent #19
  [28/115] Firestorm #2
  [29/115] Digging in the Dirt #20
  [30/115] The Puzzle Box #21
  [31/115] The Mask Behind the Facade #22
  [32/115] Leaning Towards Oneself #23
  [33/115] Digging Deeper Between Hope And Sorrow #24
  [34/115] Fatal Attractions Part 4: Dreams Fade #25
  [35/115] Bloodties Part II of V: Civil Disobedience #26
  [36/115] A Song of Mourning A Cry of Joy #27
  [37/115] Devil In The House #28
  [38/115] Return to Hellfire! #29
  [39/115] Fallout! #3
  [40/115] The Ties That Bind - The Wedding of Jean Grey and Scott Summers #30
  [41/115] Soul Possessions Part One: The Butterfly and The Hawk #31
  [42/115] Soul Possessions Part Two: The Leopards and The Cats #32
  [43/115] The Hearts of Thieves #33
  [44/115] Life and Consequences #34
  [45/115] Sunset Grace #35
  [46/115] Generation Next, Part 2: Drop The Leash #36
  [47/115] Generation Next, Part 4: The Currents Shift #37
  [48/115] Smoke and Mirrors #38
  [49/115] Birds of a Feather #39
  [50/115] The Resurrection and The Flesh #4
  [51/115] Legion Quest Part 2: The Killing Time #40
  [52/115] Legion Quest Part 4: Dreams Die! #41
  [53/115] Heaven Can Wait #42
  [54/115] Falling From Grace #43
  [55/115] Lost and Found #44
  [56/115] The Enemy of My Enemy... #45
  [57/115] They're Baaack... #46
  [58/115] Big Trouble in Little Italy #47
  [59/115] Five Card Studs #48
  [60/115] Eyes Of A New York Woman #49
  [61/115] Blowback #5
  [62/115] Full Court Press #50
  [63/115] Deathbound Train #51
  [64/115] Collector's Item #52
  [65/115] False Fronts #53
  [66/115] Inquiring Minds #54
  [67/115] Invasion #55
  [68/115] Twilight of the Gods #56
  [69/115] MAN #57
  [70/115] Testament #58
  [71/115] Touched #59
  [72/115] Further Still #6
  [73/115] Night #60
  [74/115] Bolt #61
  [75/115] Games of Deceit & Death Part 1 #62
  [76/115] Games of Deceit and Death Part 2 #63
  [77/115] Games of Deceit and Death Part 3 #64
  [78/115] First Blood - Operation: Zero Tolerance Prologue #65
  [79/115] Start Spreadin' the News... #66
  [80/115] The End of Days #67
  [81/115] Heart of the Matter #68
  [82/115] Last Exit #69
  [83/115] Inside? Out! #7
  [84/115] Homecoming #70
  [85/115] A House in Order #71
  [86/115] Life Lessons #72
  [87/115] The Elements Within Us #73
  [88/115] Rituals #74
  [89/115] Anatomy of a Monster #75
  [90/115] A Boykie and His Dinges #76
  [91/115] Stormfront #77
  [92/115] Stormfront Part 2 #78
  [93/115] Little Morlock Lost #79
  [94/115] Tooth and Claw #8
  [95/115] Children of the Atom Part Two #80
  [96/115] Jack of Hearts, Queen of Death! #81
  [97/115] The Hunt For Xavier! Part Two: Charley #82
  [98/115] The Hunt for Xavier! Part Four: Tomb of Ice #83
  [99/115] The Hunt for Xavier: The Conclusion! Dream's End #84
  [100/115] A Tale of Two Mutants #85
  [101/115] Thanks for the Memories #86
  [102/115] No Surrender #87
  [103/115] A World Apart #88
  [104/115] Back From the Dead?! #89
  [105/115] The Not So Big Easy #9
  [106/115] The Devourer Upon Them! #90
  [107/115] Technical Difficulties #91
  [108/115] Dream's End, Part 2: Pressure Points #92
  [109/115] Hidden Lives, Part 1 of 2: Open Wounds #93
  [110/115] Hidden Lives. Part 2 of 2: Pandora's Box #94
  [111/115] Do Unto Others #95
  [112/115] The Gathering #96
  [113/115] Apocalypse: The Twelve Part 10 - The End of the World As We Know It Part 2 #97
  [114/115] First & Last, Part 2 #98
  [115/115] Oh, The Humanity! #99

=== Processing volume: X-Men (Marvel) ===
  matched volume: X-Men | id: 62383 | publisher: Marvel | issue count: None
  fetched 26 issues
  [1/26] Primer, Part 1 of 3 #1
  [2/26] .NOW Ghosts Part 1; Muertas, Part Four of Six #10
  [3/26] Ghosts Part 2; Muertas, Part Five of Six #11
  [4/26] Ghosts Conclusion; Muertas, Part Six of Six #12
  [5/26] Bloodline Part 1 of 6; Bromo-Superior #13
  [6/26] Bloodline, Part 2 of 6; Bromo-Superior, Part Two #14
  [7/26] Bloodline, Part 3 of 5; Bromo-Superior, Part Three #15
  [8/26] Bloodline Part 4 of 5 #16
  [9/26] Bloodline Conclusion #17
  [10/26] Exogenous Part 1 #18
  [11/26] Exogenous Part 2 #19
  [12/26] Primer: Part 2 of 3 #2
  [13/26] Exogenous Part 3 #20
  [14/26] Exogenous Part 4 #21
  [15/26] Exogenous Conclusion #22
  [16/26] The Burning World Part 1 #23
  [17/26] The Burning World Part 2 #24
  [18/26] The Burning World Part 3 #25
  [19/26] The Burning World Conclusion #26
  [20/26] Primer: Part 3 of 3 #3
  [21/26] Issue 4 #4
  [22/26] Battle of the Atom Chapter 3 #5
  [23/26] Battle of the Atom Chapter 7 #6
  [24/26] Muertas, Part One of Six #7
  [25/26] Muertas, Part Two of Six #8
  [26/26] Muertas, Part Three of Six #9

=== Processing volume: X-Men (Marvel) ===
  matched volume: X-Men | id: 122077 | publisher: Marvel | issue count: None
  fetched 21 issues
  [1/21] Pax Krakoa #1
  [2/21] Fire #10
  [3/21] One War, One Mutant #11
  [4/21] Amenth #12
  [5/21] X of Swords, Chapter 10 #13
  [6/21] X of Swords, Chapter 12 #14
  [7/21] X of Swords, Chapter 20 #15
  [8/21] Sworded Out #16
  [9/21] Empty Nest #17
  [10/21] Inside the Vault #18
  [11/21] Out of the Vault #19
  [12/21] Summoner #2
  [13/21] Lost Love #20
  [14/21] The Beginning #21
  [15/21] Hordeculture #3
  [16/21] Global Economics #4
  [17/21] Into the Vault #5
  [18/21] The Oracle #6
  [19/21] Lifedeath #7
  [20/21] Swarm #8
  [21/21] The King Egg #9

=== Processing volume: New X-Men (Marvel) ===
  matched volume: New X-Men | id: 9121 | publisher: Marvel | issue count: None
  fetched 43 issues
  [1/43] E is for Extinction Part One #114
  [2/43] E is for Extinction #115
  [3/43] E is for Extinction #116
  [4/43] Danger Rooms #117
  [5/43] Germ Free Generation Part One #118
  [6/43] Germ Free Generation Part Two #119
  [7/43] Germ Free Generation - part 3 #120
  [8/43] Silence: Psychic Rescue In Progress #121
  [9/43] Imperial #122
  [10/43] Testament #123
  [11/43] Superdestroyer #124
  [12/43] Losers #125
  [13/43] All Hell #126
  [14/43] Of Living and Dying #127
  [15/43] New Worlds #128
  [16/43] Fantomex #129
  [17/43] Weapon Twelve #130
  [18/43] Some Angels Falling #131
  [19/43] Ambient Magnetic Fields #132
  [20/43] Dust #133
  series failed: 'charmap' codec can't encode character '\u03a9' in position 14: character maps to <undefined>

=== Processing volume: Astonishing X-Men (Marvel) ===
  matched volume: Astonishing X-Men | id: 10746 | publisher: Marvel | issue count: None
  fetched 68 issues
  [1/68] Gifted, Part 1 #1
  [2/68] Dangerous, Part 4 #10
  [3/68] Dangerous, Part 5 #11
  [4/68] Dangerous, Part 6 #12
  [5/68] Torn, Part 1 #13
  [6/68] Torn, Part 2 #14
  [7/68] Torn, Part 3 #15
  [8/68] Torn, Part 4 #16
  [9/68] Torn, Part 5 #17
  [10/68] Torn, Part 6 #18
  [11/68] Unstoppable, Part 1 #19
  [12/68] Gifted, Part 2 #2
  [13/68] Unstoppable, Part 2 #20
  [14/68] Unstoppable, Part 3 #21
  [15/68] Unstoppable, Part 4 #22
  [16/68] Unstoppable, Part 5 #23
  [17/68] Unstoppable, Part 6 #24
  [18/68] Ghost Box, Part One #25
  [19/68] Ghost Box, Part Two #26
  [20/68] Ghost Box, Part Three #27
  [21/68] Ghost Box, Part Four #28
  [22/68] Ghost Box, Part Five #29
  [23/68] Gifted, Part 3 #3
  [24/68] Ghost Box, Part Six #30
  [25/68] Exogenetic, Part 1 #31
  [26/68] Exogenetic, Part 2 #32
  [27/68] Exogenetic, Part 3 #33
  [28/68] Exogenetic, Part 4 #34
  [29/68] Exogenetic, Part 5 #35
  [30/68] Monstrous, Part 1 #36
  [31/68] Monstrous, Part 2 #37
  [32/68] Meanwhile, Part One #38
  [33/68] Monstrous, Part 3 #39
  [34/68] Gifted, Part 4 #4
  [35/68] Meanwhile, Part Two #40
  [36/68] Monstrous, Conclusion #41
  [37/68] Meanwhile, Conclusion #42
  [38/68] Whispering Machines #43
  [39/68] Exalted, Part 1 #44
  [40/68] Exalted, Part Two #45
  [41/68] Exalted, Part Three #46
  [42/68] Exalted, Conclusion #47
  [43/68] Issue 48 #48
  [44/68] Issue 49 #49
  [45/68] Gifted, Part 5 #5
  [46/68] Issue 50 #50
  [47/68] Issue 51 #51
  [48/68] Issue 52 #52
  [49/68] Issue 53 #53
  [50/68] Issue 54 #54
  [51/68] Issue 55 #55
  [52/68] Issue 56 #56
  [53/68] Issue 57 #57
  [54/68] Issue 58 #58
  [55/68] Issue 59 #59
  [56/68] Gifted, Part 6 #6
  [57/68] X-Termination, Part 2: The Fabric of Reality #60
  [58/68] X-Termination, Part 5: A Final Goodbye #61
  [59/68] Issue 62 #62
  [60/68] Issue 63 #63
  [61/68] Issue 64 #64
  [62/68] Issue 65 #65
  [63/68] Issue 66 #66
  [64/68] Issue 67 #67
  [65/68] Issue 68 #68
  [66/68] Dangerous, Part 1 #7
  [67/68] Dangerous, Part 2 #8
  [68/68] Dangerous, Part 3 #9

=== Processing volume: X-Force (Marvel) ===
  matched volume: X-Force | id: 4604 | publisher: Marvel | issue count: None
  fetched 130 issues
  [1/130] Brothers Proudstar #-1
  [2/130] A Force To Be Reckoned With #1
  [3/130] Answers (and Questions) #10
  [4/130] Dark Cathedral #100
  [5/130] Powerless! #101
  [6/130] Games Without Frontiers, Part 1 #102
  [7/130] Games Without Frontiers; part 2 #103
  [8/130] Games Without Frontiers; part 3 #104
  [9/130] Games Without Frontiers; part 4 #105
  [10/130] Shockwave, Part 1 of 4: Murder Ballads #106
  [11/130] Shockwave, Part 2 of 4: Murder Ballads #107
  [12/130] Shockwave, Part 3 of 4: Murder Ballads #108
  [13/130] Shockwave, Part 4 of 4: Murder Ballads #109
  [14/130] Friendly Reminders #11
  [15/130] Rage War, Part One Of Four #110
  [16/130] Rage War, Part Two Of Four #111
  [17/130] Rage War, Part Three Of Four #112
  [18/130] Rage War, Part Four Of Four #113
  [19/130] Epitaph, Part 1 of 2 #114
  [20/130] Epitaph, Part 2 of 2 #115
  [21/130] Exit Wounds #116
  [22/130] Mister Sensitive #117
  [23/130] And Then There Were Six #118
  [24/130] What's One Life? #119
  [25/130] Traitors to the Cause #12
  [26/130] X-Force: Snikt! #120
  [27/130] Lacuna: Part One: Captain Coconut #121
  [28/130] Lacuna: Part Two: Larry King Has the Flu #122
  [29/130] Tick Tock #123
  [30/130] Edie and Guy Finally Do It #124
  [31/130] One of Us #125
  [32/130] As I Die Lying #126
  [33/130] Because Louise #127
  [34/130] Someone Dies #128
  [35/130] X-Storm! #129
  [36/130] Everything Hits the Fan #13
  [37/130] Payback! #14
  [38/130] To the Pain #15
  [39/130] X-Cutioner's Song Part 4: Jacklighting #16
  [40/130] X-Cutioner's Song, Part 8: Sleeping With The Enemy #17
  [41/130] X-Cutioner's Song Part 12: Ghosts In The Machine #18
  [42/130] The Open Hand: The Closed Fist #19
  [43/130] The Blood Hunters ! #2
  [44/130] Assault On Greymalkin #20
  [45/130] War Machines! #21
  [46/130] Ordnance Weighed In Blood #22
  [47/130] Compromising Positions #23
  [48/130] Prisoners of Fate #24
  [49/130] Fatal Attractions Part 2: Back to Front #25
  [50/130] Shadows On the Rock #26
  [51/130] Liberation Through Subjugation #27
  [52/130] The Axe Falls #28
  [53/130] Toy Soldiers #29
  [54/130] Battlecry #3
  [55/130] Something Worth Fighting For #30
  [56/130] Cry Uncle! #31
  [57/130] Child's Play (First Move): With a Roll of the Dice #32
  [58/130] Child's Play (Third Move): Rules Were Made To Be Broken #33
  [59/130] Guns and Poses #34
  [60/130] Beg Tomorrow #35
  [61/130] Genocidal Tendencies #36
  [62/130] The Young and the Restless #37
  [63/130] Life Signs, Part 2: The Faith Dancers #38
  [64/130] Letting Go #39
  [65/130] Sabotage X-Over, Part 2 #4
  [66/130] Holding On #40
  [67/130] The Fun House: A Tale of Deception and Death #41
  [68/130] A Lie of the Mind #42
  [69/130] Teapot in a Tempest #43
  [70/130] ...Already in Progress... #44
  [71/130] Under One Roof #45
  [72/130] Behind Closed Doors #46
  [73/130] Breakout #47
  [74/130] Intervention #48
  [75/130] Target: X-Force #49
  [76/130] Under the Magnifying Glass #5
  [77/130] Target: Cable #50
  [78/130] Reflections in the Night #51
  [79/130] Bad Girls #52
  [80/130] Even an X-Ternal Can Die! #53
  [81/130] Q & A #54
  [82/130] Without A Net #55
  [83/130] Crazy for You #56
  [84/130] Onslaught Impact 1: In the Company of Strangers, Part 2: The Best Laid Plans... #57
  [85/130] Onslaught Impact 2: ...Before the Dawn #58
  [86/130] Are You Now or Have You Ever Been? #59
  [87/130] Under the Gun #6
  [88/130] I Know You Are but What am I? #60
  [89/130] Ask Me No More Questions and I'll Tell You No More Lies #61
  [90/130] Human Nature #62
  [91/130] Wish You Were Here #63
  [92/130] The Haunting of Castle Doom #64
  [93/130] Lower East Side Story #65
  [94/130] Tragic Kingdom #66
  [95/130] Stand-Off #67
  [96/130] Girl Talk #68
  [97/130] Roadside Attractions #69
  [98/130] Under the Knife #7
  [99/130] Transitions #70
  [100/130] Destination: Unknown #71
  [101/130] Lies and Deception #72
  [102/130] Stop Motion #73
  [103/130] Afterlife #74
  [104/130] Convergence #75
  [105/130] Bittersweet Reunions #76
  [106/130] City of Lost Children #77
  [107/130] Burning Desires #78
  [108/130] Set My Soul on Fire #79
  [109/130] Flashed Before My Eyes #8
  [110/130] The Fire Within #80
  [111/130] Hot Lava #81
  [112/130] The Gryphon Agnda #82
  [113/130] Homefront #83
  [114/130] ...By the Sword #84
  [115/130] Possessed #85
  [116/130] Experimental Living #86
  [117/130] Armageddon Now, Part One: Family Matters #87
  [118/130] Armageddon Now, Part Two: Blood & Betrayal #88
  [119/130] Armageddon Now, Part Three: Hellions Triumphant! #89
  [120/130] Underground and Over the Top #9
  [121/130] Armageddon Now, Part Four: Rude Awakening #90
  [122/130] Siryn--Lost In Silence #91
  [123/130] Domino--Caught In The Clutches Of Halloween Jack #92
  [124/130] At the Mercy of a Dying Sun God! #93
  [125/130] Caught in the Crossfire #94
  [126/130] Welcome to Genosha--Hope You Survive ! #95
  [127/130] Digging Up the Past #96
  [128/130] A Taste of Evil ! #97
  [129/130] Sunspot's Inferno #98
  [130/130] Bad Company #99

=== Processing volume: X-Force (Marvel) ===
  matched volume: X-Force | id: 20511 | publisher: Marvel | issue count: None
  fetched 28 issues
  [1/28] Angels & Demons, Part 1 of 6 #1
  [2/28] Old Ghosts, Part 4 of 4 #10
  [3/28] Who the Hell is Eli Bard? #11
  [4/28] Suicide Leper: Part 1 #12
  [5/28] Suicide Leper: Part 2 #13
  [6/28] Messiah War: Part 3 #14
  [7/28] Messiah War: Part 5 #15
  [8/28] Messiah War: Part 7 #16
  [9/28] Not Forgotten: Part 1 #17
  [10/28] Not Forgotten: Part 2 #18
  [11/28] Not Forgotten: Part 3 #19
  [12/28] Angels & Demons, Part 2 of 6 #2
  [13/28] Not Forgotten: Part 4 #20
  [14/28] Necrosha: Chapter 2 #21
  [15/28] Necrosha: Chapter 3 #22
  [16/28] Necrosha: Chapter 4 #23
  [17/28] Necrosha: Chapter 5 #24
  [18/28] Necrosha: Conclusion #25
  [19/28] Second Coming: Chapter 5 #26
  [20/28] End of the Line #27
  [21/28] Last Stand #28
  [22/28] Angels & Demons, Part 3 of 6 #3
  [23/28] Angels & Demons, Part 4 of 6 #4
  [24/28] Angels & Demons, Part 5 of 6 #5
  [25/28] Angels & Demons, Part 6 of 6 #6
  [26/28] Old Ghosts, Part 1 of 4 #7
  [27/28] Old Ghosts, Part 2 of 4 #8
  [28/28] Old Ghosts, Part 3 of 4 #9

=== Processing volume: X-Force (Marvel) ===
  matched volume: X-Force | id: 122668 | publisher: Marvel | issue count: None
  fetched 50 issues
  [1/50] Hunting Ground #1
  [2/50] The Deadly Garden #10
  [3/50] Red Dawn #11
  [4/50] The Cerebro Sword #12
  [5/50] X of Swords, Chapter 4 #13
  [6/50] X of Swords, Chapter 17 #14
  [7/50] Trench Warfare #15
  [8/50] Into the Deep #16
  [9/50] Omega, Reconsidered #17
  [10/50] Shadows of the Mind #18
  [11/50] Dead of Nightmare #19
  [12/50] The Sword of Damocles #2
  [13/50] The Secret Garden #20
  [14/50] Fear of a Green Planet #21
  [15/50] Cemetery Flowers #22
  [16/50] The New Tsar #23
  [17/50] The Pen Is Mightier Than the Cerebro Sword #24
  [18/50] The Edge #25
  [19/50] Wipeout #26
  [20/50] From Cradle to Grave #27
  [21/50] Cerebrax #28
  [22/50] The Hungry Mind #29
  [23/50] The Skeleton Key #3
  [24/50] The Hunt for X Part 1: Dawn of the Hunt #30
  [25/50] The Hunt For X Part 2: Anatomy of a Killer #31
  [26/50] The Hunt for X Part 3: Kraven Kills #32
  [27/50] The Hunt for X Part 4: Memento Mori #33
  [28/50] Blackout #34
  [29/50] Prison Break #35
  [30/50] The Methuselah Complex  #36
  [31/50] Unmasked #37
  [32/50] XENO #38
  [33/50] Internal Affairs #39
  [34/50] Blood Economics #4
  [35/50] The Ghost Calendars Part 1 #40
  [36/50] The Ghost Calendars Part 2 #41
  [37/50] The Ghost Calendars Part 3 #42
  [38/50] Friend, Farmer, Soldier, Spy #43
  [39/50] The Chronicles of Colossus #44
  [40/50] A Slip of the Pen #45
  [41/50] A Tale of Two Brothers #46
  [42/50] The Greenhouse #47
  [43/50] Game Recognizes Game #48
  [44/50] We Need To Talk About Beast #49
  [45/50] Necessary Force #5
  [46/50] Violent Answers #50
  [47/50] Intelligence #6
  [48/50] Domino Has Fallen #7
  [49/50] Game of Dominoes #8
  [50/50] The Moral Jungle #9

=== Processing volume: The New Mutants (Marvel) ===
  matched volume: The New Mutants | id: 3234 | publisher: Marvel | issue count: None
  fetched 100 issues
  [1/100] Initiation ! #1
  [2/100] Betrayal! #10
  [3/100] The End of the Beginning #100
  [4/100] Magma #11
  [5/100] Sunstroke #12
  [6/100] School Daysze #13
  [7/100] Do You Believe In -- Magik ? #14
  [8/100] Scaredy Cat! #15
  [9/100] Away Game! #16
  [10/100] Getaway! #17
  [11/100] Death-Hunt #18
  [12/100] Siege #19
  [13/100] Sentinels #2
  [14/100] Badlands #20
  [15/100] Slumber Party! #21
  [16/100] The Shadow Within #22
  [17/100] Shadowman #23
  [18/100] The Hollow Heart #24
  [19/100] The Only Thing to Fear... #25
  [20/100] Legion #26
  [21/100] Into the Abyss #27
  [22/100] Soulwar #28
  [23/100] Meanwhile, Back At The Mansion #29
  [24/100] Nightmare #3
  [25/100] The Singer & Her Song #30
  [26/100] Saturday Night Fight #31
  [27/100] To the Ends of the Earth #32
  [28/100] Against All Odds #33
  [29/100] With A Little Bit Of Luck #34
  [30/100] The Times, They Are A'Changin'! #35
  [31/100] Subway to Salvation! #36
  [32/100] If I Should Die #37
  [33/100] Aftermath #38
  [34/100] Pawns of the White Queen #39
  [35/100] Who's Scaring Stevie? #4
  [36/100] Avengers Assemble! #40
  [37/100] Way of the Warrior #41
  [38/100] New Song for Old #42
  [39/100] Getting Even #43
  [40/100] Runaway #44
  [41/100] We Were Only Foolin' #45
  [42/100] Bloody Sunday #46
  [43/100] My Heart for the Highlands #47
  [44/100] Ashes of the Heart #48
  [45/100] Ashes of the Soul #49
  [46/100] Heroes #5
  [47/100] Father's Day #50
  [48/100] Teacher's Choice #51
  [49/100] Grounded Forever #52
  [50/100] Seduced & Abandoned #53
  [51/100] Ratrace #54
  [52/100] Flying Wild! #55
  [53/100] Scavenger Hunt! #56
  [54/100] Birds of a Feather #57
  [55/100] A Bird in the Hand #58
  [56/100] Fang and Claw #59
  [57/100] Road Warriors! #6
  [58/100] Suspended Ani-Mation! #60
  [59/100] Our Way! #61
  [60/100] To Build A Fire #62
  [61/100] Redemption #63
  [62/100] Instant Replay! #64
  [63/100] Demons! #65
  [64/100] Sorcerer's Duel! #66
  [65/100] Promise #67
  [66/100] Illusion! #68
  [67/100] Bad Company #69
  [68/100] Flying Down To Rio ! #7
  [69/100] Self-Fulfilling Prophesy #70
  [70/100] Limbo #71
  [71/100] Demon Reign #72
  [72/100] The Gift #73
  [73/100] The Right Stuff #74
  [74/100] King Of The Hill! #75
  [75/100] Splash! #76
  [76/100] Strange! #77
  [77/100] Let's Make A Deal #78
  [78/100] Asgard #79
  [79/100] The Road to... Rome ? #8
  [80/100] Curse of the Valkyries #80
  [81/100] Faith #81
  [82/100] The Road to Hel #82
  [83/100] The Quick and The Dead #83
  [84/100] The Swords Edge #84
  [85/100] The Killing Stroke #85
  [86/100] Bang! You’re Dead! #86
  [87/100] A Show of Power #87
  [88/100] The Great Escape #88
  [89/100] The Gift #89
  [90/100] Arena #9
  [91/100] To Hunt the Hunter #90
  [92/100] Prey for the Living #91
  [93/100] When The Carnival Comes To Town #92
  [94/100] Madripoor #93
  [95/100] Lethal Weapons #94
  [96/100] X-Tinction Agenda (Part 2): Shell Game #95
  [97/100] X-Tinction Agenda (Part 5): United We Stand #96
  [98/100] X-Tinction Agenda (Part 8): War #97
  [99/100] The Beginning of the End Part One #98
  [100/100] The Beginning of the End Part Two #99

=== Processing volume: Excalibur (Marvel) ===
  matched volume: Excalibur | id: 4052 | publisher: Marvel | issue count: None
  fetched 126 issues
  [1/126] A True & Terrible Sacrifice #-1
  [2/126] Warwolves of London! #1
  [3/126] Widget #10
  [4/126] London's Burning: Onslaught: Impact 1 #100
  [5/126] Quiet #101
  [6/126] After The Bomb #102
  [7/126] Bend Sinister: Reprise #103
  [8/126] Buried Secret #104
  [9/126] Hard Truths #105
  [10/126] A Portrait of the Artist #106
  [11/126] Focus #107
  [12/126] The Old Ways #108
  [13/126] Dragon Moon Rising #109
  [14/126] The Price #11
  [15/126] Hearts Bled Crimson #110
  [16/126] Broken Vows #111
  [17/126] Survival #112
  [18/126] Faith #113
  [19/126] For The One I Love #114
  [20/126] Missionaries #115
  [21/126] Death in Venice #116
  [22/126] Amendments #117
  [23/126] New Year's Evil #118
  [24/126] Preludes & Nightmares #119
  [25/126] My Friends Call Me "Billy the Kid!" #12
  [26/126] Current Events #120
  [27/126] With Friends Like These... #121
  [28/126] Search, Part 1 #122
  [29/126] The Search Part 2: Lost & Found #123
  [30/126] Someone #124
  [31/126] Tying the Knot #125
  [32/126] The Marriage of True Minds #13
  [33/126] Too Many Heroes #14
  [34/126] Technet: Impossible Missions! #15
  [35/126] Warlord #16
  [36/126] From the crucible -- a Captain? #17
  [37/126] Wild Wild Wheels #18
  [38/126] Madripoor Knights #19
  [39/126] A Warwolf Possessed #2
  [40/126] The Eye of the Beholder #20
  [41/126] Crusader X #21
  [42/126] Shadows Thriumphant? #22
  [43/126] Here comes the Judge #23
  [44/126] Tempting Fates #24
  [45/126] Guess who's coming for Phoenix? #25
  [46/126] The times they are a-changin'* #26
  [47/126] Reel People #27
  [48/126] The night they tore down the gilded lady #28
  [49/126] Dream A Little Dream #29
  [50/126] Moving Day #3
  [51/126] 'twas a dark and stormy night #30
  [52/126] No Man is an Island (but no Island is a Man either so it Works Out) #31
  [53/126] Someone will DIE for this! #32
  [54/126] Cat on a hot tin roof #33
  [55/126] School spirit (or Cheerleaders from Heck) #34
  [56/126] Heartbreaker #35
  [57/126] X's and O's #36
  [58/126] The Promethium Exchange, Part One: House Call #37
  [59/126] The Promethium Exchange, Part 2: Out on a Limbo #38
  [60/126] The Promethium Exchange, Part Three: Heart of the Matter #39
  [61/126] Still Crazy After All These Years #4
  [62/126] The Trial of Lockheed #40
  [63/126] At Last...The Reunion! (or the Office Furniture that ate London!) #41
  [64/126] A Hatch Is Plotted #42
  [65/126] Home Comforts, Or Who Exploded The Toilet? #43
  [66/126] Witless For The Prosecution #44
  [67/126] Nightcrawler's Technet #45
  [68/126] Colin The Barbarian #46
  [69/126] Come One And All To The Ugly Bug-Eyed Monster Ball #47
  [70/126] Irish Stew #48
  [71/126] Let There Be Dark #49
  [72/126] Send in the Clowns! #5
  [73/126] Winner Loses All #50
  [74/126] Don't Drink The Water #51
  [75/126] All You Ever Wanted To Know About Phoenix... But Were Afraid To Ask #52
  [76/126] The Litter #53
  [77/126] Curioser And Curioser #54
  [78/126] The Ghost Of Braddock Manor #55
  [79/126] Things That Go Shriek In The Night #56
  [80/126] For Whom The Bell Trolls! #57
  [81/126] Troll Call #58
  [82/126] Enter... The Panther #59
  [83/126] Goblin Night #6
  [84/126] Braddock of the Jungle #60
  [85/126] Truth And Consequence #61
  [86/126] Of Birth, Death And The Confused, Painful Bit In Between #62
  [87/126] Denial #63
  [88/126] Ascension #64
  [89/126] White Lies, Dark Truths #65
  [90/126] Back To The Present #66
  [91/126] Days Of Futures Yet To Come #67
  [92/126] Facades #68
  [93/126] A Question of Conscience #69
  [94/126] Goblin Morn! #7
  [95/126] Crime & Punishment #70
  [96/126] Fatal Attractions Part 6: Crossing Swords #71
  [97/126] Ooohhh.... Sienna! #72
  [98/126] Memories Are Made of This #73
  [99/126] In the Name of Love #74
  [100/126] Hello, I must be going #75
  [101/126] Dog Years #76
  [102/126] Lowest Common Denominator #77
  [103/126] The Douglock Chronicles, Part 1: Fire in the Wild #78
  [104/126] The Douglock Chronicles, Part 2: Twisted Logic #79
  [105/126] Excalibur's New York Adventure #8
  [106/126] The Douglock Chronicles, Part 3: Out of Time #80
  [107/126] Beginnings Middles & Endings #81
  [108/126] Life Signs, Part 3: The Tainted Light of Dawn #82
  [109/126] Bend Sinister (Soul Sword Trilogy Part 1) #83
  [110/126] Dark Adapted Eye (Soul Sword Trilogy Part 2) #84
  [111/126] Edge Of Night (Soul Sword Trilogy Part 3) #85
  [112/126] Back to Life #86
  [113/126] Back To Reality #87
  [114/126] Dream Nails #88
  [115/126] Easy Tiger (Dream Nails Part 2) #89
  [116/126] The Two Edged Sword! #9
  [117/126] Blood Eagle: Dream Nails Part 3 #90
  [118/126] Baby I Love You #91
  [119/126] I Want You #92
  [120/126] The Spire #93
  [121/126] Days Of Future Tense #94
  [122/126] Amplified Heart #95
  [123/126] Fireback #96
  [124/126] Counterfire #97
  [125/126] Fireflies #98
  [126/126] Fire With Fire #99

=== Processing volume: Wolverine (Marvel) ===
  matched volume: Wolverine | id: 4250 | publisher: Marvel | issue count: None
  fetched 192 issues
  [1/192] A Whiff Of Sartrés Madeleine! #-1
  [2/192] Sword Quest #1
  [3/192] Resolutions #½
  [4/192] 24 Hours #10
  [5/192] Furnace Of His Brain, Anvil Of His Heart #100
  [6/192] The Helix of an Age Foretold #101
  [7/192] Unspoken Promises #102
  [8/192] Slay-per-view #102.5
  [9/192] Top of the World, Ma! #103
  [10/192] Onslaught Impact 1: The Emperor Of The Realm Of Grief #104
  [11/192] Onslaught Impact 2: Faces In The Fire #105
  [12/192] Openings and Closures #106
  [13/192] Once Upon a Time in Little Tokyo #107
  [14/192] East is East... #108
  [15/192] Issue 109 #109
  [16/192] Brother's Keeper #11
  [17/192] Lesser Beasts #110
  [18/192] Restoration #111
  [19/192] The Light at the End of the Day #112
  [20/192] The Wind From The East #113
  [21/192] For the Snark Was a Roojum, You See! #114
  [22/192] In the Face of It #115
  [23/192] What the Blind Man Saw #116
  [24/192] A Divine Image #117
  [25/192] Out of Darkness Into Light #118
  [26/192] Not Dead Yet - Part 1 of 4 #119
  [27/192] Straits Of San Francisco #12
  [28/192] Not Dead Yet - Part 2 of 4 #120
  [29/192] Not Dead Yet - Part 3 of 4 #121
  [30/192] Not Dead Yet - Part 4 of 4 #122
  [31/192] Better Than Best! #123
  [32/192] Invisible Destroyers! #124
  [33/192] Logan's Run! #125
  [34/192] Blood Wedding #126
  [35/192] I'm King Of The World! #127
  [36/192] Green for Death #128
  [37/192] Survival Of The Fittest Part 1: Whatever it Takes... #129
  [38/192] Blood Ties #13
  [39/192] Survival of the Fittest, Part Two - ...To Survive! #130
  [40/192] It Fell To Earth #131
  [41/192] A Rage In The Cage #132
  [42/192] The Great Escape Part 1 of 6 - Losing Control #133
  [43/192] The Great Escape Part 2 of 6 - Choice In The Matter #134
  [44/192] The Great Escape Part 3 of 6 - From Bad To Worse #135
  [45/192] The Great Escape Part 4 - Trust #136
  [46/192] The Great Escape Part 5 of 6 - Countdown To Destruction #137
  [47/192] The Great Escape Part 6 of 6 - Doomsday! #138
  [48/192] The Freaks Come Out At Night #139
  [49/192] Flying Wolves #14
  [50/192] Vengeance #140
  [51/192] Broken Dreams #141
  [52/192] Reunion! #142
  [53/192] Rebirth - Loose Ends #143
  [54/192] First Cut! #144
  [55/192] On the Edge of Darkness #145
  [56/192] Apocalypse: The Twelve Part 4 - Through A Dark Tunnel #146
  [57/192] Apocalypse: The Twelve Part 5 - Into The Light #147
  [58/192] Ages of Apocalypse - Same As It Never Was #148
  [59/192] Resurrection #149
  [60/192] Homecoming #15
  [61/192] Blood Debt #150
  [62/192] Blood Debt Part 2 #151
  [63/192] Blood Debt Part 3 #152
  [64/192] Blood Debt Conclusion! #153
  [65/192] All Along The Watchtower Part 1 #154
  [66/192] All Along The Watchtower Part 2 #155
  [67/192] Going Underground #156
  [68/192] Right Underneath It #157
  [69/192] Manhunt #158
  [70/192] The Best There Is Part 1 #159
  [71/192] Electric Warriors #16
  [72/192] The Best There Is Part 2 of 3 #160
  [73/192] The Best There Is Part 3 of 3 #161
  [74/192] The Hunted Part 1 #162
  [75/192] The Hunted Part 2 #163
  [76/192] The Hunted Part 3 #164
  [77/192] The Hunted Part 4 #165
  [78/192] The Hunted Conclusion #166
  [79/192] Bloodsport Part 1 Of 3 #167
  [80/192] Bloodsport Part 2 Of 3 #168
  [81/192] Bloodsport Part 3 Of 3 #169
  [82/192] Basics! #17
  [83/192] Stay Alive! Part 1 of 3 #170
  [84/192] Stay Alive! Part 2 of 3 #171
  [85/192] Stay Alive! Conclusion! #172
  [86/192] The Logan Files Part 1 of 3 #173
  [87/192] The Logan Files Part 2 of 3 #174
  [88/192] The Logan Files Conclusion - The Vom - A Good Man #175
  [89/192] The Logan Files Epilogue #176
  [90/192] The Shadow Pulpit Book 1 Of 2 #177
  [91/192] The Shadow Pulpit Book 2 Of 2 #178
  [92/192] Of Lesser Demons... #179
  [93/192] All At Sea #18
  [94/192] Everything's Zen #180
  [95/192] Chasers #181
  [96/192] Three Funerals And A Wedding #182
  [97/192] ...And Got Yourself A Gun; Restraining Order #183
  [98/192] When In Rome #184
  [99/192] Sleeping With The Fishes #185
  [100/192] See Ya Around, Frankie #186
  [101/192] Down The Road #187
  [102/192] Good Cop/Bad Cop Part One #188
  [103/192] Good Cop/Bad Cop Part Two #189
  [104/192] Heroes & Villains #19
  [105/192] Possession In The Law #2
  [106/192] Miracles #20
  [107/192] Battleground #21
  [108/192] Outburst! #22
  [109/192] Endings #23
  [110/192] Snow Blind #24
  [111/192] Heir Aid #25
  [112/192] Memory of Peace #26
  [113/192] The Lazarus Project Part 1 of 4 - Predators And Prey! #27
  [114/192] The Lazarus Project Part 2 of 4 - The Stranger #28
  [115/192] The Lazarus Project Part 3 of 4 - The Road Back #29
  [116/192] ...The Black Blade... #3
  [117/192] The Lazarus Project Part 4 of 4 - Family Matters #30
  [118/192] Killing Zone #31
  [119/192] Terminal Trauma #32
  [120/192] Grave Undertakings #33
  [121/192] The Hunter In Darkness #34
  [122/192] Blood And Claws! Part 1 of 3 - Blood, Sand and Claws! #35
  [123/192] Blood And Claws! Part 2 of 3 - ...It Tolls For Thee! #36
  [124/192] Blood And Claws! Part 3 of 3 - Fall Back & Spring Forward #37
  [125/192] See Venice & Die! #38
  [126/192] Deconstruction #39
  [127/192] Bloodsport #4
  [128/192] Reconstruction #40
  [129/192] Down In The Bottoms #41
  [130/192] Papa Was A Rolling Stone! #42
  [131/192] Under The Skin #43
  [132/192] Babes At Sea #44
  [133/192] Claws Over Times Square! #45
  [134/192] Home Is The Hunter... #46
  [135/192] Dog Day #47
  [136/192] Shiva Scenario Part 1 of 3 - Dreams Of Gore Phase One #48
  [137/192] Shiva Scenario Part 2 of 3 - Dreams Of Gore Phase 2 #49
  [138/192] Hunter's Moon! #5
  [139/192] Dreams of Gore, Phase 3 #50
  [140/192] The Crunch Conundrum Part 1 of 3 - Heartbreak Motel! #51
  [141/192] The Crunch Conundrum Part 2 of 3 - Citadel At The End Of Time #52
  [142/192] The Crunch Conundrum Part 3 of 3 - The Chimerical Mystery Tour! #53
  [143/192] Station Identification #54
  [144/192] Thirty Slashes Over Tokio - or "Sayonara Yellow Brick Road" #55
  [145/192] We Got Cylla, Can Mothra Be Far Behind? #56
  [146/192] Death In The Family! #57
  [147/192] Monkeywrenching! #58
  [148/192] Unnatural Resources #59
  [149/192] Roughouse! #6
  [150/192] Counting Coup #60
  [151/192] Nightmare Quest! #61
  [152/192] Reunion! #62
  [153/192] Bastions Of Glory! #63
  [154/192] What Goes Around... #64
  [155/192] State Of Grace! #65
  [156/192] Prophecy #66
  [157/192] Valley O' Death! #67
  [158/192] Epsilon Red #68
  [159/192] Induction In The Savage Land! #69
  [160/192] Mr. Fixit Comes To Town #7
  [161/192] Tooth And Nail #70
  [162/192] Triassic Park #71
  [163/192] Sleeping Giant #72
  [164/192] The Formicary Mound! #73
  [165/192] Jubilee's Revenge #74
  [166/192] Fatal Attractions Part 5: Nightmares Persist #75
  [167/192] Northern Dreams #76
  [168/192] The Lady Strikes #77
  [169/192] Deathstalk - A Test Of Mettle #78
  [170/192] Cyber! Cyber! Burning Bright! #79
  [171/192] If It Ain't Broke..! #8
  [172/192] ...In The Forest Of The Night! #80
  [173/192] Storm Warning! #81
  [174/192] Omnia Mutantur (Everything Changes) #82
  [175/192] Cold Comfort #83
  [176/192] Things That Go Bump in the Night! #84
  [177/192] Final Sanction Part 1 #85
  [178/192] Claws Along The Mohawk #86
  [179/192] Shodown in Lowtown! #87
  [180/192] It's D-D-Deadpool Folks! #88
  [181/192] The Mask Of Ogun #89
  [182/192] Promises To Keep #9
  [183/192] The Dying Game #90
  [184/192] Path Of Stones, Wood Of Thorns #91
  [185/192] A Northern Exposure #92
  [186/192] Tavern In The Town #93
  [187/192] The Lurker In The Machine #94
  [188/192] Manhattan Rhapsody #95
  [189/192] Campfire Tales #96
  [190/192] ...Bump In The Night #97
  [191/192] Fade To Black #98
  [192/192] Mythic Of Metal Forged #99

=== Processing volume: Wolverine (Marvel) ===
  matched volume: Wolverine | id: 10809 | publisher: Marvel | issue count: None
  fetched 75 issues
  [1/75] Brotherhood, Part I #1
  [2/75] Coyote Crossing. Part 4 #10
  [3/75] Coyote Crossing. Part 5 #11
  [4/75] Dreams #12
  [5/75] Return of the Native, Part 1 #13
  [6/75] Return Of The Native, Part 2 #14
  [7/75] Return Of The Native, Part 3 #15
  [8/75] Return Of The Native, Part 4 #16
  [9/75] Return Of The Native, Part 5 #17
  [10/75] Return Of The Native, Part 6 #18
  [11/75] Return Of The Native, Part 7 #19
  [12/75] Brotherhood, Part II #2
  [13/75] Enemy Of The State, Part 1 #20
  [14/75] Enemy Of The State, Part 2 #21
  [15/75] Enemy Of The State, Part 3 #22
  [16/75] Enemy Of The State, Part 4 #23
  [17/75] Enemy Of The State, Part 5 #24
  [18/75] Enemy Of The State, Part 6 #25
  [19/75] Agent Of S.H.I.E.L.D., Part 1 #26
  [20/75] Agent of S.H.I.E.L.D., Part 2 #27
  [21/75] Agent Of S.H.I.E.L.D., Part 3 #28
  [22/75] Agent Of S.H.I.E.L.D., Part 4 #29
  [23/75] Brotherhood, Part III #3
  [24/75] Agent Of S.H.I.E.L.D., Part 5 #30
  [25/75] Agent Of S.H.I.E.L.D., Part 6 #31
  [26/75] Prisoner Number Zero #32
  [27/75] Chasing Ghosts, Part 1 #33
  [28/75] Chasing Ghosts, Part 2 #34
  [29/75] Chasing Ghosts, Conclusion #35
  [30/75] Origins & Endings, Pt. 1 #36
  [31/75] Origins & Endings, Pt. 2 #37
  [32/75] Origins & Endings, Pt. 3 #38
  [33/75] Origins & Endings, Pt. 4 #39
  [34/75] Brotherhood, Part IV #4
  [35/75] Origins & Endings, Pt. 5 #40
  [36/75] The Package #41
  [37/75] Vendetta #42
  [38/75] Revenge #43
  [39/75] Justice #44
  [40/75] Vengeance #45
  [41/75] Payback #46
  [42/75] Payback #47
  [43/75] Vendetta Epilogue - Knocking On Heaven's Door #48
  [44/75] Better To Give... #49
  [45/75] Brotherhood, Part V #5
  [46/75] First Blood / Puny Little Man #50
  [47/75] Déjà Vu #51
  [48/75] Blood on the Wind #52
  [49/75] Insomnia #53
  [50/75] Wake the Dead #54
  [51/75] Quod Sum Eris #55
  [52/75] The Man in the Pit #56
  [53/75] Logan Dies, Part 1 #57
  [54/75] Logan Dies, Part 2: Curaetar #58
  [55/75] Logan Dies, Part 3 #59
  [56/75] The Box #6
  [57/75] Logan Dies, Part 4 #60
  [58/75] Logan Dies, Part 5 #61
  [59/75] Get Mystique!: Part 1 #62
  [60/75] Get Mystique!: Part 2 #63
  [61/75] Get Mystique!: Part 3 #64
  [62/75] Get Mystique!: Conclusion #65
  [63/75] Old Man Logan, Part 1 #66
  [64/75] Old Man Logan: Part 2 #67
  [65/75] Old Man Logan, Part 3 #68
  [66/75] Old Man Logan, Part 4 #69
  [67/75] Coyote Crossing. Part 1 #7
  [68/75] Old Man Logan, Part 5 #70
  [69/75] Old Man Logan, Part 6 #71
  [70/75] Old Man Logan, Part 7 #72
  [71/75] A Mile In My Moccasins, Part 1 / One-Percenter, Part 1 #73
  [72/75] A Mile In My Moccasins Part 2; One-Percenter Part 2 #74
  [73/75] Coyote Crossing. Part 2 #8
  [74/75] Coyote Crossing. Part 3 #9
  [75/75] The Curse Of The Yellow Claw; Desperate Measures; One Night Only; Worst There Is; Birthday Boy; Puny Little Man; Hunger #900

=== Processing volume: Wolverine (Marvel) ===
  matched volume: Wolverine | id: 125121 | publisher: Marvel | issue count: None
  fetched 50 issues
  [1/50] The Flower Cartel; Catacombs #1
  [2/50] Mercenaries #10
  [3/50] A Confusion of Monsters #11
  [4/50] Penumbra #12
  [5/50] What They Did In the Shadows #13
  [6/50] The Unusual Suspects #14
  [7/50] Deceiver #15
  [8/50] Ill-Gotten Gains #16
  [9/50] Message In A Bottle #17
  [10/50] Auction of Secrets #18
  [11/50] The Old Mutant and the Sea #19
  [12/50] Your Own Worst Enemy #2
  [13/50] Trigger Warning #20
  [14/50] Glory Daze #21
  [15/50] Bad Gamble #22
  [16/50] Old Haunts #23
  [17/50] Hell to Pay #24
  [18/50] Hell to Pay Part 2; Bar Brawl #25
  [19/50] The Beast Agenda: The Off Days #26
  [20/50] The Beast Agenda: Skulls #27
  [21/50] The Beast Agenda: Savage #28
  [22/50] The Beast Agenda: Mind Garden #29
  [23/50] You Didn't See Nothing #3
  [24/50] The Beast Agenda: Beast Must Die #30
  [25/50] Weapons of X Part One #31
  [26/50] Weapons of X Part Two #32
  [27/50] Weapons of X Part Three; Daggers And Claws #33
  [28/50] Weapons of X, Part Four  #34
  [29/50] Weapons of X, Part Five #35
  [30/50] Part 3: Possessions #36
  [31/50] Last Mutant Standing: Part One #37
  [32/50] Last Mutant Standing: Part Two #38
  [33/50] Last Mutant Standing: Part Three #39
  [34/50] The Red Tavern #4
  [35/50] Last Mutant Standing: Part Four #40
  [36/50] Sabretooth War, Part 1 #41
  [37/50] Sabretooth War, Part 2 #42
  [38/50] Sabretooth War, Part 3 #43
  [39/50] Sabretooth War, Part 4 #44
  [40/50] Sabretooth War, Part 5: X Marks the Spot #45
  [41/50] Sabretooth War, Part 6: Bad Memories #46
  [42/50] Sabretooth War, Part 7: Bad Seed #47
  [43/50] Sabretooth War, Part 8: Alone Together #48
  [44/50] Sabretooth War, Part 9: Berserker #49
  [45/50] Bloodclocks #5
  [46/50] Sabretooth War, Part 10: Coup de Grâce; Mutants On the Edge of Town; Endless #50
  [47/50] X of Swords, Chapter 3 #6
  [48/50] X of Swords, Chapter 16 #7
  [49/50] The Past Ain't Dead; Prologue: War Stories #8
  [50/50] Bidding War #9

=== Processing volume: Cable (Marvel) ===
  matched volume: Cable | id: 4993 | publisher: Marvel | issue count: None
  fetched 108 issues
  [1/108] The Devil's Herald! #-1
  [2/108] Rocks and Waves #1
  [3/108] The Killing Field, Part 2: Like Lambs to the Slaughter... #10
  [4/108] "C" #100
  [5/108] How Many Albamans Does it Take to Screw in a Lightbulb? #101
  [6/108] Oops, I Did it Again! #102
  [7/108] Victor, Victoria #103
  [8/108] No More Cloning Around #104
  [9/108] the Sound of the Arena #105
  [10/108] How to find an A-Bomb #106
  [11/108] Out with the Olo #107
  [12/108] The Killing Field, Part 3: Divide and Conquer #11
  [13/108] Fear and Loathing, Part 1: The Quick and the Dead #12
  [14/108] Fear and Loathing, Part 2: A Kiss Before Dying! #13
  [15/108] Fear and Loathing, Part 3: Behold the Son of the Goblin Queen #14
  [16/108] Shadows #15
  [17/108] The Phalanx Sanction #16
  [18/108] The Dark Ride Part 1: The Calling #17
  [19/108] The Dark Ride Part 2: Judgement Day #18
  [20/108] The Dark Ride Part 3: In The Name of the Father #19
  [21/108] Mired In Destiny #2
  [22/108] An Hour of Last Things #20
  [23/108] "...Our Regularly Scheduled Program..." #21
  [24/108] Sanctuary #22
  [25/108] Family Secrets #23
  [26/108] Lost Souls #24
  [27/108] "What Was... What Is..." #25
  [28/108] The Long Way Home #26
  [29/108] Rebels #27
  [30/108] Tick...Tick...Tick! #28
  [31/108] Man in the Mirror #29
  [32/108] Twenty Questions #3
  [33/108] For Every Action... #30
  [34/108] There is a Reaction! #31
  [35/108] Venting #32
  [36/108] Never Is A Very Short Time #33
  [37/108] Onslaught Phase 1: Loose Cannons #34
  [38/108] It Is Always Darkest... #35
  [39/108] The Gift #36
  [40/108] True Lies #37
  [41/108] In Perspective #38
  [42/108] All Things Great and Small #39
  [43/108] A Leader Among Men #4
  [44/108] Into the Dark #40
  [45/108] The Depths of Time #41
  [46/108] Tolerance #42
  [47/108] Broken Soldiers #43
  [48/108] Sins Of The Mother #44
  [49/108] Moving Target Part One: No Escape #45
  [50/108] Moving Target Part Two: Siege #46
  [51/108] Moving Target Part Three: Man to Man #47
  [52/108] The Hellfire Hunt Part 1-Dirty Secrets #48
  [53/108] The Hellfire Hunt Part 2-Weary Knights & Shabby Paladins #49
  [54/108] Sincerely Yours, Sincerely Mine #5
  [55/108] The Hellfire Hunt, Part 3: And He Shall Be Called... Man! #50
  [56/108] The Hellfire Hunt, Part 4: Faith and Deception #51
  [57/108] The Hellfire Hunt, Part 5: Beyond Belief #52
  [58/108] The Hellfire Hunt, Part 6: Beautiful Friend #53
  [59/108] Jungle Action #54
  [60/108] Wiser Times #55
  [61/108] Bloodrite #56
  [62/108] Momentarys Lapse #57
  [63/108] Lest They Shed Blood In His Name! #58
  [64/108] The Nemesis Contract Part 1: The Wrath of Zzzax! #59
  [65/108] Fathers and Sons, Act One: Sunset Breaks #6
  [66/108] The Nemesis Contract Part 2: Introducing Agent 18 #60
  [67/108] The Nemesis Contract Part 3: Captive Audience #61
  [68/108] The Nemesis Contract Part 4: Strange Agencies #62
  [69/108] Blood Brothers Part 2: Illusions of Doom #63
    image upload failed: Storage upload failed: 400 <html>
<head><title>400 Bad Request</title></head>
<body>
<center><h1>400 Bad Request</h1></center>
</body>
</html>

  [70/108] 'Twas the Night Before Dying #64
  [71/108] Acid Bath #65
  [72/108] Sign of The End Times Part 1: Death From Above #66
  [73/108] Sign of the End Times Part 2: God's Fingerprints #67
  [74/108] Sign of the End Times Part 3- Faraway, So Close #68
  [75/108] Millennium Storm Warning #69
  [76/108] Fathers and Sons, Act Two: Illuminated Knights #7
  [77/108] The Ballad of Karmil Retribution #70
  [78/108] Dreams, Nightmares & Prophecies #71
  [79/108] Broken Pillars #72
  [80/108] Pestilence #73
  [81/108] Mind Games #74
  [82/108] Apocalypse: The Twelve Part 1 - "Who is Worthy to Break the Seals...?" #75
  [83/108] Apocalypse: The Twelve Part 7 - In My Eyes #76
  [84/108] The Ages of Apocalypse: False Hoods #77
  [85/108] I Still Believe I Cannot Be Saved #78
  [86/108] Revolution - Fire Burn #79
  [87/108] Fathers and Sons, Part Three: Dayspring #8
  [88/108] Cauldron Bubble #80
  [89/108] The Nexus of Time and Space #81
  [90/108] Irene Must Die!! #82
  [91/108] Reality Trembles #83
  [92/108] Out of Space and Time #84
  [93/108] Undertow #85
  [94/108] Last Man Standing #86
  [95/108] Dream's End: Part 2 "Life Decisions" #87
  [96/108] Earth Abides #88
  [97/108] Dark Tide Rising #89
  [98/108] The Killing Field, Part 1: In Humanity #9
  [99/108] Hearts of Darkness #90
  [100/108] The Fifth Power #91
  [101/108] Orchestral Movements In The Dark #92
  [102/108] Countdown Part 1- Walk A Mile In My Shoes #93
  [103/108] Countdown Part 2- Amageddon Approaches #94
  [104/108] Countdown Part 3 - Eternity Waits #95
  [105/108] I Was Born Ten Thousand Years Ago #96
  [106/108] The Path Most Resistance #97
  [107/108] Como Esta, Usted? #98
  [108/108] The Seven Percent Soulution #99

=== Processing volume: Deadpool (Marvel) ===
  matched volume: Deadpool | id: 6000 | publisher: Marvel | issue count: None
  fetched 71 issues
  [1/71] Paradigm Lost #-1
  [2/71] You Only Die Twice #0
  [3/71] Hey, It's Deadpool! or Deadpool #1
  [4/71] Road-Trip Roulette! #10
  [5/71] With Great Power Comes Great Coincidence #11
  [6/71] Drowning Man Part 1 or Things to Do in Iowa When You're Deadpool #12
  [7/71] The Drowning Man Part 2 or I Left My Life in San Francisco #13
  [8/71] In Absentia #14
  [9/71] New Year's Evolutions or How to Get Ahead in Business Without Really Trying #15
  [10/71] Win, Lose, or Draw Blood #16
  [11/71] You Want Me to Do What?! #17
  [12/71] Payback Part One: Karmic Relief #18
  [13/71] Payback Part Two: The Quick and the Dead #19
  [14/71] Operation: Rescue Weasel! or That Wacky Doctor's Game! #2
  [15/71] Justice Order & Luck or...Skinless Drooler's Day Off! #20
  [16/71] Dead Reckoning: Smells Like Prologue #21
  [17/71] Dead Reckoning: Minus One Month & Counting: Great Men #22
  [18/71] Dead Reckoning Part 1 #23
  [19/71] Dead Reckoning Part 2: 2nd Stringers & Dead Ringers #24
  [20/71] Dead Reckoning Part 3: What the World Needs Now #25
  [21/71] Our second most confusing story yet after issue #6 (we would have said #9, but that was just bad, not confusing), or: Mouthful of Malice, Head Full of Cheese #26
  [22/71] Look! It's Wolverine! #27
  [23/71] I Can't Place the Name, but the Face Rings a Southern Belle #28
  [24/71] Take My Wife...PLEASE! or cock-a-voodle-doo #29
  [25/71] Stumped! Or...This Little Piggy Went...Hey! Where's the Piggy?! #3
  [26/71] Truth and Lies #30
  [27/71] Sploorch! or, The Beginning of the End #31
  [28/71] I'm Not So Me as You Think I Am, or, The Middle of the End #32
  [29/71] The End of the End or Happy Entrails To You #33
  [30/71] Sending In The Clowns: Chapter X Verse One #34
  [31/71] Sending in the Clowns: Chapter X Verse Two #35
  [32/71] Sending in the Clowns: Chapter X Verse Three #36
  [33/71] Chapter X: Benediction, part four of a three-part series! #37
  [34/71] Johnny Handsome - scene one #38
  [35/71] Johnny Handsome - scene two #39
  [36/71] Why Is It, to Save Me, I Must Kill You? #4
  [37/71] Warriors Four! #40
  [38/71] FRAG! Or: Why Lucas won't release SW on DVD is beyond us! #41
  [39/71] Silent but Deadly interlude #42
  [40/71] The Menaced Phantom or Deadpool's Last, We Swear, Cosmic Adventure! #43
  [41/71] Cat Trap (Or: "Wakanda Merc Are You?") #44
  [42/71] Johnny Handsome bites the dust (or: "If this slip be pink...!") #45
  [43/71] Cruel Summer (part 1 of 3) #46
  [44/71] Cruel Summer (part 2 of 3) #47
  [45/71] Cruel Summer (part 3 of 3) #48
  [46/71] Cat Magnet #49
  [47/71] The Doctor Is Skinned! or The End Of Our First Story Arc #5
  [48/71] The Promise #50
  [49/71] The Promise part two of two #51
  [50/71] Talk of the Town #52
  [51/71] Talk of the Town part 2 of 2 #53
  [52/71] End of the Road #54
  [53/71] End of the Road part: 2 #55
  [54/71] Going out with a Bang! #56
  [55/71] Facelift #57
  [56/71] Makeover #58
  [57/71] Intensive Care #59
  [58/71] Man, Check Out the Head on That Chick! #6
  [59/71] Flatline #60
  [60/71] Funeral For A Freak - part 1 #61
  [61/71] Funeral For A Freak - part 2: Reign of the Deadpools #62
  [62/71] Funeral For A Freak - part 3: Showtime! #63
  [63/71] Funeral For A Freak - part 4: Deadpoolalooza! #64
  [64/71] Healing Factor - prologue #65
  [65/71] Healing Factor - chapter 1: I Forget #66
  [66/71] Healing Factor - chapter 2: Buddy Picture #67
  [67/71] Healing Factor - chapter 3: Headbanger's Ball #68
  [68/71] Healing Factor - chapter 4: Finale #69
  [69/71] Typhoid...It Ain't Just fer Cattle Any More or Head Trips or Head Jobs #7
  [70/71] We Don't Need Another Hero... #8
  [71/71] Ssshhhhhhhhhh! or Heroes Reburned #9

=== Processing volume: Deadpool (Marvel) ===
  matched volume: Deadpool | id: 22955 | publisher: Marvel | issue count: None
  fetched 67 issues
  [1/67] One of Us, Part 1: One of Us #1
  [2/67] Bullseye, Part 1: The Shaft #10
  [3/67] Luck Be a Lady; The Maltese Bunny; Appetite For Destruction; Silentest Night; A Day in the Life; Today I am Da Man; No Longer in a Relationship; Canada, Man!; Mouth of the Border; Too Many Deadpools; Nightmare on Elm-Tree #1000
  [4/67] Bullseye, Part 2: Let The Healing Begin #11
  [5/67] Bullseye, Part 3: Knocking Over The Candy Store #12
  [6/67] Wave of Mutilation, Part 1: Profiteerin' L.A.M.F. #13
  [7/67] Wave of Mutilation, Part 2: Surrender the Booty #14
  [8/67] Want You To Want Me: Part 1: The Complete Idiot's Guide to Metaphors #15
  [9/67] Want You To Want Me: Part 2: No Man is an Island #16
  [10/67] Want You To Want Me: Part 3: The Revolution Will Be Televised #17
  [11/67] Want You To Want Me: Part 4: You Have the Right Not To Be Killed #18
  [12/67] Whatever A Spider Can, Part One #19
  [13/67] One of Us Part 2: One of Them #2
  [14/67] Whatever A Spider Can, Part Two #20
  [15/67] Whatever A Spider Can, Part Three #21
  [16/67] Do Idiots Dream of Electric Stupidity? #22
  [17/67] Tricky, Part One: Here Comes a New Shooter #23
  [18/67] Tricky, Part Two: The Big Blind #24
  [19/67] Tricky, Part 3 #25
  [20/67] Sinner-Sinner, Chicken Dinner #26
  [21/67] I'm Your Man Part 1 #27
  [22/67] I'm Your Man Part 2 #28
  [23/67] I'm Your Man Conclusion #29
  [24/67] One Of Us, Part Three: The Last Refuge Of A Scoundrel #3
  [25/67] I Rule, You Suck #30
  [26/67] I Rule, You Suck Part 2 #31
  [27/67] Badass #32
  [28/67] Space Oddity, Part 1: Moonstruck #33
  [29/67] The Price Is Right #33.1
  [30/67] Space Oddity, Part Two: Weight Of The World #34
  [31/67] The Big Bang Space Oddity Conclusion #35
  [32/67] Homecoming! #36
  [33/67] Operation: Annihilation Part One: Journada Del Muerto #37
  [34/67] Operation: Annihilation Part Two: Clear and Present Anger #38
  [35/67] Operation: Annihilation Part Three: Women & Children First #39
  [36/67] Horror Business, Part One: Gross Misconduct #4
  [37/67] Institutionalized Part One #40
  [38/67] Institutionalized Part Two #41
  [39/67] Institutionalized, Part Three #42
  [40/67] You Complete Me, Part 1 #43
  [41/67] You Complete Me (Conclusion) #44
  [42/67] Evil Deadpool Part One: Hello Mr. Fancy-Pants #45
  [43/67] Evil Deadpool Part Two: Come Get Some #46
  [44/67] Evil Deadpool, Part 3: You're Going Down #47
  [45/67] Evil Deadpool, Part Four: Just Me, Baby #48
  [46/67] Evil Deadpool, Conclusion: Hail to the King, Baby #49
  [47/67] Deadpool: The Musical #49.1
  [48/67] Horror Business, Part Two: Raw Deal #5
  [49/67] Dead, Part One #50
  [50/67] Dead, Part Two #51
  [51/67] Dead, Part Three #52
  [52/67] Dead, Part Four #53
  [53/67] Dead, Pt. 5 #54
  [54/67] Deadpool Reborn, Part 1: Bright Bright Sunshiny Day #55
  [55/67] Deadpool Reborn, Part 2: Master of My Own Domain #56
  [56/67] Deadpool Reborn, Part 3: Get Your Swagger On #57
  [57/67] Blacklisted, Part 1 #58
  [58/67] Blacklisted, Part 2 #59
  [59/67] How Low Can You Go?, Part 1: Dead In The Water #6
  [60/67] Blacklisted, Conclusion #60
  [61/67] The Salted Earth, Part One: Innocent of Nothing #61
  [62/67] The Salted Earth, Part Two: More Than Words #62
  [63/67] The Salted Earth, Part Three: Conclusion #63
  [64/67] How Low Can You Go, Part II: What About Bob? #7
  [65/67] All Your Base Are Belong to Us #8
  [66/67] Hard to Get #9
  [67/67] 900th commemorative issue! #900

=== Processing volume: Deadpool (Marvel) ===
  matched volume: Deadpool | id: 53726 | publisher: Marvel | issue count: None
  fetched 45 issues
  [1/45] In Wade We Trust #1
  [2/45] Eight Legs to Kick You #10
  [3/45] Dare to Be Deviled #11
  [4/45] Damned If You Win, Damned If You Lose #12
  [5/45] Deadpool, Power Man and Iron Fist #13
  [6/45] The White Man Cometh! #14
  [7/45] The Good, the Bad, & the Ugly: Part One #15
  [8/45] The Good, the Bad, & the Ugly: Part Two #16
  [9/45] The Good, the Bad, & the Ugly: Part Three #17
  [10/45] The Good, the Bad & the Ugly: Part Four #18
  [11/45] The Good, the Bad & the Ugly: Part Five #19
  [12/45] We Fought a Zoo #2
  [13/45] Wakandan Vacation! #20
  [14/45] Deadpool vs. S.H.I.E.L.D. Part 1 #21
  [15/45] Deadpool vs. S.H.I.E.L.D. Part 2 #22
  [16/45] Deadpool vs. S.H.I.E.L.D. Part 3 #23
  [17/45] Deadpool vs. S.H.I.E.L.D. Part 4 #24
  [18/45] .NOW Deadpool vs. S.H.I.E.L.D. Part 5.NOW #25
  [19/45] Death Comes To Tinseltown (or The Last Hitler) #26
  [20/45] The Wedding of Deadpool; Operation Ballerina Drop; #$%@-faced in Vegas; With This Hand, I Thee Wed; Continuity Spontinuity; The Niagara Bride; Fanged; Quickie; So Deadpool Walks Into a Bar...; Eulogy for a Winkie; There Will Be No Honeymoon; Savage Land: #27
  [21/45] Honeymoon in Tokyo #28
  [22/45] The Honeymoon is Over #29
  [23/45] Dr. Strange Lives (Or How I Learned Deadpool Was Da Bomb) #3
  [24/45] The Brave and the Blonde #30
  [25/45] My Robot Buddy #31
  [26/45] Daddy/Daughter Day #32
  [27/45] Out the Window #33
  [28/45] The One With the Super-Rare 3-D Cover! #34
  [29/45] When Cometh the Deadpool-Spider-Slayer #35
  [30/45] Oh His Axis #36
  [31/45] Guess Who's Bumming At Dinner? #37
  [32/45] A Friend In Need... #38
  [33/45] A Friend Indeed... #39
  [34/45] The Quick and the Dead and the Really Dead #4
  [35/45] Roxxon & Deadpool present the Magic of Gracking #40
  [36/45] Wade's No Good, Horrible, Very Bad Day #41
  [37/45] Sand and Deliver #42
  [38/45] After Mash #43
  [39/45] Soul Coffin #44
  [40/45] The Aristocrats; Shiklah's Catching Up; The Family S.H.I.E.L.D.; What Do We Want? Apocalypse! When Do We Want It? Now!; The Twhipster and the Quipster Battle the Hipsters!; All About the Benjamins; Parents: The Meeting #45
  [41/45] Star Wars: Revenge of the Gipper #5
  [42/45] National Maul #6
  [43/45] Drinking Game #7
  [44/45] Running with the Devil #8
  [45/45] The Devil & the Deep Blue Sea #9

=== Processing volume: House of X (Marvel) ===
  matched volume: House of X | id: 120309 | publisher: Marvel | issue count: None
  fetched 6 issues
  [1/6] The House That Xavier Built #1
  [2/6] The Uncanny Life of Moira X #2
  [3/6] Once More Unto the Breach #3
  [4/6] It Will Be Done #4
  [5/6] Society #5
  [6/6] I Am Not Ashamed #6

=== Processing volume: Powers of X (Marvel) ===
  matched volume: Powers of X | id: 120407 | publisher: Marvel | issue count: None
  fetched 6 issues
  [1/6] The Last Dream of Professor X #1
  [2/6] We Are Together Now, You and I #2
  [3/6] This Is What You Do #3
  [4/6] Something Sinister #4
  [5/6] For the Children #5
  [6/6] House of X #6

=== Processing volume: The Avengers (Marvel) ===
  matched volume: The Avengers | id: 2128 | publisher: Marvel | issue count: None
  fetched 403 issues
  [1/403] The Coming of the Avengers #1
  [2/403] The Avengers Break Up #10
  [3/403] Whatever Gods There Be #100
  [4/403] Five Dooms To Save Tomorrow #101
  [5/403] What To Do Till The Sentinels Come! #102
  [6/403] The Sentinels Are Alive And Well! #103
  [7/403] With A Bang - - And A Whimper! #104
  [8/403] In The Beginning Was... The World Within! #105
  [9/403] A Traitor Stalks Among Us! #106
  [10/403] The Master Plan Of The Space Phantom! #107
  [11/403] Check - - And Mate! #108
  [12/403] The Measure Of A Man! #109
  [13/403] The Mighty Avengers Meet Spider-Man #11
  [14/403] The Death-Trap of Doctor Doom #1½
  [15/403] ...And Now Magneto! #110
  [16/403] With Two Beside Them #111
  [17/403] The Lion God Lives! #112
  [18/403] Your Young Men Shall Slay Visions #113
  [19/403] Night of the Swordsman #114
  [20/403] Below Us The Battle! #115
  [21/403] Betrayal #116
  [22/403] Holocaust #117
  [23/403] To The Death! #118
  [24/403] Night of the Collector #119
  [25/403] This Hostage Earth #12
  [26/403] Death-Stars Of The Zodiac! #120
  [27/403] Houses Divided Cannot Stand! #121
  [28/403] Trapped in Outer Space #122
  [29/403] Vengeance In Vietnam! or An Origin For Mantis! #123
  [30/403] Beware The Star-Stalker! #124
  [31/403] The Power of Babel #125
  [32/403] All The Sounds And Sights Of Death! #126
  [33/403] Bride and Doom #127
  [34/403] Bewitched, Bothered, and Dead #128
  [35/403] Bid Tomorrow Goodbye! #129
  [36/403] The Castle of Count Nefaria #13
  [37/403] The Reality Problem! #130
  [38/403] A Quiet Half-Hour in Saigon! #131
  [39/403] Kang War II #132
  [40/403] Secret of the Hooded One #133
  [41/403] The Times That Bind! #134
  [42/403] The Torch is Passed! #135
  [43/403] Iron Man : D. O. A. #136
  [44/403] We Do Seek Out New Avengers #137
  [45/403] Stranger in a Strange Man #138
  [46/403] Prescription: Violence #139
  [47/403] Even Avengers Can Die #14
  [48/403] Journey to the Center of the Ant #140
  [49/403] The Phantom Empire! #141
  [50/403] Go West, Young Gods! #142
  [51/403] Right Between the Eons! #143
  [52/403] Claws! #144
  [53/403] The Taking Of The Avengers! #145
  [54/403] The Assassin Never Fails! #146
  [55/403] Crisis On Other-Earth #147
  [56/403] 20,000 Leagues Under Justice! #148
  [57/403] The Gods And The Gang! #149
  [58/403] Now, By My Hand, Shall Die a Villain #15
  [59/403] Avengers Assemble! #150
  [60/403] At Last: The Decision! #151
  [61/403] Nightmare In New Orleans! #152
  [62/403] Home Is The Hero! #153
  [63/403] "When Strikes Attuma?" #154
  [64/403] To Stand Alone! #155
  [65/403] The Private War of Doctor Doom! #156
  [66/403] A Ghost of Stone! #157
  [67/403] When Avengers Clash!! #158
  [68/403] Siege By Stealth and Storm! #159
  [69/403] The Old Order Changeth #16
  [70/403] ...The Trial! #160
  [71/403] Beware The Ant-Man! #161
  [72/403] The Bride of Ultron! #162
  [73/403] The Demi-God Must Die! #163
  [74/403] To Fall By Treachery #164
  [75/403] Hammer of Vengeance! #165
  [76/403] Day Of The Godslayer! #166
  [77/403] Tomorrow Dies Today! #167
  [78/403] First Blood! #168
  [79/403] If We Should Fail--The World Dies Tonight #169
  [80/403] Four Against the Minotaur #17
  [81/403] ..."Though Hell Should Bar the Way!" #170
  [82/403] "...Where Angels Fear To Tread" #171
  [83/403] Holocaust In New York Harbor! #172
  [84/403] Threshold Of Oblivion! #173
  [85/403] Captives Of The Collector! #174
  [86/403] The End...And Beginning! #175
  [87/403] The Destiny Hunt! #176
  [88/403] The Hope...And the Slaughter! #177
  [89/403] The Martyr Perplex! #178
  [90/403] Slowly Slays the Stinger! #179
  [91/403] When the Commissar Commands! #18
  [92/403] Berserkers' Holiday #180
  [93/403] On The Matter Of Heroes! #181
  [94/403] Honor Thy Father #182
  [95/403] The Redoubtable Return Of Crusher Creel! #183
  [96/403] Death On The Hudson! #184
  [97/403] The Yesterday Quest! #185
  [98/403] Nights Of Wundagore! #186
  [99/403] The Call Of The Mountain Thing! #187
  [100/403] Elementary, Dear Avengers #188
  [101/403] Wings and Arrows! #189
  [102/403] The Coming of the Swordsman #19
  [103/403] Heart Of Stone #190
  [104/403] Back To The Stone Age! #191
  [105/403] Steel City Nightmare! #192
  [106/403] Battleground: Pittsburgh! #193
  [107/403] Interlude #194
  [108/403] Assault On A Mind Cage! #195
  [109/403] The Terrible Toll Of The Taskmaster #196
  [110/403] Prelude Of The War-Devil! #197
  [111/403] Better Red Than Ronin! #198
  [112/403] Last Stand On Long Island #199
  [113/403] The Avengers Battle the Space Phantom #2
  [114/403] Vengeance is Ours #20
  [115/403] The Child Is Father To...? #200
  [116/403] The Evil Reborn / Bully! #201
  [117/403] This Evil Undying #202
  [118/403] Night Of The Crawlers #203
  [119/403] Claws Across The Water! #204
  [120/403] Shadow Of The Claw! #205
  [121/403] Fire In The Streets! #206
  [122/403] Beyond A Shadow... #207
  [123/403] Eve Of Destruction! #208
  [124/403] The Resurrection Stone #209
  [125/403] The Bitter Taste of Defeat #21
  [126/403] You Don't Need the Weathermen to Know Which Way the Wind Blows! #210
  [127/403] ,,,By Force Of Mind! #211
  [128/403] Men Of Deadly Pride! #212
  [129/403] Court-Martial #213
  [130/403] Three Angels Fallen! #214
  [131/403] All The Ways Of Power! #215
  [132/403] ...To Avenge The Avengers! #216
  [133/403] Double-Cross! #217
  [134/403] Born Again (And Again and Again...) #218
  [135/403] ...By Divine Right! #219
  [136/403] The Road Back #22
  [137/403] War Against The Gods! #220
  [138/403] ...New Blood! #221
  [139/403] A Gathering of Evil #222
  [140/403] Of Robin Hoods and Roustabouts #223
  [141/403] Two From the Heart #224
  [142/403] The Fall of Avalon #225
  [143/403] An Eye For An Eye #226
  [144/403] Testing...1...2...3! #227
  [145/403] Trial and Error #228
  [146/403] Final Curtain! #229
  [147/403] Once an Avenger #23
  [148/403] The Last Farewell #230
  [149/403] Up from the Depths! #231
  [150/403] And now...Starfox! #232
  [151/403] The Annihilation Gambit! #233
  [152/403] The Witch's Tale #234
  [153/403] Havoc on the Homefront! #235
  [154/403] I Want to be a Avenger! #236
  [155/403] Meltdowns and Mayhem #237
  [156/403] Unlimited Vision! #238
  [157/403] Late Night of the Super-Stars #239
  [158/403] From the Ashes of Defeat #24
  [159/403] The Ghost of Jessica Drew! #240
  [160/403] Dark Angel! #241
  [161/403] Easy Come...Easy Go! #242
  [162/403] Chain of Command #243
  [163/403] And the Rocket's Red Glare #244
  [164/403] Bombshells! #245
  [165/403] Gatherings #246
  [166/403] The Ties that Bind #247
  [167/403] To Save the Eternals! #248
  [168/403] The Snows of Summer #249
  [169/403] Enter...Dr. Doom! #25
  [170/403] World Power! #250
  [171/403] Deceptions! #251
  [172/403] Deciding Factor! #252
  [173/403] Conquering Vision #253
  [174/403] Absolute Vision #254
  [175/403] The Legacy of Thanos! #255
  [176/403] This Power Unleashed! #256
  [177/403] Holocaust in a Hidden Land #257
  [178/403] Pyrrhic Victory! #258
  [179/403] Duty Over All #259
  [180/403] The Voice of The Wasp #26
  [181/403] Assault on Sanctuary II #260
  [182/403] Earth and Beyond! #261
  [183/403] "Many Brave Hearts..." #262
  [184/403] What Lurks Below? #263
  [185/403] Stings & Sorrows! #264
  [186/403] Eve of Destruction #265
  [187/403] "...and the War's Desolation!" #266
  [188/403] Time--and Time Again #267
  [189/403] The Kang Dynasty #268
  [190/403] The Once and Future Kang! #269
  [191/403] Four Against the Floodtide #27
  [192/403] Wild in the Streets! #270
  [193/403] Breakaway! #271
  [194/403] Assault on Atlantis #272
  [195/403] Rites of Conquest! #273
  [196/403] Divided...We Fall! #274
  [197/403] Even a God Can Die #275
  [198/403] Revenge #276
  [199/403] The Price of Victory #277
  [200/403] Pressure #278
  [201/403] Command Decision #279
  [202/403] Among Us Walks... a Goliath #28
  [203/403] Faithful Servant #280
  [204/403] By Gods Betrayed! #281
  [205/403] Captives #282
  [206/403] "Whom the Gods would Destroy!" #283
  [207/403] Battleground: Olympus #284
  [208/403] Twilight of the Gods! #285
  [209/403] The Fix is On! #286
  [210/403] Invasion! #287
  [211/403] Heavy Metal! #288
  [212/403] The Cube Root! #289
  [213/403] This Power Unleashed! #29
  [214/403] The World According to the Adaptoid! #290
  [215/403] Shadows of the Future Past! #291
  [216/403] The Dragon in the Sea! #292
  [217/403] And Flights of Angels... #293
  [218/403] If Wishes Were Horses #294
  [219/403] Beggars Would Ride #295
  [220/403] Hearts Of Oak and Heads To Match #296
  [221/403] Futures Imperfect #297
  [222/403] Disaster!!! #298
  [223/403] I Love NY #299
  [224/403] The Avengers Meet Sub-Mariner #3
  [225/403] Frenzy in a Far-Off Land! #30
  [226/403] Inferno2 #300
  [227/403] Super Nove Unbound! #301
  [228/403] Earth Rocks! #302
  [229/403] Reckoning #303
  [230/403] "...Yearning To Breathe Free!" #304
  [231/403] Attack of the Lava Men #305
  [232/403] There is a Fire Down Below #306
  [233/403] Metamorphosis #307
  [234/403] Journey #308
  [235/403] To Find Olympia! #309
  [236/403] Never Bug A Giant #31
  [237/403] Death in Olympia #310
  [238/403] The Weakest Point #311
  [239/403] Has The Whole World Gone Mad? #312
  [240/403] Thieves Honor #313
  [241/403] Along Came a Spider #314
  [242/403] Doomsday Plus One! #315
  [243/403] Spiders and Stars #316
  [244/403] Business as Usual #317
  [245/403] A Vengeful God! #318
  [246/403] The Waterwind Interdiction #319
  [247/403] The Sign Of The Serpent #32
  [248/403] Underlying Currents #320
  [249/403] Missing Links #321
  [250/403] Bombs Away #322
  [251/403] One World's Not Enough For All of Us #323
  [252/403] Imaginary Borders #324
  [253/403] Party Games #325
  [254/403] Wind From the East #326
  [255/403] Into A Darkling Plain #327
  [256/403] Powers That Be #328
  [257/403] Starting Line-Up #329
  [258/403] To Smash A Serpent #33
  [259/403] In A Strange Land #330
  [260/403] Pediments of Clay #331
  [261/403] The Many Faces of Doom #332
  [262/403] Life Of The Party! #333
  [263/403] First Encounter #334
  [264/403] Bloody Encounter #335
  [265/403] For Here We Make Our Stand #336
  [266/403] Mud and Glory? #337
  [267/403] Infectious Complusions #338
  [268/403] Final Redemption #339
  [269/403] The Living Laser #34
  [270/403] Clay Soldiers #340
  [271/403] Rage of Angels #341
  [272/403] By Reason of Insanity? #342
  [273/403] First Night #343
  [274/403] Echoes of the Past #344
  [275/403] Storm Gatherings #345
  [276/403] Assassination #346
  [277/403] Empire's End #347
  [278/403] Familial Connections #348
  [279/403] Death Wager #349
  [280/403] The Light That Failed #35
  [281/403] Repercussions #350
  [282/403] Retribution #351
  [283/403] Son Of Darkness #352
  [284/403] To Wake The Dead #353
  [285/403] The Conqueror Worm #354
  [286/403] When come the Gatherers #355
  [287/403] Death in a Gathering Place #356
  [288/403] The Night Visitors #357
  [289/403] Arkon's Asylum #358
  [290/403] Gift of the Gods #359
  [291/403] The Ultroids Attack #36
  [292/403] Alternate Visions; Overviews #360
  [293/403] Family Responsibility #361
  [294/403] A Vision Revealed! #362
  [295/403] A Gathering of Hate #363
  [296/403] Call Her -- Deathcry!; Unbidden Memories #364
  [297/403] For An Empire Lost... #365
  [298/403] The First Rule; Swordplay³ #366
  [299/403] Voyeuristic Visions #367
  [300/403] Bloodties Part I of V: Reckoning #368
  [301/403] Bloodties Part V of V: Of Kith and Kin #369
  [302/403] To Conquer A Colossus! #37
  [303/403] Delta Force #370
  [304/403] Godlings and Gladiators #371
  [305/403] The Folds Gather #372
  [306/403] Armageddon #373
  [307/403] Intersecting Parallels #374
  [308/403] The Last Gathering and A Bigger Man Than I... #375
  [309/403] The Inhuman Condition #376
  [310/403] Out of House and Home #377
  [311/403] Echoes of History #378
  [312/403] The Legends and The Lost #379
  [313/403] In Our Midst... An Immortal! #38
  [314/403] Errand of Mercy #380
  [315/403] Sacred Ground #381
  [316/403] Offerings; The Door: Synchronicity, I; Hank The Giant Killer #382
  [317/403] Shattered Vows #383
  [318/403] Dream Lover #384
  [319/403] Evil in a Cold and Lonely Place #385
  [320/403] Taking A.I.M. (Prelude): Shadow Hunt #386
  [321/403] Taking A.I.M. (Part 2 of 4) #387
  [322/403] Taking A.I.M. (Part 4 of 4) #388
  [323/403] Message From Home #389
  [324/403] The Torment... And The Triumph #39
  [325/403] Campfire Tales #390
  [326/403] Shadows of the Past #391
  [327/403] The Past is With Us Always... #392
  [328/403] Dark Days Dawn #393
  [329/403] Introducing the Wasp?!? #394
  [330/403] Time's End #395
  [331/403] First Sign, Part 4: Balance of Power #396
  [332/403] Crawling from the Wreckage #397
  [333/403] Paranormal Activity #398
  [334/403] Trust #399
  [335/403] Captain America Joins the Avengers #4
  [336/403] Suddenly... The Sub-Mariner #40
  [337/403] History Repeats Itself #400
  [338/403] Sins of the Father #401
  [339/403] End of the Line #402
  [340/403] Let Sleeping Dragons Lie #41
  [341/403] The Plan -- And The Power #42
  [342/403] Color Him -- The Red Guardian #43
  [343/403] The Valiant Also Die #44
  [344/403] Blitzkrieg In Central Park #45
  [345/403] The Agony and The Anthill #46
  [346/403] Magneto Walks The Earth #47
  [347/403] The Black Knight Lives Again #48
  [348/403] Mine Is the Power #49
  [349/403] The Invasion of the Lava Men! #5
  [350/403] To Tame A Titan #50
  [351/403] In The Clutches Of... The Collector #51
  [352/403] Death Calls For The Arch-Heroes #52
  [353/403] In Battle Joined! #53
  [354/403] ...And Deliver Us From--The Masters of Evil #54
  [355/403] Mayhem Over Manhattan #55
  [356/403] Death Be Not Proud #56
  [357/403] Behold...The Vision #57
  [358/403] Even An Android Can Cry #58
  [359/403] The Name Is... Yellowjacket #59
  [360/403] Masters of Evil #6
  [361/403] ... Till Death Do Us Part #60
  [362/403] Some Say The World Will End In Fire... Some Say In Ice! #61
  [363/403] The Monarch And The Man-Ape! #62
  [364/403] And In This Corner... Goliath! #63
  [365/403] Like A Death Ray From The Sky! #64
  [366/403] Mightier Than The Sword? #65
  [367/403] Betrayal #66
  [368/403] We Stand at Armageddon #67
  [369/403] ...And We Battle For The Earth #68
  [370/403] Let The Game Begin #69
  [371/403] Their Darkest Hour #7
  [372/403] Enter the Squadron Sinister! #70
  [373/403] Endgame #71
  [374/403] Did You Hear the One About Scorpio? #72
  [375/403] The Sting of the Serpent #73
  [376/403] Pursue The Panther! #74
  [377/403] The Warlord And The Witch #75
  [378/403] The Blaze Of Battle... The Flames Of Love! #76
  [379/403] Heroes For Hire! #77
  [380/403] The Man-Ape Always Strikes Twice! #78
  [381/403] Lo! The Lethal Legion! #79
  [382/403] Kang, The Conqueror! #8
  [383/403] The Coming Of Red Wolf! #80
  [384/403] When Dies a Legend! #81
  [385/403] Hostage! #82
  [386/403] The Revolution's Fine #83
  [387/403] The Sword And The Sorceress! #84
  [388/403] The World Is Not For Burning #85
  [389/403] Brain-Child To The Dark Tower Came...! #86
  [390/403] Look Homeward, Avenger! #87
  [391/403] The Summons of Psyklop #88
  [392/403] The Only Good Alien... #89
  [393/403] The Coming of the Wonder Man #9
  [394/403] Judgment Day #90
  [395/403] Take One Giant Step--Backwards! #91
  [396/403] All Things Must End! #92
  [397/403] This Beachhead Earth #93
  [398/403] More Than Inhuman! #94
  [399/403] Something Inhuman This Way Comes..! #95
  [400/403] The Andromeda Swarm #96
  [401/403] Godhood's End #97
  [402/403] Let Slip The Dogs Of War #98
  [403/403] Whom The God Destroys - - They First Make Mad! #99

=== Processing volume: Avengers (Marvel) ===
  matched volume: Avengers | id: 7084 | publisher: Marvel | issue count: None
  fetched 89 issues
  [1/89] Our Top Story Tonight #0
  [2/89] Once an Avenger... #1
  [3/89] Pomp & Pageantry #10
  [4/89] Always an Avenger #11
  [5/89] Old Entanglements #12
  [6/89] Lords and Leaders #13
  [7/89] Hi, Honey...I'm Hooooome! #14
  [8/89] The Three-Fold Path #15
  [9/89] Mistaken Identity #16
  [10/89] Cage of Freedom #17
  [11/89] Battle for Imperion City #18
  [12/89] This Evil Renewed #19
  [13/89] The Call #2
  [14/89] This Evil Unfolding #20
  [15/89] This Evil Unveiled #21
  [16/89] This Evil Triumphant #22
  [17/89] Showdown #23
  [18/89] Harsh Judgements #24
  [19/89] The Ninth Day #25
  [20/89] Under Cover of Night #26
  [21/89] New Order #27
  [22/89] Long Shadows of Forgotten Spires #28
  [23/89] A Dream of Bitter Ash #29
  [24/89] Fata Morgana #3
  [25/89] The Death-Song of Kulan Gath #30
  [26/89] And So it Begins #31
  [27/89] Behind the Masque #32
  [28/89] Tainted Love #33
  [29/89] Nefaria Protocols #34
  [30/89] Interstellar Intrigues #35
  [31/89] No Rest for the Weary #36
  [32/89] Scorched Earth #37
  [33/89] Above and Beyond #38
  [34/89] Condition Green #39
  [35/89] Too Many Avengers #4
  [36/89] Thoom #40
  [37/89] The High Ground #41
  [38/89] No More Tomorrows #42
  [39/89] Global Presence #43
  [40/89] Down Among The Dead Men #44
  [41/89] Life During Wartime #45
  [42/89] Absoulte Mastery #46
  [43/89] In the Heart of Battle #47
  [44/89] War Plan "A" #48
  [45/89] There Are No Words #49
  [46/89] Accusation Most Foul #5
  [47/89] Book of Revelations #50
  [48/89] Chaos (Part 1) #500
  [49/89] Chaos (Part 2) #501
  [50/89] Chaos (Part 3) #502
  [51/89] Chaos (Part 4) #503
  [52/89] Prisoners: A Love Story #51
  [53/89] Counter Attack #52
  [54/89] The Last Castle #53
  [55/89] A Good Day to Die #54
  [56/89] The Last Farewell #55
  [57/89] Lo, There Shall Come... an Accounting! #56
  [58/89] World Trust, Part 1: New Alliances #57
  [59/89] World Trust, Part 2: Assembled #58
  [60/89] World Trust, Part 3: Friends & Enemies #59
  [61/89] Earth's Mightiest Frauds? #6
  [62/89] World Trust, Part 4: Chaos & Order #60
  [63/89] The Powers That Be! #61
  [64/89] Broken Hearts #62
  [65/89] Standoff: Part 3 #63
  [66/89] Sight Unseen #64
  [67/89] Red Zone part 1: Panic Attack #65
  [68/89] Red Zone: part 2- Infections #66
  [69/89] Red Zone: part 3- Unclassified #67
  [70/89] Red Zone: part 4- The Great Escape #68
  [71/89] Red Zone: Part 5 - The Great Escape #69
  [72/89] The Court Martial of Carol Danvers #7
  [73/89] Red Zone: Part 6 - The Great Escape #70
  [74/89] Whirlwinds #71
  [75/89] The Search For She-Hulk, Part 1: Hiding #72
  [76/89] The Search For She-Hulk, Part 2: Savage Attack #73
  [77/89] The Search For She-Hulk, Part 3: Sticks and Stones #74
  [78/89] The Search For She-Hulk, Part 4: With Friends Like These... #75
  [79/89] Full House #76
  [80/89] Lionheart of Avalon: Part 1 #77
  [81/89] Lionheart of Avalon: Part 2 #78
  [82/89] Lionheart of Avalon: Part 3 #79
  [83/89] Turbulence #8
  [84/89] Lionheart of Avalon: Part 4 #80
  [85/89] Lionheart of Avalon: Part 5 #81
  [86/89] Once an Invader (Part 1) #82
  [87/89] Once an Invader (Part 2) #83
  [88/89] Once an Invader (Part 3) #84
  [89/89] The Villain Who Fell from Grace With the Earth #9

=== Processing volume: The Avengers (Marvel) ===
  matched volume: The Avengers | id: 2128 | publisher: Marvel | issue count: None
  fetched 403 issues
  [1/403] The Coming of the Avengers #1
  [2/403] The Avengers Break Up #10
  [3/403] Whatever Gods There Be #100
  [4/403] Five Dooms To Save Tomorrow #101
  [5/403] What To Do Till The Sentinels Come! #102
  [6/403] The Sentinels Are Alive And Well! #103
  [7/403] With A Bang - - And A Whimper! #104
  [8/403] In The Beginning Was... The World Within! #105
  [9/403] A Traitor Stalks Among Us! #106
  [10/403] The Master Plan Of The Space Phantom! #107
  [11/403] Check - - And Mate! #108
  [12/403] The Measure Of A Man! #109
  [13/403] The Mighty Avengers Meet Spider-Man #11
  [14/403] The Death-Trap of Doctor Doom #1½
  [15/403] ...And Now Magneto! #110
  [16/403] With Two Beside Them #111
  [17/403] The Lion God Lives! #112
  [18/403] Your Young Men Shall Slay Visions #113
  [19/403] Night of the Swordsman #114
  [20/403] Below Us The Battle! #115
  [21/403] Betrayal #116
  [22/403] Holocaust #117
  [23/403] To The Death! #118
  [24/403] Night of the Collector #119
  [25/403] This Hostage Earth #12
  [26/403] Death-Stars Of The Zodiac! #120
  [27/403] Houses Divided Cannot Stand! #121
  [28/403] Trapped in Outer Space #122
  [29/403] Vengeance In Vietnam! or An Origin For Mantis! #123
  [30/403] Beware The Star-Stalker! #124
  [31/403] The Power of Babel #125
  [32/403] All The Sounds And Sights Of Death! #126
  [33/403] Bride and Doom #127
  [34/403] Bewitched, Bothered, and Dead #128
  [35/403] Bid Tomorrow Goodbye! #129
  [36/403] The Castle of Count Nefaria #13
  [37/403] The Reality Problem! #130
  [38/403] A Quiet Half-Hour in Saigon! #131
  [39/403] Kang War II #132
  [40/403] Secret of the Hooded One #133
  [41/403] The Times That Bind! #134
  [42/403] The Torch is Passed! #135
  [43/403] Iron Man : D. O. A. #136
  [44/403] We Do Seek Out New Avengers #137
  [45/403] Stranger in a Strange Man #138
  [46/403] Prescription: Violence #139
  [47/403] Even Avengers Can Die #14
  [48/403] Journey to the Center of the Ant #140
  [49/403] The Phantom Empire! #141
  [50/403] Go West, Young Gods! #142
  [51/403] Right Between the Eons! #143
  [52/403] Claws! #144
  [53/403] The Taking Of The Avengers! #145
  [54/403] The Assassin Never Fails! #146
  [55/403] Crisis On Other-Earth #147
  [56/403] 20,000 Leagues Under Justice! #148
  [57/403] The Gods And The Gang! #149
  [58/403] Now, By My Hand, Shall Die a Villain #15
  [59/403] Avengers Assemble! #150
  [60/403] At Last: The Decision! #151
  [61/403] Nightmare In New Orleans! #152
  [62/403] Home Is The Hero! #153
  [63/403] "When Strikes Attuma?" #154
  [64/403] To Stand Alone! #155
  [65/403] The Private War of Doctor Doom! #156
  [66/403] A Ghost of Stone! #157
  [67/403] When Avengers Clash!! #158
  [68/403] Siege By Stealth and Storm! #159
  [69/403] The Old Order Changeth #16
  [70/403] ...The Trial! #160
  [71/403] Beware The Ant-Man! #161
  [72/403] The Bride of Ultron! #162
  [73/403] The Demi-God Must Die! #163
  [74/403] To Fall By Treachery #164
  [75/403] Hammer of Vengeance! #165
  [76/403] Day Of The Godslayer! #166
  [77/403] Tomorrow Dies Today! #167
  [78/403] First Blood! #168
  [79/403] If We Should Fail--The World Dies Tonight #169
  [80/403] Four Against the Minotaur #17
  [81/403] ..."Though Hell Should Bar the Way!" #170
  [82/403] "...Where Angels Fear To Tread" #171
  [83/403] Holocaust In New York Harbor! #172
  [84/403] Threshold Of Oblivion! #173
  [85/403] Captives Of The Collector! #174
  [86/403] The End...And Beginning! #175
  [87/403] The Destiny Hunt! #176
  [88/403] The Hope...And the Slaughter! #177
  [89/403] The Martyr Perplex! #178
  [90/403] Slowly Slays the Stinger! #179
  [91/403] When the Commissar Commands! #18
  [92/403] Berserkers' Holiday #180
  [93/403] On The Matter Of Heroes! #181
  [94/403] Honor Thy Father #182
  [95/403] The Redoubtable Return Of Crusher Creel! #183
  [96/403] Death On The Hudson! #184
  [97/403] The Yesterday Quest! #185
  [98/403] Nights Of Wundagore! #186
  [99/403] The Call Of The Mountain Thing! #187
  [100/403] Elementary, Dear Avengers #188
  [101/403] Wings and Arrows! #189
  [102/403] The Coming of the Swordsman #19
  [103/403] Heart Of Stone #190
  [104/403] Back To The Stone Age! #191
  [105/403] Steel City Nightmare! #192
  [106/403] Battleground: Pittsburgh! #193
  [107/403] Interlude #194
  [108/403] Assault On A Mind Cage! #195
  [109/403] The Terrible Toll Of The Taskmaster #196
  [110/403] Prelude Of The War-Devil! #197
  [111/403] Better Red Than Ronin! #198
  [112/403] Last Stand On Long Island #199
  [113/403] The Avengers Battle the Space Phantom #2
  [114/403] Vengeance is Ours #20
  [115/403] The Child Is Father To...? #200
  [116/403] The Evil Reborn / Bully! #201
  [117/403] This Evil Undying #202
  [118/403] Night Of The Crawlers #203
  [119/403] Claws Across The Water! #204
  [120/403] Shadow Of The Claw! #205
  [121/403] Fire In The Streets! #206
  [122/403] Beyond A Shadow... #207
  [123/403] Eve Of Destruction! #208
  [124/403] The Resurrection Stone #209
  [125/403] The Bitter Taste of Defeat #21
  [126/403] You Don't Need the Weathermen to Know Which Way the Wind Blows! #210
  [127/403] ,,,By Force Of Mind! #211
  [128/403] Men Of Deadly Pride! #212
  [129/403] Court-Martial #213
  [130/403] Three Angels Fallen! #214
  [131/403] All The Ways Of Power! #215
  [132/403] ...To Avenge The Avengers! #216
  [133/403] Double-Cross! #217
  [134/403] Born Again (And Again and Again...) #218
  [135/403] ...By Divine Right! #219
  [136/403] The Road Back #22
  [137/403] War Against The Gods! #220
  [138/403] ...New Blood! #221
  [139/403] A Gathering of Evil #222
  [140/403] Of Robin Hoods and Roustabouts #223
  [141/403] Two From the Heart #224
  [142/403] The Fall of Avalon #225
  [143/403] An Eye For An Eye #226
  [144/403] Testing...1...2...3! #227
  [145/403] Trial and Error #228
  [146/403] Final Curtain! #229
  [147/403] Once an Avenger #23
  [148/403] The Last Farewell #230
  [149/403] Up from the Depths! #231
  [150/403] And now...Starfox! #232
  [151/403] The Annihilation Gambit! #233
  [152/403] The Witch's Tale #234
  [153/403] Havoc on the Homefront! #235
  [154/403] I Want to be a Avenger! #236
  [155/403] Meltdowns and Mayhem #237
  [156/403] Unlimited Vision! #238
  [157/403] Late Night of the Super-Stars #239
  [158/403] From the Ashes of Defeat #24
  [159/403] The Ghost of Jessica Drew! #240
  [160/403] Dark Angel! #241
  [161/403] Easy Come...Easy Go! #242
  [162/403] Chain of Command #243
  [163/403] And the Rocket's Red Glare #244
  [164/403] Bombshells! #245
  [165/403] Gatherings #246
  [166/403] The Ties that Bind #247
  [167/403] To Save the Eternals! #248
  [168/403] The Snows of Summer #249
  [169/403] Enter...Dr. Doom! #25
  [170/403] World Power! #250
  [171/403] Deceptions! #251
  [172/403] Deciding Factor! #252
  [173/403] Conquering Vision #253
  [174/403] Absolute Vision #254
  [175/403] The Legacy of Thanos! #255
  [176/403] This Power Unleashed! #256
  [177/403] Holocaust in a Hidden Land #257
  [178/403] Pyrrhic Victory! #258
  [179/403] Duty Over All #259
  [180/403] The Voice of The Wasp #26
  [181/403] Assault on Sanctuary II #260
  [182/403] Earth and Beyond! #261
  [183/403] "Many Brave Hearts..." #262
  [184/403] What Lurks Below? #263
  [185/403] Stings & Sorrows! #264
  [186/403] Eve of Destruction #265
  [187/403] "...and the War's Desolation!" #266
  [188/403] Time--and Time Again #267
  [189/403] The Kang Dynasty #268
  [190/403] The Once and Future Kang! #269
  [191/403] Four Against the Floodtide #27
  [192/403] Wild in the Streets! #270
  [193/403] Breakaway! #271
  [194/403] Assault on Atlantis #272
  [195/403] Rites of Conquest! #273
  [196/403] Divided...We Fall! #274
  [197/403] Even a God Can Die #275
  [198/403] Revenge #276
  [199/403] The Price of Victory #277
  [200/403] Pressure #278
  [201/403] Command Decision #279
  [202/403] Among Us Walks... a Goliath #28
  [203/403] Faithful Servant #280
  [204/403] By Gods Betrayed! #281
  [205/403] Captives #282
  [206/403] "Whom the Gods would Destroy!" #283
  [207/403] Battleground: Olympus #284
  [208/403] Twilight of the Gods! #285
  [209/403] The Fix is On! #286
  [210/403] Invasion! #287
  [211/403] Heavy Metal! #288
  [212/403] The Cube Root! #289
  [213/403] This Power Unleashed! #29
  [214/403] The World According to the Adaptoid! #290
  [215/403] Shadows of the Future Past! #291
  [216/403] The Dragon in the Sea! #292
  [217/403] And Flights of Angels... #293
  [218/403] If Wishes Were Horses #294
  [219/403] Beggars Would Ride #295
  [220/403] Hearts Of Oak and Heads To Match #296
  [221/403] Futures Imperfect #297
  [222/403] Disaster!!! #298
  [223/403] I Love NY #299
  [224/403] The Avengers Meet Sub-Mariner #3
  [225/403] Frenzy in a Far-Off Land! #30
  [226/403] Inferno2 #300
  [227/403] Super Nove Unbound! #301
  [228/403] Earth Rocks! #302
  [229/403] Reckoning #303
  [230/403] "...Yearning To Breathe Free!" #304
  [231/403] Attack of the Lava Men #305
  [232/403] There is a Fire Down Below #306
  [233/403] Metamorphosis #307
  [234/403] Journey #308
  [235/403] To Find Olympia! #309
  [236/403] Never Bug A Giant #31
  [237/403] Death in Olympia #310
  [238/403] The Weakest Point #311
  [239/403] Has The Whole World Gone Mad? #312
  [240/403] Thieves Honor #313
  [241/403] Along Came a Spider #314
  [242/403] Doomsday Plus One! #315
  [243/403] Spiders and Stars #316
  [244/403] Business as Usual #317
  [245/403] A Vengeful God! #318
  [246/403] The Waterwind Interdiction #319
  [247/403] The Sign Of The Serpent #32
  [248/403] Underlying Currents #320
  [249/403] Missing Links #321
  [250/403] Bombs Away #322
  [251/403] One World's Not Enough For All of Us #323
  [252/403] Imaginary Borders #324
  [253/403] Party Games #325
  [254/403] Wind From the East #326
  [255/403] Into A Darkling Plain #327
  [256/403] Powers That Be #328
  [257/403] Starting Line-Up #329
  [258/403] To Smash A Serpent #33
  [259/403] In A Strange Land #330
  [260/403] Pediments of Clay #331
  [261/403] The Many Faces of Doom #332
  [262/403] Life Of The Party! #333
  [263/403] First Encounter #334
  [264/403] Bloody Encounter #335
  [265/403] For Here We Make Our Stand #336
  [266/403] Mud and Glory? #337
  [267/403] Infectious Complusions #338
  [268/403] Final Redemption #339
  [269/403] The Living Laser #34
  [270/403] Clay Soldiers #340
  [271/403] Rage of Angels #341
  [272/403] By Reason of Insanity? #342
  [273/403] First Night #343
  [274/403] Echoes of the Past #344
  [275/403] Storm Gatherings #345
  [276/403] Assassination #346
  [277/403] Empire's End #347
  [278/403] Familial Connections #348
  [279/403] Death Wager #349
  [280/403] The Light That Failed #35
  [281/403] Repercussions #350
  [282/403] Retribution #351
  [283/403] Son Of Darkness #352
  [284/403] To Wake The Dead #353
  [285/403] The Conqueror Worm #354
  [286/403] When come the Gatherers #355
  [287/403] Death in a Gathering Place #356
  [288/403] The Night Visitors #357
  [289/403] Arkon's Asylum #358
  [290/403] Gift of the Gods #359
  [291/403] The Ultroids Attack #36
  [292/403] Alternate Visions; Overviews #360
  [293/403] Family Responsibility #361
  [294/403] A Vision Revealed! #362
  [295/403] A Gathering of Hate #363
  [296/403] Call Her -- Deathcry!; Unbidden Memories #364
  [297/403] For An Empire Lost... #365
  [298/403] The First Rule; Swordplay³ #366
  [299/403] Voyeuristic Visions #367
  [300/403] Bloodties Part I of V: Reckoning #368
  [301/403] Bloodties Part V of V: Of Kith and Kin #369
  [302/403] To Conquer A Colossus! #37
  [303/403] Delta Force #370
  [304/403] Godlings and Gladiators #371
  [305/403] The Folds Gather #372
  [306/403] Armageddon #373
  [307/403] Intersecting Parallels #374
  [308/403] The Last Gathering and A Bigger Man Than I... #375
  [309/403] The Inhuman Condition #376
  [310/403] Out of House and Home #377
  [311/403] Echoes of History #378
  [312/403] The Legends and The Lost #379
  [313/403] In Our Midst... An Immortal! #38
  [314/403] Errand of Mercy #380
  [315/403] Sacred Ground #381
  [316/403] Offerings; The Door: Synchronicity, I; Hank The Giant Killer #382
  [317/403] Shattered Vows #383
  [318/403] Dream Lover #384
  [319/403] Evil in a Cold and Lonely Place #385
  [320/403] Taking A.I.M. (Prelude): Shadow Hunt #386
  [321/403] Taking A.I.M. (Part 2 of 4) #387
  [322/403] Taking A.I.M. (Part 4 of 4) #388
  [323/403] Message From Home #389
  [324/403] The Torment... And The Triumph #39
  [325/403] Campfire Tales #390
  [326/403] Shadows of the Past #391
  [327/403] The Past is With Us Always... #392
  [328/403] Dark Days Dawn #393
  [329/403] Introducing the Wasp?!? #394
  [330/403] Time's End #395
  [331/403] First Sign, Part 4: Balance of Power #396
  [332/403] Crawling from the Wreckage #397
  [333/403] Paranormal Activity #398
  [334/403] Trust #399
  [335/403] Captain America Joins the Avengers #4
  [336/403] Suddenly... The Sub-Mariner #40
  [337/403] History Repeats Itself #400
  [338/403] Sins of the Father #401
  [339/403] End of the Line #402
  [340/403] Let Sleeping Dragons Lie #41
  [341/403] The Plan -- And The Power #42
  [342/403] Color Him -- The Red Guardian #43
  [343/403] The Valiant Also Die #44
  [344/403] Blitzkrieg In Central Park #45
  [345/403] The Agony and The Anthill #46
  [346/403] Magneto Walks The Earth #47
  [347/403] The Black Knight Lives Again #48
  [348/403] Mine Is the Power #49
  [349/403] The Invasion of the Lava Men! #5
  [350/403] To Tame A Titan #50
  [351/403] In The Clutches Of... The Collector #51
  [352/403] Death Calls For The Arch-Heroes #52
  [353/403] In Battle Joined! #53
  [354/403] ...And Deliver Us From--The Masters of Evil #54
  [355/403] Mayhem Over Manhattan #55
  [356/403] Death Be Not Proud #56
  [357/403] Behold...The Vision #57
  [358/403] Even An Android Can Cry #58
  [359/403] The Name Is... Yellowjacket #59
  [360/403] Masters of Evil #6
  [361/403] ... Till Death Do Us Part #60
  [362/403] Some Say The World Will End In Fire... Some Say In Ice! #61
  [363/403] The Monarch And The Man-Ape! #62
  [364/403] And In This Corner... Goliath! #63
  [365/403] Like A Death Ray From The Sky! #64
  [366/403] Mightier Than The Sword? #65
  [367/403] Betrayal #66
  [368/403] We Stand at Armageddon #67
  [369/403] ...And We Battle For The Earth #68
  [370/403] Let The Game Begin #69
  [371/403] Their Darkest Hour #7
  [372/403] Enter the Squadron Sinister! #70
  [373/403] Endgame #71
  [374/403] Did You Hear the One About Scorpio? #72
  [375/403] The Sting of the Serpent #73
  [376/403] Pursue The Panther! #74
  [377/403] The Warlord And The Witch #75
  [378/403] The Blaze Of Battle... The Flames Of Love! #76
  [379/403] Heroes For Hire! #77
  [380/403] The Man-Ape Always Strikes Twice! #78
  [381/403] Lo! The Lethal Legion! #79
  [382/403] Kang, The Conqueror! #8
  [383/403] The Coming Of Red Wolf! #80
  [384/403] When Dies a Legend! #81
  [385/403] Hostage! #82
  [386/403] The Revolution's Fine #83
  [387/403] The Sword And The Sorceress! #84
  [388/403] The World Is Not For Burning #85
  [389/403] Brain-Child To The Dark Tower Came...! #86
  [390/403] Look Homeward, Avenger! #87
  [391/403] The Summons of Psyklop #88
  [392/403] The Only Good Alien... #89
  [393/403] The Coming of the Wonder Man #9
  [394/403] Judgment Day #90
  [395/403] Take One Giant Step--Backwards! #91
  [396/403] All Things Must End! #92
  [397/403] This Beachhead Earth #93
  [398/403] More Than Inhuman! #94
  [399/403] Something Inhuman This Way Comes..! #95
  [400/403] The Andromeda Swarm #96
  [401/403] Godhood's End #97
  [402/403] Let Slip The Dogs Of War #98
  [403/403] Whom The God Destroys - - They First Make Mad! #99

=== Processing volume: Avengers (Marvel) ===
  matched volume: Avengers | id: 54428 | publisher: Marvel | issue count: None
  fetched 46 issues
  [1/46] Avengers World #1
  [2/46] Validator #10
  [3/46] Wake the Dragon #11
  [4/46] Evolve #12
  [5/46] Strong #13
  [6/46] The Signal; Prelude to Infinity #14
  [7/46] Sent and Received; Prelude to Infinity #15
  [8/46] To The End; Prelude to Infinity #16
  [9/46] ...To the Light; Prelude to Infinity #17
  [10/46] Avengers Universe I #18
  [11/46] Avengers Universe II: Building Towards Collapse #19
  [12/46] We Were Avengers #2
  [13/46] Avengers Universe III: The Offer #20
  [14/46] Avengers Universe IV: Emancipation #21
  [15/46] Avengers Universe V: To the Earth... #22
  [16/46] Avengers Universe VI: ...to the Very End #23
  [17/46] .NOW Rogue Planet Part 1 #24
  [18/46] Carve A Hole ... Climb Inside #25
  [19/46] Look Around... There's No Way Out #26
  [20/46] Only Dirt... Six Feet Deep #27
  [21/46] The Case #28
  [22/46] Infinite Avengers #29
  [23/46] The Garden #3
  [24/46] Fifty Into the Future #30
  [25/46] 500 Into the Future #31
  [26/46] Five Thousand Into the Future #32
  [27/46] Fifty Thousand Into the Future #33
  [28/46] The Last Avenger #34
  [29/46] The World In His Hands #34.1
  [30/46] Big City #34.2
  [31/46] The Three Avengers #35
  [32/46] Universal Avengers #36
  [33/46] Archangel #37
  [34/46] Origin Sites #38
  [35/46] You Can't Win, Part 1 #39
  [36/46] The Death and Resurrection of Major Titans #4
  [37/46] We Three Kings #40
  [38/46] Over there #41
  [39/46] It All Comes Crashing Down #42
  [40/46] ...And All That's Left Is Ashes #43
  [41/46] One Was Life, One Was Death #44
  [42/46] Superguardian #5
  [43/46] Zen and the Art of Cosmology #6
  [44/46] The Last White Event #7
  [45/46] Starbranded #8
  [46/46] Star Bound #9

=== Processing volume: Avengers (Marvel) ===
  matched volume: Avengers | id: 110496 | publisher: Marvel | issue count: None
  fetched 66 issues
  [1/66] The Final Host #1
  [2/66] The Battle For the Right To Be Called... Earth's Mightiest #10
  [3/66] The Strength and Conviction of Phillip Coulson #11
  [4/66] The Agents of Wakanda #12
  [5/66] The Girl Who Punched the Dragon #13
  [6/66] The Fall of Castle Dracula #14
  [7/66] The Battle For the Throne of the Damned #15
  [8/66] A Fistful of Blood #16
  [9/66] The Kingdom of the Vampires #17
  [10/66] Crisis On Ten Realms #18
  [11/66] The Man In the Mountain #19
  [12/66] Still Avenging After All These Years #2
  [13/66] No Fun #20
  [14/66] The Day After A Day Unlike Any Other #21
  [15/66] Challenge of the Ghost Riders Part One: The Exorcism At Avengers Mountain #22
  [16/66] Challenge of the Ghost Riders Part Two: Hell Race 666 #23
  [17/66] Challenge of the Ghost Riders Part Three: Cosmic Ghost Rider vs. the Avengers #24
  [18/66] Challenge of the Ghost Riders Part Four: Spirit of Avengeance #25
  [19/66] As Strong As the Stars #26
  [20/66] Starbrand Reborn Part One: Riot In the Prison Galaxy #27
  [21/66] Starbrand Reborn Part Two: The Three Heralds #28
  [22/66] Starbrand Reborn Part Three: The Battle For the Brand #29
  [23/66] Where Space Gods Go To Die #3
  [24/66] Starbrand Reborn Part Four: Nativity In the Stars #30
  [25/66] The Temptation of Anthony Stark #31
  [26/66] Earth's Mightiest Villains #32
  [27/66] The Age of Khonshu Part One: Moon Knight vs. the Avengers #33
  [28/66] The Age of Khonshu Part Two: The Fist of Vengeance #34
  [29/66] The Age of Khonshu Part Three: You Don't Beat the Devil By Being An Angel #35
  [30/66] The Age of Khonshu Part Four: Moons of Fire, Stars of Blood, Panthers of Black #36
  [31/66] The Age of Khonshu Conclusion: Phoenix: Moonsong #37
  [32/66] The Fly That Laid A Billion Maggots #38
  [33/66] The Burnt Place #39
  [34/66] A Battle That Was Lost A Million Years Ago #4
  [35/66] Enter the Phoenix Part One: Sleep Now In the Fire #40
  [36/66] Enter the Phoenix Part Two: Black Flame In the Hour of Chaos #41
  [37/66] Enter the Phoenix Part Three: Be Like Fire #42
  [38/66] Enter the Phoenix Part Four: In the Beginning... There Was Not Darkness #43
  [39/66] Enter the Phoenix Part Five: I Am...Phoenix! #44
  [40/66] The King In Blood #45
  [41/66] World War She-Hulk Part One: The Taking & Breaking of Jennifer Walters #46
  [42/66] World War She-Hulk Part Two: The Winter Hulk #47
  [43/66] World War She-Hulk Part Three: Power In the Blood #48
  [44/66] World War She-Hulk Part Four: The Bomb Beneath the Waves #49
  [45/66] The Secret Origin of the Marvel Universe #5
  [46/66] An Earth Like Any Other (Just Like All the Rest); Avengers Mountain; The Two Worthies #50
  [47/66] The Death Hunters, Part One: A Dark Phoenix Rises Over Asgard #51
  [48/66] The Death Hunters, Part Two: Where is She Who Has Been Born With The Brand Of The Stars #52
  [49/66] The Death Hunters, Part Three: The Vivisection of Avengers Mountain #53
  [50/66] The Death Hunters, Conclusion: Even Thunder Can Burn, Even Deathloks Can Die #54
  [51/66] Night of the Panther, Dawn of the Hawk #55
  [52/66] The Saga of Jane #56
  [53/66] History's Mightiest Heroes, Part One "Solider Supreme: Stalked by the Soul Sniper" #57
  [54/66] History's Mightiest Heroes, Part Two "The Way of the Ghost" #58
  [55/66] History's Mightiest Heroes, Part Three: The Wild West's Wildest Outlaw Avengers in... "Death Rides the Sky Rails"  #59
  [56/66] Planet of Pathogens #6
  [57/66] The Higher Rooftop #60
  [58/66] History's Mightiest Heroes, Part 4: "The Day of the Mayfly" #61
  [59/66] History's Mightiest Heroes, Conclusion: "The Man Who Keeps it Weird" #62
  [60/66] Avengers Assemble, Part Two: "The Battle of One Million B.C." #63
  [61/66] Avengers Assemble, Part Four: "The War for the Dawn" #64
  [62/66] Avengers Assemble, Part Six "The Secret History of Avenger Prime" #65
  [63/66] Avengers Assemble, Part Eight, "The Final Assemblage" #66
  [64/66] Fire and Bone #7
  [65/66] World Tour Part One: Inside Avengers Mountain #8
  [66/66] World Tour Part Two: The Defenders of the Deep #9

=== Processing volume: New Avengers (Marvel) ===
  matched volume: New Avengers | id: 11497 | publisher: Marvel | issue count: None
  fetched 64 issues
  [1/64] Breakout, Pt. 1 #1
  [2/64] The Sentry conclusion #10
  [3/64] Ronin, Pt. 1 #11
  [4/64] Ronin, Pt. 2 #12
  [5/64] Ronin, Pt. 3 #13
  [6/64] Secrets & Lies, Pt. 1 #14
  [7/64] Secrets & Lies, Pt. 2 #15
  [8/64] Something Wicked This Way Comes; Kickin' It in Hell #16
  [9/64] The Collective, Pt. 1 #17
  [10/64] The Collective, Pt. 2 #18
  [11/64] The Collective, Pt. 3 #19
  [12/64] Breakout, Pt. 2 #2
  [13/64] The Collective, Pt. 4 #20
  [14/64] New Avengers: Disassembled, Part 1 #21
  [15/64] New Avengers: Disassembled, Pt. 2 #22
  [16/64] New Avengers: Disassembled, Pt. 3 #23
  [17/64] New Avengers: Disassembled, Part 4 #24
  [18/64] New Avengers: Disassembled, Part 5 #25
  [19/64] The Ballad of Clint Barton and Wanda Maximoff #26
  [20/64] Revolution, Pt. 1 #27
  [21/64] Revolution, Pt. 2 #28
  [22/64] Revolution, Pt. 3 #29
  [23/64] Breakout, Pt. 3 #3
  [24/64] Revolution, Pt. 4 #30
  [25/64] Revolution, Pt. 5 #31
  [26/64] The Trust, Pt. 1 #32
  [27/64] The Trust, Pt. 2 #33
  [28/64] The Trust, Pt. 3 #34
  [29/64] The Trust, Pt. 4 #35
  [30/64] The Trust, Pt. 5 #36
  [31/64] The Trust, Pt. 6 #37
  [32/64] The Breakup #38
  [33/64] Echo #39
  [34/64] Breakout, Pt. 4 #4
  [35/64] SKRULLS! #40
  [36/64] [untitled] #41
  [37/64] The Empire #42
  [38/64] [untitled] #43
  [39/64] The Real Secret of the Illuminati #44
  [40/64] House Of M #45
  [41/64] The True Kingpin of the Super-Villains #46
  [42/64] [untitled] #47
  [43/64] Dark Reign #48
  [44/64] [untitled] #49
  [45/64] Breakout, Pt. 5 #5
  [46/64] [untitled] #50
  [47/64] Issue 51 #51
  [48/64] [untitled] #52
  [49/64] [untitled] #53
  [50/64] [untitled] #54
  [51/64] [untitled] #55
  [52/64] [untitled] #56
  [53/64] [untitled] #57
  [54/64] Issue 58 #58
  [55/64] Spider Showdown! #59
  [56/64] Breakout, Pt. 6 #6
  [57/64] Luke Cage: Hero Retired?! #60
  [58/64] Cap Sez: Join the Siege! #61
  [59/64] Avenger: Dead or Alive! #62
  [60/64] Avengers Uncaged! #63
  [61/64] A New Dawn... #64
  [62/64] The Sentry part 1 #7
  [63/64] Alien Agenda #8
  [64/64] The Sentry part 3 #9

=== Processing volume: New Avengers (Marvel) ===
  matched volume: New Avengers | id: 33777 | publisher: Marvel | issue count: None
  fetched 35 issues
  [1/35] Possession #1
  [2/35] Infinity, Part 2 Meet the New Team?! #10
  [3/35] Infinity, Part 3 #11
  [4/35] Infinity, Part 4 Secrets #12
  [5/35] Infinity, part 5 #13
  [6/35] Fear Itself, part 1 #14
  [7/35] Fear Itself, part 2 #15
  [8/35] Fear Itself, part 3 Enter: Daredevil ! #16
  [9/35] Osborn Rises #16.1
  [10/35] Issue 17 #17
  [11/35] Issue 18 #18
  [12/35] Issue 19 #19
  [13/35] All Eyes on Cage! #2
  [14/35] Issue 20 #20
  [15/35] Issue 21 #21
  [16/35] The New Avengers versus Authority #22
  [17/35] [untitled] #23
  [18/35] Issue 24 #24
  [19/35] Dragon vs Phoenix #25
  [20/35] Legacy of Fire #26
  [21/35] A Phoenix Rises In K'un Lun #27
  [22/35] Breakout from the X-Brig #28
  [23/35] Illuminati Assemble #29
  [24/35] Yeah, It's On! #3
  [25/35] In The Trenches #30
  [26/35] The End Times Begin #31
  [27/35] A Tangled Web #32
  [28/35] War Drumm #33
  [29/35] The End #34
  [30/35] The Ancient One Throws Down! #4
  [31/35] Magic Gone Berserk(er)! #5
  [32/35] Issue 6 #6
  [33/35] The Nanny Cometh! #7
  [34/35] Date Night! #8
  [35/35] Infinity, Part 1 Fury from the Past! #9

=== Processing volume: Young Avengers (Marvel) ===
  matched volume: Young Avengers | id: 11870 | publisher: Marvel | issue count: None
  fetched 12 issues
  [1/12] Sidekicks (Part 1) #1
  [2/12] Family Matters (Part 2) #10
  [3/12] Family Matters (Part 3) #11
  [4/12] Family Matters (Part 4);  Masked Marvel #12
  [5/12] Sidekicks (Part 2) #2
  [6/12] Sidekicks (Part 3) #3
  [7/12] Sidekicks (Part 4) #4
  [8/12] Sidekicks (Part 5) #5
  [9/12] Sidekicks (Part 6) #6
  [10/12] Secret Identities (Part 1) #7
  [11/12] Secret Identities (Part 2) #8
  [12/12] Family Matters (Part 1) #9

=== Processing volume: West Coast Avengers (Marvel) ===
  matched volume: West Coast Avengers | id: 3521 | publisher: Marvel | issue count: None
  fetched 46 issues
  [1/46] Teammates #1
  [2/46] The Search For The Thing! #10
  [3/46] Pride of the Regiment #11
  [4/46] The Attraction Between Two Bodies #12
  [5/46] The Unified Field Theory #13
  [6/46] Tigra, Tigra Burning Bright! #14
  [7/46] The Lady...or the Tigra #15
  [8/46] Dive #16
  [9/46] Outta Time! #17
  [10/46] Lost in Space-Time, Part Two: Time Was... #18
  [11/46] Lost In Space-Time, Part 3: The Times of their Lives! #19
  [12/46] Sons #2
  [13/46] Lost In Space-Time, Part Four: In the Meantime, in Between Time... #20
  [14/46] Lost In Space-Time, Part 5: Time for every Purpose under Heaven! #21
  [15/46] Lost In Space-Time, Part 6: The Time Of Sands! #22
  [16/46] Showtime! Lost in Space-Time: Conclusion! #23
  [17/46] Before We Were So Rudely Interrupted #24
  [18/46] The Greatest Show On Earth! #25
  [19/46] Zodiac Attack! #26
  [20/46] Star Struck! #27
  [21/46] Star-Double-Crossed! #28
  [22/46] Dead Run! #29
  [23/46] Singleton! #3
  [24/46] None So Blind! #30
  [25/46] The Friday Night Frights! #31
  [26/46] Buried Monsters! #32
  [27/46] Tales To Astonish, Part 1: The Man In The Ant Hill! #33
  [28/46] Tales To Astonish, Part 2: Prisoners of the Slave-World #34
  [29/46] The Voice of Doom #35
  [30/46] Return of the Ant-Man #36
  [31/46] Avengers Disassemble #37
  [32/46] Redemption #38
  [33/46] Upset! #39
  [34/46] Master Pandemonium! #4
  [35/46] And Now the...Night Shift! #40
  [36/46] when ghosts can die, even Gods must fear! #41
  [37/46] One of Our Androids is Missing #42
  [38/46] Vision Quest #43
  [39/46] Better a Widow... #44
  [40/46] New Faces #45
  [41/46] Franchise #46
  [42/46] Ins and Outs! #5
  [43/46] Quest For Cats! #6
  [44/46] U, Robot #7
  [45/46] A Bird In The Hand! #8
  [46/46] Hot Pursuit #9

=== Processing volume: Captain America (Marvel) ===
  matched volume: Captain America | id: 2400 | publisher: Marvel | issue count: None
  fetched 355 issues
  [1/355] This Monster Unmasked #100
  [2/355] When Wakes the Sleeper #101
  [3/355] The Sleeper Strikes #102
  [4/355] The Weakest Link #103
  [5/355] Slave of the Skull #104
  [6/355] In the Name of Batroc #105
  [7/355] Cap Goes Wild #106
  [8/355] If the Past Be Not Dead #107
  [9/355] The Snares of the Trapster #108
  [10/355] The Hero That Was #109
  [11/355] No Longer Alone #110
  [12/355] Tomorrow You Live, Tonight I Die #111
  [13/355] Lest We Forget #112
  [14/355] The Strange Death of Captain America #113
  [15/355] The Man Behind The Mask #114
  [16/355] Now Begins The Nightmare #115
  [17/355] Far Worse Than Death #116
  [18/355] The Coming of the Falcon #117
  [19/355] The Falcon Fights On #118
  [20/355] Now Falls the Skull #119
  [21/355] Crack-Up on Campus! #120
  [22/355] The Coming of...The Man-Brute! #121
  [23/355] The Sting of The Scorpion! #122
  [24/355] Suprema, The Deadliest of The Species! #123
  [25/355] Mission: Stop the Cyborg! #124
  [26/355] Captured--in Vietnam! #125
  [27/355] The Fate of...The Falcon! #126
  [28/355] Who Calls Me Traitor? #127
  [29/355] Mission: Stamp Out Satan's Angels! #128
  [30/355] The Vengeance of--The Red Skull #129
  [31/355] Up Against the Wall! #130
  [32/355] Bucky Reborn! #131
  [33/355] The Fearful Secret of Bucky Barnes! #132
  [34/355] Madness in the Slums! #133
  [35/355] They Call Him--Stone-Face! #134
  [36/355] More Monster Than Man! #135
  [37/355] The World Below #136
  [38/355] To Stalk The Spider-Man #137
  [39/355] It Happens in Harlem! #138
  [40/355] The Badge and The Betrayal! #139
  [41/355] In the Grip of Gargoyle! #140
  [42/355] The Unholy Alliance! #141
  [43/355] And in the End... #142
  [44/355] Power to the People! #143
  [45/355] Hydra Over All! #144
  [46/355] Skyjacked! #145
  [47/355] Mission: Destroy the Femme Force! #146
  [48/355] And Behind The Hordes of Hydra... #147
  [49/355] The Big Sleep! #148
  [50/355] All The Colors... of Evil! #149
  [51/355] Mirror, Mirror...! #150
  [52/355] Panic on Park Avenue #151
  [53/355] Terror in the Night! #152
  [54/355] Captain America--Hero or Hoax? #153
  [55/355] The Falcon Fights Alone! #154
  [56/355] The Incredible Origin of the Other Captain America! #155
  [57/355] Two Into One Won't Go! #156
  [58/355] Vendi, Vidi, Vici: Viper #157
  [59/355] The Crime Wave Breaks! #158
  [60/355] Turning Point! #159
  [61/355] Enter: Solarr #160
  [62/355] ...If He Loseth His Soul! #161
  [63/355] This Way Lies Madness! #162
  [64/355] Beware of Serpents #163
  [65/355] Queen of the Werewolves #164
  [66/355] The Yellow Claw Strikes #165
  [67/355] Night of the Lurking Dead #166
  [68/355] Ashes to Ashes #167
  [69/355] ... And a Phoenix Shall Arise! #168
  [70/355] When a Legend Dies #169
  [71/355] J'Accuse #170
  [72/355] Bust-Out #171
  [73/355] Believe It or Not: The Banshee #172
  [74/355] The Sins of the Secret Empire #173
  [75/355] It's Always Darkest... #174
  [76/355] Before the Dawn #175
  [77/355] Captain America Must Die #176
  [78/355] Lucifer Be Thy Name #177
  [79/355] If the Falcon Should Fall #178
  [80/355] Slings and Arrows #179
  [81/355] The Coming of the Nomad #180
  [82/355] The Mark of Madness! #181
  [83/355] Inferno #182
  [84/355] Nomad No More #183
  [85/355] Cap's Back #184
  [86/355] Scream the Scarlet Skull #185
  [87/355] Mind Cage #186
  [88/355] Madness is the Murder-Maze! #187
  [89/355] Druid War #188
  [90/355] Arena For A Fallen Hero #189
  [91/355] Nightshade is Deadlier the Second Time Around #190
  [92/355] The Trial of the Falcon #191
  [93/355] Mad-Flight! #192
  [94/355] The Madbomb. Screamer in the Brain! #193
  [95/355] The Trojan Horde #194
  [96/355] 1984 #195
  [97/355] Kill-Derby #196
  [98/355] The Rocks are Burning #197
  [99/355] Captain America's Love Story #198
  [100/355] The Man Who Sold the United States #199
  [101/355] Dawn's Early Light #200
  [102/355] The Night People! #201
  [103/355] Mad, Mad Dimension! #202
  [104/355] Alamo II! #203
  [105/355] The Unburied One! #204
  [106/355] Agron Walks the Earth! #205
  [107/355] Face to Face with the Swine! #206
  [108/355] The Tiger and the Swine! #207
  [109/355] The River of Death #208
  [110/355] Arnim Zola - The Bio-Fanatic! #209
  [111/355] Showdown Day! #210
  [112/355] Nazi X #211
  [113/355] The Face of a Hero! #212
  [114/355] The Night Flyer! #213
  [115/355] Power #214
  [116/355] The Way It Really Was! #215
  [117/355] The Human Torch Meets..."Captain America" #216
  [118/355] The Search for Steve Rogers! #217
  [119/355] One Day in Newfoundland! #218
  [120/355] The Adventures of Captain America #219
  [121/355] The Ameridroid Lives! #220
  [122/355] Cul-De-Sac! #221
  [123/355] Monumental Menace! #222
  [124/355] Call Me Animus, Captain America! #223
  [125/355] Saturday Night Furor! #224
  [126/355] Devastation! #225
  [127/355] Am I Still Captain America? #226
  [128/355] This Deadly Gauntlet! #227
  [129/355] A Serpent Lurks Below #228
  [130/355] Traitors All About Me! #229
  [131/355] Assault on Alcatraz! #230
  [132/355] Aftermath! #231
  [133/355] The Flame and The Fury #232
  [134/355] Crossfire #233
  [135/355] Burn, Cap, Burn! #234
  [136/355] To Stalk the Killer Skies! #235
  [137/355] Death Dive! #236
  [138/355] From the Ashes... #237
  [139/355] Snowfall Fury! #238
  [140/355] Mind-Stains on the Virgin Snow! #239
  [141/355] Gang Wars! #240
  [142/355] Fear Grows In Brooklyn! #241
  [143/355] Facades! #242
  [144/355] The Lazarus Conspiracy! #243
  [145/355] The Way of All Flesh! #244
  [146/355] The Calypso Connection! #245
  [147/355] The Sins of the Fathers! #246
  [148/355] By The Dawn's Early Light! #247
  [149/355] Dragon Man! #248
  [150/355] Death, Where is Thy Sting? #249
  [151/355] Cap For President! #250
  [152/355] The Mercenary and the Madman #251
  [153/355] Cold Fire! #252
  [154/355] Should Old Acquaintance Be Forgot #253
  [155/355] Blood on the Moors #254
  [156/355] The Living Legend #255
  [157/355] Ghosts of Greymoor Castle #256
  [158/355] Deadly Anniversary! #257
  [159/355] Blockbuster! #258
  [160/355] Rite of Passage! #259
  [161/355] Prison Reform! #260
  [162/355] Celluloid Heroes! #261
  [163/355] Death of a Legend? #262
  [164/355] The Last Movie! #263
  [165/355] The American Dreamers! #264
  [166/355] Thunderhead! #265
  [167/355] Flight From Thunderhead! #266
  [168/355] The Man Who Made A Difference! #267
  [169/355] Peace On Earth--Good Will To Man #268
  [170/355] A Mind Is A Terrible Thing To Waste! #269
  [171/355] Someone Who Cares #270
  [172/355] The Mystery of Mr. X #271
  [173/355] Mean Streets #272
  [174/355] Cap and the Howlers...Together Again! #273
  [175/355] Death of a Hero! #274
  [176/355] Yesterday's Shadows! #275
  [177/355] Turning Point!; Snapped, Part 1 #276
  [178/355] In Thy Image / Snapping, Part 2 #277
  [179/355] Oh, Thus Be it Ever... #278
  [180/355] Of Monsters and Men #279
  [181/355] Sermon Of Straw #280
  [182/355] Before The Fall! #281
  [183/355] On Your Belly You Shall Crawl, And Dust You Shall Eat! #282
  [184/355] America The Cursed! #283
  [185/355] Diverging... #284
  [186/355] Letting Go #285
  [187/355] One Man In Search of Himself #286
  [188/355] Future Shock #287
  [189/355] Mazes! #288
  [190/355] Tomorrow, The World?; Bernie America, Sentinel of Liberty #289
  [191/355] Echoes #290
  [192/355] To Tame a Tumbler #291
  [193/355] An American Christmas! #292
  [194/355] Field Of Vision! #293
  [195/355] The Measure of a Man! #294
  [196/355] The Centre Cannot Hold! #295
  [197/355] Things Fall Apart! #296
  [198/355] All My Sins Remembered! #297
  [199/355] The Life and Times of the Red Skull! #298
  [200/355] The Bunker #299
  [201/355] Das Ende #300
  [202/355] All Good Things #301
  [203/355] "...And Other Strangers" #302
  [204/355] Double Dare! #303
  [205/355] Undercover of the Night #304
  [206/355] Walk Upon England #305
  [207/355] The Summoning #306
  [208/355] Stop Making Sense #307
  [209/355] The Body In Question #308
  [210/355] Nomad, Madcap, Cap... #309
  [211/355] Serpents of the World Unite #310
  [212/355] Working #311
  [213/355] Deface the Nation #312
  [214/355] Mission: Murder Modok! #313
  [215/355] Asylum #314
  [216/355] The Hard Sell #315
  [217/355] Creatures of Love #316
  [218/355] Death-Throws #317
  [219/355] Justice is Served! #318
  [220/355] Overkill #319
  [221/355] The Little Bang Theory #320
  [222/355] Ultimatum! #321
  [223/355] The Chasm #322
  [224/355] Super-Patriot is Here #323
  [225/355] Speed Trap #324
  [226/355] Slugfest #325
  [227/355] The Haunting of Skull-House #326
  [228/355] Clashing Symbols #327
  [229/355] The Hard Way #328
  [230/355] Movers and Monsters #329
  [231/355] Night Shift #330
  [232/355] Soldier, Soldier #331
  [233/355] The Choice #332
  [234/355] The Replacement #333
  [235/355] Basic Training #334
  [236/355] Baptism of Fire #335
  [237/355] Natural Calling! #336
  [238/355] The Long Road Back #337
  [239/355] Power Struggle #338
  [240/355] America the Scorched! #339
  [241/355] Breakout #340
  [242/355] Break-In; Free Speech; In Our Midst! #341
  [243/355] The Snake Pit #342
  [244/355] Slippery People #343
  [245/355] Don't Tread On Me! #344
  [246/355] Surrender #345
  [247/355] Ambush! #346
  [248/355] Vengeance #347
  [249/355] Out of Commission #348
  [250/355] Icecap #349
  [251/355] Seeing Red; Resurrection #350
  [252/355] Changing of the Guard #351
  [253/355] Refuge #352
  [254/355] The Great Bear #353
  [255/355] Reawakening #354
  [256/355] Missing Person #355
  [257/355] Camptown Rages #356
  [258/355] Night of Sin; The Bloodstone Hunt #357
  [259/355] Bones of Contention #358
  [260/355] Wheel of Death #359
  [261/355] Blood in the Sea #360
  [262/355] Lair of the Living Mummy #361
  [263/355] Necromancing the Stone! #362
  [264/355] Moon Over Madripoor;  Malus Aforethought #363
  [265/355] Man Trap #364
  [266/355] Submission #365
  [267/355] Remote Control #366
  [268/355] Magnetic Repulsion #367
  [269/355] Red Twilight #368
  [270/355] The Skeleton Crew #369
  [271/355] House Calls #370
  [272/355] Cap's Night Out #371
  [273/355] Sold on Ice #372
  [274/355] After Blow #373
  [275/355] Falling Out #374
  [276/355] The Devil You Know #375
  [277/355] Cross Purposes #376
  [278/355] The 100% Solution #377
  [279/355] Grand Stand Play! #378
  [280/355] Moonstruck #379
  [281/355] With Friends Like These... #380
  [282/355] This Gun's For Hire #381
  [283/355] Why Does It Always Have to Be Snakes? #382
  [284/355] I Am Legend #383
  [285/355] Lair of the Ice-Worm #384
  [286/355] Going to the Dogs #385
  [287/355] For Righteousness's Sake #386
  [288/355] Maiden Voyage #387
  [289/355] Deep Sixed #388
  [290/355] Pageant Of Power #389
  [291/355] The Superia Stratagem Part Four of Six: When Women Wage War! #390
  [292/355] No Man's Land #391
  [293/355] Superia Unbound #392
  [294/355] Skullbound #393
  [295/355] The Crimson Crusade #394
  [296/355] Rogues in the House #395
  [297/355] Trick or Treat #396
  [298/355] Shot in the Dark #397
  [299/355] It Came From Outer Space #398
  [300/355] Twenty Million Light Years From Earth #399
  [301/355] Murder By Decree #400
  [302/355] After the Storm #401
  [303/355] Man and Wolf  (Part 1): The Prowling;  The Pit and the Pitiful #402
  [304/355] Man and Wolf (Part 2): City of Wolves;  Taken to Task #403
  [305/355] Man and Wolf (Part 3): Children of the Night;  Real World; #404
  [306/355] Man and Wolf (Part 4): Dances with Werewolves; Cross Country #405
  [307/355] Man and Wolf (Part 5): Leader of the Pack;  Fight on Skull Mountain! #406
  [308/355] Man And Wolf, Part 6: Lord Of The Wolves #407
  [309/355] Dark Dawn #408
  [310/355] Blood and Diamonds #409
  [311/355] Diamonds Are For Vengeance #410
  [312/355] The Arena #411
  [313/355] Disguise the Limit #412
  [314/355] Hostile Takeover! #413
  [315/355] Escape From AIM Isle #414
  [316/355] Savage Landings! #415
  [317/355] Untitled #416
  [318/355] Termination Day #417
  [319/355] To Have And To Have Not #418
  [320/355] Television Blind #419
  [321/355] Skull Sessions #420
  [322/355] Gauntlet: (The Faustus Affair, Part Two) #421
  [323/355] Going Ballistic #422
  [324/355] War Zones #423
  [325/355] The Last Operation #424
  [326/355] Super-Patriot Games #425
  [327/355] Graven Images #426
  [328/355] Enemy Fire #427
  [329/355] Policing the Nation #428
  [330/355] The Beaten Path #429
  [331/355] Cop Out #430
  [332/355] The Next Generation #431
  [333/355] Baron Ground #432
  [334/355] Diamonds Aren't Forever #433
  [335/355] Snake Bites #434
  [336/355] Snake, Battle and Toll #435
  [337/355] Everybody Hurts Sometime #436
  [338/355] If I Should Die Before I Wake #437
  [339/355] The Bombs Bursting in Air #438
  [340/355] O'er the Ramparts We Watched #439
  [341/355] Dawn's Early Light #440
  [342/355] Through the Perilous Fight #441
  [343/355] Broad Stripes and White Stripes #442
  [344/355] Twilight's Last Gleaming #443
  [345/355] Hope and Glory #444
  [346/355] Old Soldiers Never Die #445
  [347/355] The Devil You Know #446
  [348/355] Operation Rebirth, Part 3: Triumph of the Will #447
  [349/355] Operation Rebirth, Part 4: American Dream #448
  [350/355] First Sign, Part 1: I'll Take Manhattan #449
  [351/355] Man Without a Country, Part 1: Executive Action #450
  [352/355] Man Without A Country, Part 2: Plan A #451
  [353/355] Man without a Country, Part 3: Plan B #452
  [354/355] Man Without a Country, Part 4: Executive Action #453
  [355/355] Sanctuary #454

=== Processing volume: Captain America (Marvel) ===
  matched volume: Captain America | id: 11499 | publisher: Marvel | issue count: None
  fetched 72 issues
  [1/72] Out of Time (Part 1 of 6) #1
  [2/72] House of M #10
  [3/72] The Winter Soldier, Part 3 #11
  [4/72] The Winter Soldier, Part 4 #12
  [5/72] The Winter Soldier, Part 5 #13
  [6/72] The Winter Soldier, Part 6 #14
  [7/72] Red is the Darkest Color #15
  [8/72] Collision Courses, Part 1 #16
  [9/72] Collision Courses, Part 2 #17
  [10/72] Twenty-First Century Blitz, Part 1 #18
  [11/72] Twenty-First Century Blitz, Part 2 #19
  [12/72] Out of Time (Part 2 of 6) #2
  [13/72] Twenty-First Century Blitz, Part 3 #20
  [14/72] Twenty-First Century Blitz, Part 4 #21
  [15/72] The Drums of War (Part 1 of 3) #22
  [16/72] The Drums of War (Part 2 of 3) #23
  [17/72] The Drums of War (Part 3 of 3) #24
  [18/72] Death of the Dream (Part 1 of 6) #25
  [19/72] Death of the Dream (Part 2 of 6) #26
  [20/72] Death of the Dream (Part 3 of 6) #27
  [21/72] Death of the Dream (Part 4 of 6) #28
  [22/72] Death of the Dream (Part 5 of 6) #29
  [23/72] Out of Time (Part 3 of 6) #3
  [24/72] Death of the Dream (Part 6 of 6) #30
  [25/72] The Burden of Dreams (Part 1 of 6) #31
  [26/72] The Burden of Dreams (Part 2 of 6) #32
  [27/72] The Burden of Dreams (Part 3 of 6) #33
  [28/72] The Burden of Dreams (Part 4 of 6) #34
  [29/72] The Death Of Captain America, Act 2, The Burden of Dreams: Part Four. Director's Cut #34 Director's Cut
  [30/72] The Burden of Dreams (Part 5 of 6) #35
  [31/72] The Burden of Dreams (Part 6 of 6) #36
  [32/72] The Man Who Bought America, Part 1 #37
  [33/72] The Man Who Bought America, Part 2 #38
  [34/72] The Man Who Bought America, Part 3 #39
  [35/72] Out of Time (Part 4 of 6) #4
  [36/72] The Man Who Bought America, Part 4 #40
  [37/72] The Man Who Bought America, Part 5 #41
  [38/72] The Man Who Bought America: Part Six #42
  [39/72] Time's Arrow (Part 1 of 3) #43
  [40/72] Time's Arrow (Part 2 of 3) #44
  [41/72] Time's Arrow (Part 3 of 3) #45
  [42/72] Old Friends and Enemies (Part 1) #46
  [43/72] Old Friends and Enemies (Part 2 of 3) #47
  [44/72] Old Friends and Enemies (Part 3 of 3) #48
  [45/72] The Daughter of Time #49
  [46/72] Out of Time (Part 5 of 6) #5
  [47/72] Days Gone By; Sentinel Of Liberty; Passing The Torch #50
  [48/72] Out of Time (Part 6 of 6) #6
  [49/72] Origin; One Year After; In Memorium; The Persistence Of Memorbilia; My Bulletin Board; Red Skull's Deadly Revenge #600
  [50/72] Red, White and Blue-Blood #601
  [51/72] Two Americas, Part One: Nomad in Conjunction, Part 1 #602
  [52/72] Two Americas, Part Two; Nomad in Conjunction, Part 2 #603
  [53/72] Two Americas, Part Three; Conjunction, Part 3 #604
  [54/72] Two Americas, Conclusion #605
  [55/72] No Escape, Part 1 #606
  [56/72] No Escape, Part 2 #607
  [57/72] No Escape, Part 3; Welcome Home, Part 1 #608
  [58/72] No Escape, Part 4; Welcome Home, Part 2 #609
  [59/72] No Escape Conclusion; Welcome Home Conclusion #610
  [60/72] The Trial of Captain America, Part One #611
  [61/72] The Trial of Captain America Part 2; Underneath the Skin part 2 #612
  [62/72] The Trial of Captain America, Part 3; Nomad: Underneath the Skin Part 3 #613
  [63/72] The Trial of Captain America Part 4; Underneath The Skin Conclusion #614
  [64/72] The Trial of Captain America Part 5; It's Never Sunny In Philadelphia #615
  [65/72] Untitled #615.1
  [66/72] 70th Anniversary Issue #616
  [67/72] Gulag, Part 2 #617
  [68/72] Gulag, Part 3 #618
  [69/72] Gulag, Part 4 #619
  [70/72] Interlude: The Lonesome Death of Jack Monroe #7
  [71/72] The Winter Soldier Part 1 #8
  [72/72] The Winter Soldier Part 2 #9

=== Processing volume: Captain America (Marvel) ===
  matched volume: Captain America | id: 41245 | publisher: Marvel | issue count: None
  fetched 19 issues
  [1/19] American Dreamers Part 1 #1
  [2/19] Powerless, Part 5 #10
  [3/19] Shock to the System, Pt. 1 #11
  [4/19] Shock to the System, Pt. 2 #12
  [5/19] Shock to the System, Part 3 #13
  [6/19] Shock to the System, Part 4 #14
  [7/19] New World Orders, Part 1 #15
  [8/19] New World Orders, Part 2 #16
  [9/19] New World Orders, Part 3 #17
  [10/19] New World Orders, Part 4 #18
  [11/19] Finale #19
  [12/19] American Dreamers Part 2 #2
  [13/19] American Dreamers Part 3 #3
  [14/19] American Dreamers Part 4 #4
  [15/19] American Dreamers Part 5 #5
  [16/19] Powerless, Part 1 #6
  [17/19] Powerless, Part 2 #7
  [18/19] Powerless, Part 3 #8
  [19/19] Powerless, Part 4 #9

=== Processing volume: The Invincible Iron Man (Marvel) ===
  matched volume: The Invincible Iron Man | id: 146873 | publisher: Marvel | issue count: None
  fetched 20 issues
  [1/20] The Autobiography of Tony Stark, Chapter One #1
  [2/20] Sentenced to Life #10
  [3/20] The Honeymoon Is Over #11
  [4/20] Patron Saint #12
  [5/20] The Mysterium Marauders #13
  [6/20] Here Be Mandarin Rings #14
  [7/20] The River #15
  [8/20] Splash Damage #16
  [9/20] The Price of Knowledge #17
  [10/20] If I Only Had a Heart #18
  [11/20] If I Only Had a Heart #19
  [12/20] The Autobiography of Tony Stark, Chapter Two #2
  [13/20] End of the Line #20
  [14/20] The Autobiography of Tony Stark, Chapter Three #3
  [15/20] The Autobiography of Tony Stark, Chapter Four #4
  [16/20] The Autobiography of Tony Stark, Conclusion  #5
  [17/20] A Blast From The Past #6
  [18/20] Fight the Future #7
  [19/20] You Can't Stay at a Party Too Long if You Don't Go to the Party #8
  [20/20] The End of Iron Man #9

=== Processing volume: Invincible Iron Man (Marvel) ===
  matched volume: Invincible Iron Man | id: 21487 | publisher: Marvel | issue count: None
  fetched 62 issues
  [1/62] The Five Nightmares, Part 1: Armageddon Days #1
  [2/62] World's most Wanted, part 3: No Future #10
  [3/62] World's Most Wanted, part 4: Breach #11
  [4/62] World's Most Wanted, part 5: The High-End Technology of Ultramodern Destruction #12
  [5/62] World's Most Wanted, Part 6: Some King of the World #13
  [6/62] World's Most Wanted, Part 7 - The Shape of the World These Days #14
  [7/62] World's Most Wanted, Part 8: The Danger We're All In #15
  [8/62] World's Most Wanted, Part 9: Titan of the Nuclear Age #16
  [9/62] World's Most Wanted, Part 10: Ashes And Snow #17
  [10/62] World's Most Wanted, Part 11: Kids With Guns Vs. The Eternal Angel of Death #18
  [11/62] World's Most Wanted, Conclusion #19
  [12/62] The Five Nightmares, Part 2: Murder, Inc. #2
  [13/62] Stark: Disassembled, Part One: Counting Up From Zero #20
  [14/62] Stark: Disassembled, Part Two: Digging in the Dirt #21
  [15/62] Stark: Disassembled, Part Three: Is it Safe? #22
  [16/62] Stark: Disassembled, Part Four: Ghosts in the Machine #23
  [17/62] Stark: Disassembled, Conclusion #24
  [18/62] Hammer Girls #25
  [19/62] Visionary Men #26
  [20/62] This is What We Do #27
  [21/62] Grand Mal Tokyo Moron Party #28
  [22/62] Predators and Prey in Their Natural Environments #29
  [23/62] The Five Nightmares, Part 3: Pepper Potts at the End of the World #3
  [24/62] Tony, We Don't Want to Destroy You #30
  [25/62] Sabot #31
  [26/62] Drones Scream Down #32
  [27/62] The Man in the Box #33
  [28/62] The Five Nightmares, Part 4: Neutron Bomb Heart #4
  [29/62] The Five Nightmares, Part 5: Code Black #5
  [30/62] The New Iron Age #500
  [31/62] What It Was Like, What Happened, And What It's Like Now #500.1
  [32/62] Fix Me #501
  [33/62] The God Number #502
  [34/62] Fear Itself #503
  [35/62] City of Light, City of Stone #504
  [36/62] Cracked Actor #505
  [37/62] The Apostate #506
  [38/62] Fog of War #507
  [39/62] If I Ever Get Out of Here #508
  [40/62] Mercy #509
  [41/62] Demon Part 1: The Beast in Me #510
  [42/62] Demon Part 2: Exposure #511
  [43/62] Demon Part 3: Control #512
  [44/62] Demon 4: Control #513
  [45/62] Demon 5: Melt #514
  [46/62] Demon 6: Fall #515
  [47/62] Long Way Down Part 1: Night of the Long Knives #516
  [48/62] Long Way Down Part 2: How to Make a Madman #517
  [49/62] Long Way Down Part 3: You Ghosts of Mine Both New and Old #518
  [50/62] Long Way Down 4: The Work #519
  [51/62] Long Way Down 5: The Dead and the Dying #520
  [52/62] The Future Part 1: The Demolished Man #521
  [53/62] The Future Part 2: Rings #522
  [54/62] The Future Part 3: Swarm #523
  [55/62] The Future Part 4: Armor War #524
  [56/62] The Future Part 5: Beating Down the Transhuman Condition #525
  [57/62] The Future Part 6: Independence Day #526
  [58/62] The Future Finale: The Stars My Destination #527
  [59/62] The Five Nightmares, Part 6: Irrational Actors #6
  [60/62] The Five Nightmares, Epilogue: Clifton Pollard #7
  [61/62] World's Most Wanted, Part 1: Shipbreaking #8
  [62/62] World's Most Wanted, part 2: Godspeed #9

=== Processing volume: The Mighty Thor (Marvel) ===
  matched volume: The Mighty Thor | id: 44149 | publisher: Marvel | issue count: None
  fetched 2 issues
  [1/2] Volume One #1
  [2/2] Volume Two #2

=== Processing volume: Thor (Marvel) ===
  matched volume: Thor | id: 18831 | publisher: Marvel | issue count: None
  fetched 35 issues
  [1/35] Rebirth #1
  [2/35] Issue 10 #10
  [3/35] Issue 11 #11
  [4/35] Diversions and Misdirections #12
  [5/35] Diner #2
  [6/35] Everything Old Is New Again #3
  [7/35] No Borders #4
  [8/35] Special Delivery #5
  [9/35] Wandering Gods #6
  [10/35] Victory #600
  [11/35] Defining Moments #601
    image upload failed: 502 Server Error: Bad Gateway for url: https://comicvine.gamespot.com/a/uploads/original/0/9241/776178-001.jpg
  [12/35] Uncertain Destinies #602
  [13/35] Issue 603 #603
  [14/35] Latverian Prometheus #604
  [15/35] Latverian Prometheus: Part 2 #605
  [16/35] Latverian Prometheus, Conclusion #606
  [17/35] Siege: Ragnarok, Part 1 #607
  [18/35] Siege: Ragnarok, Part 2 #608
  [19/35] Siege: Ragnarok, Part 3 #609
  [20/35] Siege: Ragnarok, Conclusion #610
  [21/35] The Fine Print, Part 1 #611
  [22/35] The Fine Print, Part 2 #612
  [23/35] The Fine Print, Part 3 #613
  [24/35] The Fine Print, Part Four #614
  [25/35] Issue 615 #615
  [26/35] Issue 616 #616
  [27/35] Issue 617 #617
  [28/35] The World Eaters Chapter 4 #618
  [29/35] Issue 619 #619
  [30/35] Issue 620 #620
  [31/35] Issue 620.1 #620.1
  [32/35] Issue 621 #621
  [33/35] Father Issues, Part 1 #7
  [34/35] Father Issues, Part 2 #8
  [35/35] Forced Perspective #9

=== Processing volume: Thor (Marvel) ===
  matched volume: Thor | id: 77223 | publisher: Marvel | issue count: None
  fetched 8 issues
  [1/8] If He Be Worthy #1
  [2/8] The Goddess of Thunder #2
  [3/8] When the Ice Lords Make War #3
  [4/8] Thor Vs. Thor #4
  [5/8] Behold, A New Age of Thunder #5
  [6/8] Who Holds the Hammer? #6
  [7/8] The Battle for the Hammer #7
  [8/8] The Woman Beneath The Mask #8

=== Processing volume: The Incredible Hulk (Marvel) ===
  matched volume: The Incredible Hulk | id: 2406 | publisher: Marvel | issue count: None
  fetched 374 issues
  [1/374] Grave Matters #-1
  [2/374] --This World Not His Own! #102
  [3/374] And Now...the Space Parasite! #103
  [4/374] Ring Around the Rhino #104
  [5/374] This Monster Unleashed! #105
  [6/374] Above the Earth...a Titan Rages! #106
  [7/374] Ten Rings Hath the Mandarin #107
  [8/374] Monster Triumphant! #108
  [9/374] The Monster and the Man-Beast! #109
  [10/374] Umbu, the Unliving #110
  [11/374] Shanghaied in Space! #111
  [12/374] The Brute Battles On! #112
  [13/374] Where Fall the Shifting Sands! #113
  [14/374] At Last I Will Have my Revenge! #114
  [15/374] Lo, the Leader Lives! #115
  [16/374] The Eve of...Annihilation! #116
  [17/374] World's End? #117
  [18/374] A Clash of Titans #118
  [19/374] At the Mercy of...Maximus the Mad! #119
  [20/374] On the Side of...the Evil Inhumans! #120
  [21/374] Within the Swamp, There Stirs...a Glob! #121
  [22/374] The Hulk's Last Fight! #122
  [23/374] No More the Monster! #123
  [24/374] The Rhino Says No! #124
  [25/374] ...And Now, the Absorbing Man! #125
  [26/374] Where Stalks the Night-Crawler #126
  [27/374] Mogol! #127
  [28/374] And In This Corner... The Avengers! #128
  [29/374] Again, the Glob! #129
  [30/374] If I Kill You, I Die! #130
  [31/374] A Titan Stalks the Tenements! #131
  [32/374] In the Hands of HYDRA! #132
  [33/374] Day of Thunder--Night of Death! #133
  [34/374] Among Us Walks...the Golem! #134
  [35/374] Descent into the Time-Storm! #135
  [36/374] Klaatu! The Behemoth from Beyond Space! #136
  [37/374] The Stars, Mine Enemy! #137
  [38/374] ...Sincerely, the Sandman! #138
  [39/374] Many Foes Has the Hulk #139
  [40/374] The Brute That Shouted Love At the Heart of the Atom #140
  [41/374] His Name Is...Samson! #141
  [42/374] They Shoot Hulks, Don't They? #142
  [43/374] Sanctuary! #143
  [44/374] The Monster and the Madman #144
  [45/374] Godspawn #145
  [46/374] And the Measure of a Man Is Death #146
  [47/374] The End of Doc Samson #147
  [48/374] But Tomorrow the Sun Shall Die #148
  [49/374] The Inheritor #149
  [50/374] Cry Hulk, Cry Havok! #150
  [51/374] When Monsters Meet! #151
  [52/374] But Who Will Judge the Hulk? #152
  [53/374] The World, My Jury! #153
  [54/374] Hell Is a Very Small Hulk! #154
  [55/374] Destination: Nightmare! #155
  [56/374] Holocaust At the Heart of the Atom #156
  [57/374] Name My Vengeance: Rhino #157
  [58/374] Frenzy On a Far-Away World #158
  [59/374] Two Years Before the Abomination #159
  [60/374] Nightmare in Niagara Falls! #160
  [61/374] Beyond the Border Lurks Death #161
  [62/374] Spawn of the Flesh-Eater #162
  [63/374] Trackdown #163
  [64/374] The Phantom From 5,000 Fathoms #164
  [65/374] The Green-Skinned God #165
  [66/374] The Destroyer From the Dynamo #166
  [67/374] To Destroy the Monster #167
  [68/374] The Hate of the Harpy #168
  [69/374] Calamity In the Clouds #169
  [70/374] Death From On High #170
  [71/374] Revenge! #171
  [72/374] And Canst Thou Slay... The Juggernaut? #172
  [73/374] Anybody Out There Remember...The Cobalt Man? #173
  [74/374] Doomsday...Down Under! #174
  [75/374] "Man-Brute in the Hidden Land!" #175
  [76/374] Crisis On Counter-Earth #176
  [77/374] Peril of the Plural Planet! #177
  [78/374] Triumph On Terra-Two #178
  [79/374] Re-Enter: The Missing Link! #179
  [80/374] And the Wind Howls... Wendigo! #180
  [81/374] And Now...The Wolverine! #181
  [82/374] Between Hammer and Anvil! #182
  [83/374] Fury at 50,000 Volts! #183
  [84/374] Shadow on the Land #184
  [85/374] Deathknell! #185
  [86/374] The Day of the Devastator! #186
  [87/374] There's a Gremlin in the Works! #187
  [88/374] Mind Over Mayhem! #188
  [89/374] None Are So Blind...! #189
  [90/374] The Man Who Came Down on a Rainbow! #190
  [91/374] The Triumph of the Toad! #191
  [92/374] The Lurker Beneath Loch Fear! #192
  [93/374] The Doctor's Name Is... Samson! #193
  [94/374] The Day of the Locust! #194
  [95/374] Warfare In Wonderland! #195
  [96/374] The Abomination Proclamation! #196
  [97/374] ...And Man-Thing Makes Three! #197
  [98/374] The Shangri-La Syndrome! #198
  [99/374] ...And SHIELD Shall Follow! #199
  [100/374] An Intruder in the Mind #200
  [101/374] The Sword And The Sorcerer! #201
  [102/374] Havoc at the Heart of the Atom #202
  [103/374] Assault on Psyklop! #203
  [104/374] Vicious Circle! #204
  [105/374] Do Not Forsake Me! #205
  [106/374] A Man-Brute Berserk! #206
  [107/374] Alone Against the Defenders! #207
  [108/374] A Monster In Our Midst! #208
  [109/374] The Absorbing Man is Out for Blood! #209
  [110/374] And Call The Doctor...Druid! #210
  [111/374] The Monster and the Mystic! #211
  [112/374] Crushed by... The Constrictor! #212
  [113/374] You Just Don't Quarrel With The Quintronic Man! #213
  [114/374] The Jack of Hearts is Wild! #214
  [115/374] Home is Where the Hurt Is #215
  [116/374] Countdown to Catastrophe! #216
  [117/374] The Circus of Lost Souls! #217
  [118/374] The Rhino Doesn't Stop Here Anymore #218
  [119/374] No Man Is An Island! #219
  [120/374] Fury At 5000 Fathoms! #220
  [121/374] Show Me The Way To Go Home #221
  [122/374] Feeding Billy #222
  [123/374] The Curing of Dr. Banner! #223
  [124/374] Follow the Leader! #224
  [125/374] Is There Hulk After Death? #225
  [126/374] Big Monster on Campus! #226
  [127/374] The Monster's Analyst #227
  [128/374] Bad Moon on the Rise #228
  [129/374] The Moonstone is a Harsh Mistress #229
  [130/374] The Harvester from Beyond #230
  [131/374] Prelude #231
  [132/374] The Battle Below #232
  [133/374] ...At the Bottom of the Bay! #233
  [134/374] Battleground: Berekley! #234
  [135/374] The Monster And The Machine #235
  [136/374] Kill Or Be Killed! #236
  [137/374] When A City Dies! #237
  [138/374] Post Hulk...Post Holocaust! #238
  [139/374] All That Glitters... #239
  [140/374] ...And Now El Dorado #240
  [141/374] Partners in Deception! #241
  [142/374] Sic Semper Tyrannus! #242
  [143/374] Death--and Destiny! #243
  [144/374] It Lives! #244
  [145/374] When The Hulk Comes Raging! #245
  [146/374] The Hero and the Hulk! #246
  [147/374] Jarella's World #247
  [148/374] How Green My Garden Grows! #248
  [149/374] Jack Frost Nipping at Your Soul! #249
  [150/374] The Monster! #250
  [151/374] Whatever Happened to the 3-D Man? #251
  [152/374] The Changelings! #252
  [153/374] The Changelings--Part II! #253
  [154/374] Waiting For the U-Foes! #254
  [155/374] Thunder Under the East River! #255
  [156/374] Power in the Promised Land! #256
  [157/374] Crypt Of Chaos! #257
  [158/374] ...To Hunt the Hulk! #258
  [159/374] The Family That Dies Together...! #259
  [160/374] Sunset of a Samurai! #260
  [161/374] Encounter on Easter Island! #261
  [162/374] People in Glass Houses Shouldn't Hurt Hulks!; Foundling! #262
  [163/374] I Feel the Earth Move Under My Feet, and the Sky Come Tumbling Down! #263
  [164/374] He Flies by Night! #264
  [165/374] You Get What You Need! #265
  [166/374] Devolution #266
  [167/374] What a Day for a Daydream! #267
  [168/374] And They Called the Wind Pariah #268
  [169/374] Enter: The Hulk Hunters! #269
  [170/374] The Goliath, the Gargoyle and the Galaxy Master! #270
  [171/374] Rocket Raccoon! #271
  [172/374] Weird Song Of The Wendigo! #272
  [173/374] Once A Hulk, Always A Hulk! #273
  [174/374] Home the Hard Way! #274
  [175/374] Megalith! #275
  [176/374] The Return of the U-Foes! #276
  [177/374] What Friends Are For! #277
  [178/374] Amnesty! #278
  [179/374] Everybody Loves A Parade, Right? #279
  [180/374] Alone in a Crowd! #280
  [181/374] Audition! #281
  [182/374] Again Arsenal #282
  [183/374] Follow the Leader! #283
  [184/374] Time-Lost! #284
  [185/374] Today is the First Day of the Rest of My Life! #285
  [186/374] Hero #286
  [187/374] Loose Ends! #287
  [188/374] Yellow Fever?! #288
  [189/374] A.I.M. for the Top! #289
  [190/374] Unholy Alliance #290
  [191/374] Old Soldiers Never Die! #291
  [192/374] Dragon-Night! #292
  [193/374] Assassin! #293
  [194/374] Boomerang! #294
  [195/374] Turning Point! #295
  [196/374] To Kill or Cure! #296
  [197/374] Sleep, My Child...And Peace Attend Thee All Through the Night! #297
  [198/374] Sleepwalker! #298
  [199/374] Strange Days Have Found Us! #299
  [200/374] Days of Rage! #300
  [201/374] Crossroads! #301
  [202/374] Lady of Life - City of Death! #302
  [203/374] Growing Up Is Hard To Do! #303
  [204/374] Prisoners! #304
  [205/374] Fancy Meeting You Here! #305
  [206/374] Call Me Ishmael, Call Me... Hulk! #306
  [207/374] The Hunt Across Worlds! #307
  [208/374] ...And Here There Be -- Demons! #308
  [209/374] The Triad! #309
  [210/374] Banner Redux #310
  [211/374] Life is a Four Letter Word! #311
  [212/374] Monster #312
  [213/374] Hook, Line & Sinker! #313
  [214/374] Call of the Desert; Yesterday's Sorrows; Yesterday's Foes #314
  [215/374] Freedom! #315
  [216/374] Battleground #316
  [217/374] You're Probably Wondering Why I Called You Here Today... #317
  [218/374] Baptism Of Fire #318
  [219/374] Member Of The Wedding #319
  [220/374] Honeymoon's Over! #320
  [221/374] ...And the Walls Came Tumbling Down! #321
  [222/374] Must the Hulk Die? #322
  [223/374] Certain Intangibles #323
  [224/374] The More Things Change... #324
  [225/374] The New Hulk! #325
  [226/374] Desert Heat #326
  [227/374] As Others See Us! #327
  [228/374] Piece of Mind #328
  [229/374] Outcasts! #329
  [230/374] Head Games! #330
  [231/374] Inconstant Moon #331
  [232/374] Dance with The Devil! #332
  [233/374] Quality of Life #333
  [234/374] Grave Circumstances #334
  [235/374] The Evil That Men Do! #335
  [236/374] X-Tremes! #336
  [237/374] Crossroads #337
  [238/374] Mercy Killing #338
  [239/374] Native Son #339
  [240/374] Vicious Circle #340
  [241/374] The Savage Bull Doth Bear the Yoke! #341
  [242/374] No Human Fears #342
  [243/374] Beyond Redemption #343
  [244/374] Pyrrhic Victory #344
  [245/374] Closing Curtain #345
  [246/374] Whys and Wherefores #346
  [247/374] Crap Shoot #347
  [248/374] Job Security #348
  [249/374] Warzone #349
  [250/374] Before the Fall #350
  [251/374] Total Recall #351
  [252/374] Fervor #352
  [253/374] Down and Out in...Las Vegas #353
  [254/374] The Sure Thing #354
  [255/374] Now You See It... #355
  [256/374] Control Problems #356
  [257/374] Possibilities #357
  [258/374] Inferno-2 Hulk-0 #358
  [259/374] Soul Man #359
  [260/374] Nightmoves #360
  [261/374] Iron Tears #361
  [262/374] Phasing Out #362
  [263/374] Still Life #363
  [264/374] Countdown, Part 1: Abomination #364
  [265/374] Countdown, Part 2: Fantastic 4 #365
  [266/374] Countdown, Part 3: The Leader #366
  [267/374] Countdown, Part 4: Madman #367
  [268/374] Natural Selection #368
  [269/374] Silent Screams #369
  [270/374] Strange Matters #370
  [271/374] Strange But True #371
  [272/374] He's Back #372
  [273/374] Mending Fences #373
  [274/374] No Autographs #374
  [275/374] Night of the Living Skrulls #375
  [276/374] Personality Conflict #376
  [277/374] Honey, I Shrunk the Hulk #377
  [278/374] Rhino Plastered #378
  [279/374] Hit And Myth #379
  [280/374] Crazy Eight #380
  [281/374] Exposition #381
  [282/374] Moving On #382
  [283/374] Green Canard #383
  [284/374] Small Talk #384
  [285/374] Dark Dominion #385
  [286/374] Little Hitler #386
  [287/374] Hiding Behind Mosques #387
  [288/374] Thicker Than Water #388
  [289/374] Of Man and Man-Thing #389
  [290/374] This Means War #390
  [291/374] X-Calation #391
  [292/374] Fortunes of War #392
  [293/374] The Closing Circle / Grudge Match / Psychological Ramifications of Gamma Radiation #393
  [294/374] Cold Storage #394
  [295/374] Return To Vegas #395
  [296/374] Frost Bite #396
  [297/374] Ghost of the Past, Part 1: Welcome Home #397
  [298/374] Ghost of the Past, Part 2: Betrayals #398
  [299/374] Ghost of the Past, Part 3: A Convocation of Politic Worms #399
  [300/374] Ghost of the Past, Part 4: Deus Ex Machina; A Titan Rides the Train! #400
  [301/374] Filling Slots #401
  [302/374] The Forest for the Trees #402
  [303/374] In Memory Yet Green #403
  [304/374] Disarray, Thataway #404
  [305/374] Downtime #405
  [306/374] American Pie #406
  [307/374] More or Ness; Ulysses #407
  [308/374] A Sinking Feeling; Ulysses, Part 2: First Contact #408
  [309/374] Royal Pain; Ulysses, Part 3: First Blood #409
  [310/374] Jailhouse Rock; Ulysses, Part 4: Out of the Fire #410
  [311/374] Liberation Day; Ulysses, Part 5: Dead Heat #411
  [312/374] Bi Me That; Ulysses, Part 6: Heir Apparent #412
  [313/374] The Troyjan War, Part 1: Illegal Aliens #413
  [314/374] The Troyjan War, Part 2: Blast Off #414
  [315/374] The Troyjan War, Part 3: Jammin' #415
  [316/374] The Troyjan War, Part 4: The Big Bang #416
  [317/374] Party Animals #417
  [318/374] We Are Gathered Here #418
  [319/374] The Last Waltz #419
  [320/374] Lest Darkness Come #420
  [321/374] Myth Conceptions, Part 1: Pursuit #421
  [322/374] Myth Conceptions, Part 2: Flight #422
  [323/374] Myth Conceptions, Part 3: Hel and Back #423
  [324/374] Fall of the Pantheon, Part 1: Trial #424
  [325/374] Fall of the Pantheon, Part 2: Error #425
  [326/374] Fall of the Pantheon, Epilogue: One Fell Off #426
  [327/374] Six Months Later... #427
  [328/374] Swamped #428
  [329/374] A Little Death #429
  [330/374] Sliced & Diced #430
  [331/374] Down Under #431
  [332/374] Shades of Green #432
  [333/374] Punishment Fit the Crime #433
  [334/374] Funeral Story #434
  [335/374] The Unnatural #435
  [336/374] Ghosts of the Future, Part 1: Uncovered #436
  [337/374] Ghosts of the Future, Part 2: Head Cases #437
  [338/374] Ghosts of the Future, Part 3: Fragmented Personality #438
  [339/374] Ghosts of the Future, Part 4: Scapegoat #439
  [340/374] Ghosts of the Future, Part 5: The Big Bang #440
  [341/374] Hulk Fiction #441
  [342/374] Private Sessions #442
  [343/374] Then and Now #443
  [344/374] Onslaught Impact, Part 1: Cable Vision #444
  [345/374] Onslaught Impact, Part 2: Dancing In the Dark #445
  [346/374] I'll Take Manhattan #446
  [347/374] Survivor's Guilt #447
  [348/374] Line in the Sand #448
  [349/374] Introducing the Thunderbolts! #449
  [350/374] Hurray for Hulk; A Little Leeway #450
  [351/374] Island Getaway #451
  [352/374] Take Charge Guy #452
  [353/374] Lock and Key #453
  [354/374] Best Intentions #454
  [355/374] Waiting to X-Hale #455
  [356/374] War and Remembrance #456
  [357/374] Of Course You Realize This Means War! #457
  [358/374] Crash and Burn #458
  [359/374] Last Legs #459
  [360/374] Homecoming #460
  [361/374] Self Destruction #461
  [362/374] Reconciliations #462
  [363/374] College Daze #463
  [364/374] Battleground Earth #464
  [365/374] Men in Green #465
  [366/374] Of All Sad Words #466
  [367/374] The Lone and Level Sands #467
  [368/374] A Dark Green Life #468
  [369/374] Adaptive Audience #469
  [370/374] Circus People #470
  [371/374] Odds & Sods #471
  [372/374] The Great Astonishment, Part 1: Auld Lang Syne #472
  [373/374] The Great Astonishment, Part 2: The Edge of Universal Pain #473
  [374/374] The Great Astonishment, Part 3: It’s All True! #474

=== Processing volume: Hulk (Marvel) ===
  matched volume: Hulk | id: 6779 | publisher: Marvel | issue count: None
  fetched 12 issues
  [1/12] The Gathering Storm #1
  [2/12] No Escape #½
  [3/12] This Power Divided #10
  [4/12] Role Reversal #11
  [5/12] Holocaust in the Heartland! #2
  [6/12] Heart of Darkness, Soul of Fire #3
  [7/12] Turbulence #4
  [8/12] Yes, I Saw The Hulk! #5
  [9/12] New Lives for Old #6
  [10/12] Trouble in Paradise #7
  [11/12] Death Match #8
  [12/12] Chip on My Shoulder #9

=== Processing volume: Hawkeye (Marvel) ===
  matched volume: Hawkeye | id: 50941 | publisher: Marvel | issue count: None
  fetched 22 issues
  [1/22] Lucky #1
  [2/22] Issue 10 #10
  [3/22] Pizza Is My Business #11
  [4/22] Issue 12 #12
  [5/22] The U in Funeral #13
  [6/22] L.A. Woman #14
  [7/22] Fun and Games #15
  [8/22] Recording Tape #16
  [9/22] Issue 17 #17
  [10/22] Issue 18 #18
  [11/22] The Stuff What Don't Get Spoke #19
  [12/22] The Vagabond Code #2
  [13/22] Issue 20 #20
  [14/22] Rio Bravo #21
  [15/22] Issue 22 #22
  [16/22] Cherry #3
  [17/22] The Tape, 1 of 2 #4
  [18/22] The Tape, 2 of 2 #5
  [19/22] Six Days in the Life Of #6
  [20/22] Issue 7 #7
  [21/22] My Bad Penny #8
  [22/22] Girls #9

=== Processing volume: Ms. Marvel (Marvel) ===
  matched volume: Ms. Marvel | id: 71457 | publisher: Marvel | issue count: None
  fetched 19 issues
  [1/19] Part One of Five: Meta Morphosis #1
  [2/19] Generation Why: Part Three of Four #10
  [3/19] Generation Why: Part Four of Four #11
  [4/19] Loki in Love #12
  [5/19] Crushed, Part One of Three #13
  [6/19] Crushed Part Two of Three #14
  [7/19] Crushed Part Three of Three #15
  [8/19] Last Days Part One #16
  [9/19] Last Days Part Two #17
  [10/19] Last Days Part Three #18
  [11/19] Last Days Part Four #19
  [12/19] Part Two of Five: All Mankind #2
  [13/19] Part Three of Five: Side Entrance #3
  [14/19] Part Four of Five: Past Curfew #4
  [15/19] Part Five of Five: Urban Legend #5
  [16/19] Healing Factor: Part One #6
  [17/19] Healing Factor Part Two of Two #7
  [18/19] Generation Why: Part One of Four #8
  [19/19] Generation Why: Part Two of Four #9

=== Processing volume: Vision (Marvel) ===
  matched volume: Vision | id: 85793 | publisher: Marvel | issue count: None
  fetched 12 issues
  [1/12] Visions of the Future #1
  [2/12] All Will Return To Normal #10
  [3/12] You and I Were Born For Better Things #11
  [4/12] Spring #12
  [5/12] Everything Slips Through Their Fingers. #2
  [6/12] In and Out #3
  [7/12] Balls In The Air #4
  [8/12] The Villainy You Teach Me #5
  [9/12] P vs. NP #6
  [10/12] I Too Shall Be Saved By Love #7
  [11/12] Victorious #8
  [12/12] They Will Die In the Flames #9

=== Processing volume: Daredevil (Marvel) ===
  matched volume: Daredevil | id: 2190 | publisher: Marvel | issue count: None
  fetched 381 issues
  [1/381] A Time To Say Farewell #-1
  [2/381] The Origin of Daredevil #1
  [3/381] While the City Sleeps! #10
  [4/381] Mind Storm #100
  [5/381] Vengeance In The Sky Diamonds! #101
  [6/381] Stilt-Man Stalks The City! #102
  [7/381] Then Came Ramrod! #103
  [8/381] Prey Of The Hunter! #104
  [9/381] Menace From The Moons Of Saturn! #105
  [10/381] Life Be Not Proud! #106
  [11/381] Blind Man's Bluff! #107
  [12/381] Cry Beetle! #108
  [13/381] Dying For Dollars! #109
  [14/381] A Time To Unmask! #11
  [15/381] Birthright! #110
  [16/381] Sword Of The Samurai! #111
  [17/381] Death Of A Nation? #112
  [18/381] When Strikes The Gladiator! #113
  [19/381] A Quiet Night In The Swamp! #114
  [20/381] Death Stalks The City! #115
  [21/381] Two Flew Over The Owl's Nest! #116
  [22/381] Mindtap! #117
  [23/381] Circus Spelled Sideways Is Death! #118
  [24/381] They're Tearing Down Fogwell's Gym! #119
  [25/381] Sightless, In a Savage Land! #12
  [26/381] And A Hydra New Year! #120
  [27/381] Foggy Nelson, Agent Of S.H.I.E.L.D.! #121
  [28/381] HYDRA - AND - SEEK #122
  [29/381] Holocaust In The Halls Of H.Y.D.R.A.! #123
  [30/381] In The Coils Of The Copperhead! #124
  [31/381] Vengeance Is The Copperhead! #125
  [32/381] Flight of the Torpedo! #126
  [33/381] You Killed That Man, Torpedo -- Now You're Going to Pay! #127
  [34/381] Death Stalks the Stairway to the Stars! #128
  [35/381] Man-Bull in a China Town! #129
  [36/381] The Secret of Ka-Zar's Origin! #13
  [37/381] Look Out DD, Here Comes the Death Man #130
  [38/381] Watch Out for Bullseye, He Never Misses #131
  [39/381] Bullseye Rules Supreme! #132
  [40/381] Mind Wave and His Fearsome Think Tank #133
  [41/381] There's Trouble In New York City...That's Trouble With a Capital 'T' Which Rhymes With 'D' That Stands For Daredevil! #134
  [42/381] What is Happening? #135
  [43/381] A Hanging for a Hero! #136
  [44/381] The Murder Maze Strikes Twice! #137
  [45/381] Where is Karen Page? #138
  [46/381] A Night in the Life... #139
  [47/381] If this Be Justice...! #14
  [48/381] Death Times Two! #140
  [49/381] Target: Death! #141
  [50/381] The Concrete Jungle #142
  [51/381] "Hyde and Go Seek", Sayeth the Cobra #143
  [52/381] Man-Bull Means Mayhem #144
  [53/381] Danger Rides the Bitter Wind! #145
  [54/381] Duel! #146
  [55/381] Breaking Point! #147
  [56/381] Danger is the Death-Stalker! #148
  [57/381] Catspaw! #149
  [58/381] And Men Shall Call Him...Ox! #15
  [59/381] Catastrophe! #150
  [60/381] Crisis! #151
  [61/381] Rage in Central Park! #152
  [62/381] Death is The Cobra and Mr. Hyde! #153
  [63/381] Arena of No Return! #154
  [64/381] To Die in Darkness! #155
  [65/381] The Ring of No Return! #156
  [66/381] Death Stalks the Shadows! #157
  [67/381] A Grave Mistake! #158
  [68/381] Marked For Murder! #159
  [69/381] Enter... Spider-Man! #16
  [70/381] In the Hands of Bullseye #160
  [71/381] To Dare The Devil #161
  [72/381] Requiem for A Pug! #162
  [73/381] Blind Alley #163
  [74/381] Expose #164
  [75/381] Arms of the Octopus #165
  [76/381] Till death do us part! #166
  [77/381] ... The Mauler!; Dark Secrets #167
  [78/381] Elektra #168
  [79/381] Devils #169
  [80/381] None Are So Blind! #17
  [81/381] The Kingpin Must Die #170
  [82/381] In The Kingpin's Clutches #171
  [83/381] Gang War! #172
  [84/381] Lady Killer #173
  [85/381] The Assassination of Matt Murdock #174
  [86/381] Gauntlet #175
  [87/381] Hunters #176
  [88/381] Where Angel Fear to Tread #177
  [89/381] Paper Chase #178
  [90/381] Spiked! #179
  [91/381] There Shall Come a Gladiator #18
  [92/381] The Damned #180
  [93/381] Last Hand #181
  [94/381] She's Alive #182
  [95/381] Child's Play #183
  [96/381] Good Guys Wear Red! #184
  [97/381] Guts #185
  [98/381] Stilts #186
  [99/381] Overkill #187
  [100/381] The Widow's Bite #188
  [101/381] Siege #189
  [102/381] Alone Against the Underworld! #19
  [103/381] Resurrection #190
  [104/381] Roulette #191
  [105/381] Promises #192
  [106/381] Bitsy's Revenge #193
  [107/381] Judgement #194
  [108/381] Betrayal #195
  [109/381] Enemies #196
  [110/381] Journey #197
  [111/381] Touch of A Stranger #198
  [112/381] Daughter of a Dark Wind #199
  [113/381] The Evil Menace of Electro! #2
  [114/381] The Verdict is: Death! #20
  [115/381] Redemption #200
  [116/381] The Day The Devil Didn't Dare! #201
  [117/381] Savages ! #202
  [118/381] Trumps #203
  [119/381] Vengeance of the Victim #204
  [120/381] The Gael #205
  [121/381] Every Good and Perfect Gift #206
  [122/381] Ultimatum #207
  [123/381] The Deadliest Night of my Life #208
  [124/381] Blast from the Past! #209
  [125/381] The Trap is Sprung #21
  [126/381] Survivor #210
  [127/381] This Hungry God #211
  [128/381] Lies #212
  [129/381] The Blindness Men Wish For #213
  [130/381] The Crumbling #214
  [131/381] Prophecy #215
  [132/381] The Second Secret #216
  [133/381] The Sight Stealer #217
  [134/381] All My Laurels You Have Riven Away... #218
  [135/381] Badlands #219
  [136/381] The Tri-Man Lives! #22
  [137/381] Fog #220
  [138/381] Behold my Vengeance! #221
  [139/381] "Fear in a Handful of Dust..." #222
  [140/381] The Price #223
  [141/381] Abe #224
  [142/381] "...and then you die!" #225
  [143/381] Warriors #226
  [144/381] Apocalypse #227
  [145/381] Purgatory #228
  [146/381] Pariah #229
  [147/381] DD Goes Wild! #23
  [148/381] Born Again #230
  [149/381] Saved #231
  [150/381] God and Country #232
  [151/381] Armageddon #233
  [152/381] Madcasting #234
  [153/381] A Safe Place #235
  [154/381] American Dreamer #236
  [155/381] Context! #237
  [156/381] It Comes With The Claws #238
  [157/381] Bad Plumbing #239
  [158/381] The Mystery of the Midnight Stalker! #24
  [159/381] The Face You Deserve #240
  [160/381] Black Christmas #241
  [161/381] Caviar Killer #242
  [162/381] Don't Touch Me #243
  [163/381] Touch Me #244
  [164/381] Burn #245
  [165/381] Bad Guy #246
  [166/381] The Backwards Man #247
  [167/381] A Cage In Search Of A Bird #248
  [168/381] Kiss & Kill #249
  [169/381] Enter: The Leap Frog! #25
  [170/381] Boom #250
  [171/381] Save the Planet! #251
  [172/381] Ground Zero #252
  [173/381] Merry Christmas, Kingpin #253
  [174/381] TYPHOID! #254
  [175/381] Temptation #255
  [176/381] Blindspots #256
  [177/381] The Bully #257
  [178/381] I Heard the Jungle Breathe #258
  [179/381] The Children Are Watching You #259
  [180/381] Stilt-Man Strikes Again #26
  [181/381] Vital Signs #260
  [182/381] Meltdown! #261
  [183/381] Never Disturb a Demon ! #262
  [184/381] In Bitterness Not Far From Death #263
  [185/381] Baby Boom! #264
  [186/381] We Again Beheld The Stars #265
  [187/381] The Devil You Say ! #266
  [188/381] Cremains #267
  [189/381] Golden Rut #268
  [190/381] Lone Stranger #269
  [191/381] Mike Murdock Must Die! #27
  [192/381] Blackheart! #270
  [193/381] Genetrix #271
  [194/381] Liberation #272
  [195/381] The Billion Dollar Ashtray #273
  [196/381] When Inhumans Strike #274
  [197/381] False Man #275
  [198/381] The Hundred Heads of Ultron #276
  [199/381] Of Crowns and Horns #277
  [200/381] The Deadly Seven #278
  [201/381] Before the Flame #279
  [202/381] Thou Shalt Not Covet Thy Neighbor's Planet! #28
  [203/381] Twilight of the Idols #280
  [204/381] Heaven Is Knowing Who You Are #281
  [205/381] Crooked Halos #282
  [206/381] The American Nightmare #283
  [207/381] Who Is The Man In Black? #284
  [208/381] The Shadowman #285
    image upload failed: HTTPSConnectionPool(host='wlrcxnzdywzxgrcqvctc.supabase.co', port=443): Max retries exceeded with url: /storage/v1/object/canonical-covers/comicvine/daredevil/vol-2190/33310-the-shadowman.jpg (Caused by SSLError(SSLEOFError(8, 'EOF occurred in violation of protocol (_ssl.c:2406)')))
  [209/381] The Thief #286
  [210/381] And In This Corner #287
  [211/381] Whatever Happened to Matt Murdock? #288
  [212/381] The Hero #289
  [213/381] Unmasked! #29
  [214/381] Bullseye! #290
  [215/381] Rematch ! DD Versus Bullet ! #291
  [216/381] In Battle With the Punisher #292
  [217/381] A Bullet for the Punisher #293
  [218/381] When Strikes--The Hand ! #294
  [219/381] Side By Side with the Ghost Rider #295
  [220/381] Crushed By The Hand ! #296
  [221/381] Last Rites Part 1: The Termination of Typhoid ! #297
  [222/381] Last Rites Part 2 #298
  [223/381] Last Rites Part 3 #299
  [224/381] The Owl, Ominous Overlord of Crime! #3
  [225/381] If There Should Be A Thunder God! #30
  [226/381] Last Rites Part 4 #300
  [227/381] The Raptor #301
  [228/381] Nocturnal Hunter #302
  [229/381] Dark and Deliverance #303
  [230/381] 34 Hours #304
  [231/381] Under the Knife #305
  [232/381] Emergency Procedure #306
  [233/381] Dead Man's Hand Part 1: Blind Openers #307
  [234/381] Dead Man's Hand Part 5: Dealing From the Bottom #308
  [235/381] Dead Man's Hand Part 7: Cards On The Table #309
  [236/381] Blind Man's Bluff! #31
  [237/381] Devil Ge Rouge #310
  [238/381] Soul Search #311
  [239/381] Hot Flashes #312
  [240/381] So Cold it Burns #313
  [241/381] Shock Treatment #314
  [242/381] Shock Therapy #315
  [243/381] Fare Play #316
  [244/381] Grease is the Word #317
  [245/381] Grease Monkeys #318
  [246/381] Fall From Grace - Prologue: Temptation #319
  [247/381] ...To Fight The Impossible Fight! #32
  [248/381] Fall From Grace - Part 1 #320
  [249/381] Fall From Grace - Part 2: Transgression #321
  [250/381] Fall From Grace - Part 3: Confrontation #322
  [251/381] Fall From Grace - Part 4: Conflict #323
  [252/381] Fall From Grace - Part 5: Descent #324
  [253/381] Fall From Grace - Conclusion: Salvation For The Damned! #325
  [254/381] Tree Of Knowledge - Part 1 #326
  [255/381] Tree Of Knowledge - Part 2: System Error #327
  [256/381] Tree Of Knowledge - Extra: Apprehensions #328
  [257/381] Tree of Knowledge - Part 3: The Chernobyl Packet #329
  [258/381] Behold... The Beetle! #33
  [259/381] Tree Of Knowledge - Part 4: Disinformocracy #330
  [260/381] Tree Of Knowledge - Part 5: The Line Eaters #331
  [261/381] Tree of Knowledge - Conclusion: Softwar #332
  [262/381] Fathoms Of Humanity - Part 1: Help Unwanted #333
  [263/381] Fathoms Of Humanity - Part  2: Bearing False Witness #334
  [264/381] Fathoms Of Humanity - Part  3: Not In My Backyard #335
  [265/381] Fathoms Of Humanity - Part  4: Resurrection Of Duty #336
  [266/381] Fathoms Of Humanity - Part  5: Heart Of The Fire #337
  [267/381] Treachery #338
  [268/381] Betrayal #339
  [269/381] To Squash A Beetle! #34
  [270/381] Subversion #340
  [271/381] Duplicity #341
  [272/381] Malignancy #342
  [273/381] Recross #343
  [274/381] Over The Edge, Part 2: Old Soldiers #344
  [275/381] Inferno - Part 1 #345
  [276/381] Inferno - Part 2 #346
  [277/381] Inferno - Part 3 #347
  [278/381] Purgatorio #348
  [279/381] Paradiso - Part 1 #349
  [280/381] Daredevil Dies First! #35
  [281/381] Paradiso - Part 2 #350
  [282/381] Helping Hands #351
  [283/381] Smoky Mirrors #352
  [284/381] The Devil's Work! #353
  [285/381] Charming Devils #354
  [286/381] Trial by Fire! #355
  [287/381] Burden of Proof #356
  [288/381] Crime and Punishment #357
  [289/381] Aftermath #358
  [290/381] The Devil You Know! #359
  [291/381] The Name of the Game is Mayhem! #36
  [292/381] Alone Against The Absorbing Man! #360
  [293/381] ...Unfinished Business #361
  [294/381] Never Look Back #362
  [295/381] The City That Never Sleeps #363
  [296/381] No Rest for the Wicked #364
  [297/381] A Question of Trust #365
  [298/381] Prison Without Walls #366
  [299/381] Cruel & Unusual Punishments #367
  [300/381] Widow's Kiss (Part 1) #368
  [301/381] Widow's Kiss (Part 2) #369
  [302/381] Don't Look Now, But It's... Dr. Doom! #37
  [303/381] Widow's Kiss (Part 3) #370
  [304/381] Fallout #371
  [305/381] Devil And The Demon #372
  [306/381] Weight Of The World #373
  [307/381] So Little Time To Save the World #374
  [308/381] With A Little Help From My Friends #375
  [309/381] Flying Blind (Part 1) #376
  [310/381] Flying Blind (Part 2) #377
  [311/381] Flying Blind (Part 3) #378
  [312/381] Flying Blind (Part 4) #379
  [313/381] The Living Prison! #38
  [314/381] Just One Good Story #380
  [315/381] The Exterminator And The Super-Powered Unholy Three #39
  [316/381] Killgrave, The Unbelievable Purple Man #4
  [317/381] The Fallen Hero! #40
  [318/381] The Death Of Mike Murdock! #41
  [319/381] Nobody Laughs At The Jester! #42
  [320/381] In Combat With Captain America! #43
  [321/381] I, Murderer! #44
  [322/381] The Dismal Dregs of Defeat! #45
  [323/381] The Final Jest #46
  [324/381] Brother, Take My Hand! #47
  [325/381] Farewell To Foggy! #48
  [326/381] Daredevil Drops Out #49
  [327/381] The Mysterious Masked Matador! #5
  [328/381] If In Battle I Fall...! #50
  [329/381] Run, Murdock, Run! #51
  [330/381] The Night Of The Panther! #52
  [331/381] As It Was In The Beginning... #53
  [332/381] Call Him... Fear! #54
  [333/381] Cry Coward! #55
  [334/381] ...And Death Came Riding #56
  [335/381] In The Midst Of Life...! #57
  [336/381] Spin-Out On Fifth Avenue! #58
  [337/381] The Torpedo Will Get You You If You Don't Watch Out! #59
  [338/381] Trapped by the Fellowship of Fear! #6
  [339/381] Showdown At Sea! #60
  [340/381] Trapped - By The Trio Of Doom #61
  [341/381] Quoth The Nighthawk, 'Nevermore!' #62
  [342/381] The Girl... Or The Gladiator? #63
  [343/381] Suddenly... The Stunt-Master! #64
  [344/381] The Killing Of Brother Brimstone #65
  [345/381] ...And One Cried Murder! #66
  [346/381] Stilt-Man Stalks The Soundstage #67
  [347/381] Phoenix And The Fighter! #68
  [348/381] A Life On The Line #69
  [349/381] In Mortal Combat With... The Sub-Mariner! #7
  [350/381] The Tribune #70
  [351/381] If An Eye Offend Thee...! #71
  [352/381] Lo! The Lord Of The Leopards! #72
  [353/381] Behold... The Brotherhood! #73
  [354/381] In The Country Of The Blind! #74
  [355/381] Now Rides The Ghost of El Condor! #75
  [356/381] Fly High D.D.--Or Die! #76
  [357/381] ...And So Enters the Amazing Spider-Man #77
  [358/381] On the Horns of the Man-Bull! #78
  [359/381] Murder! Cries The Man-Bull! #79
  [360/381] The Stiltman Cometh! #8
  [361/381] In the Eyes...of the Owl #80
  [362/381] And Death is a Woman Called Widow #81
  [363/381] Now Send...The Scorpion #82
  [364/381] All This--And Mr. Hyde Too! #83
  [365/381] At Last--The Assassin! #84
  [366/381] Night Flight! #85
  [367/381] Once Upon A Time,The Ox! #86
  [368/381] From Stage Left,Enter:Elektro! #87
  [369/381] Call Him Killgrave #88
  [370/381] Crisis #89
  [371/381] That He May See! #9
  [372/381] Fear is a Man! #90
  [373/381] You Have Nothing to Fear But--Mr. Fear! #91
  [374/381] On the Eve of the Talon! #92
  [375/381] A Power Corrupt! #93
  [376/381] He Can Crush the World! #94
  [377/381] Bullfight On The Bay! #95
  [378/381] The Widow Will Make You Pay! #96
  [379/381] He Who Saves #97
  [380/381] Let There Be...The Disciples of Doom! #98
  [381/381] The Mark of Hawkeye #99

=== Processing volume: Daredevil (Marvel) ===
  matched volume: Daredevil | id: 6209 | publisher: Marvel | issue count: None
  fetched 134 issues
  [1/134] What a life #0
  [2/134] Guardian Devil Part 1:...And a Child Shall Lead Them All #1
  [3/134] Wizard ½: The Devil Discussed #½
  [4/134] Parts of a Hole Part 2: Echoes!' #10
  [5/134] Without Fear: Part One Of Six #100
  [6/134] Without Fear: Part Two Of Six #101
  [7/134] Without Fear: Part Three Of Six #102
  [8/134] Without Fear, Part Four of Six #103
  [9/134] Without Fear, Part Five of Six #104
  [10/134] Without Fear, Part Six of Six #105
  [11/134] Sympathy for the Devil #106
  [12/134] Cruel & Unusual, Part One of Four #107
  [13/134] Cruel & Unusual, Part Two of Four #108
  [14/134] Cruel & Unusual, Part Three of Four #109
  [15/134] Parts of a Hole Part 3: Dinner & A Movie #11
  [16/134] Cruel & Unusual, Conclusion #110
  [17/134] Lady Bullseye, Part One #111
  [18/134] Lady Bullseye, Part Two #112
  [19/134] Lady Bullseye, Part Three #113
  [20/134] Lady Bullseye: Part Four #114
  [21/134] Lady Bullseye: Conclusion #115
  [22/134] Return of the King, Part One #116
  [23/134] Return of the King, Part Two #117
  [24/134] Return of the King, Part Three #118
  [25/134] Return of the King, Part Four #119
  [26/134] Parts of a Hole Part 4: Gun Play #12
  [27/134] Parts of a Hole Part 5: Trial and Error #13
  [28/134] Parts of a Hole Part 6: An Object In Motion #14
  [29/134] Parts of a Hole The Conclusion: Vision #15
  [30/134] Wake Up Part One #16
  [31/134] Wake Up: Part Two #17
  [32/134] Wake Up Part Three #18
  [33/134] Wake Up Part Four #19
  [34/134] Guardian Devil Part 2: The Unexamined Life #2
  [35/134] Playing to the Camera Part One: Redsuit Lawsuit #20
  [36/134] Playing to the Camera Part Two: A Fellow of Infinite Jest #21
  [37/134] Playing to the Camera Part Three: Legal Questions #22
  [38/134] Playing to the Camera Part Four: Making Offers #23
  [39/134] Playing to the Camera Part Five: Ruminations Over Manhattan #24
  [40/134] Playing to the Camera Part Six: Who is the Masked Man? #25
  [41/134] Underboss: Part One #26
  [42/134] Underboss: Part Two #27
  [43/134] Underboss: Part Three #28
  [44/134] Underboss: Part Four #29
  [45/134] Guardian Devil Part 3: Dystopia #3
  [46/134] Underboss: Part Five #30
  [47/134] Underboss: Part Six #31
  [48/134] Out #32
  [49/134] The Secret Is Out #33
  [50/134] Issue 34 #34
  [51/134] Issue 35 #35
  [52/134] Issue 36 #36
  [53/134] Dancing Between the Raindrops #37
  [54/134] The Trial of the Century, Part 1 #38
  [55/134] The Trial of the Century, Part 2 #39
  [56/134] Guardian Devil Part 4: The Devils Distaff #4
  [57/134] The Trial of the Century, Part 3 #40
  [58/134] Lowlife, Part 1 #41
  [59/134] Lowlife, Part 2 #42
  [60/134] Lowlife, Part 3 #43
  [61/134] Lowlife, Part 4 #44
  [62/134] Lowlife, Part 5 #45
  [63/134] Hardcore, Part 1 #46
  [64/134] Hardcore, Part 2 #47
  [65/134] Hardcore, Part 3 #48
  [66/134] Hardcore, Part 4 #49
  [67/134] Guardian Devil Part 5: Devil's Despair #5
  [68/134] Hardcore, Part 5 #50
  [69/134] The Return Of The King, Conclusion; Dark Reign: The List Preview; 3 Jacks; Pinup Gallery; Daredevil #191 #500
  [70/134] The Devil's Hand, Part One #501
  [71/134] The Devil's Hand, Part Two #502
  [72/134] The Devil's Hand, Part Three #503
  [73/134] The Devil's Hand, Part Four #504
  [74/134] The Left Hand Path, Part One #505
  [75/134] The Left Hand Path, Part Two #506
  [76/134] The Left Hand Path, Part Three #507
  [77/134] Shadowland: Part 1 #508
  [78/134] Shadowland: Part 2 #509
  [79/134] Echo, Part 1 #51
  [80/134] Shadowland: Part 3 #510
  [81/134] Shadowland: Part 4 #511
  [82/134] Shadowland: Part 5 #512
  [83/134] Echo: Part 2 #52
  [84/134] Echo, Part Three #53
  [85/134] Echo, Part Four #54
  [86/134] Echo, Part Five #55
  [87/134] The King of Hell's Kitchen: Part 1 #56
  [88/134] The King of Hell's Kitchen: Part 2 #57
  [89/134] The King of Hell's Kitchen: Part 3 #58
  [90/134] The King of Hell's Kitchen: Part 4 #59
  [91/134] Guardian Devil Part 6: The Devil Divested #6
  [92/134] The King of Hell's Kitchen: Part 5 #60
  [93/134] The Widow, Part 1 #61
  [94/134] The Widow, Part 2 #62
  [95/134] The Widow, Part 3 #63
  [96/134] The Widow, Part 4 #64
  [97/134] The Universe #65
  [98/134] Golden Age, Part 1 #66
  [99/134] Golden Age, Part 2 #67
  [100/134] Golden Age, Part 3 #68
  [101/134] Golden Age, Part 4 #69
  [102/134] Guardian Devil Part 7: The Devil's Demon #7
  [103/134] Golden Age, Part 5 #70
  [104/134] Decalogue, Part 1 #71
  [105/134] Decalogue, Part 2 #72
  [106/134] Decalogue, Part 3 #73
  [107/134] Decalogue, Part 4 #74
  [108/134] Decalogue, Part 5 #75
  [109/134] The Murdock Papers: Part One #76
  [110/134] The Murdock Papers: Part Two #77
  [111/134] The Murdock Papers: Part Three #78
  [112/134] The Murdock Papers: Part Four #79
  [113/134] Guardian Devil Part 8: The Devil's Deliverance #8
  [114/134] The Murdock Papers: Part Five #80
  [115/134] The Murdock Papers: Part Six #81
  [116/134] The Devil in Cell-Block D: Part One #82
  [117/134] The Devil in Cell-Block D: Part Two #83
  [118/134] The Devil in Cell-Block D: Part Three #84
  [119/134] The Devil in Cell-Block D: Part Four #85
  [120/134] The Devil in Cell Block D: Part Five #86
  [121/134] The Devil in Cell Block D: Finale #87
  [122/134] The Secret Life of Foggy Nelson #88
  [123/134] The Devil Takes a Ride, Part 1 #89
  [124/134] Parts of a Hole Part 1: Murdock's Law #9
  [125/134] The Devil Takes a Ride, Part 2 #90
  [126/134] The Devil Takes A Ride, Part 3 #91
  [127/134] The Devil Takes A Ride: Part 4 #92
  [128/134] The Devil Takes a Ride: Conclusion #93
  [129/134] Our Love Story #94
  [130/134] To the Devil, His Due; Part 1 #95
  [131/134] To The Devil, His Due; Part 2 #96
  [132/134] To The Devil, His Due; Part 3 #97
  [133/134] To the Devil, His Due; Part four of five #98
  [134/134] To The Devil, His Due; Part five (of five) #99

=== Processing volume: Daredevil (Marvel) ===
  matched volume: Daredevil | id: 41410 | publisher: Marvel | issue count: None
  fetched 37 issues
  [1/37] Issue 1 #1
  [2/37] Issue 10 #10
  [3/37] Issue 10.1 #10.1
  [4/37] The Omega Effect, Part 3 #11
  [5/37] Lawyers in Love #12
  [6/37] Hell Night #13
  [7/37] Megacrime and Punishment #14
  [8/37] Hunted in Latveria #15
  [9/37] Issue 16 #16
  [10/37] The Great Divide #17
  [11/37] Issue 18 #18
  [12/37] Issue 19 #19
  [13/37] Issue 2 #2
  [14/37] Issue 20 #20
  [15/37] Issue 21 #21
  [16/37] Issue 22 #22
  [17/37] Issue 23 #23
  [18/37] Issue 24 #24
  [19/37] Issue 25 #25
  [20/37] Punching Cancer #26
  [21/37] Issue 27 #27
  [22/37] Issue 28 #28
  [23/37] Issue 29 #29
  [24/37] Issue 3 #3
  [25/37] Issue 30 #30
  [26/37] Issue 31 #31
  [27/37] Issue 32 #32
  [28/37] Issue 33 #33
  [29/37] Issue 34 #34
  [30/37] Issue 35 #35
  [31/37] I Am Daredevil #36
  [32/37] Issue 4 #4
  [33/37] Issue 5 #5
  [34/37] Daredevil vs Bruiser #6
  [35/37] Issue 7 #7
  [36/37] Devil and the Details Part 2 #8
  [37/37] Issue 9 #9

=== Processing volume: The Punisher (Marvel) ===
  matched volume: The Punisher | id: 3855 | publisher: Marvel | issue count: None
  fetched 104 issues
  [1/104] Marching Powder #1
  [2/104] The Creep #10
  [3/104] The Cage #100
  [4/104] Dead Tomorrows #101
  [5/104] Under The Gun #102
  [6/104] Countdown 4: The Butcher's Block #103
  [7/104] Countdown 1: The Murder Men #104
  [8/104] Second Sight #11
  [9/104] Castle Technique #12
  [10/104] Sacrifice Play #13
  [11/104] Social Studies #14
  [12/104] To Topple The Kingpin! #15
  [13/104] Escalation #16
  [14/104] Computer War #17
  [15/104] Face Off #18
  [16/104] "The Spider" #19
  [17/104] Bolivia #2
  [18/104] Bad Tip #20
  [19/104] The Boxer #21
  [20/104] Ninja Training Camp #22
  [21/104] Capture The Flag #23
  [22/104] Land Of The Eternal Sun #24
  [23/104] Sunset In Kansas #25
  [24/104] The Whistle Blower #26
  [25/104] Your Tax Dollar$ At Work #27
  [26/104] Change Partners and Dance #28
  [27/104] Too Many Dooms #29
  [28/104] The Devil Came From Kansas! #3
  [29/104] Confession #30
  [30/104] Crankin #31
  [31/104] Spedy Solution #32
  [32/104] Reaver Fever #33
  [33/104] Exo-Skeleton #34
  [34/104] Jigsaw Puzzle: Part 1 #35
  [35/104] Jigsaw Puzzle Part 2: The Neighborhood Defense Fund #36
  [36/104] Jigsaw Puzzle Part 3: Perilous Passage #37
  [37/104] Jigsaw Puzzle Part 4: Basuco #38
  [38/104] Jigsaw Puzzle Part 5: A Man Of Wealth And Taste #39
  [39/104] The Rev #4
  [40/104] Jigsaw Puzzle Part 6: End Of The Game #40
  [41/104] Should A Gentleman Offer A Tiparillo To A Lady #41
  [42/104] St. Paradines #42
  [43/104] Border Run #43
  [44/104] Flag Burner #44
  [45/104] One Way Fare #45
  [46/104] Cold Cache #46
  [47/104] The Battle Gun #1 #47
  [48/104] The Battle Gun #2 #48
  [49/104] Death Below Zero #49
  [50/104] Ministry Of Death #5
  [51/104] Yo Yo #50
  [52/104] Golden Buddha #51
  [53/104] Lupe #52
  [54/104] The Final Days #1: Extortion #53
  [55/104] The Final Days Part Two: Attack! #54
  [56/104] The Final Days Part Three: Conviction! #55
  [57/104] The Final Days Part Four: Prison! #56
  [58/104] The Final Days Part Five: Hunt! #57
  [59/104] The Final Days Part Six: Hideout! #58
  [60/104] The Final Days Part Seven: Requiem... #59
  [61/104] Garbage #6
  [62/104] Escape From New York #60
  [63/104] Crackdown #61
  [64/104] Fade... To White #62
  [65/104] The Big Check-Out #63
  [66/104] Eurohit #1: Arrivals #64
  [67/104] Eurohit #2: French Connections #65
  [68/104] Eurohit #3: Black Forest Black Bear #66
  [69/104] Eurohit #4: Swiss Timing #67
  [70/104] Eurohit #5: Seeing Red #68
  [71/104] Eurohit #6: Capital Punishment #69
  [72/104] Wild Rose #7
  [73/104] Eurohit #7: Tunnel Vision #70
  [74/104] Loose Ends #71
  [75/104] Life During Wartime #72
  [76/104] Police Action: Part 1 #73
  [77/104] Police Action: Part 2 #74
  [78/104] Police Action: Part 3 #75
  [79/104] Lava #76
  [80/104] Survival: Part 1 #77
  [81/104] Survival: Part 2 #78
  [82/104] Survival: Part 3 #79
  [83/104] The Ghost of Wall Street #8
  [84/104] Last Confession #80
  [85/104] Bodies of Evidence #81
  [86/104] Firefight: Part 1 #82
  [87/104] Firefight: Part 2 #83
  [88/104] Firefight: Part 3 #84
  [89/104] Suicide Run Part 0: Smoke & Fire #85
  [90/104] Suicide Run, Part 3: Deadline #86
  [91/104] Suicide Run Part 6: False Moves #87
  [92/104] Suicide Run Part 9: Past The Point Of Rescue #88
  [93/104] Fortress Miami: Part 1 #89
  [94/104] Insider Trading #9
  [95/104] Fortress Miami Part 2: Hammered #90
  [96/104] Fortress Miami Part 3: The Silk Noose #91
  [97/104] Fortress Miami Part 4: Razor's Edge #92
  [98/104] Killing Streets #93
  [99/104] No Rules Part 1 #94
  [100/104] No Rules Part 2: No Mercy #95
  [101/104] Raving Beauty #96
  [102/104] The Devil's Secret Name #97
  [103/104] Armies Of The Night #98
  [104/104] Bury Me Deep #99

=== Processing volume: The Punisher (Marvel) ===
  matched volume: The Punisher | id: 6586 | publisher: Marvel | issue count: None
  fetched 12 issues
  [1/12] Welcome Back, Frank #1
  [2/12] Glutton for Punishment #10
  [3/12] Any Which Way You Can #11
  [4/12] Go Frank Go #12
  [5/12] Badaboom, Badabing #2
  [6/12] The Devil by the Horns #3
  [7/12] Wild Kingdom #4
  [8/12] Even Worse Things #5
  [9/12] Spit Out of Luck #6
  [10/12] Bring Out Your Dead #7
  [11/12] Desperate Measures #8
  [12/12] From Russia with Love #9

=== Processing volume: The Punisher (Marvel) ===
  matched volume: The Punisher | id: 11164 | publisher: Marvel | issue count: None
  fetched 65 issues
  [1/65] In The Beginning: Part 1 #1
  [2/65] Kitchen Irish: Part 4 #10
  [3/65] Kitchen Irish: Part 5 #11
  [4/65] Kitchen Irish: Part 6 #12
  [5/65] Mother Russia: Part 1 #13
  [6/65] Mother Russia: Part 2 #14
  [7/65] Mother Russia: Part 3 #15
  [8/65] Mother Russia: Part 4 #16
  [9/65] Mother Russia: Part 5 #17
  [10/65] Mother Russia: Part 6 #18
  [11/65] Up Is Down and Black is White: Part 1 #19
  [12/65] In The Beginning: Part 2 #2
  [13/65] Up Is Down and Black is White: Part 2 #20
  [14/65] Up Is Down and Black is White: Part 3 #21
  [15/65] Up Is Down and Black is White: Part 4 #22
  [16/65] Up Is Down and Black is White: Part 5 #23
  [17/65] Up Is Down and Black is White: Part 6 #24
  [18/65] The Slavers: Part 1 #25
  [19/65] The Slavers: Part 2 #26
  [20/65] The Slavers: Part 3 #27
  [21/65] The Slavers: Part 4 #28
  [22/65] The Slavers: Part 5 #29
  [23/65] In The Beginning: Part 3 #3
  [24/65] The Slavers: Part 6 #30
  [25/65] Barracuda: Part 1 #31
  [26/65] Barracuda: Part 2 #32
  [27/65] Barracuda: Part 3 #33
  [28/65] Barracuda: Part 4 #34
  [29/65] Barracuda: Part 5 #35
  [30/65] Barracuda: Part 6 #36
  [31/65] Man of Stone: Part 1 #37
  [32/65] Man of Stone: Part 2 #38
  [33/65] Man of Stone: Part 3 #39
  [34/65] In The Beginning: Part 4 #4
  [35/65] Man of Stone: Part 4 #40
  [36/65] Man of Stone: Part 5 #41
  [37/65] Man of Stone: Part 6 #42
  [38/65] Widowmaker: Part 1 #43
  [39/65] Widowmaker: Part 2 #44
  [40/65] Widowmaker: Part 3 #45
  [41/65] Widowmaker: Part 4 #46
  [42/65] Widowmaker: Part 5 #47
  [43/65] Widowmaker: Part 6 #48
  [44/65] Widowmaker: Conclusion #49
  [45/65] In The Beginning: Part 5 #5
  [46/65] Long Cold Dark: Part 1 #50
  [47/65] Long Cold Dark: Part 2 #51
  [48/65] Long Cold Dark: Part 3 #52
  [49/65] Long Cold Dark: Part 4 #53
  [50/65] Long Cold Dark: Part 5 #54
  [51/65] Valley Forge, Valley Forge: Part 1 #55
  [52/65] Valley Forge, Valley Forge: Part 2 #56
  [53/65] Valley Forge, Valley Forge: Part 3 #57
  [54/65] Valley Forge, Valley Forge: Part 4 #58
  [55/65] Valley Forge, Valley Forge: Part 5 #59
  [56/65] In The Beginning: Conclusion #6
  [57/65] Valley Forge, Valley Forge: Conclusion #60
  [58/65] Girls In White Dresses, Part One: Quinceañera #61
  [59/65] Girls In White Dresses, Part 2: Another Day In Paradise #62
  [60/65] She is Dead #63
  [61/65] Girls In White Dresses, Part 4: Satan Dust #64
  [62/65] Girls In White Dresses, Part 5: Jigsaw #65
  [63/65] Kitchen Irish, Part One #7
  [64/65] Kitchen Irish: Part 2 #8
  [65/65] Kitchen Irish: Part 3 #9

=== Processing volume: Moon Knight (Marvel) ===
  matched volume: Moon Knight | id: 3052 | publisher: Marvel | issue count: None
  fetched 38 issues
  [1/38] The Macabre Moon Knight #1
  [2/38] Too Many Midnights #10
  [3/38] To Catch a Killer #11
  [4/38] The Nightmare of Morpheus #12
  [5/38] The Cream of the Jest #13
  [6/38] Stained Glass Scarlet #14
  [7/38] Ruling The World From His Basement #15
  [8/38] Shadows of the Moon; Seekers of Stone #16
  [9/38] Master Sniper's Legacy; Worship of False Idols #17
  [10/38] The Slayers Elite #18
  [11/38] Assault on Island Strange #19
  [12/38] The Slasher #2
  [13/38] Cut Adrift Off the Coast of America #20
  [14/38] The Master Of Night Earth / Murder By Moonlight #21
  [15/38] The Dream Demon; Moon Over Alamein #22
  [16/38] Perchance To Scream #23
  [17/38] Scarlet Moonlight #24
  [18/38] Black Spectre #25
  [19/38] Hit It! #26
  [20/38] Cop Killer! #27
  [21/38] Spirits In The Sand #28
  [22/38] Morning Star #29
  [23/38] Midnight Means Murder #3
  [24/38] The Moonwraith, Three Sixes, and a Beast #30
  [25/38] A Box of Music for Savage Studs #31
  [26/38] When the Music Stops #32
  [27/38] Exploding Myths #33
  [28/38] Primal Scream; The Vault of Knight #34
  [29/38] Second Wind #35
  [30/38] Ghosts #36
  [31/38] Red Sins #37
  [32/38] Final Rest #38
  [33/38] A Committee of 5 #4
  [34/38] Ghost Story #5
  [35/38] White Angels #6
  [36/38] The Moon Kings #7
  [37/38] Night Of The Wolves #8
  [38/38] Vengeance In Reprise #9

=== Processing volume: Moon Knight (Marvel) ===
  matched volume: Moon Knight | id: 137698 | publisher: Marvel | issue count: None
  fetched 30 issues
  [1/30] The Mission #1
  [2/30] Session #10
  [3/30] The Killing Time, Part One #11
  [4/30] The Killing Time, Part Two #12
  [5/30] Knight Feeders #13
  [6/30] Soldier, Rich Man, Scoundrel #14
  [7/30] Moonlighting #15
  [8/30] Chinatown #16
  [9/30] Home Game #17
  [10/30] Party Monster #18
  [11/30] Blood Moon Rising #19
  [12/30] Strings #2
  [13/30] Kill List; Moon Debt #20
  [14/30] Let's Dance #21
  [15/30] Instinct #22
  [16/30] Panic Room  #23
  [17/30] Ill Met by Moonlight  #24
  [18/30] Danse Macabre; A Long Way to Dawn #25
  [19/30] Personality Crisis #26
  [20/30] Journey to the Center of the Mind #27
  [21/30] The Last Days of Moon Knight #28
  [22/30] The Final Hours of Moon Knight #29
  [23/30] Two-Fisted #3
  [24/30] The Terminal Seconds of Moon Knight #30
  [25/30] Blackmail #4
  [26/30] Horoscope #5
  [27/30] Horoscope, Part Two #6
  [28/30] Headhunters #7
  [29/30] Scarlet #8
  [30/30] Stranger #9

=== Processing volume: Ghost Rider (Marvel) ===
  matched volume: Ghost Rider | id: 4397 | publisher: Marvel | issue count: None
  fetched 94 issues
  [1/94] Before Blaze--Before Ketch--There Was...Another...! #-1
  [2/94] A Spirit Reborn! #1
  [3/94] Stars of Blood #10
  [4/94] Through A Nightmare Revealed... #11
  [5/94] Strange Tales #12
  [6/94] You'll Never See What's Coming Next! #13
  [7/94] Happily Ever After? #14
  [8/94] Last Hope #15
  [9/94] Changes #16
  [10/94] You've Got To Have Faith #17
  [11/94] Lost Souls #18
  [12/94] The Deal #19
  [13/94] Do Be Afraid of the Dark! #2
  [14/94] Sign Of Death #20
  [15/94] Bad To The Bone! #21
  [16/94] Death's Eyes #22
  [17/94] Death Drive #23
  [18/94] Death Duel #24
  [19/94] "You Can't Go Home Again" #25
  [20/94] Blood Feud! #26
  [21/94] Vengeance: Pure and Simple #27
  [22/94] Rise of the Midnight Sons Part 1 #28
  [23/94] Biting the Hand that Feeds You! #29
  [24/94] Deathwatch #3
  [25/94] Nightmares of Truth #30
  [26/94] Rise of the Midnight Sons Part 6 #31
  [27/94] Fight For Life #32
  [28/94] What Does It Matter? #33
  [29/94] Victims of Our Past #34
  [30/94] Vs. Heart Attack! #35
  [31/94] Transformations In Pain #36
  [32/94] Revealed At Last -- A Blast From The Past -- The Leader of the Firm! #37
  [33/94] Blood Obligations #38
  [34/94] Vengeance Is Mine! #39
  [35/94] Battling the Maniacal Mr. Hyde! #4
  [36/94] Midnight Massacre Part 2 - Hunters #40
  [37/94] Road to Vengeance: The Missing Link #41
  [38/94] Links #42
  [39/94] Inner Truths #43
  [40/94] Siege of Darkness Part 2: Into the Mist #44
  [41/94] Seige of Darkness Part 10: Blood #45
  [42/94] If a Skull Could Weep #46
  [43/94] Under Fire, Part 1 of 3 #47
  [44/94] Under Fire, Part 2 of 3 #48
  [45/94] Under Fire, Part 3 of 3: Darkness Within #49
  [46/94] Getting Paid #5
  [47/94] Reborn -- Again #50
  [48/94] The Spirit is Willing #51
  [49/94] A Trail of Flames #52
  [50/94] Reunions #53
  [51/94] A Thirst For Celebrity #54
  [52/94] Skin Games #55
  [53/94] The Next Step #56
  [54/94] Where To Life? #57
  [55/94] Love and Betrayal #58
  [56/94] Betrayals Part 2 #59
  [57/94] Do or Die #6
  [58/94] Friends #60
  [59/94] The Fall #61
  [60/94] In Chains Part 1 of 4 #62
  [61/94] In Chains Part 2 of 4 #63
  [62/94] In Chains Part 3 of 4 #64
  [63/94] In Chains Part IV: Crimes and Punishements #65
  [64/94] Darkness Falls #66
  [65/94] A Gathering #67
  [66/94] A Hunting #68
  [67/94] Living Spirit of Vengeance #69
  [68/94] Obsession #7
  [69/94] Red Dusk #70
  [70/94] Blue Shadows #71
  [71/94] Snowstorm in Hell #72
  [72/94] The Rock and The Hard Place #73
  [73/94] Friction #74
  [74/94] The Frying Pan #75
  [75/94] Blood and Judgement #76
  [76/94] Bitter Smoke #77
  [77/94] Furious Blood #78
  [78/94] Song of the Furies #79
  [79/94] Living Nightmare! #8
  [80/94] Storm of Blood #80
  [81/94] Caught Between a Duck and a Hard Place #81
  [82/94] The Duck and the Amok #82
  [83/94] House of Burning Souls #83
  [84/94] Loss of Blood #84
  [85/94] Ashes of My Soul #85
  [86/94] Faultlines #86
  [87/94] Wallow #87
  [88/94] A Kind Face #88
  [89/94] Doghead and Spiked Tails #89
  [90/94] Pursuit #9
  [91/94] Temptation #90
  [92/94] Down Among The Dead Men... #91
  [93/94] Secret Fire #92
  [94/94] Wedding of the Ghost Rider #93

=== Processing volume: Doctor Strange (Marvel) ===
  matched volume: Doctor Strange | id: 85094 | publisher: Marvel | issue count: None
  fetched 37 issues
  [1/37] The Way of the Weird; The Coming Slaughter #1
  [2/37] Issue 1.MU #1.MU
  [3/37] The Last Days of Magic Conclusion #10
  [4/37] The New Face of Magic #11
  [5/37] Blood In the Aether Chapter One #12
  [6/37] Blood In the Aether Chapter Two: Night of Four Billion Nightmares #13
  [7/37] Blood In the Aether Chapter Three: A Gut Full of Hell #14
  [8/37] Blood In the Aether Chapter Four: The Face of Sin #15
  [9/37] Blood In the Aether Chapter Five: The Dread #16
  [10/37] State of Misery #17
  [11/37] The World's Finest Super-Surgeons #18
  [12/37] The Power of Strange Compels You #19
  [13/37] Issue 2 #2
  [14/37] The Weird, The Weirder, And the Weirdest #20
  [15/37] Issue 21 #21
  [16/37] Issue 22 #22
  [17/37] Issue 23 #23
  [18/37] Issue 24 #24
  [19/37] Issue 25 #25
  [20/37] Issue 26 #26
  [21/37] Eaters of Magic #3
  [22/37] Loki: Sorcerer Supreme Part One; [Untitled] #381
  [23/37] Loki: Sorcerer Supreme Part Two #382
  [24/37] Loki: Sorcerer Supreme Part Three #383
  [25/37] Loki: Sorcerer Supreme Part Four #384
  [26/37] Loki: Sorcerer Supreme Part Five #385
  [27/37] Bleeding Neon Part One #386
  [28/37] Bleeding Neon Part Two #387
  [29/37] Bleeding Neon Part Three #388
  [30/37] Bleeding Neon Part Four #389
  [31/37] Strange Way To Go Finale #390
  [32/37] The Art of Puking Without Puking #4
  [33/37] Pound of Flesh #5
  [34/37] The Last Days of Magic Chapter One #6
  [35/37] The Last Days of Magic Chapter Two #7
  [36/37] The Last Days of Magic Chapter Three #8
  [37/37] The Last Days of Magic Chapter Four #9

=== Processing volume: Silver Surfer (Marvel) ===
  matched volume: Silver Surfer | id: 3857 | publisher: Marvel | issue count: None
  fetched 148 issues
  [1/148] Flashback - Abduction! #-1
  [2/148] - - Free - - #1
  [3/148] Suddenly ... Sympira! #½
  [4/148] Space Is ... Eternity #10
  [5/148] Mephisto #100
  [6/148] The Heart Is The Loneliest Place To Be #101
  [7/148] Surfers Plea! #102
  [8/148] Survivors! #103
  [9/148] Stress #104
  [10/148] Fatal Errors! #105
  [11/148] Crowd Control #106
  [12/148] Weapon 'S' #107
  [13/148] Galactic Grapplerama #108
  [14/148] Nullified And Void! #109
  [15/148] Nova #11
  [16/148] The Trouble With Chix! #110
  [17/148] ¨111¨ #111
  [18/148] Catch A Wave And You're Sitting On Top Of The World #112
  [19/148] Black Water #113
  [20/148] I Go To Pieces #114
  [21/148] How Much Is That Surfer In The Window #115
  [22/148] Surfing With The Alien #116
  [23/148] Make The World Go Away #117
  [24/148] Cosmic Thing #118
  [25/148] Storm Front #119
  [26/148] Sick! #12
  [27/148] Burning Hell #120
  [28/148] Execution Day #121
  [29/148] It's The End Of The World As We Know It #122
  [30/148] Square One #123
  [31/148] A Place Called Home #124
  [32/148] The Heart Of The Beast #125
  [33/148] The Barrier #126
  [34/148] Puppets #127
  [35/148] Beneath The Silver Skin #128
  [36/148] Of Time And Truth #129
  [37/148] Masques! #13
  [38/148] End Of A World #130
  [39/148] Farewell To The Dream #131
  [40/148] The Messiah Syndrome #132
  [41/148] The Messiah Syndrome #133
  [42/148] Blind Eyes #134
  [43/148] Leap Of Faith #135
  [44/148] Between The Devil And The Dead! #136
  [45/148] Resurrection! #137
  [46/148] The Choice #138
  [47/148] Sun Rise And Shadow Fall: Prologue #139
  [48/148] Silver Mirrors! #14
  [49/148] Origins #140
  [50/148] Into The Macro Verse #141
  [51/148] Return From Forever #142
  [52/148] The Forsaken #143
  [53/148] Couplings #144
  [54/148] And In The End... #145
  [55/148] Fire in the Sky #146
  [56/148] Three Into Nothing Goes... #15
  [57/148] Malice: A 'Four' Thought #16
  [58/148] Resurrection #17
  [59/148] Heavyweights #18
  [60/148] Playing With Matches #19
  [61/148] Shalla Bal #2
  [62/148] Aftermatch! #20
  [63/148] You Say You Want Obliteration #21
  [64/148] Monster From The Ego #22
  [65/148] Alien #23
  [66/148] G.I.G.O #24
  [67/148] Back From Black? #25
  [68/148] Z-Day #26
  [69/148] The R Complex #27
  [70/148] Neanderthals!! #28
  [71/148] Our Complex #29
  [72/148] Heaven #3
  [73/148] A.I.-Yi-Yi!!! #30
  [74/148] NOTHING! #31
  [75/148] A Choice of Dooms #32
  [76/148] Nothing is Impossible, Man! #33
  [77/148] ...Even Demigods Must Dream! #34
  [78/148] The Name is Thanos!! #35
  [79/148] The Lesson? #36
  [80/148] A Destructive Encounter #37
  [81/148] The Answer!!! #38
  [82/148] The Fight Game #39
  [83/148] Mantis #4
  [84/148] Welcome To Dynamo City #40
  [85/148] Job Hunting #41
  [86/148] A Second Chance #42
  [87/148] Termination #43
  [88/148] Epiphany #44
  [89/148] Thanos Vs. Mephisto #45
  [90/148] The Soul World #46
  [91/148] Adam Warlock Protector Of The Soulworld #47
  [92/148] Confroting One's Maker! #48
  [93/148] Detour #49
  [94/148] Obliteration! #5
  [95/148] Deeply Buried Secrets! #50
  [96/148] Hunger! #51
  [97/148] The Hero In Absence #52
  [98/148] The Fool on the Throne #53
  [99/148] Cages #54
  [100/148] The Universe According To Thanos, Part One: Genesis #55
  [101/148] The Universe According To Thanos, Part Two: Exodus #56
  [102/148] Inquisition #57
  [103/148] Forgiveness #58
  [104/148] Field Of Honor #59
  [105/148] Seeds of War #6
  [106/148] Finale And Prelude #60
  [107/148] Carrier #61
  [108/148] Battlelines #62
  [109/148] Down Among the Dead #63
  [110/148] Inner Turmoil #64
  [111/148] Cold Blooded #65
  [112/148] Conflicting Emotions #66
  [113/148] Sins Of The Fathers #67
  [114/148] Lost #68
  [115/148] The Explorer #69
  [116/148] Triangle #7
  [117/148] The Herald Ordeal: Part 1: Initiation #70
  [118/148] The Herald Ordeal: Part 2 Combustion #71
  [119/148] The Herald Ordeal: Part 3 Liberation #72
  [120/148] The Herald Ordeal: Part 4 Resurrection #73
  [121/148] The Herald Ordeal: Part 5 Negotiation #74
  [122/148] The Herald Ordeal: Part 6 Destruction #75
  [123/148] Prisoners #76
  [124/148] Turnabout #77
  [125/148] Armored And Dangerous #78
  [126/148] Survivors #79
  [127/148] Soul, Sweet Soul #8
  [128/148] Awakening #80
  [129/148] Tyrant! #81
  [130/148] Long Live Tyrant! #82
  [131/148] Burning #83
  [132/148] The Station #84
  [133/148] Compassion #85
  [134/148] Blood and Thunder, Part 2: Friends & Foes #86
  [135/148] Blood and Thunder, Part 6: Strange Affairs #87
  [136/148] Blood and Thunder, Part 10: Common Enemy #88
  [137/148] Feud #89
  [138/148] Doomsday #9
  [139/148] The Lesson #90
  [140/148] Princess Of Zenn-La #91
  [141/148] Warlord Of Zenn-La #92
  [142/148] Down To Earth: 1 #93
  [143/148] Down To Earth: 2 #94
  [144/148] Down To Earth: 3 #95
  [145/148] Down to Earth: 4 #96
  [146/148] Temptation: Wealth #97
  [147/148] Temptation: Power #98
  [148/148] Temptation: Love #99

=== Processing volume: Black Panther (Marvel) ===
  matched volume: Black Panther | id: 89350 | publisher: Marvel | issue count: None
  fetched 25 issues
  [1/25] A Nation Under Our Feet Part 1 #1
  [2/25] A Nation Under Our Feet Part 10 #10
  [3/25] A Nation Under Our Feet Part 11 #11
  [4/25] A Nation Under Out Feet Part 12 #12
  [5/25] Avengers of the New World Part 1 #13
  [6/25] Avengers of the New World Part 2 #14
  [7/25] Avengers of the New World Part 3 #15
  [8/25] Avengers of the New World Part 4 #16
  [9/25] Avengers of the New World Part 7; Klaw Stands Supreme Part 1; [Untitled] #166
  [10/25] Avengers of the New World Part 8; Klaw Stands Supreme Part 2 #167
  [11/25] Avengers of the New World Part 9; Klaw Stands Supreme Part 3 #168
  [12/25] Avengers of the New World Part 10; Klaw Stands Supreme Part 4 #169
  [13/25] Avengers of the New World Part 5 #17
  [14/25] Avengers of the New World Part 11; Klaw Stands Supreme Part 5 #170
  [15/25] Avengers of the New World Part 12; Klaw Stands Supreme Part 6 #171
  [16/25] Avengers of the New World Part 13; Klaw Stands Supreme Part 7 #172
  [17/25] Avengers of the New World Part 6 #18
  [18/25] A Nation Under Our Feet Part 2 #2
  [19/25] A Nation Under Our Feet Part 3 #3
  [20/25] A Nation Under Our Feet Part 4 #4
  [21/25] A Nation Under Our Feet Part 5 #5
  [22/25] A Nation Under Our Feet Part 6 #6
  [23/25] A Nation Under Our Feet Part 7 #7
  [24/25] A Nation Under Our Feet Part 8 #8
  [25/25] A Nation Under Our Feet Part 9 #9

=== Processing volume: Fantastic Four (Marvel) ===
  matched volume: Fantastic Four | id: 2045 | publisher: Marvel | issue count: None
  fetched 416 issues
  [1/416] The Fantastic Four! #1
  [2/416] The Return of Doctor Doom! #10
  [3/416] The Long Journey Home #100
  [4/416] Bedlam in the Baxter Building #101
  [5/416] The Strength Of The Sub-Mariner #102
  [6/416] At War With Atlantis! #103
  [7/416] Our World Enslaved! #104
  [8/416] The Monster in the Streets #105
  [9/416] The Monster's Secret #106
  [10/416] And Now...The THING! #107
  [11/416] The Monstrous Mystery of the Nega-Man #108
  [12/416] Death in the Negative Zone! #109
  [13/416] A Visit With The Fantastic Four; The Impossible Man #11
  [14/416] One From Four Leaves Three! #110
  [15/416] The Thing Runs Amok! #111
  [16/416] Battle of the Behemoths! #112
  [17/416] The Power of the Over-Mind! #113
  [18/416] But Who Shall Stop the Over-Mind? #114
  [19/416] The Secret of the Eternals! #115
  [20/416] The Alien, The Ally, and...Armageddon! #116
  [21/416] The Flame and the Quest! #117
  [22/416] Thunder In The Ruins! #118
  [23/416] Three Stood Together! #119
  [24/416] The Incredible Hulk #12
  [25/416] The Horror That Walks on Air! #120
  [26/416] The Mysterious Mind-Blowing Secret of Gabriel! #121
  [27/416] Galactus Unleashed #122
  [28/416] This World Enslaved! #123
  [29/416] The Return of the Monster! #124
  [30/416] The Monster's Secret! #125
  [31/416] The Way It Began! #126
  [32/416] Where the Sun Dares Not Shine! #127
  [33/416] Death in a Dark and Lonely Place! #128
  [34/416] The Frightful Four - - Plus One! #129
  [35/416] The Red Ghost and his Indescribable Super-Apes! #13
  [36/416] Battleground: The Baxter Building! #130
  [37/416] Revolt in Paradise! #131
  [38/416] Omega! The Ultimate Enemy! #132
  [39/416] Thundra at Dawn #133
  [40/416] A Dragon Stalks the Skies! #134
  [41/416] The Eternity Machine! #135
  [42/416] Rock Around the Cosmos! #136
  [43/416] Rumble on Planet 3! #137
  [44/416] This Way Lies...Madness! #138
  [45/416] Target: Tomorrow #139
  [46/416] The Merciless Puppet-Master! #14
  [47/416] And Now--Annihilus Rules Two Worlds! #140
  [48/416] The End of the Fantastic Four #141
  [49/416] The Coming of Darkoth--the Death Demon! #142
  [50/416] The Terrible Triumph of Doctor Doom #143
  [51/416] When Strikes the Sinister Seeker! #144
  [52/416] Ternak! The Monster Who Walks the Midnight Snows! #145
  [53/416] Doomsday: 200 Below #146
  [54/416] The Sub-Mariner Strikes #147
  [55/416] The Frightful Four Strike Again! #148
  [56/416] To Love, Honor and Destroy #149
  [57/416] The Mad Thinker and His Awesome Android! #15
  [58/416] Ultron-7: He'll Rule the World #150
  [59/416] Thundra and Lightning #151
  [60/416] World of Madness--World of Doom #152
  [61/416] Worlds in Collision #153
  [62/416] The Man in the Mystery Mask #154
  [63/416] Battle Royal #155
  [64/416] Middle Game #156
  [65/416] And Now,,,The Endgame Cometh! Part One: Check... #157
  [66/416] Invaders from the 5th Dimension! #158
  [67/416] Havoc in the Hidden Land! #159
  [68/416] The Micro-World of Doctor Doom! #16
  [69/416] In One World--And Out the Other! #160
  [70/416] All the Worlds At Once! #161
  [71/416] The Shape of Things to Come! #162
  [72/416] Finale #163
  [73/416] The Crusader Syndrome! #164
  [74/416] The Light of Other Worlds! #165
  [75/416] If It's Tuesday, This Must be the Hulk! #166
  [76/416] Titans Two! #167
  [77/416] Where Have All the Powers Gone? #168
  [78/416] Five Characters In Search Of A Madman! #169
  [79/416] Defeated By Doctor Doom! #17
  [80/416] A Sky-Full of Fear! #170
  [81/416] Death Is A Golden Gorilla! #171
  [82/416] Cry, the Bedeviled Planet! #172
  [83/416] Counter-Earth Must Die--At The Hand Of Galactus! #173
  [84/416] Starquest! #174
  [85/416] When Giants Walk the Sky! #175
  [86/416] Improbable As it May Seem--The Impossible Man is Back in Town! #176
  [87/416] Look Out For The Frightful Four! #177
  [88/416] Call My Killer--The Brute! #178
  [89/416] A Robinson Crusoe In The Negative Zone! #179
  [90/416] A Skrull Walks Among Us! #18
  [91/416] Bedlam in the Baxter Building! #180
  [92/416] Side by side with... Annihilus?! #181
  [93/416] Enter: The Mad Thinker! #182
  [94/416] Battleground: The Baxter Building! #183
  [95/416] Aftermath: The Eliminator! #184
  [96/416] Here There Be Witches! #185
  [97/416] Enter: Salem's Seven! #186
  [98/416] Trouble times two! #187
  [99/416] The Rampage Of Reed Richards! #188
  [100/416] The Torch that was! #189
  [101/416] Prisoners of the Pharoah! #19
  [102/416] The Way It Was #190
  [103/416] Four No More! #191
  [104/416] He Who Soweth The Wind...! #192
  [105/416] Day Of The Death-Demon! #193
  [106/416] Vengeance Is Mine! #194
  [107/416] Beware The Rampaging Retrievers! #195
  [108/416] Who In The World is The Invincible Man? #196
  [109/416] The Riotous Return of the Red Ghost! #197
  [110/416] Invasion! #198
  [111/416] The Son Of Doctor Doom! #199
  [112/416] Skrulls from Outer Space! #2
  [113/416] The Mysterious Molecule Man! #20
  [114/416] When Titans Clash! #200
  [115/416] Home, Deadly Home! #201
  [116/416] There's One Iron Man Too Many! #202
  [117/416] And a Child Shall Slay Them! #203
  [118/416] The Andromeda Attack! #204
  [119/416] When Worlds Die! #205
  [120/416] The Death of the Fantastic Four! #206
  [121/416] Might of the Monocle! #207
  [122/416] The Power of the Sphinx! #208
  [123/416] Trapped in the Sargasso of Space! #209
  [124/416] The Hate Monger #21
  [125/416] In Search of Galactus #210
  [126/416] If This Be Terrax #211
  [127/416] The Battle Of The Titans! #212
  [128/416] To The Death! #213
  [129/416] ...And Then There Was One! #214
  [130/416] Blastaar The Living Bombast #215
  [131/416] Where There Be Gods! #216
  [132/416] Masquerade! #217
  [133/416] When A Spider-Man Comes Calling! #218
  [134/416] Leviathans #219
  [135/416] The Return of the Mole Man #22
  [136/416] ... And The Lights Went Out All Over The World! #220
  [137/416] ...Shall Earth Survive? #221
  [138/416] The Possession of Franklin Richards! #222
  [139/416] That A Child May Live... #223
  [140/416] The Darkfield Illumination #224
  [141/416] A God Enraged! #225
  [142/416] The Samurai Destroyer #226
  [143/416] The Brain Parasites! #227
  [144/416] Ego-Spawn #228
  [145/416] The Thing From the Black Hole #229
  [146/416] The Master Plan Of Doctor Doom! #23
  [147/416] Firefrost And The Ebon Seeker #230
  [148/416] In All the Gathered Gloom! #231
  [149/416] Back To the Basics! #232
  [150/416] Mission For A Dead Man! #233
  [151/416] The Man With The Power! #234
  [152/416] Four Against Ego! #235
  [153/416] Terror In A Tiny Town #236
  [154/416] The Eyes Have It! #237
  [155/416] The Lady Is For Burning! #238
  [156/416] Wendy's Friends #239
  [157/416] The Infant Terrible #24
  [158/416] Exodus #240
  [159/416] Render Unto Caesar! #241
  [160/416] Terrax the Untamed #242
  [161/416] Shall Earth Endure? #243
  [162/416] Beginnings and Endings #244
  [163/416] Childhood's End #245
  [164/416] Too Many Dooms #246
  [165/416] This Land Is Mine! #247
  [166/416] Nightmare! #248
  [167/416] Man and Superman! #249
  [168/416] The Hulk Vs Thing! #25
  [169/416] X-Factor #250
  [170/416] Into The Negative Zone! #251
  [171/416] Cityscape #252
  [172/416] Quest #253
  [173/416] The Minds Of Mantracora #254
  [174/416] Trapped! #255
  [175/416] The Annihilation Gambit #256
  [176/416] Fragments #257
  [177/416] Interlude #258
  [178/416] Choices #259
  [179/416] The Avengers Take Over! #26
  [180/416] When Titans Clash! #260
  [181/416] The Search for Reed Richards! #261
  [182/416] The Trial of Reed Richards #262
  [183/416] R And R #263
  [184/416] Inferno #264
  [185/416] The House That Reed Built #265
  [186/416] Call Her...Karisma! #266
  [187/416] A Small Loss #267
  [188/416] The Masque of Doom! #268
  [189/416] Skyfall #269
  [190/416] The Search for the Sub Mariner! #27
  [191/416] Planet-Fall #270
  [192/416] "Happy Birthday Darling!" #271
  [193/416] Cowboys and Idioms #272
  [194/416] Fathers and Others #273
  [195/416] Monster Mash #274
  [196/416] The Naked Truth #275
  [197/416] Suffer A Witch To Live #276
  [198/416] Back from Beyond #277
  [199/416] True Lies #278
  [200/416] Doomsday Plus One! #279
  [201/416] We Have To Fight The X-Men! #28
  [202/416] "Tell them all they love must die... " #280
  [203/416] With Malice Towards All #281
  [204/416] Inwards to Infinity! #282
  [205/416] Torment #283
  [206/416] Revolution! #284
  [207/416] Hero #285
  [208/416] Like a Phoenix! #286
  [209/416] Prisoners of the flesh #287
  [210/416] Full Circle #288
  [211/416] Rip Wide the Sky #289
  [212/416] It Started On Yancy Street #29
  [213/416] Risk #290
  [214/416] The Times They are a' Changing! #291
  [215/416] The Man who dreamed the world! #292
  [216/416] Central City Does Not Answer! #293
  [217/416] Hero worship #294
  [218/416] Welcome to the future! #295
  [219/416] Homecoming! #296
  [220/416] Set the controls for the heart of the sun! #297
  [221/416] Closer than brothers! #298
  [222/416] The Best Man #299
  [223/416] The Menace of the Miracle Man! #3
  [224/416] The Dreaded Diablo! #30
  [225/416] Dearly Beloved... #300
  [226/416] Dark Dreams #301
  [227/416] To Flame No More! #302
  [228/416] Alternatives #303
  [229/416] Pressure Drop #304
  [230/416] Thing vs Human Torch- Nuff Said! #305
  [231/416] The Marvel Rage! #306
  [232/416] Good-Bye #307
  [233/416] Fasaud! #308
  [234/416] Danger On The Air #309
  [235/416] The Mad Menace of the Macabre Mole-Man #31
  [236/416] Things To Come! #310
  [237/416] I Want To Die! #311
  [238/416] The Turning Point! #312
  [239/416] Torch Goes Wild #313
  [240/416] The Scenic Route! #314
  [241/416] No Way Out! #315
  [242/416] That Which Is Forbidden! #316
  [243/416] The Beginning and the End? #317
  [244/416] To Challenge the Negative Zone! #318
  [245/416] Dr. Doom vs. the Beyonder! #319
  [246/416] Death of a Hero! #32
  [247/416] Pride Goeth... #320
  [248/416] The Plan and the Power! #321
  [249/416] Between A Rock and A Hard Place! #322
  [250/416] Orphan of the Storm! #323
  [251/416] I Die Like The Stars! #324
  [252/416] A Christmas Tale #325
  [253/416] The illusion #326
  [254/416] The Thing No More! #327
  [255/416] What Can One Man Do? #328
  [256/416] No Mercy for the Mole Man! #329
  [257/416] Side By Side with the Sub-Mariner #33
  [258/416] Good Dreams! #330
  [259/416] The menace of the metal man! #331
  [260/416] Love's Labour Lost! #332
  [261/416] The Dream Is Dead, Part 2 #333
  [262/416] Shadows of Alarm #334
  [263/416] Death By Debate #335
  [264/416] Dark Congress #336
  [265/416] Into the Time Stream! #337
  [266/416] Kangs of the Memories!! Or Guess Who's Coming To Dinner! #338
  [267/416] Visit To A Large Empire #339
  [268/416] A House Divided #34
  [269/416] Double Trouble #340
  [270/416] The Ultimate Solution #341
  [271/416] The Mysterious Seekers! #342
  [272/416] Nukebusters #343
  [273/416] Nukebusters II #344
  [274/416] Fantastic Four No More! #345
  [275/416] 70 Million Years B.C... and Then Some! #346
  [276/416] Big Trouble on Little Earth! #347
  [277/416] Where Monsters Dwell! #348
  [278/416] Eggs got Legs! #349
  [279/416] Calamity on Campus #35
  [280/416] The More Things Change... ! #350
  [281/416] Strange Interlude #351
  [282/416] No Time Like the Present! Or... It Ain't Funny How Time Slips Away! #352
  [283/416] So Little Time, So Much To Do! #353
  [284/416] The Cross Time Express #354
  [285/416] Rage #355
  [286/416] War With the New Warriors #356
  [287/416] The Monster Among Us! #357
  [288/416] Whatever Happened To Alicia?! #358
  [289/416] Enter -- The Devastator! #359
  [290/416] The Frightful Four #36
  [291/416] At the Mercy of Dreadface! #360
  [292/416] Face the Menace of Dr. Doom #361
  [293/416] Here Comes the Wild Blood! #362
  [294/416] Innerverse! #363
  [295/416] Omnipotent Is Occulus! #364
  [296/416] With Defeat Comes Death! #365
  [297/416] The Enemy Within! #366
  [298/416] By Reed... Betrayed! #367
  [299/416] Day of the Dark Side! #368
  [300/416] With Malice Toward All! #369
  [301/416] "Behold! A Distant Star!" #37
  [302/416] Forever Evil #370
  [303/416] This Flame This Fury #371
  [304/416] No More The Hero! #372
  [305/416] Shattered Lives #373
  [306/416] Secret Defenders #374
  [307/416] Doom! #375
  [308/416] To A Future Darkly! #376
  [309/416] If This Be War #377
  [310/416] Chaos In The Courtroom #378
  [311/416] Only Death Be My Salvation! #379
  [312/416] Defeated by the Frightful Four #38
  [313/416] Comes The Hunger! #380
  [314/416] And Then They Were 3! #381
  [315/416] Captured! #382
  [316/416] A World Against Them! #383
  [317/416] My Enemy, My Son! #384
  [318/416] Deep! #385
  [319/416] And then Came Despair #386
  [320/416] Nobody Gets Out Alive! #387
  [321/416] Deadly Is The Dark Raider #388
  [322/416] Behold a Fatal Future! #389
  [323/416] A Blind Man Shall Lead Them #39
  [324/416] The Coming of Galactus! #390
  [325/416] If Death Is Our Destiny! #391
  [326/416] The Dark Raider Revealed!!! #392
  [327/416] Hope Strings Eternal #393
  [328/416] The Day Of Its Return #394
  [329/416] Payback! #395
  [330/416] Doomquest! #396
  [331/416] Resurrection! #397
  [332/416] Be Witness to "Watchers Lie!" #398
  [333/416] Reed and Sue Death-struggle in the Negative Zone?! #399
  [334/416] The Coming of the Sub-Mariner! #4
  [335/416] The Battle of the Baxter Building! #40
  [336/416] Even the Watchers Can Die! #400
  [337/416] Atlantis Rising #401
  [338/416] Be our Friends, Besieged! #402
  [339/416] Things to Come! #403
  [340/416] With Friends Like These! #404
  [341/416] Today  The Tomorrow Man! #405
  [342/416] Doom Is Back. #406
  [343/416] Reunion! #407
  [344/416] Unbeatable Is My Foe! #408
  [345/416] Supreme Be My Power! #409
  [346/416] The Betrayal Of Ben Grimm! #41
  [347/416] Loves Explosive Triangle #410
  [348/416] Black Bolt - - Berserk! #411
  [349/416] Settling the Score With the Sub-Mariner! #412
  [350/416] Missions: Impossible! #413
  [351/416] Family Business! #414
  [352/416] Onslaught Phase 1: An Enemy Among Us #415
  [353/416] Onslaught Phase 2: Unfinished Business #416
  [354/416] To Save You, Why Must I Kill You? #42
  [355/416] Lo, There Shall Be an Ending! #43
  [356/416] The Gentleman's Name is...Gorgon! #44
  [357/416] Among Us Hide The Inhumans! #45
  [358/416] Those Who Would Destroy Us #46
  [359/416] Beware The Hidden Land! #47
  [360/416] The Coming of Galactus! #48
  [361/416] If This Be Doomsday! #49
  [362/416] Prisoners of Doctor Doom! #5
  [363/416] The Startling Saga of the Silver Surfer #50
  [364/416] "This Man...This Monster!" #51
  [365/416] Introducing the Sensational Black Panther #52
  [366/416] The Way It Began #53
  [367/416] Whosoever Finds the Evil Eye #54
  [368/416] When Strikes The Silver Surfer! #55
  [369/416] Klaw the Murderous Master of Sound #56
  [370/416] Enter Doctor Doom #57
  [371/416] The Dismal Dregs of Defeat #58
  [372/416] Doomsday! #59
  [373/416] Captives of the Deadly Duo! #6
  [374/416] The Peril and the Power! #60
  [375/416] Where Stalks the Sandman? #61
  [376/416] And One Shall Save Him! #62
  [377/416] Blastaar the Living Bomb-Burst! #63
  [378/416] The Sentry Sinister! #64
  [379/416] From the Deadly Lips of Ronan: "I Accuse!" #65
  [380/416] What Lurks Behind the Beehive? #66
  [381/416] When Opens The Cocoon! #67
  [382/416] His Mission: Destroy the Fantastic Four! #68
  [383/416] By Ben Betrayed! #69
  [384/416] Prisoners of Kuurgo, Master of Planet X! #7
  [385/416] When Fall the Mighty #70
  [386/416] And So It Ends #71
  [387/416] Where Soars the Silver Surfer! #72
  [388/416] The Flames of Battle -- #73
  [389/416] When Calls Galactus! #74
  [390/416] Worlds Within Worlds! #75
  [391/416] Stranded in Sub-Atomica! #76
  [392/416] Shall Earth Endure? #77
  [393/416] The Thing No More! #78
  [394/416] This Monster Forever! #79
  [395/416] Prisoners of the Puppet-Master! #8
  [396/416] Where Treads the Living Totem! #80
  [397/416] Enter the Exquisite Elemental! #81
  [398/416] The Mark of the Madman! #82
  [399/416] Shall Man Survive? #83
  [400/416] The Name is Doom! #84
  [401/416] Within the Tortured Land! #85
  [402/416] The Victims #86
  [403/416] The Power and the Pride #87
  [404/416] A House There Was #88
  [405/416] The Madness of the Mole Man #89
  [406/416] The End of the Fantastic Four! #9
  [407/416] The Skrull Takes A Slave #90
  [408/416] The Thing--Enslaved #91
  [409/416] Ben Grimm, Killer! #92
  [410/416] At The Mercy of Torgo! #93
  [411/416] The Return of the Frightful Four #94
  [412/416] Tomorrow World War Three! #95
  [413/416] The Mad Thinker and His Androids of Death #96
  [414/416] The Monster From The Lost Lagoon #97
  [415/416] Mystery on the Moon #98
  [416/416] The Torch Goes Wild! #99

=== Processing volume: Fantastic Four (Marvel) ===
  matched volume: Fantastic Four | id: 6211 | publisher: Marvel | issue count: None
  fetched 173 issues
  [1/173] Vive le Fantastique! #1
  [2/173] Hidden Hearts #½
  [3/173] Reed Richards: Alone! #10
  [4/173] The First the Final? Fire! #11
  [5/173] Once more, o green & pleasant land #12
  [6/173] I, Ronan #13
  [7/173] The moon is a lonely place to DIE HARD! #14
  [8/173] A Clash Of Iron #15
  [9/173] Unnatural selection #16
  [10/173] Shadow City's most wanted! #17
  [11/173] Bedlam breakout #18
  [12/173] Down & Out In The Negative Zone #19
  [13/173] Be it ever so humble... #2
  [14/173] "...Itza Been Ruined!" #20
  [15/173] Rascals 4 #21
  [16/173] Lost Hope! #22
  [17/173] Skull Session #23
  [18/173] Last Farewell #24
  [19/173] When Worlds Collide! #25
  [20/173] I Am Doctor Doom! #26
  [21/173] Say -- What?! #27
  [22/173] Flashpoint! #28
  [23/173] Fear! #29
  [24/173] Happy New Year, Reed Richards... Now DIE! #3
  [25/173] Latveria #30
  [26/173] Doomsday! #31
  [27/173] Abyss #32
  [28/173] A Town Called Revelation #33
  [29/173] A Nice Day For Oblivion #34
  [30/173] Shadows in the Mirror! #35
  [31/173] Day of the Dark Sun #36
  [32/173] There's No Business... #37
  [33/173] Flesh and Stone #38
  [34/173] Things Change #39
  [35/173] The Enemy Within #4
  [36/173] Into the Breach #40
  [37/173] Marooned #41
  [38/173] A Clear & Present Danger #42
  [39/173] And the Walls Came Thumbling Down #43
  [40/173] Annihilation! #44
  [41/173] Thou Can't Get There From Here #45
  [42/173] It's Too Late To Stop Now! #46
  [43/173] Just Imagine... #47
  [44/173] World's Apart #48
  [45/173] Dark Victory #49
  [46/173] Broken Reed #5
  [47/173] Anniversary #50
  [48/173] Unthinkable Part 4 #500
  [49/173] 5th Wheel Part 1 #501
  [50/173] 5th Wheel Part 2 #502
  [51/173] Authoritative Action Part 1 #503
  [52/173] Authoritative Action Part 2 #504
  [53/173] Authoritative Action Part 3 #505
  [54/173] Authoritative Action Part 4 #506
  [55/173] Authoritative Action Part 5 #507
  [56/173] Authoritative Action Part 6 #508
  [57/173] Hereafter Part 1 #509
  [58/173] Eye of the Beholder #51
  [59/173] Hereafter Part 2 #510
  [60/173] Hereafter Part 3 #511
  [61/173] Spider Sense Part 1 #512
  [62/173] Spider Sense Part 2 #513
  [63/173] Dysfunctional Part 1 #514
  [64/173] Dysfunctional Part 2 #515
  [65/173] Dysfunctional Part 3 #516
  [66/173] Fortitude Part 1 of 3 #517
  [67/173] Fortitude Part 2 of 3 #518
  [68/173] Fourtitude Part 3 of 3 #519
  [69/173] Shadows of Doom #52
  [70/173] Rising Storm, Part 1 #520
  [71/173] Rising Storm, Part 2 #521
  [72/173] Rising Storm, Part 3 #522
  [73/173] Rising Storm, Part 4 #523
  [74/173] Tag #524
  [75/173] Dream Fever, Part 1 #525
  [76/173] Dream Fever, Part 2 #526
  [77/173] Distant Music #527
  [78/173] Random Factors #528
  [79/173] Appointment Overdue #529
  [80/173] The Fire This Time! #53
  [81/173] Truth In Flight #530
  [82/173] Many Questions, Some Answered #531
  [83/173] Any Day Now...I Shall Be Released #532
  [84/173] What Happens In Vegas, Stays in Vegas #533
  [85/173] Shadow Boxing #534
  [86/173] To Be This Monster #535
  [87/173] The Hammer Falls, Part 1 #536
  [88/173] The Hammer Falls, part 2 #537
  [89/173] Street Fighting #538
  [90/173] Decisions Made #539
  [91/173] A Choice of Dooms #54
  [92/173] Some Words Can Never Be Taken Back #540
  [93/173] Many Annoying Things, None Of Them French #541
  [94/173] We Used To Go To Hyperspace Just For Donuts #542
  [95/173] C'mon, Suzie, Don't Leave Us Hangin / If This Be...Anniversary! / A Day At The Races #543
  [96/173] Reconstruction, Part 1: From The Ridiculous To The Sublime #544
  [97/173] Reconstruction, Part 2: Don't Make Me Embarrass You In Front Of Your Friends #545
  [98/173] Reconstruction, Part 3: Aw, That's Just Crude #546
  [99/173] Reconstruction, Part 4: Never Ask Her If She's Wearing Colored Contact Lenses #547
  [100/173] Reconstruction, Part 5: Kind Of An Expensive Test #548
  [101/173] Reconstruction, Part 6: So I Guess You're Saying The Honeymoon's Over #549
  [102/173] An Evening Out #55
  [103/173] Reconstruction, Part 7: Should Eternity Perish #550
  [104/173] Epilogue, Part 1: The Beginning Of The End #551
  [105/173] Epilogue, Part 2: The Middle Of The End #552
  [106/173] Epilogue, Part 3: The End #553
  [107/173] World's Greatest, Part One of Four #554
  [108/173] World's Greatest, Part Two of Four #555
  [109/173] World's Greatest, Part 3 #556
  [110/173] World's Greatest, Part 4 #557
  [111/173] Death of the Invisible Woman Part 1: The New Defenders #558
  [112/173] Death of the Invisible Woman Part 2: The Hooded Man #559
  [113/173] Remembrance of Things Past #56
  [114/173] Death of the Invisible Woman Part 3: Futureshock #560
  [115/173] The Galactus Engine #561
  [116/173] The Funeral Of The Invisible Woman: Requiem #562
  [117/173] Mr. & Mrs. Thing #563
  [118/173] The Christmas Monster #564
  [119/173] Don't Eat Valeria! #565
  [120/173] The Masters of Doom Part One of Four #566
  [121/173] The Masters Of Doom, Part 2 #567
  [122/173] Doom's Master, Part 3 #568
  [123/173] Doom's Master, Part 4 #569
  [124/173] The Ever-lovin', Blue-eyed End Of The World, Part 1 #57
  [125/173] Solve Everything #570
  [126/173] You Stood Beside Me, Larger Than Life and Did the Impossibe #571
  [127/173] We are Men, We have No Masters #572
  [128/173] These are the End Times #573
  [129/173] All Hope Lies in Doom #574
  [130/173] Prime Elements, Part 1: The Abandoned City Of The High Evolutionary #575
  [131/173] Prime Elements, Part 2: The Old Kings Of Atlantis #576
  [132/173] Prime Elements, Part 3: Universal Inhumans #577
  [133/173] Prime Elements 4: The Cult of Negative Zone #578
  [134/173] The Future Foundation #579
  [135/173] The Ever-lovin', Blue-eyed End Of The World, Part 2 #58
  [136/173] The Frank-Tastic Four #580
  [137/173] When Everything's Lost, The Battle is Won... #581
  [138/173] ...Because of All These Things I've Done. #582
  [139/173] Three, Part One: In Latveria, the Flowers Bloom in Winter #583
  [140/173] Three, Part Two: Congratulations, Mister Grimm. You`re Handsome Again! #584
  [141/173] Three, Part Three: The Kings of Atlantis! #585
  [142/173] Three, Part Four: World-Eater! #586
  [143/173] Three, Part Five: Last Stand! #587
  [144/173] Three, Epilogue: Month of Mourning #588
  [145/173] The Ever-lovin', Blue-eyed End Of The World, Part 3 #59
  [146/173] April is the cruelest month #6
  [147/173] Inside Out #60
  [148/173] Forever, Part 1 #600
  [149/173] Forever, Part 2 #601
  [150/173] Forever, Part 3 #602
  [151/173] Forever, Part 4 #603
  [152/173] Forever, Part Five #604
  [153/173] End of Line #605
  [154/173] The Four #605.1
  [155/173] Adventures in Red #606
  [156/173] Inert #607
  [157/173] City of the Dead #608
  [158/173] The God Ship #609
  [159/173] 24 Blocks and One Blockhead #61
  [160/173] The Wizard #610
  [161/173] Foundation #611
  [162/173] Sentient Part 1 #62
  [163/173] Sentient Part 2 #63
  [164/173] Sentient Part 3 #64
  [165/173] Small Stuff Part 1 #65
  [166/173] Big Stuff Part 2 #66
  [167/173] Under Her Skin #67
  [168/173] Unthinkable Part 1 #68
  [169/173] Unthinkable Part 2 #69
  [170/173] Seize the child #7
  [171/173] Unthinkable Part 3 #70
  [172/173] Storm Warnings #8
  [173/173] A Day In The Life #9

=== Processing volume: The New Warriors (Marvel) ===
  matched volume: The New Warriors | id: 4407 | publisher: Marvel | issue count: None
  fetched 75 issues
  [1/75] From the Ground Up #1
  [2/75] Rumble #10
  [3/75] Forever Yesterday, Part 1 - Days Of Present Past #11
  [4/75] Forever Yesterday, Part 2 - A Betrayal  Of  Hope #12
  [5/75] Forever Yesterday, Part 3 - A World For The Winning #13
  [6/75] The Breeze Of An Underwater Wind #14
  [7/75] The Sushi People #15
  [8/75] Ground War #16
  [9/75] Sore Winners #17
  [10/75] Everything You Always Wanted To Know About The Taylor Foundation But Were Afraid To Ask #18
  [11/75] Sympathy For The Devil #19
  [12/75] Mirror Moves #2
  [13/75] The Breaking Point #20
  [14/75] The Folding Circle #21
  [15/75] Nothing But The Truth, Part 1 - The Stolen Children #22
  [16/75] Nothing But The Truth, Part 2 - Passed Lies #23
  [17/75] Nothing But The Truth, Part 3 - The Cheating Corner #24
  [18/75] Nothing But The Truth, Part 4 - Justifiable Homicide #25
  [19/75] The Next Step #26
  [20/75] Dark Side #27
  [21/75] Heavy Turbulence #28
  [22/75] World War One: This Land Must Change #29
  [23/75] I Am, Therefore I Think #3
  [24/75] World War Two ...or Land Must Burn #30
  [25/75] Ruins #31
  [26/75] Forces Of Darkness, Forces Of Light, Act 1 - Crawling To The Shadows #32
  [27/75] Forces of Darkness, Forces of Light, Act 2 - The Soul Canyons #33
  [28/75] Forces of Darkness, Forces of Light - Act Three: Braking the Back of Love #34
  [29/75] Hawks and Doves #35
  [30/75] The Scales of Justice #36
  [31/75] Family Values #37
  [32/75] Family honor, poisoned memories #38
  [33/75] Family viewing #39
  [34/75] Genetech Potential #4
  [35/75] The Starlost, Part One: Power Tools #40
  [36/75] Starlost, Part two: Power Plays #41
  [37/75] The Starlost, Part three: Power Full #42
  [38/75] And Justice For All? #43
  [39/75] Underwater Fire #44
  [40/75] Child's Play, Part 2: Sleeping With The Enemy #45
  [41/75] Childs Play, Part 4 #46
  [42/75] Time and Time Again, Part one: Like flies in amber. #47
  [43/75] Time and Time Again, Part four: The more things change... #48
  [44/75] Time and Time Again, Part seven: Cornerstones #49
  [45/75] The Man Who Stole Tomorrow #5
  [46/75] Time and Time Again, Part eight: Til death do us part! #50
  [47/75] Another Think Coming #51
  [48/75] Don't Mind The Maggots #52
  [49/75] Basic Arithmetic #53
  [50/75] Might makes wrong #54
  [51/75] Unacceptable losses #55
  [52/75] Payback's a real switch #56
  [53/75] Breaking points! #57
  [54/75] Shalom, shalom #58
  [55/75] Radicals #59
  [56/75] The Inhuman Condition #6
  [57/75] The only constant #60
  [58/75] Everyone hates a clone #61
  [59/75] Captives #62
  [60/75] Unnatural selection #63
  [61/75] Bang and Blame #64
  [62/75] Slave Machine #65
  [63/75] Return to Springdale #66
  [64/75] Nightmare In Scarlet, Part 2: The Evil Among Us #67
  [65/75] Future Shock, Part 1, Just Yesterday #68
  [66/75] Future Shock, Part 2: Some Time To Kill #69
  [67/75] The Heart of The Hunter #7
  [68/75] Future Shock, Part 3: Time Will Tell #70
  [69/75] Future Shock, Part 4: The Fire In Which We Burn #71
  [70/75] The Monster In The Basement #72
  [71/75] Damn the Torpedoes #73
  [72/75] Surprise.. #74
  [73/75] Sweet Sorrow #75
  [74/75] Devil's at the Doorsteps #8
  [75/75] Following The Line Along The Middle #9

=== Processing volume: New Warriors (Marvel) ===
  matched volume: New Warriors | id: 71802 | publisher: Marvel | issue count: None
  fetched 12 issues
  [1/12] The Kids Are All Fight Part 1 #1
  [2/12] Always and Forever: Part 1 of 3 #10
  [3/12] Always and Forever: Part 2 of 3 #11
  [4/12] Always and Forever: Part 3 of 3 #12
  [5/12] The Kids Are All Fight Part 2 #2
  [6/12] The Kids Are All Fight Part 3 #3
  [7/12] The Kids Are All Fight Part 4 #4
  [8/12] Issue 5 #5
  [9/12] Issue 6 #6
  [10/12] Issue 7 #7
  [11/12] Issue 8 #8
  [12/12] Issue 9 #9

=== Processing volume: New Warriors (Marvel) ===
  matched volume: New Warriors | id: 18016 | publisher: Marvel | issue count: None
  fetched 6 issues
  [1/6] Pilot #1
  [2/6] Animal House #2
  [3/6] How Many Super Heroes Does It Take...? #3
  [4/6] Nütown, Nücar, Nümember... #4
  [5/6] Nüponder, Michigan #5
  [6/6] The Valley of the Jerks #6

=== Processing volume: New Warriors (Marvel) ===
  matched volume: New Warriors | id: 18671 | publisher: Marvel | issue count: None
  fetched 20 issues
  [1/20] Defiant #1
  [2/20] Thrashed, Part Two #10
  [3/20] Thrashed, Part Three #11
  [4/20] Thrashed, Part Four #12
  [5/20] Thrashed, Conclusion #13
  [6/20] Invaded, Part 1 #14
  [7/20] Secrets and Skrulls, Part 2 #15
  [8/20] Blood and Iron: Part 1 #16
  [9/20] Blood and Iron: Part 2 #17
  [10/20] Blood and Iron: Part 3 #18
  [11/20] Blood and Iron: Part 4 #19
  [12/20] Defiant: Part 2 #2
  [13/20] Blood and Iron. Conclusion #20
  [14/20] Defiant: Part 3 #3
  [15/20] Defiant: Part 4 #4
  [16/20] Defiant: Part 5 #5
  [17/20] Defiant: Part 6 #6
  [18/20] Reunion: Part One of Two #7
  [19/20] Reunion, Part Two of Two #8
  [20/20] Thrashed, Part One #9

=== Processing volume: Secret Wars (Marvel) ===
  matched volume: Secret Wars | id: 81833 | publisher: Marvel | issue count: None
  fetched 9 issues
  [1/9] The End Times #1
  [2/9] Doom Messiah #2
  [3/9] The Eye of Doom #3
  [4/9] All the Angels Sing, All the Devils Dance #4
  [5/9] Owen Reece Died For Our Sins #5
  [6/9] We Raise Them Up...Just So We Can Pull Them Down. #6
  [7/9] King of the Dead #7
  [8/9] Under Siege #8
  [9/9] Beyond #9

=== Processing volume: Action Comics (DC Comics) ===
  matched volume: Action Comics | id: 18005 | publisher: DC Comics | issue count: None
  fetched 864 issues
  [1/864] Peer Pressure Part 4: The Yesterday Man #0
  [2/864] Superman, Champion of the Oppressed #1
  [3/864] Superman Goes to Prison #10
  [4/864] The Sleuth Who Never Failed #100
  [5/864] Brave New Hero #1000000
  [6/864] Crime Paradise #101
  [7/864] Mr. Mxyztplk and His Wonderful Lamp! #102
  [8/864] The Road To Happiness! #103
  [9/864] Superman Vs. Prankster in Candytown U.S.A. #104
  [10/864] The Man Who Hated Chiristmas! #105
  [11/864] In This Issue: A Transatlantic Superman Thriller: His Lordship Clark Kent #106
  [12/864] Journey Into Ruin #107
  [13/864] The Great Crasher! #108
  [14/864] Superman vs. Pranskster in The Man Who Robbed the Mint #109
  [15/864] The Black Gold Oil Well #11
  [16/864] A Superman Thriller! The Mother Goose Crimes #110
  [17/864] Up, Up and Away- With Superman in a Truly Startling Story- Cameras in the Clouds #111
  [18/864] Yes! It's Mr. Mxyztplk Again... Playing a Goofy Game With Superman in The Cross Country Chess Crimes #112
  [19/864] Just an Ordinary Guy: The Man Who was Always Late!; Skulduggery in the Subway!; The Two-Fragant Vagrant!; Gold Rush--1947! #113
  [20/864] Extra! Superman Scours City in Search of an Honest Man! #114
  [21/864] An Amazing Superman Story ... The WIsh That Came True #115
  [22/864] Superman Battles His Old Enemy Wolfingham in an Unusual Adventure The Wizard of Winter #116
  [23/864] A 52 Page Magazine Featuring a Superman Christmas Adventure #117
  [24/864] The Execution of Clark Kent #118
  [25/864] This Only a Sample of What Happens When Clark Kent Tries to Become Superman for a Day #119
  [26/864] The Land of the Fourth Dimension #12
  [27/864] You Can't Imagine What Happens When Superman Becomes Super Stuntman! #120
  [28/864] Is Atlas Stronger Than Superman? You'll Find the Answer in This Exciting Adventure: Superman Vs. Atlas! #121
  [29/864] In This Issue: Superman Super-Stars in the Super-Perils of The Super Sideshow #122
  [30/864] 50 Ways to Kill Superman #123
  [31/864] Featuring Superman in Another Thrilling Super-Duper Adventure! #124
  [32/864] The Modern Nostradamus #125
  [33/864] Superman on Television #126
  [34/864] Superman Takes the Consequences #127
  [35/864] The Adventure of Little Red #128
  [36/864] Time = The present! Place = Metropolis! And Yet Superman Battles a Stone-Age Romeo for Lois Lane, Cavegirl : New: Tommy Tomorrow #129
  [37/864] The Swamp of Satan #13
  [38/864] Lois Lane Meets Real Hollywood Competition When Ann Blyth Stars in Superman and the Mermaid : Rocket to New Worlds in Tommy Tomorrow #130
  [39/864] The Scrambled Superman #131
  [40/864] The Secret of the Kents : Another Superman Adventure! : Rocket to New Worlds with Tommy Tomorrow #132
  [41/864] Can You Blame Lois Lane for Being Jealous When the Man of Steel Teams Up With The World's Most Perfect Girl? #133
  [42/864] Super Cowboy! #134
  [43/864] The Case of the Human Statues #135
  [44/864] Superman, Show-Off #136
  [45/864] The Man with the Charmed Life #137
  [46/864] Superman Scoop Parade #138
  [47/864] Clark Kent... Daredevil #139
  [48/864] The Fountain of Youth #14
  [49/864] Superman Becomes a Hermit #140
  [50/864] Luthor's Secret Weapon #141
  [51/864] The Conquest of Superman #142
  [52/864] The Bride of Superman #143
  [53/864] Clark Kent's Career #144
  [54/864] MARTON GLOOP AND HIS MAGIC HORSESHOE! #145
  [55/864] The Statues That Came to Life #146
  [56/864] In This Issue: Superman Faces a New Kind of Challenge! (Superman becomes Miss Lovelorn) : Thrills of the 21st Century with Tommy Tomorrow #147
  [57/864] Superman, Indian Chief #148
  [58/864] The Courtship on Krypton #149
  [59/864] The Ice Menace #15
  [60/864] The Secret of the 6 Superman Statues #150
  [61/864] Superman's Super-Magic Show #151
  [62/864] The Sleep That Lasted 1,000 Years #152
  [63/864] The 100 Deaths of Clark Kent #153
  [64/864] Miss Robinson Crusoe / Pest of the Planeteers / The Octopus League / The Covered Wagon Cavalcade #154
  [65/864] The Cover Girl Mystery! #155
  [66/864] The Girl of Steel!; World of the Metal Men!; Pipeline Peril!; Riddle of the Rainbow Man! #156
  [67/864] The Superman Who Couldn't Fly #157
  [68/864] The Kid from Krypton! #158
  [69/864] The Man Who Owned Superman! #159
  [70/864] The Terror from Saturn #16
  [71/864] Meet Superman's Aunt Minerva : Wait Superman-- You Forgot Your Rubbers-- And I Don't Want You to Catch Cold! : Thrills of the 21st Century With Tommy Tomorrow #160
  [72/864] Exit -- Superman! #161
  [73/864] Superman Vs. It #162
  [74/864] The Girl of Tomorrow #163
  [75/864] Superman's Hall of Trophies! #164
  [76/864] The Man Who Conquered Superman #165
  [77/864] The Three Scoops of Death #166
  [78/864] The Machines of Crime / The Man Who Stopped Space Flight /The King of the Bandits /  The Outlaw Editor #167
  [79/864] The Menace of Planet Z #168
  [80/864] Clark Kent, Caveman! / Spaceman by Proxy / The Pursuit of Congo Bill / The Phantom Sheriff #169
  [81/864] The Pearl of Ophir #17
  [82/864] The Mad Artist of Metropolis #170
  [83/864] The Secrets of Superman! #171
  [84/864] Lois Lane, Witch #172
  [85/864] Superman's Invulnerable Foe! #173
  [86/864] The Man Who Shackled Superman! #174
  [87/864] The Five Against Superman! #175
  [88/864] Muscles for Money! #176
  [89/864] The Anti-Superman Weapon #177
  [90/864] The Sandman of Crime! #178
  [91/864] Supermanor! #179
  [92/864] The Atlantis Mystery #18
  [93/864] The Super-Telethon / The Outlaw King of the Congo / The Easter Island of Space! / The Lawman Without a Friend #180
  [94/864] The New Superman! #181
  [95/864] The Return of Planet Krypton #182
  [96/864] The Perfect Plot to Kill Superman #183
  [97/864] The Covered Wagon of Doom! #184
  [98/864] Superman's Million-Dollar Photos! #185
  [99/864] The Haunted Superman! #186
  [100/864] Superman's New Super-Powers! #187
  [101/864] The Spectral Superman!; Sinbad the Killer; The Rebus of Space; The Reformed Owlhoot Club! #188
  [102/864] Clark Kent's New Mother and Father #189
  [103/864] The Zombies; The Gorilla King #19
  [104/864] The Boy Who Saved Superman #190
  [105/864] Calling Doctor Superman! #191
  [106/864] The Man Who Sped Up Superman! #192
  [107/864] The Golden Superman! #193
  [108/864] The Outlaws from Krypton! / The Bare-Handed Hunter / The Impossible Space Ship / The Unlucky Horseshoe #194
  [109/864] Lois Lane - Wanted #195
  [110/864] The Adventures of Mental Man #196
  [111/864] The Stolen 'S' Shirts #197
  [112/864] The Six Lives of Lois Lane! #198
  [113/864] The Phantom Superman #199
  [114/864] War in San Monte #2
  [115/864] The Zombies; The Moon Men #20
  [116/864] Tests of a Warrior! #200
  [117/864] The Challenge of Stoneman #201
  [118/864] Lois Lane's X-Ray Vision! #202
  [119/864] The International Daily Planet #203
  [120/864] The Man Who Could Make Superman Do Anything #204
  [121/864] Sergeant Superman #205
  [122/864] Superman Marries Lois Lane #206
  [123/864] The Four Superman Medals! #207
  [124/864] The Magic of Mr. Mxyzptlk #208
  [125/864] The Man Who Was Mightier Than Superman #209
  [126/864] The Deaths on the Moor #21
  [127/864] Here's Your Free Ticket to the World's Most Amazing Amusement Park! : Welcome to Superman Land #210
  [128/864] The Superman Spectaculars #211
  [129/864] The Superman Calendar #212
  [130/864] Paul Paxton Alias Superman #213
  [131/864] Superman, Super-Destroyer #214
  [132/864] The Superman of Tomorrow #215
  [133/864] The Super-Menace of Metropolis #216
  [134/864] The Amazing Super-Baby #217
  [135/864] The Super-Ape from Krypton #218
  [136/864] Superman's Treasure Hoard #219
  [137/864] The Mask #22
  [138/864] Superman in The Interplanetary Olympics! : The Strongest Man in the Universe? Ho-Ho! He Cannot Even Throw as Far as Sharn of the Planet Iwo! #220
  [139/864] Presenting... The Most Startling Story of the Year! Superman's new Super-Power! : It's Superman-- But How Is he Lifting Us Up Into the Air? #221
  [140/864] The Duplicate Superman! / World's Most Amazing Animals / The Creature from Outer Space #222
  [141/864] The First Superman of Krypton #223
  [142/864] The Secret of Superman Island #224
  [143/864] The Death of Superman! #225
  [144/864] The Invulnerable Enemy #226
  [145/864] The Man with the Triple X-Ray Eyes #227
  [146/864] Superman's Super Skyscraper #228
  [147/864] The Superman Satellite #229
  [148/864] Dead Men Tell No Tales; The Treasure Tower #23
  [149/864] Superman Loses His Powers! #230
  [150/864] Sir Jimmy Olsen, Knight of Metropolis #231
  [151/864] The Story of Superman, Junior #232
  [152/864] The Land of a Million Supermen #233
  [153/864] The Creature of 1,000 Disguises #234
  [154/864] The Super-Prisoner of Amazon Island #235
  [155/864] Superman's New Uniform! / The Man Who Talked to Animals / Space Chump No. 1 #236
  [156/864] Superman's Exposed Identity #237
  [157/864] The Super-Gorilla from Krypton #238
  [158/864] Superman's New Face #239
  [159/864] The Magician Murder #24
  [160/864] Secret of the Superman Sphinx #240
  [161/864] The Super-Key to Fort Superman! #241
  [162/864] The Super-Duel in Space / The Traffic Cop of 2058, A.D. / Safari from Space! #242
  [163/864] The Lady and the Lion #243
  [164/864] The Super-Merman of the Sea #244
  [165/864] The Shrinking Superman #245
  [166/864] Krypton On Earth #246
  [167/864] The Return of Superman's Lost Parents! #247
  [168/864] The Man No Prison Could Hold #248
  [169/864] The Kryptonite Man #249
  [170/864] Amnesiac Robbers #25
  [171/864] The Eye of Metropolis! #250
  [172/864] The Oldest Man In Metropolis #251
  [173/864] The Menace of Metallo!; Congo Bill Dies at Dawn!; The Supergirl From Krypton! #252
  [174/864] The Battle Between Jimmy Olsen and Superman! #253
  [175/864] The Battle With Bizarro! #254
  [176/864] The Bride of Bizarro! #255
  [177/864] The Superman of the Future! #256
  [178/864] The Reporter of Steel / The Man-Ape Skin Diver / The Three Magic Wishes! #257
  [179/864] The Menace of the Cosmic Man! / Congorilla Goes to War! / Supergirl's Farewell to Earth! #258
  [180/864] The Revenge of Luthor! : Supergirl Visits the Stone Age! #259
  [181/864] Professor Cobalt's Quack Clinic #26
  [182/864] Mighty Maid / The Girl Superbaby / The Gladiator of the Jungle #260
  [183/864] Superman's Fortress of Solitude! #261
  [184/864] When Superman Lost His Powers! / Supergirl's Greatest Victory! #262
  [185/864] The World of Bizarros #263
  [186/864] The Superman Bizarro #264
  [187/864] The Superman from Outer Space! / The Day Supergirl Revealed Herself! #265
  [188/864] The Captive of the Amazons / The World's Mightiest Cat! #266
  [189/864] Hercules in the 20th Century! #267
  [190/864] Superman's Battle with Hercules! #268
  [191/864] The Truth Mirror! #269
  [192/864] The Brentwood Rehabilitation Home #27
  [193/864] The Old Man of Metropolis! / Supergirl's Busiest Day! #270
  [194/864] Voyage to Dimension X! #271
  [195/864] Superman's Rival, Mental Man! #272
  [196/864] The World of Mr. Mxyzptlk! / The Supergirl of Two Worlds #273
  [197/864] The Reversed Super-Powers #274
  [198/864] The Menace of Red and Green Kryptonite! : Extra! Mr. and Mrs. Kent Adopt Supergirl! #275
  [199/864] The War Between Supergirl and The Supermen Emergency Squad! / Supergirl's Three Super Girl-Friends! #276
  [200/864] The Conquest of Superman! / The Battle of the Super-Pets! #277
  [201/864] The Super Powers of Perry White! #278
  [202/864] The Super-Rivals #279
  [203/864] The Strong-Man Robberies #28
  [204/864] Brainiac's Super-Revenge! / Trapped in Kandor! #280
  [205/864] The Man who saved Kal-El's Life! / The Secret of the Time-Barrier! #281
  [206/864] Superman's Toughest Day! / The Supergirl of Tomorrow! #282
  [207/864] The Red Kryptonite Menace!; The Six Red 'K' Perils Of Supergirl! #283
  [208/864] The Babe of Steel!; The Strange Bodies of Supergirl! #284
  [209/864] The World's Greatest Heroine #285
  [210/864] The Jury of Super-Enemies #286
  [211/864] Perry White's Manhunt For Superman! / Supergirl's Greatest Challenge! #287
  [212/864] The Man Who Exposed Superman #288
  [213/864] The Super-Practical Joker! #289
  [214/864] The Life Insurance Scam #29
  [215/864] Half A Superman! #290
  [216/864] The New Superman! / The Bride of Mr. Mxyzptlk! #291
  [217/864] When Superman Defended His Arch-Enemy! #292
  [218/864] The Feud Between Superman and Clark Kent #293
  [219/864] The Kryptonite Killer! / The Mutiny of Super-Horse! #294
  [220/864] Superman Goes Wild! #295
  [221/864] The Invasion of the Super-Ants! #296
  [222/864] The Man Who Betrayed Superman's Identity #297
  [223/864] Clark Kent, Coward! #298
  [224/864] The Story of Superman's Experimental Robots #299
  [225/864] The Blakely Mine Disaster #3
  [226/864] A Summer Snow #30
  [227/864] Captive of the Red Sun! #300
  [228/864] The Trial of Superman #301
  [229/864] The Amazing Confession of Super-Perry White #302
  [230/864] The Monster from Krypton #303
  [231/864] The Interplanetary Olympics #304
  [232/864] Why Superman Needs a Secret identity ; The Girl Who Hated Supergirl! #305
  [233/864] The Great Superman Impersonation #306
  [234/864] Clark Kent – Target For Murder! / Supergirl's Wedding Day! #307
  [235/864] Superman Meets the Goliath-Herucles #308
  [236/864] The Superman Super-Spectacular! #309
  [237/864] The Hand of Morpheus #31
  [238/864] Secret of Kryptonite Six! #310
  [239/864] Superman, King of Earth #311
  [240/864] King Superman vs. Clark Kent, Metallo #312
  [241/864] The End of Clark Kent's Secret Identity! #313
  [242/864] The Day Superman Became the Flash!; Supergirl's Tragic Ordeal! #314
  [243/864] The Juvenile Delinquents from Space!; The Menace of Supergirl's Mother! #315
  [244/864] Zigi and Zagi's Trap for Superman!; Supergirl's Choice of Doom! #316
  [245/864] Superman's Rainbow Face!; The Great Supergirl Double-Cross! #317
  [246/864] The Death of Luthor! #318
  [247/864] The Condemned Superman #319
  [248/864] The Preston Gambling Racket #32
  [249/864] The Three Super-Enemies!; The Man Who Broke Supergirl's Heart #320
  [250/864] Superman - Weakest Man in the World #321
  [251/864] The Coward of Steel #322
  [252/864] Clark Kent in the Big House! #323
  [253/864] The Secret Life of Clark Kent #324
  [254/864] The Skyscraper Superman!; The Ugly Duckling Teacher of Stanhope College; Cap's Hobby Center #325
  [255/864] The Legion of Super-Creatures!; The Secret of Supergirl's Suitor! #326
  [256/864] Three Generations of Superman!; Supergirl... Fugitive from Justice! #327
  [257/864] Superman's Hands of Doom #328
  [258/864] The Ultimate Enemy!; Drang, the Destroyer! #329
  [259/864] The Lumber Millionaire's Will #33
  [260/864] The Strange 'S' Spell on Superman; Supergirl's Duel with Dr. Supernatural #330
  [261/864] Clark Kent's Masquerade as Superman #331
  [262/864] The Super-Vengeance of Lex Luthor #332
  [263/864] Superman's Super-Boo-Boos #333
  [264/864] Supergirl in an All-Star Collection of Stories! #334
  [265/864] Luthor's First Victory Over Superman!; The Prize of Peril #335
  [266/864] The Man from the Phantom Zone #336
  [267/864] From Riches to Rags; The Green Sun Supergirl! #337
  [268/864] Muto - - the Monarch of Menace!; The Villain Who Married Supergirl! #338
  [269/864] Muto Versus the Man of Tomorrow!; Brainiac's Blitz! #339
  [270/864] The Coal Mine Heiress #34
  [271/864] Power of the Parasite!; The Supergirl Identity Hunt! #340
  [272/864] Superman versus Super Clark Kent! #341
  [273/864] The Super-Human Bomb!; The Day Supergirl Became an Amazon! #342
  [274/864] Eterno the Immortal #343
  [275/864] Superman's Nightmare Dreams #344
  [276/864] The Day Candid Camera Unmasked Superman's Identity!; The Exile of Steel #345
  [277/864] The Man Who Sold Insurance to Superman #346
  [278/864] The Boy Who Could See in the Dark #347
  [279/864] Clark Kent, Fighting Federal Agent #348
  [280/864] The Face of Fear ; Supergirl's Black Deeds #349
  [281/864] The Worthless Gold Mine #35
  [282/864] Secret of the Stone-Age Superman! / The Anti-Supergirl Plot! #350
  [283/864] Zha-Vam the Invincible #351
  [284/864] The Victory of Zha-Vam! #352
  [285/864] The Battle of the Gods!; The Cosmic Collectors! #353
  [286/864] Captain Incredible #354
  [287/864] The Mighty Annihilator!  ; The Death of Luthor! #355
  [288/864] The Son of the Annihilator #356
  [289/864] The Kryptonite Rumble #357
  [290/864] Superman... Guilty of Homicide! / Superboy in Argo City #358
  [291/864] The Case of the People against Superman! / The Super-Initiation of Supergirl! #359
  [292/864] Fifth Columnists #36
  [293/864] Action Comics Presents Supergirl : A Comic First! A Complete Book-Length Novel : It's an Exciting Game! I Begin As The Unknown Supergirl! And Here I Am at Last as The World's Greatest Heroine! #360
  [294/864] The Power of the Parasite #361
  [295/864] The Head of Hate! / The 40th Century Outlaw! #362
  [296/864] The Leper from Krypton! / The Landmark Looters! #363
  [297/864] The Untouchable from Krypton / The Kiss of Death! #364
  [298/864] Superman's Funeral! / Case of the Campus Crimes! #365
  [299/864] Substitute Superman #366
  [300/864] Mysteries of the Superman Awards! / Supergirl Battles the Evil of Alpha and Beta #367
  [301/864] The Unemployed Superman!; Supergirl's Stand to Save Stanhope! #368
  [302/864] Superman's Greatest Blunder; The Boy Who Broke Supergirl's Heart! #369
  [303/864] Clark Kent, Police Commissioner #37
  [304/864] Featuring... Superman's Lost Century! : A Funny Thing Happened to Me During My Trip From Krypton to Earth... I'm Missing a Hundred Years!! #370
  [305/864] The President of Steel #371
  [306/864] The Grappler of Steel #372
  [307/864] Guest-starring the Whole Superman Family! #373
  [308/864] Alias Super-Thief! / No Mercy for Supergirl! #374
  [309/864] Superman in the Big Forget! : Who Am I? Where Am I? Why Am I Wearing this Strange Costume? #375
  [310/864] The Only Way to Kill Superman! #376
  [311/864] The Cage Of Doom #377
  [312/864] The Devil's Partner / The Forbidden Fruit #378
  [313/864] The Eliminator! / One of Us is an Imposter! #379
  [314/864] Hypnosis by Radio #38
  [315/864] The Confessions of Superman #380
  [316/864] The Dictator of Earth! / The Hapless Hero #381
  [317/864] Clark Kent, Magician #382
  [318/864] The Killer Costume #383
  [319/864] The Forbidden Costume! #384
  [320/864] The Immortal Superman!; The Fallen Starboy! #385
  [321/864] The Home For Old Super-Heroes!; Zap Goes the Legion! #386
  [322/864] "Even A Superman Dies!"/ One Hero Too Many! #387
  [323/864] The Puzzle Of The Wild World! #388
  [324/864] The Kid who struck out Superman! / The Mystery Legionnaire! #389
  [325/864] The Man With the Radioactive Touch #39
  [326/864] The Self-Destruct Superman / The Tyrant and the Traitor! #390
  [327/864] The Punishment Of Superman's Son! #391
  [328/864] The Shame of the Super-Son! / The Legionnaires Who Never Were! #392
  [329/864] Superman Meets Super-Houdini! / The Day Superboy Became Superman! #393
  [330/864] Midas of Metropolis #394
  [331/864] The Secrets of Superman's Fortress / The Credit Card of Catastrophe #395
  [332/864] The Super Pan-Handler of Metropolis! #396
  [333/864] The Secret of the Wheel-Chair Superman! / The Super Captive of the Sea! #397
  [334/864] The Pied-Piper of Steel #398
  [335/864] Superman, You're Dead...Dead...Dead! / Superbaby's Lost World! #399
  [336/864] Superman, Gridiron Hero #4
  [337/864] The Reformation of Nancy Thorgenson #40
  [338/864] My Son... Is He Man or Beast?; Duel of Doom! #400
  [339/864] Invader Go Home! / The Boy Who Begged to Die! #401
  [340/864] This Hostage Must Die! / Superman vs. Supergirl "The Feud of the Titans! #402
  [341/864] Attack of the Micro-Murderer / The Man with the X-Ray Mind #403
  [342/864] Kneel to Your Conqueror, Superman! / The Day they killed Clark Kent #404
  [343/864] Superman Bodyguard or Assassin? / The Most Dangerous Bug In the World? #405
  [344/864] Master of Miracles! / The Ghost that Haunted Clark Kent! #406
  [345/864] The Fiend in the Fortress of Solitude / The Planet of Prey! #407
  [346/864] The Hero Superman Doomed to Die! / The Shocking Secret of Super-X! #408
  [347/864] Who Is Clark Kent's Killer -- and Why is He Doing Those Terrible Things to Me?; The Baffling Block of Metropolis #409
  [348/864] The Sabotage Ring #41
  [349/864] The Satanic Son of Superman! / Healing Hands from Beyond! #410
  [350/864] The Day they sold Superman's Fortress / The Girl who worshipped Clark Kent #411
  [351/864] Secret of the First Metropolis! / The Menace of the Sky-Scorchers #412
  [352/864] The Voodoo Doom of Superman / The 7 Sins of Simon Stagg #413
  [353/864] Superman vs. Superstar! / Fade Out for a Freak #414
  [354/864] Meet the Metropolis Monster! / Fill My Grave with Money! #415
  [355/864] Superman, You Scare Me to Death! / Oh, Pity, Where is Thy Sting? #416
  [356/864] The Conspiracy of The Crime Lords / The Kid and the Corruptors! #417
  [357/864] The Attack of the Phantom Super-Foes! / The Fountain of Death! #418
  [358/864] The Most Dangerous Man on Earth! / The Assassin-Express Contract! #419
  [359/864] Superman: "The Empire in the Sky" #42
  [360/864] The Made to Order Menace / The King of the Jungle Contract! #420
  [361/864] The Fantastic Feats of Captain Strong! / The Headline Maker! #421
  [362/864] The TV Show that Menaced Metropolis!; The Shadows-of-Yesterday Contract #422
  [363/864] Luthor's Hammer of Hate! / The Deadly Dancer Contract #423
  [364/864] Gorilla Grodd's Grandstand Play! / The Candy Kitchen Caper! #424
  [365/864] The Last Moa on Earth! / 13 Old Men who Run the World! / The Short-Walk-to-Disaster Contract! #425
  [366/864] Master of the Moon Rocks! / The Wrong Side of the Tracks! / The Short-Walk-To-Disaster Contract! #426
  [367/864] The Man Who Never Lived! / The Time Thief Strikes but Once! #427
  [368/864] Whatever Happened to Superman? / The Plot to Kill Black Canary! #428
  [369/864] The Man who Wrote Superman's Obituary! / The Rodeo Riddle Contract! #429
  [370/864] The Pilot's Revenge #43
  [371/864] Bus-Ride to Nowhere! / Up Pops the Atom #430
  [372/864] The Monster who Unmasked Superman! / The Case of the Runaway Shoebox! #431
  [373/864] Target of the Toymen! / The Million Dollar Methuselah Contract #432
  [374/864] The Man Who Was Buried on Page 64! / Affair of the Bouncing Chair! #433
  [375/864] The Krypton Connection! / Zatanna's Double Identity! #434
  [376/864] I Want to Wreck the World! / The Unmasking of the Atom #435
  [377/864] The Super-Cigars of Perry White!; Young Man with a Drum! #436
  [378/864] Magic is Bustin' Out all Over! #437
  [379/864] A Monster named Lois Lane! / The Man who Tape-Recorded the Atom! #438
  [380/864] Too Big to Live! / Danger in Two Dimensions! #439
  [381/864] Galloping Gold! #44
  [382/864] The Man who betrayed Krypton! / Little Dog Lost! #440
  [383/864] Weather War over Metropolis! / The Mystery of the Wandering Dog! #441
  [384/864] The Midnight Murder Show! / The Little Man from Mars! #442
  [385/864] At Last! Clark Kent--Super-Hero! #443
  [386/864] Beware the Hero-Killers! / The Black Canary is Dead! #444
  [387/864] Count Ten, Superman--and Die! / Find Black Canary, Dead... or Alive! #445
  [388/864] Clark Kent calling Superman...Clark Kent calling Superman! / Billion-Dollar Bust! #446
  [389/864] The Man who created Superman! / The Girl with the 24-Karat Dreams! #447
  [390/864] Don't get off on the 13th Floor! / Nightmare in Gold #448
  [391/864] My Best Friend - the Super-Spy! #449
  [392/864] Superman: "Superman's Ark" #45
  [393/864] The Laugh Heard 'Round the World! / A Gremlin in the Works #450
  [394/864] The Great Super-Hero Contest! / The Day the Dreaming Dies #451
  [395/864] The Loser -- and New Champion! / When Madmen Rule the World! #452
  [396/864] Superman's Fantastic Face-Saving Feat! / Danger: Thoughts at Work! #453
  [397/864] Superman's Energy-Crisis! / The Campus that Swallowed Itself! #454
  [398/864] Junkman -- The Recycled Superstar! #455
  [399/864] Jaws of the Killer Shark! / Bail Out the Nutty Kid #456
  [400/864] Superman, You're Not Clark Kent -- and I Can Prove It!; Flight of the Nutty Kid! #457
  [401/864] Make Me a Super-Hero! / Masquerade of the Nutty Kid! #458
  [402/864] Superman's Big Crack-Up! / Two for the Taxi! #459
  [403/864] The Devil's Playground; Crimes in Color; The Djinn; Iron Giant; The Death of Congo Bll; Fights the Nazis in Europe #46
  [404/864] Superman, You'll be the Death of Me, Yet! / Welcome Home to Mxyzpolis! #460
  [405/864] Kill Me or Leave Me! / The Toughest Newsboy in Town! #461
  [406/864] Super-War of Independence! / This is a Job for Superdog! #462
  [407/864] Die Now, Live Later! #463
  [408/864] Superman, I'm Going to Re-Run Your Life! / See Metropolis With Clark Kent #464
  [409/864] Think Young and Die / Paper Hero! #465
  [410/864] You Can Take the Man Out of the Super, But You Can't Take the Super Out of the Boy! #466
  [411/864] Stop It, Superman -- You're Wrecking the World! / A Superman's Best Friend is His Superdog! #467
  [412/864] Terra-Man at Nine O'Clock! / My Son, the Orphan! #468
  [413/864] The Night Superman was Buried in Boot Hill! / Clark Kent's Lonely Christmas! #469
  [414/864] Powerstone; The Green Cowled Menace; Go to War; The Skeletons in Armor; The Red Khan; Nargo, the Ruler of Atlantis #47
  [415/864] Even Superman Must Die Sometime! #470
  [416/864] One of Our Phantoms is Missing / The Long Weekend #471
  [417/864] The Phantom Touch of Death! / If I'm Here... What Am I Doing Over There? #472
  [418/864] The Great Phantom Peril! #473
  [419/864] Will the Real Superman Please Show Up? / One for the Money! #474
  [420/864] The Super-Hero Who Refused to Hang Up His Boots! / The Weak Link! #475
  [421/864] The Attack of the Anti-Super-Hero #476
  [422/864] The Land-Lords of Earth! / One of Those Days! #477
  [423/864] Earth's Last Day! #478
  [424/864] The Giant from the Golden Atom! #479
  [425/864] The Adventure of the Merchant of Murder; Crime's Caravan; The Adventure of the Secret Submarine; The Pied Piper of Doom; Suddenly at War; The Case of the Maddening Music #48
  [426/864] Amazo's Big Breakthrough! #480
  [427/864] It's a Bird... It's a Plane... It's Supermobile! #481
  [428/864] This is a Job for Supermobile! #482
  [429/864] Sleep No More! #483
  [430/864] Superman Takes a Wife! #484
  [431/864] The Experiment that Backfired on Superman! #485
  [432/864] Superman's Time-Killing Trip! / Hero for a Day--? #486
  [433/864] The Super-Origin of the Microwave Man! / The Miniature War of the Bat-Knights! #487
  [434/864] Superman Battles the Microwave Man! / A Close Shave for Air Wave! #488
  [435/864] Krypton Dies Again! / Where There's a Will... There's a Fray! #489
  [436/864] The Wizard of Chance #49
  [437/864] No Tomorrow for Superman! #490
  [438/864] A Matter of Light and Death! #491
  [439/864] Superman's Secret Afterlife! #492
  [440/864] The Metropolis-UFO Connection! #493
  [441/864] The Secret of the Super-S! #494
  [442/864] Attack of the Ultimate Warrior! #495
  [443/864] Death Out of a Bottle! #496
  [444/864] Superman's Command Performance #497
  [445/864] The Catastrophic Man! #498
  [446/864] As the World Turns... For the Last Time! #499
  [447/864] Superman and the Dam #5
  [448/864] The Professional Baseball Player; The Man Who Came Back; The Island Where Time Stood Still; Blackmail; The Man of a Thousand Lives; The Case of the Man Who Could Not Die #50
  [449/864] The Life Story of Superman! #500
  [450/864] The Mystery of the Mild-Mannered Superman #501
  [451/864] Fall and Rise of the Star-Child! #502
  [452/864] A Save in Time! #503
  [453/864] The Power and the Choice! #504
  [454/864] The Creature that Charmed Children! #505
  [455/864] The Children's Exodus from Earth! #506
  [456/864] The Miraculous Return of Jonathan Kent! #507
  [457/864] The Secret World of Jonathan Kent! #508
  [458/864] The Great Space-Travel Hoax!; The Computers that Saved Metropolis! #509
  [459/864] The Case of the Crimeless Crimes #51
  [460/864] Luthor's Last Stand! #510
  [461/864] Luthor Fights for Good!; A New Costume for Air-Wave! #511
  [462/864] Luthor's Day of Reckoning!; Sinister Spectacle of Sunspotter #512
  [463/864] The Return of Superman Island ; The Red Dart's Deadly Arts! #513
  [464/864] Countdown of the Killer Computer! / Sunspotter's Crime Collection! #514
  [465/864] This is My World, and You're Welcome to It! / Sorry--Wrong Powers! #515
  [466/864] Time and Time Again! / The Clueless Capers of Chronos! #516
  [467/864] The War for Peace! / Brother Rat! #517
  [468/864] Treasure Hunt on a Small Planet! / Beyond the Poseidon Adventure #518
  [469/864] Where the Space-Winds Blows! / Family Plot! #519
  [470/864] The Emperor of America; Sing a Song of Six Guns; The Battle of a Thousand Years; The Case of the Stolen Spectacles; The One Man Army; Crime on Ice #52
  [471/864] Superman's Arch-Rival for Lois Lane! / The End! #520
  [472/864] The Deadly Rampage of the Lady Fox; Grow, Little Growfish! #521
  [473/864] The Time-Tornado of the Clockwork Man! / The Hurricane Harness Hijack! #522
  [474/864] Steve Lombard's Double Life! / The Eye of the Storm #523
  [475/864] If I Can't be Clark Kent... Nobody Can! / Catastrophe by Calculation! #524
  [476/864] Neutron Nightmare! / Air Wave goes Blank! #525
  [477/864] The Man Who Murdered Metropolis! / Air Wave Tunes In! #526
  [478/864] Sorcery over Stonehenge! / Air Wave Under the Waves! #527
  [479/864] Star-Kill! / Land-Masters of the Sea! #528
  [480/864] I Have Two Eyes, but I Cannot See! / Death if by Land... Death if by Sea! #529
  [481/864] The Man Who Put Out the Sun; The Blackout Blues; Wings Over the Pacific; Americommando and the Cinema Saboteur; The Man who Played King; Crooks - Handle with Care #53
  [482/864] Fantastic Deadly Voyage! / Home...Home on the Waves! #530
  [483/864] The Devil... ...and the Daily Planet! / No Time Off for Heroes! #531
  [484/864] H.I.V.E. and Go Seek! / Carnaval of Catastrophe! #532
  [485/864] Trackdown! / Ground Zero--Where? #533
  [486/864] Two for the Death of One! / Air-Wave's Close Encounter! #534
  [487/864] Enter--The Omega Men! / The Saucerer's Apprentice! #535
  [488/864] Battle Beneath the Earth! / I Talk to the Seas, But They Don't Listen to Me! #536
  [489/864] ...Half a Superman! / Fate is the Killer / Something Fishy! #537
  [490/864] The Measure of a Superman!; Mera, Mera, on the Wave--Who's the One You've Got to Save? #538
  [491/864] Past Imperfect! / Help! I'm a Prisoner in My Own Body! #539
  [492/864] The Pirate of Pleasure Island; The Rookie who Fought a Ghost; Fire Over Yunnanfu Road; Idol of Doom; Recipe for Robbery #54
  [493/864] World Enough and Time / Water-War One #540
  [494/864] Once Again-- Superman #541
  [495/864] Savage Awakening! #542
  [496/864] Within these Hands--Power! #543
  [497/864] Luthor Unleashed! / Rebirth! #544
  [498/864] ...With but a Single Step! #545
  [499/864] Showdown! #546
  [500/864] The Reincarnation of Alexander the Great! #547
  [501/864] Escape from the Phantom Zone! #548
  [502/864] Superman Meets the Zod Squad! #549
  [503/864] A Goof Named Tiny Rufe; Bullets for Breakfast; Ace of Fire; Escape from the Scaffold; A Modern Robinson Crusoe; Crimes by Coincidence #55
  [504/864] The Day the Earth Exploded #550
  [505/864] Superman: Friend or Foe? #551
  [506/864] Another Time! Another Death! #552
  [507/864] The World at Time's End! #553
  [508/864] If Superman didn't Exist... #554
  [509/864] Reunion! #555
  [510/864] Endings #556
  [511/864] The Artistic Thefts of Terra-Man!; Yesterday Once More #557
  [512/864] The All-Searing Eyes! / Hoax Night! #558
  [513/864] The Once-and-Future Peri(l); A Superman of a Different Color! #559
  [514/864] Design for Doom; Melody of Menace; Warhawks of Greenland; The Man the Whole World Feared; The Game for Life; The Case of the Phoney Funny Man #56
  [515/864] Meet John Doe! / Police Blotter #560
  [516/864] The Great Toyman Trivia Contest! / The Past and Future Superman! #561
  [517/864] Their Magnetic Majesties--King Alexander and Queen Bee! #562
  [518/864] Black Beauty or 'A Horse is a Horse, of Course, of Course / Mr. Mxyzptlk, Media Star!  / Jimmy Olsen -- Blob! #563
  [519/864] A New Life for Superman! / ...Run for Freedom! #564
  [520/864] The Wizard City Warrior / $ellout or Manna from Mando #565
  [521/864] Traumas in the Bahamas! / With Love from Superman! #566
  [522/864] Peri(l) in Paradise! / The League of Superman Watchers! #567
  [523/864] Disappearing Act! / The Amazing Matchmaker of Metropolis! #568
  [524/864] The Force of Revenge / Casting Call #569
  [525/864] Crime's Comedy King!; The Fued of Rimfire Ridge!; Veiled Desert Bandits!; Mightier than the Sword; The Galloping Ghosts; Treasure Trove #57
  [526/864] The Mystery of Jimmy Olsen's Alter Ego!; The Superman who came to Dinner #570
  [527/864] Mission to Earth! #571
  [528/864] The World of Superman Masqueraders!; SOS from Nowhere!; The Puzzle of the Purloined Fortress! #572
  [529/864] The Sale of the Century!; If I were Superman... #573
  [530/864] May the Best World Win!; Tomorrow is Canceled! #574
  [531/864] The Great Brain Robbery!; Rodent on a Rampage! #575
  [532/864] Earth's Sister Planet!; The 'Monumental' Menace of Metropolis! #576
  [533/864] Caitiff: First of the Vampires! #577
  [534/864] The Most Popular Man in Metropolis! #578
  [535/864] Prisoners of Time! (1986 A.D. to CCLIII A.D.) #579
  [536/864] The Face of Adonis!; The Dummy and the Dumbbell; Double-X for the Axis; The Brigade of the Biting Rabbit!; The Full-Dress Rebellion!; The Seven Year Itch! #58
  [537/864] The Day Superman Couldn't Save!; The Most Dangerous Toy on Earth!; The Mystery of the Missing Moon! #580
  [538/864] Superman for a Day!; Even a Superman needs a Lawyer! #581
  [539/864] The Strange Rebirth of Jor-El and Lara! #582
  [540/864] Whatever Happened to the Man of Tomorrow? #583
  [541/864] Squatter! #584
  [542/864] And Graves Give Up Their Dead ... #585
  [543/864] The Champion! #586
  [544/864] Cityscape! #587
  [545/864] All Wars Must End #588
  [546/864] Green on Green #589
  [547/864] Cinderella - a la Superman!; Fiddler's Fee!; Sky Knights of Malta; Missive for Mussolini; The Phantom Warriors!; Crime Takes a Detour #59
  [548/864] Better Living Dying through Chemistry #590
  [549/864] Past Imperfect #591
  [550/864] ...A Walk on the Darkside! #592
  [551/864] The Suicide Snare #593
  [552/864] All that Glisters #594
  [553/864] The Ghost of Superman #595
  [554/864] Hell is Where the Heart Is... #596
  [555/864] Visitor #597
  [556/864] Checkmate! #598
  [557/864] Element 126; The Karma Baggers #599
  [558/864] The Man Who Sold Superman #6
  [559/864] Lois Lane--Superwoman!; Rainbow over Crimeville; The Lieutenant from Corregidor!; Rations for Victory; Jungle Justice!; Styles in Crime #60
  [560/864] Different Worlds; True Love?; Games People Play; A Friend in Need; The Dark Where Madness Lies #600
  [561/864] The Man They Wouldn't Believe; The Cat and the Fiddler; One Arabian Night; The Dikes of Death; A Blowout in Istanbul; The Man Who Stole Magic #61
  [562/864] There'll Always Be a Superman #62
  [563/864] When Stars Collide #63
  [564/864] The Terrible Toyman #64
  [565/864] Superman on Earth #643
  [566/864] Doppelganger #644
  [567/864] My Lady Maxima! #645
  [568/864] Burial Ground #646
  [569/864] Brain Drain #647
  [570/864] Body and Mind #648
  [571/864] Man and Machine #649
  [572/864] The Million-Dollar Marathon #65
  [573/864] Reflections #650
  [574/864] Not of this Earth #651
  [575/864] Wayward Son #652
  [576/864] Love & Death #653
  [577/864] Deadly Covenant #654
  [578/864] Survival! / Ma Kent's Photo Album #655
  [579/864] Going to Blaze's #656
  [580/864] There is a Happy Land... Far, Far Away #657
  [581/864] The Sinbad Contract Part Three #658
  [582/864] Breakout! #659
  [583/864] The Boy Who Came Back #66
  [584/864] Certain Death #660
  [585/864] Stretching a Point! #661
  [586/864] Secrets in the Night #662
  [587/864] Time & Time Again, Phase Two: Lost in the '40s Tonight #663
  [588/864] Many Long Years Ago...: Time & Time Again, Phase 5 #664
  [589/864] Wake the Dead! #665
  [590/864] Red Glass Part Three, Picking Up the Pieces #666
  [591/864] The Final Chapter #667
  [592/864] The Ghost of Luthor #668
  [593/864] Paper Trail #669
  [594/864] Make Way for Fate #67
  [595/864] Skullduggery #670
  [596/864] Missing in Action #671
  [597/864] All This... and Lex Luthor II! #672
  [598/864] Friends in Need #673
  [599/864] The Past is Prologue #674
  [600/864] Divide and Conquer #675
  [601/864] Man of the Hour #676
  [602/864] ...In Love and War! #677
  [603/864] Talking Heads! #678
  [604/864] Shellshocked #679
  [605/864] Superman Meets Susie #68
  [606/864] Payment Due #680
  [607/864] Odds & ...Endings #681
  [608/864] Gauntlet! #682
  [609/864] The Trail of the Jackal #683
  [610/864] ...Doomsday is Near! #684
  [611/864] Funeral for a Friend Part 2 Re-Actions #685
  [612/864] Funeral for a Friend, Part 6: Who's Buried in Superman's Tomb? #686
  [613/864] Born Again #687
  [614/864] An Eye For An Eye #688
  [615/864] Who is the Hero True? #689
  [616/864] The Lost-and-Found Mystery #69
  [617/864] Lies & Revelations #690
  [618/864] Secret Weapon #691
  [619/864] And Who, Disguised as Clark Kent? #692
  [620/864] The Last Purge of Krypton! #693
  [621/864] Spilled Blood, Part Two: Survival of the Fittest! #694
  [622/864] Cauldron! #695
  [623/864] Champion #696
  [624/864] War of the Super-Powers #697
  [625/864] Losing It! #698
  [626/864] Eye of the Hurricane #699
  [627/864] Superman Joins the Circus #7
  [628/864] Superman Takes a Holiday #70
  [629/864] Swan Song #700
  [630/864] Final Conflict #701
  [631/864] Bad Sport! #702
  [632/864] Chronocide! #703
  [633/864] Eradication Day! #704
  [634/864] Bodies & Motion #705
  [635/864] Saved by the Belle! #706
  [636/864] Like Fire From the Dark #707
  [637/864] Moving Miracle! #708
  [638/864] Crime Tunnel or When Warriors Strongly Disagree! #709
  [639/864] Valentine Villainy #71
  [640/864] Men of Different Mettle #710
  [641/864] Home and the Hollow Heart! #711
  [642/864] The Jimmy Cage! #712
  [643/864] Scarlet Salvation #713
  [644/864] Crossing the [Punch] Line! #714
  [645/864] Doc Parasite #715
  [646/864] Fugitive Justice #716
  [647/864] H'Tros City! #717
  [648/864] By Darker Reason #718
  [649/864] Hazard's Choice #719
  [650/864] Superman and the Super-Movers; Private Pete; The Guns of Killer Haines; The Perfect Double; Be A Magician! Turn Waste Paper Into War Weapons; Choose Your Weapon; Out of Nowhere; Cargoes of Death; Magic Knights #72
  [651/864] Love Breaks #720
  [652/864] The Fortune Pack #721
  [653/864] Courageous Intent #722
  [654/864] Identity Crisis II: Keys #723
  [655/864] Losing Brawl #724
  [656/864] Variations On A Scheme #725
  [657/864] Arms! #726
  [658/864] Cold Comfort! #727
  [659/864] I Killed Superman! #728
  [660/864] Generator X #729
  [661/864] The Hobby Robbers; Molly; Dirge on a Bull Fiddle; Growler and Prowler; Renegade Roundup; A Good Sign; The Return of Dr. Ito; Our Friends in War, Work & Service; Rocks of Riches #73
  [662/864] The Precedent of the United Hates #730
  [663/864] …Fire Burn and Cauldron Bubble! #731
  [664/864] The Saving Skull #732
  [665/864] The Sins of Change #733
  [666/864] Bottle Battle #734
  [667/864] Deadly Deliverance #735
  [668/864] Without and Within #736
  [669/864] Burden of Proof #737
  [670/864] Straight on Till Morning #738
  [671/864] Party Trappings #739
  [672/864] Who's the Lady? ... Read The Courtship of Adelbert Dribble in this Issue! #74
  [673/864] A Bag, A Bone, & A Hank of Hair #740
  [674/864] A Cautionary Tale #741
  [675/864] Devil May Care #742
  [676/864] Operation: Ink! #743
  [677/864] Crossroads #744
  [678/864] Polyesteryear, Part 1: Ready, Fire, Aim #745
  [679/864] Polyesteryear, Part 2: Love, Supervillain Style #746
  [680/864] Eye of the Storm #747
  [681/864] Chasing the Ancient of Days #748
  [682/864] City of the Future #749
  [683/864] Keep Up With Superman in the Adventures of Aesop's Modern Fables #75
  [684/864] Confidence Job #750
  [685/864] Sixes and Sevens #751
  [686/864] Superman: Have You Forsaken Metropolis? #752
  [687/864] A Law Unto Himself #753
  [688/864] The Aimless Blade of Science #754
  [689/864] Necropolis #755
  [690/864] Comeback #756
  [691/864] Secret Origins, Part 3: Eyes of the Hawk #757
  [692/864] Intergang War! Lois Left Out! Rock Lobster! #758
  [693/864] Who is Strange Visitor?, Chapter 3: Where? #759
  [694/864] A Voyage to Destiny #76
  [695/864] "...Never-Ending Battle..." #760
  [696/864] For A Thousand Years... #761
  [697/864] All I Want for Christmas #762
  [698/864] Sacrifice For Tomorrow #763
  [699/864] Quiet After the Storm #764
  [700/864] A Clown Comes to Metropolis #765
  [701/864] D.O.A. #766
  [702/864] Critical Condition, Part 4: Death's Door #767
  [703/864] O, Captain, My Captain! #768
  [704/864] Superman Arkham Part 4: SupermanamrepuS #769
  [705/864] Another Superman Versus Prankster Adventure! #77
  [706/864] The Reign of Emperor Joker, Part Five: He Who Laughs Last! #770
  [707/864] The Out of Towner #771
  [708/864] Kith and Kin, Part One #772
  [709/864] Kith and Kin, Part 2 #773
  [710/864] Fireside Chat #774
  [711/864] What's so Funny About Truth, Justice & the American Way? #775
  [712/864] Return to Krypton, Part Four: Escape From Krypton #776
  [713/864] Kancer #777
  [714/864] Infestation, Chapter Four #778
  [715/864] King Takes Pawn #779
  [716/864] The Chef of Bohemia #78
  [717/864] The End of the Beginning #780
  [718/864] Thousand Yard Stare #781
  [719/864] Trial by Fire #782
  [720/864] The Gift #783
  [721/864] Whose Mind is it Anyway? #784
  [722/864] Demento #785
  [723/864] Red #786
  [724/864] Jikei Ketsuki: Mercy, Love and Blood, Part One #787
  [725/864] Jikei Ketsuki: Mercy, Love and Blood Part Two #788
  [726/864] Man & Beast #789
  [727/864] The Golden Fleece; The Taming of the Tiger; Birds of Ill Omen; Chief Hot Foot; Kid Brother; High in the Andes; When Magic Fails #79
  [728/864] Man & Beast, Part 2 #790
  [729/864] The Invitation #791
  [730/864] Big City, Little Man #792
  [731/864] Return to Krypton II part 4: Dream's End #793
  [732/864] Invaders From Space #794
  [733/864] Ending Battle Part 4: The Thirteenth Hour #795
  [734/864] Ending Battle, Part 8: The Last Supervillain #796
  [735/864] Superego #797
  [736/864] Lost Hearts Conclusion : Heartsong #798
  [737/864] The Cage #799
  [738/864] Superman in the Slums #8
  [739/864] Back Again by Popular Demand to Plague Superman! The Imp of Imps... Mr. Mxyztplk! #80
  [740/864] A Hero's Journey #800
  [741/864] Seeds #801
  [742/864] The Harvest, Part 1 #802
  [743/864] The Harvest, Part Two #803
  [744/864] The Harvest, Part 3 #804
  [745/864] The Harvest, Conclusion #805
  [746/864] Hungry Ghosts, Part 1 - Blood, Broads & Bushido #806
  [747/864] Hungry Ghosts, Part 2 - Blood Sisters #807
  [748/864] Hungry Ghosts, Part 3 - Blood Demands... #808
  [749/864] Creeping Death #809
  [750/864] This Is Where I Get Off Superman-Let's See What the little Chap Can Do! #81
  [751/864] Walking Midnight #810
  [752/864] Strange New Visitor, Part One #811
  [753/864] Godfall, Part 1 - Home #812
  [754/864] Godfall, Part 4 - Heaven #813
  [755/864] Another Day At The Office #814
  [756/864] Superman Vs. Gog, Part 1 - Endtimes #815
  [757/864] Superman Vs. Gog, Part 2 - Behold, I Am Against Thee #816
  [758/864] Weapons Of Revelation #817
  [759/864] Enemies As Numerous As Grains Of Sand #818
  [760/864] Sodom And Gomorrah #819
  [761/864] The Water Sprite! #82
  [762/864] Wail Of The Banshee! #820
  [763/864] Worship False Gods #821
  [764/864] Repo-Man, Part One #822
  [765/864] Repo-Man, Part 2 #823
  [766/864] Old Man, New World #824
  [767/864] The Four Horsemen #825
  [768/864] Lightning Strikes Twice #826
  [769/864] Strange Attractors, Part One #827
  [770/864] Positive Reinforcement #828
  [771/864] Sacrifice, Part 2 - End Of Identity #829
  [772/864] Introducing Hocus and Pocus Magicians by Accident #83
  [773/864] The Great Society #830
  [774/864] Black & Blue #831
  [775/864] Old Ghosts #832
  [776/864] Depths #833
  [777/864] Awake in the Dark #834
  [778/864] A Contagion Of Madness #835
  [779/864] Superman, This Was Your Life, Part 2 #836
  [780/864] Up, Up, And Away! Part 2 - Mild-Mannered Reporter #837
  [781/864] Up, Up, And Away! Part 4 - Powers And Abilities #838
  [782/864] Up, Up, And Away! Part 6 - This Looks Like A Job... #839
  [783/864] Golly! One More Barrel An' I Don't Think He'd Have Made It! #84
  [784/864] Up, Up, And Away! Finale - The Adventures Of Superman #840
  [785/864] Back In Action, Part 1 #841
  [786/864] Back In Action, Part 2 - Action & Reaction #842
  [787/864] Back In Action, Part 3: All-Out Action #843
  [788/864] Last Son, Part 1 #844
  [789/864] Last Son, Part 2 #845
  [790/864] Last Son, Part 3 #846
  [791/864] Intermezzo #847
  [792/864] Redemption, Part 1 - If You Believe, A Man Can Fly #848
  [793/864] Redemption, Part 2 - In Good Faith #849
  [794/864] ...Massage Is So Stimulating for the Scalp! #85
  [795/864] Superman: Family #850
  [796/864] Last Son, Part 4 #851
  [797/864] Superman's Pal Jimmy Olsen In 3-2-1 Action! Part 1 - Choices #852
  [798/864] Superman's Pal Jimmy Olsen In 3-2-1 Action! Part 2 - The Signal #853
  [799/864] Superman's Pal Jimmy Olsen In 3-2-1 Action! Part 3 - Pal #854
  [800/864] Escape From Bizarro World, Part 1 #855
  [801/864] Escape From Bizarro World, Part 2 #856
  [802/864] Escape From Bizarro World, Part 3 #857
  [803/864] Superman and the Legion of Super-Heroes, Chapter 1 - Alien World #858
  [804/864] Superman And The Legion Of Super-Heroes, Chapter 2 - Illegal Aliens #859
  [805/864] 7th War Loan : And It Isn't Superman Who's Doing This - It's the American People! #86
  [806/864] Superman And The Legion Of Super-Heroes, Chapter 3 - Lightning And Shadows #860
  [807/864] Superman and the Legion of Superheroes, Chapter 4: Chameleons #861
  [808/864] Superman And The Legion Of Super-Heroes, Chapter 5 - Revenge Of The Rejects #862
  [809/864] Superman And The Legion Of Super-Heroes, Chapter 6 - Sun Rise #863
  [810/864] Batman and the Legion Of Super-Heroes #864
  [811/864] The Terrible Toyman #865
  [812/864] Brainiac, Part 1 - First Contact #866
  [813/864] Brainiac, Part 2 - Hide and Seek #867
  [814/864] Brainiac, Part 3 - Greetings #868
  [815/864] Brainiac, Part 4 - Mind Over Matter #869
  [816/864] Must Be Starting to Rain! #87
  [817/864] Brainiac, Conclusion #870
  [818/864] New Krypton, Part 4 - Beyond Doomsday #871
  [819/864] New Krypton, Part 7 - Brainiac Lives #872
  [820/864] New Krypton, Part 10 - Birth Of A Nation #873
  [821/864] Suspicion! #874
  [822/864] The Sleeper, Part 1 #875
  [823/864] The Sleepers, Part 2 #876
  [824/864] The Sleepers, Part 3 #877
  [825/864] The Sleepers, Part 4 #878
  [826/864] The Sleepers, Part 5; Captain Atom, Chapter One #879
  [827/864] Abracadabra ... Alacazam ... Carpet, Go Faster! : Another Adventure Featuring Those Zany Magicians by Accident- Hocus and Pocus #88
  [828/864] Codename: Patriot #880
  [829/864] The Hunt for Reactron, Part 1 #881
  [830/864] The Hunt for Reactron Part 3 #882
  [831/864] Divine Spark Part 1 #883
  [832/864] Divine Spark, Part Two #884
  [833/864] Divine Spark, Part Three #885
  [834/864] Divine Spark, Part Four #886
  [835/864] Truth to Power, Part 1 #887
  [836/864] Truth to Power, Part 2 #888
  [837/864] Truth to Power, Finale #889
  [838/864] An Unusual Superman Action Story : The King of Color #89
  [839/864] The Black Ring, Part 1 #890
  [840/864] The Black Ring, Part Two #891
  [841/864] The Black Ring, Part Three; A Look at Things to Come in... Superboy #892
  [842/864] The Black Ring, Part Four; Jimmy Olsen's Big Week, Day One #893
  [843/864] The Black Ring, Part Five; Jimmy Olsen's Big Week, Day Two #894
  [844/864] The Black Ring, Part Six; Jimmy Olsen's Big Week, Day Three #895
  [845/864] The Black Ring, Part Seven; Jimmy Olsen's Big Week, Day Four #896
  [846/864] The Black Ring, Part Eight #897
  [847/864] The Black Ring, Part Nine #898
  [848/864] The Black Ring, Part Ten #899
  [849/864] [Untitled] #9
  [850/864] Rookery for River Rats! #90
  [851/864] The Black Ring, Finale: Reign of Doomsday; Life Support; Autobiography; Friday Night in the 21st Century; The Incident; Only Human; The Evolution of the Man of Tomorrow #900
  [852/864] Reign of the Doomsdays, Part 1 #901
  [853/864] Reign of the Doomsdays, Part 2 #902
  [854/864] Reign of the Doomsdays, Part 3 #903
  [855/864] Reign of the Doomsdays, Finale #904
  [856/864] The Ghost Drum! #91
  [857/864] Superman at Work #92
  [858/864] Christmas 'Round the World : a Big Superman Special #93
  [859/864] Battle of The Redwoods! #94
  [860/864] The Laughing Stock of Metropolis #95
  [861/864] Haircut - And A Close Shave! #96
  [862/864] Another Zany Superman Adventure with Hocus and Pocus, Magicians by Accident : Amazing! Terrific! #97
  [863/864] Looks Like Pretty Dangerous Work! #98
  [864/864] Exhibition Today! Trick-Shot Schultz : OOps Missed Again!! Keep Trying #99

=== Processing volume: Detective Comics (DC Comics) ===
  matched volume: Detective Comics | id: 18058 | publisher: DC Comics | issue count: None
  fetched 883 issues
  [1/883] Choice of Weapons #0
  [2/883] Issue 1 #1
  [3/883] Issue 10 #10
  [4/883] The Crow's Nest Mystery #100
  [5/883] The Bug That Ate Tomorrow #1000000
  [6/883] The Tyrannical Twins #101
  [7/883] The house that was held for ransom #102
  [8/883] Trouble, Incorporated #103
  [9/883] Battle of the Billboards #104
  [10/883] The Batman Goes Broke #105
  [11/883] The Phantom of the Library #106
  [12/883] The Mountains of the Moon #107
  [13/883] The Goat of Gotham City! #108
  [14/883] The House That Jokes Built #109
  [15/883] Issue 11 #11
  [16/883] Batman and Robin in Scotland Yard! #110
  [17/883] Coaltown, U.S.A. #111
  [18/883] The Case Without a Crime #112
  [19/883] Crime on the Half-Shell! #113
  [20/883] Acrostic of Crime #114
  [21/883] The Man Who Lived In A Glass House #115
  [22/883] The Rescue of Robin Hood #116
  [23/883] Steeplejack's Showdown #117
  [24/883] The Royal Flush Crimes #118
  [25/883] The Case of the Famous Foes #119
  [26/883] Issue 12 #12
  [27/883] Foul Play #120
  [28/883] Commissioner Gordon Walks a Beat #121
  [29/883] Black Cat Crimes #122
  [30/883] The Dawn Patrol Crimes #123
  [31/883] Sing A Song of Villainy #124
  [32/883] The Citadel of Crime #125
  [33/883] Case of the Silent Songbirds #126
  [34/883] Pigmies in Giantland #127
  [35/883] Crimes in Reverse #128
  [36/883] The Isle of Yesterday #129
  [37/883] Issue 13 #13
  [38/883] The Box #130
  [39/883] The Underworld Surgeon #131
  [40/883] The Human Key #132
  [41/883] The Man Who Could See the Future #133
  [42/883] A Modern Dr. Jekyl #134
  [43/883] The True Story of Frankenstein #135
  [44/883] The Dead Mans Chest #136
  [45/883] The Rebus Crimes #137
  [46/883] The Invisible Crimes #138
  [47/883] The Crimes of Jade #139
  [48/883] Issue 14 #14
  [49/883] The Riddler! #140
  [50/883] The Gallery of Public Heroes #141
  [51/883] The Riddler's "Crimes Puzzle Contest" #142
  [52/883] The Pied Piper of Peril #143
  [53/883] Kay Keyser's Mystery Broadcast #144
  [54/883] Robin, the Boy Failure #145
  [55/883] Three's a Crime #146
  [56/883] Tiger Shark #147
  [57/883] The Experiment of Professor Zero #148
  [58/883] The Sound Effect Crimes #149
  [59/883] Issue 15 #15
  [60/883] The Ghost of Gotham City #150
  [61/883] I.O.U. My Life #151
  [62/883] The Goblin of Gotham City #152
  [63/883] The Flying Batman #153
  [64/883] The Underground Railroad Of Crime #154
  [65/883] Bruce Wayne, Private Detective #155
  [66/883] Batmobile of 1950 #156
  [67/883] The Race of the Century #157
  [68/883] The 1,001 Trophies of Batman #158
  [69/883] Bruce Wayne - You Are Batman #159
  [70/883] Issue 16 #16
  [71/883] The Globe-Trotter of Crime #160
  [72/883] The Men Who Died on Time #161
  [73/883] The Law of the Iron Road #162
  [74/883] The Man Who Feared Metal #163
  [75/883] Untold Tales of the Bat-Signal #164
  [76/883] The Strange Costumes of Batman #165
  [77/883] The Man with a Million Faces #166
  [78/883] Bodyguards for Cleopatra #167
  [79/883] The Man Behind the Red Hood! / The Electric Thinking Cap / The Return of the Iron Man / Ten Little Indians #168
  [80/883] Batman -- Boss of the Big House / The Man Who Could Live Under Water / Robotman, Actor / The Big Pow-Wow #169
  [81/883] Issue 17 #17
  [82/883] The Flying Dutchman II #170
  [83/883] The Menace of the Giant Birds #171
  [84/883] The Outlaw Who Had Nine Lives #172
  [85/883] The Batman's Double #173
  [86/883] The Park Avenue Kid #174
  [87/883] The Underworld Bank #175
  [88/883] The Underworld Crime Committee #176
  [89/883] The Robberies in the Bat-Cave #177
  [90/883] The Defeat of Batman! #178
  [91/883] Bruce Wayne, Mayor of Gotham City #179
  [92/883] Issue 18 #18
  [93/883] The Joker's Millions #180
  [94/883] The Amazing Crimes of the Human Magnet #181
  [95/883] The Human Puppets! / The Man with the Arson Eyes / Robotman's Double / The Lawman Who Lost His Grip #182
  [96/883] The Famous Name Crimes! #183
  [97/883] The Human Firefly / The Man Who Controlled the Elements / Robotman Runs a Restaurant / The Indian Relic Robberies #184
  [98/883] The Secret of Batman's Utility Belt #185
  [99/883] The Flying Bat-Cave #186
  [100/883] The Double Crimes of Two-Face #187
  [101/883] Doom in the Bat-Cave! #188
  [102/883] Undersea Hideout! #189
  [103/883] Issue 19 #19
  [104/883] How to Be the Batman #190
  [105/883] The Man with a License to Kill! #191
  [106/883] The Phantom Eye of Gotham City #192
  [107/883] The Joker's Journal #193
  [108/883] The Stolen Bank #194
  [109/883] The Original Batman #195
  [110/883] The City Without Guns #196
  [111/883] The League Against Batman #197
  [112/883] The Lord of Batmanor #198
  [113/883] The Invisible Batman #199
  [114/883] Issue 2 #2
  [115/883] Issue 20 #20
  [116/883] Radio Station C-R-I-M-E! #200
  [117/883] The Human Target #201
  [118/883] Millionaire Island #202
  [119/883] Crimes of the Catwoman #203
  [120/883] The Man Who Could Live Forever #204
  [121/883] The Origin of the Batcave #205
  [122/883] The Trapper of Gotham City #206
  [123/883] Batman, the Magician #207
  [124/883] The Nine Worlds of Batman #208
  [125/883] The Man Who Shadowed Batman #209
  [126/883] Issue 21 #21
  [127/883] The Brain That Ruled Gotham City! #210
  [128/883] The Jungle Cat-Queen / Menace From Outer Space / The World's Deadliest Cargo / The Forbidden Trick! #211
  [129/883] The Puppet Master #212
  [130/883] The Mysterious Mirror Man #213
  [131/883] The Batman Encyclopedia #214
  [132/883] The Batmen of All Nations; X Marks the Mystery! #215
  [133/883] The Batman of Tomorrow #216
  [134/883] The Mental Giant of Gotham City #217
  [135/883] Batman Junior and Robin Senior #218
  [136/883] Gotham City's Strangest Race #219
  [137/883] Issue 22 #22
  [138/883] The Mystery of the Second Batman and Robin Team #220
  [139/883] The Thousand-And-One Escapes of Batman and Robin #221
  [140/883] The Great Batman Swindle! #222
  [141/883] The Batman Dime Museum #223
  [142/883] The Batman Machine #224
  [143/883] If I Were Batman #225
  [144/883] When Batman Was Robin! #226
  [145/883] The 50 Faces of Batman #227
  [146/883] The Outlaw Batman! #228
  [147/883] The 10,000 Secrets of Batman! #229
  [148/883] Issue 23 #23
  [149/883] The Mad Hatter of Gotham City #230
  [150/883] Batman, Junior #231
  [151/883] The Outlaw Who Played Batman #232
  [152/883] The Bat-Woman #233
  [153/883] Batman and Robin's Greatest Mystery; The Man Who Hid His Powers; The Martian Convict #234
  [154/883] The First Batman #235
  [155/883] The New-Model Batman #236
  [156/883] The Search for a New Robin #237
  [157/883] The Doors That Hid Disaster #238
  [158/883] Batman's Robot Twin #239
  [159/883] Issue 24 #24
  [160/883] The Outlaw Batman #240
  [161/883] The Rainbow Batman #241
  [162/883] The Underworld Bat-Cave #242
  [163/883] The Giant Batman #243
  [164/883] The 100 Batarangs of Batman #244
  [165/883] The Dynamic Trio #245
  [166/883] The Murder at Mystery Castle #246
  [167/883] The man Who Ended Batman's Career #247
  [168/883] Around the World in 8 Days #248
  [169/883] The Crime of Bruce Wayne #249
  [170/883] Issue 25 #25
  [171/883] Batman's Super-Enemy #250
  [172/883] The Alien Batman #251
  [173/883] The Creature from the Green Lagoon #252
  [174/883] The Fox, the Shark and the Vulture #253
  [175/883] One Ounce of Doom #254
  [176/883] Death in Dinasaur Hall #255
  [177/883] The Captive Planet #256
  [178/883] Batman's Invincible Foe #257
  [179/883] Prisoners of the Giant Robots #258
  [180/883] The Calendar Man #259
  [181/883] Issue 26 #26
  [182/883] The Olympic Games of Space #260
  [183/883] The Amazing Dr. Double X #261
  [184/883] The Jackal of the Underworld #262
  [185/883] The Secret of the Fantastic Weapons #263
  [186/883] The Peril at Playland Isle #264
  [187/883] Batman's First Case #265
  [188/883] The Satellite From Gotham City #266
  [189/883] Batman Meets Bat-Mite #267
  [190/883] The Power That Doomed Batman! #268
  [191/883] The 1,000 Deaths of Batman and Robin #269
  [192/883] Issue 27 #27
  [193/883] The Creature From Planet X #270
  [194/883] Batman's Armored Rival #271
  [195/883] Menace of the Crystal Creature #272
  [196/883] Secret of the Dragon Society #273
  [197/883] The Hermit of Mystery Island #274
  [198/883] The Zebra Batman #275
  [199/883] The Return of Bat-Mite #276
  [200/883] The Jigsaw Creature from Space #277
  [201/883] The Man Who Became a Giant #278
  [202/883] The Creatures That Stalked Batman #279
  [203/883] Issue 28 #28
  [204/883] Menace of the Atomic Man #280
  [205/883] Batman, Robot #281
  [206/883] Batman's Interplanetary Rival #282
  [207/883] Phantom of Gotham City #283
  [208/883] The Negative Batman #284
  [209/883] The Mystery of the Man-Beast #285
  [210/883] The Doomed Batwoman #286
  [211/883] The Raven and the Wasp #287
  [212/883] The Menace of the Multiple Creature #288
  [213/883] The Bat-Mite Bandits #289
  [214/883] Issue 29 #29
  [215/883] Robin's Robot #290
  [216/883] The Creature From the Bat-Cave #291
  [217/883] The Colossus of Gotham City #292
  [218/883] Prisoners of the Dark World #293
  [219/883] The Villain of 100 Elements #294
  [220/883] The Secret of the Beast Paintings #295
  [221/883] The Menace of the Planet Master #296
  [222/883] The Beast of Koba Bay #297
  [223/883] The Menace of Clay-Face #298
  [224/883] Prey of the Alien Hunters #299
  [225/883] Issue 3 #3
  [226/883] The Return of Doctor Death #30
  [227/883] The Bizarre Polka-Dot Man #300
  [228/883] The Condemned Batman #301
  [229/883] The Bronze Menace #302
  [230/883] Murder in Skyland #303
  [231/883] The Return of Clayface #304
  [232/883] Targets of the Alien Z-Ray #305
  [233/883] The Wizard of 1,000 Menaces #306
  [234/883] Alpha, the Experimental Man #307
  [235/883] The Flame-Master #308
  [236/883] The Mystery of the Mardi Gras Murders #309
  [237/883] Batman Versus The Vampire: Part One #31
  [238/883] Bat-Mite's Super-Circus! #310
  [239/883] The Challenge of the Cat-Man #311
  [240/883] The Secret of Clayface's Power #312
  [241/883] The Mystery of the $1,000,000 Treasure Hunt #313
  [242/883] Murder in Movieland #314
  [243/883] The Jungle Man of Gotham City #315
  [244/883] Double Batman Vs. Dr. Double X #316
  [245/883] The Secrets of the Flying Bat-Cave #317
  [246/883] The Cat-Man Strikes Back #318
  [247/883] The Fantastic Dr. No-Face #319
  [248/883] Batman Versus The Vampire: Part Two #32
  [249/883] The Mummy Crime-Fighters #320
  [250/883] The Return of the Terrible Trio #321
  [251/883] The Bizarre Batman Genie #322
  [252/883] The Zodiac Master #323
  [253/883] Menace of the Robot Brain #324
  [254/883] The Strange Lives of the Cat-Man #325
  [255/883] Captives of the Alien Zoo #326
  [256/883] Mystery of the Menacing Mask #327
  [257/883] Gotham Gang Line-Up #328
  [258/883] The Castle with Wall-to-Wall Danger #329
  [259/883] The Batman Wars Against The Dirigible Of Doom #33
  [260/883] The Fallen Idol of Gotham City #330
  [261/883] Museum of Mixed Up Men #331
  [262/883] The Joker's Last Laugh #332
  [263/883] Hunters of the Elephants Graveyard #333
  [264/883] The Man Who Stole from Batman #334
  [265/883] Trail of the Talking Mask #335
  [266/883] Batman's Bewitched Nightmare; The House of "Flashy" Traps! #336
  [267/883] The Deep Freeze Menace #337
  [268/883] Batman's Super-Powered Punch #338
  [269/883] Batman Battles the Living Beast-Bomb! #339
  [270/883] Peril In Paris #34
  [271/883] The Outsider Strikes Again #340
  [272/883] The Joker's Comedy Capers #341
  [273/883] The Midnight Raid of the Robin Gang #342
  [274/883] The Secret War of the Phantom General #343
  [275/883] The Crime-Boss Who Was Always One Step Ahead of Batman #344
  [276/883] The Blockbuster Invasion of Gotham City #345
  [277/883] Batman's Inescapable Doom-Trap #346
  [278/883] The Strange Death of Batman #347
  [279/883] The Birdmaster of Bedlam #348
  [280/883] The Blockbuster Breaks Loose #349
  [281/883] The Case Of The Ruby Idol #35
  [282/883] The Monarch of Menace; Green Lanterns Blackout #350
  [283/883] The Cluemaster's Topsy-Turvy Crimes! #351
  [284/883] Batman's Crime-Hunt a Go-Go #352
  [285/883] The Weather Wizard's Triple-Threat Thefts! #353
  [286/883] No Exit for Batman! #354
  [287/883] Hate of the Hooded Hangman! / The Tantalizing Troubles of the Triod Thieves! #355
  [288/883] The Inside Story of the Outsider #356
  [289/883] Bruce Wayne Unmasks Batman! / Tragedy of the Too-Lucky Thief! #357
  [290/883] Introducing the Spellbinder #358
  [291/883] The Million Dollar Debut of Batgirl!; Riddle of the Sleepytime Taxi #359
  [292/883] Professor Hugo Strange #36
  [293/883] Case of the Abbreviated Batman #360
  [294/883] The Dynamic Duo's Double-Deathtrap!; The Curious Club of the Circus Crook! #361
  [295/883] The Night Batman Destroyed Gotham City #362
  [296/883] The True-False Face of Batman #363
  [297/883] The Curious Case of the Crime-Less Clues #364
  [298/883] The House the Joker Built #365
  [299/883] The Round-Robin Death Threats!; Robber Round-Up in Kiddy City! #366
  [300/883] Where There's a Will -- There's a Slay!; Enigma of the Elongated Evildoer! #367
  [301/883] 7 Wonder Crimes of Gotham City; The Treacherous Time-Trap #368
  [302/883] Batgirl Breaks Up the Dynamic Duo ; Legend of the Lovers' Lantern! #369
  [303/883] The Screaming House #37
  [304/883] The Day Batman Turned the Other Cheek ; Case of the Colorless Cash! #370
  [305/883] Batgirl's Costume Cut-Ups; The Bellringer and the Baffling Bongs #371
  [306/883] Fearsome Foot-Fighters ; Elongated Man Throws His Weight Around #372
  [307/883] Mr Freeze's Chilling Deathtrap; The Riddler on the Roof! #373
  [308/883] Hunt for a Robin Killer; The Amazing Crook-Gatcher! #374
  [309/883] The Frigid Finger of Fate!; The Face That Stopped Clocks! #375
  [310/883] Batman -- Hunted or Haunted?; The Demon-Doll Doom! #376
  [311/883] The Riddler's Prison-Puzzle Problem!; The Case of the Clumsy Crook! #377
  [312/883] Batman! Drop Dead… Twice!; Menace of the Man-Killing Shooting Gallery! #378
  [313/883] Two Killings for the Price of One!; The Elongated Man's Magic Moment! #379
  [314/883] Introducing Robin, The Boy Wonder #38
  [315/883] Marital-Bliss Miss!; Fortune in a Flower Pot! #380
  [316/883] One Drown -- One More to Go!; The Come-and-Go Mansion Mystery! #381
  [317/883] Riddle of the Robbin' Robin!; The Wishing Well Wonder! #382
  [318/883] The Fortune-Cookie Caper!; Pursuit of the Bugged Bandits #383
  [319/883] Whatever Will Happen to Heiress Heloise?; Tall, Dark, Handsome -- and Missing! #384
  [320/883] Die Small -- Die Big!  ; Hunt for the Helpless Hostage! #385
  [321/883] Stand-In for Murder; The Teen Age Gap! #386
  [322/883] Batmans 30th Anniversary Issue #387
  [323/883] Public Luna-Tic Number One! ; Surprise! This'll Kill You! #388
  [324/883] Batman's Evil Eye ; Batgirl's Bag of Tricks #389
  [325/883] The Horde of the Green Dragon #39
  [326/883] If the Coffin Fits -- Wear It! ; Countdown to Chaos! #390
  [327/883] The Gal Most Likely to Be -- Batman's Widow! #391
  [328/883] I Died... A Thousand Deaths!; A Clue... Seven-Foot Tall! #392
  [329/883] The Combo Caper! / Downfall of a Goliath! #393
  [330/883] A Victim's Victim! ; Strike... While The Campus Is Hot. #394
  [331/883] The Secret of the Waiting Graves ; Drop Out... or Drop Dead! #395
  [332/883] The Brain-Pickers!; The Orchid-Crusher #396
  [333/883] Paint A Picture of Peril!; The Hollow Man #397
  [334/883] The Poison Pen Puzzle!; Moon-Struck #398
  [335/883] Death Comest To A Small, Locked Room!; Panic By Moonglow #399
  [336/883] Issue 4 #4
  [337/883] The Murders of Clayface #40
  [338/883] Challenge of the Man-Bat ; A Burial for Batgirl #400
  [339/883] Target For Tonight!; Midnight Is The Dying Hour! #401
  [340/883] Man or Bat? ; My Place in the Sun! #402
  [341/883] You Die By Mourning!; Break-Out! #403
  [342/883] Ghost of the Killer Skies!; Midnight Doom-Boy #404
  [343/883] The First of the Assassins! ; The Living Statue; #405
  [344/883] Your Servant of Death -- Dr. Darrk!; The Explosive Circle! #406
  [345/883] Marriage: Impossible; One Of Our Landmarks Is Missing! #407
  [346/883] The House That Haunted Batman! / The Phantom Bullfighter! #408
  [347/883] Man in the Eternal Mask! ; Night of the Sharp Horns! #409
  [348/883] The Masked Menace Of The Boys' School #41
  [349/883] A Vow from the Grave!  ; Battle of the Three 'M's #410
  [350/883] "Into the Den of the Death-Dealers!"  ; Cut... and Run! #411
  [351/883] Legacy of Hate!; The Head-Splitters! #412
  [352/883] Freak-Out at Phantom Hollow!; Squeeze-Play! #413
  [353/883] Legend of the Key Hook Lighthouse!; Invitation to Murder! #414
  [354/883] Challenge of the Consumer Crusader; Death Shares the Spotlight! #415
  [355/883] Man-Bat Madness!; The Deadly Go-Between! #416
  [356/883] Batman for a Night; A Bullet for Gordon! #417
  [357/883] ...And be a Villain!; The Kingpin is Dead! #418
  [358/883] Secret of the Slaying Statues!; Long Live The Kingpin! #419
  [359/883] The Case Of The Prophetic Pictures #42
  [360/883] Forecast for Tonight... Murder; Target for Manana! #420
  [361/883] Blind Justice...Blind Fear!  ; Up Against Three Walls!  ; Police Line-Up! #421
  [362/883] Highway to Nowhere! / The Unmasking of Batgirl! #422
  [363/883] The Most Dangerous Twenty Miles in Gotham City  ; Candidate for Danger! #423
  [364/883] Double-Cross--Fire!; Batgirl's Last Case #424
  [365/883] The Stage is Set...for Murder!!; Open-and-Shut Case! #425
  [366/883] Killer's Roulette!  ; Trail of the Fadeaway Footprints! #426
  [367/883] A Small Case of Murder!; I Wake Up Dying! #427
  [368/883] The Toughest Cop in Gotham!; The Invisible Thief of Bleakhill Manor! #428
  [369/883] Man-Bat Over Vegas!; Case of the Loaded Case! #429
  [370/883] The Case Of The City Of Terror #43
  [371/883] Clue of the False Faces!; The Haunted Studio Mystery! #430
  [372/883] This Murder Has Been Censored; Crime on My Hands! #431
  [373/883] The Great Rip-Off Mystery!; Suddenly... the Witness Vanished! #432
  [374/883] Killer in the Smog!; The Case of the Forged Face! #433
  [375/883] The Spook That Stalked Batman; Riddle of the Red-Handed Robber! #434
  [376/883] The Spook Strikes Again!; Case of the Dead-On Target! #435
  [377/883] The Night Has a Thousand Fears!; Sign of the Two Fingers! #436
  [378/883] Deathmask #437
  [379/883] A Monster Walks Wayne Manor #438
  [380/883] Night of the Stalker!; Chapter 3: The Resurrection of Paul Kirk #439
  [381/883] The Land Behind The Light #44
  [382/883] Ghost Mountain Midnight #440
  [383/883] Judgement Day #441
  [384/883] Death Flies the Haunted Sky #442
  [385/883] Gotterdammerung #443
  [386/883] Bat Murderer #444
  [387/883] Break-In At the Big House #445
  [388/883] Slaughter in Silver; The Mystery of the Flyaway Car! #446
  [389/883] Enter: the Creeper; The Puzzle of the Pyramids #447
  [390/883] Bedlam Beneath the Big Top! #448
  [391/883] Midnight Rustler of Gotham City!; The Mystery Man Who Walked on Air! #449
  [392/883] The Case Of The Laughing Death #45
  [393/883] The Cape & Cowl Deathtrap; The Parking Lot Bandit! #450
  [394/883] The Batman's Burden; The Parking Lot Bandit Strikes Again! #451
  [395/883] Crackdown on the Crime Exchange; The Curse of the Ancient Weapons! #452
  [396/883] The Deadly Web of the Crime Exchange!; The Case of the Reverse Pickpocket! #453
  [397/883] The Set-Up Caper; The Catch-Me-If-You-Can Crook! #454
  [398/883] Heart of a Vampire; Battle of the Backfiring Weapons #455
  [399/883] Death-Kiss; The Un-Stretchable Sleuth #456
  [400/883] There is No Hope in Crime Alley!; Make Way for the Elongated Woman! #457
  [401/883] The Real Batman Dies Next!; Peal of the Devil-Bell! #458
  [402/883] A Clue before Dying!; Scream of the Gargoyle! #459
  [403/883] Professor Strange's Fear Dust #46
  [404/883] Slow Down -- and Die!; The Cold-Fire Caper! #460
  [405/883] Bruce Wayne -- Bait in a Bat-Trap; The Moneybag Caper! #461
  [406/883] Kill Batman in -- Triplicate; Clue of the Talking Orchid! #462
  [407/883] Death-Web / Crimes by Calculation #463
  [408/883] The Doomsday Express! / A Hot Time in Star City Tonight #464
  [409/883] The Best-Kept Secret in Gotham City!; The Elongated Plague! #465
  [410/883] Signalman Steals the Spotlight!; Take Me Out of the Ball Game #466
  [411/883] Pick-Up on Gotham 2-4-6!; The Man Who Skyjacked Hawkman! #467
  [412/883] Battle of the Thinking Machines #468
  [413/883] ...By Death's Eerie Light!; The Origin of Dr. Phosphorus #469
  [414/883] Money Can't Buy Happiness #47
  [415/883] The Master Plan of Doctor Phosphorus! #470
  [416/883] The Dead Yet Live #471
  [417/883] I Am the Batman! #472
  [418/883] The Malay Penguin! #473
  [419/883] The Deadshot Ricochet #474
  [420/883] The Laughing Fish! #475
  [421/883] The Sign of the Joker! #476
  [422/883] The House That Haunted Batman! #477
  [423/883] The Coming of... Clayface III! #478
  [424/883] If a Man Be Made of Clay...! ; True Heroes Never Die ... ! #479
  [425/883] The Secret Cavern #48
  [426/883] The Perfect Fighting Machine; The Case of the Off-Key Crimes! #480
  [427/883] Batman Family #481
  [428/883] Night of the Body Snatcher!; Fast Death to China!; The Eternity Book; The League of Crime! #482
  [429/883] Terminus #483
  [430/883] Assault on Olympus!; The "Who is Floyd Fenderman Anyway?" Contract!; The Race Against Murder!; The Return of the Flying Graysons!; Tyme has no Secrets!; The Galileo Solution! #484
  [431/883] The Vengeance Vow!; The Case of the Cavorting Corpse!; The Fatal Finale!; The Case of the Untouchable Crook!; SST -- The Super-Sonic Threat! #485
  [432/883] Murder by Thunderbolt; The Devil and the Deep Blue Sea Contract!; Crime Calls Killer Moth!; The Hospitable Hostage!; Fear Times Four #486
  [433/883] The Perils of Sergius; The Aliens Among Us!; The Iron Solution; The Case of the Campaign Crimes #487
  [434/883] The Spook's Death Sentence For Batman; The Last Duty!; The Leaders of the Dark Lords!; Minus One Miracle Car!; The Great Campus Kidnap! #488
  [435/883] Creatures of the Night! #489
  [436/883] Clayface Walks Again #49
  [437/883] Requiem for a Martyr! #490
  [438/883] The Riddle of the Golden Fleece; Fragrance of Death!; The Target of the Death-Dealer;; Shoort-Ciruit; The Assassnation of Batgirl! #491
  [439/883] Vengeance Trail; Chapter Two... At War With General Scarr; Fifty Million Tons of Soul!; We Are Experiencing a Slight Delay...; The First Bird #492
  [440/883] Riddles in the Dark; The Face of Humanity!; The Man in Black Wears Green!; The 18-Wheel War Contract!; Flames of Fear! #493
  [441/883] The Crime Doctor Calls at Midnight; The Lesser Eviil!!!; The Hazing Homicide!; Explosion of the Soul! #494
  [442/883] Murder in Quicksilver #495
  [443/883] Murder on the Mystery Ship!; Stealer of Souls! #496
  [444/883] Bad Night in Baja; Barbara Gordon... Murderess! #497
  [445/883] Night of the Savage; The Tightening Web! #498
  [446/883] Allies in the Shadows; Chains of Guilt! #499
  [447/883] Issue 5 #5
  [448/883] The Case Of The Three Devils #50
  [449/883] To Kill a Legend; The "Too Many Cooks..." Caper,; Once Upon a Time; The Final Mystery of Edgar Allen Poe!; The Batman Encounters Gray Face; The Strange Death of Dr. Erdel; What Happens When a Batman Dies? #500
  [450/883] The Man Who Killed Mlle. Marie!; The Five-Fold Revenge of Dr. Voodoo #501
  [451/883] Who Shot Mlle. Marie?; To Live a Nightmare! #502
  [452/883] The 6 Days of the Scarecrow #503
  [453/883] The Joker's Rumpus Room Revenge!; A Day in the Life of a Cop #504
  [454/883] Werewolf Moon; Hunt for a Hunchback Killer #505
  [455/883] Who Dies for the Manikin?; Farewell, My Lovely #506
  [456/883] Dressed to Die!; The Pursuit of Joy; Diamonds Aren't Forever! #507
  [457/883] Secret of the Sphinx Sinister!; The Attack of the Annihilator! #508
  [458/883] Nine Lives Has the Cat...; The Fires of Destruction! #509
  [459/883] The Case of the Mystery Carnival #51
  [460/883] Head-Hunt By a Mad Hatter; Bride of Destruction! #510
  [461/883] The `I' of the Beholder #511
  [462/883] The Fatal Prescription of Doctor Death!; Riders in the Night! #512
  [463/883] ...Is Better Than None!; Duel with Demons! #513
  [464/883] Haven! ; Sharper Than a Serpent's Tooth! #514
  [465/883] The Academy of Crime" Part 1: "College for Killers / In the Coils of the Serpent #515
  [466/883] Final Exams!  ; Sleep While the Serpent Smiles! #516
  [467/883] The Monster in the Mirror ; A Tale of Two Serpents! #517
  [468/883] The Millionaire Contract; He With Secrets Fears the Sound... #518
  [469/883] ...Like a Dreadnought in the Sky!  / ...When Velvet Paws Caress the Ground! #519
  [470/883] The Secret Of The Jade Box #52
  [471/883] The Haunting of "Boss" Thorne / The Cat and the Conover Caper! #520
  [472/883] Cat Tale; The High Tech Highwayman #521
  [473/883] Snow Blind ; Automatic Pirate! #522
  [474/883] Inferno  ; Mob Rule! #523
  [475/883] Deathgrip; Heat of the Moment! #524
  [476/883] Confrontation; The Irresistable Rise of Machiavelli #525
  [477/883] All My Enemies Against Me! #526
  [478/883] Avatars of Vengeance; Getting Up #527
  [479/883] A Requiem for Skulls / Poisoned Art #528
  [480/883] The Thief of Night! ; Lost in the Ozone #529
  [481/883] Viola Vane #53
  [482/883] Passion Nocturnale ; Survival of the Fittest #530
  [483/883] The Face of the Chimera ; Shelter from the Storm! #531
  [484/883] Laugh, Killer, Laugh! ; Soft Targets! #532
  [485/883] Look to the Mountaintop : The Killing of Commissioner Gordon! ;  The Black Box #533
  [486/883] Brambles ; Werewolves of London! #534
  [487/883] One Hole in a Quilt of Madness ; On the Cheap #535
  [488/883] Facing the Dark, Blindly ... ; Short Fuse #536
  [489/883] Down Below  ; Strike First! #537
  [490/883] Clothes Make the Cat(man)  ; Three Years Ago Today #538
  [491/883] Boxing  ; The Devil You Don't Know #539
  [492/883] Hook Morgan And His Harbor Pirates #54
  [493/883] Something Scary ; In Cold Type! #540
  [494/883] C-C-Cold! ; The Nightfly #541
  [495/883] Between Two Nights ; The Turn of an Unfriendly Card #542
  [496/883] Shadows of Vengeance ; It's No Fair! #543
  [497/883] Deceit in Dark Secrets ; Fair from the Madding Crowd #544
  [498/883] By Darkness Masked ; Fair Raid #545
  [499/883] Hill's Descent  ; Clash Reunion #546
  [500/883] Cast of Characters, Sequence of Events ; Most Likely to Die! #547
  [501/883] Beasts A-Prowl ; Vengeance is Mine #548
  [502/883] Doctor Harvey and Mr. Bullock ; Night Olympics, Part One #549
  [503/883] The Brain Burglar! #55
  [504/883] The Spider's Ninth Leg! ; Night Olympics, Part Two #550
  [505/883] The First Day of Spring ; Sanctuary #551
  [506/883] A Stump Grows in Gotham ; Poor, Huddled Masses #552
  [507/883] The False Face Society of Gotham; Crazy from the Heat #553
  [508/883] Port Passed; The Past is Prologue #554
  [509/883] Returning Reflections ; The Case of the Runaway Shoebox! #555
  [510/883] The Bleeding Night / Zen and the Art of Dying #556
  [511/883] Still Beating / The Pursuit of Wisdom #557
  [512/883] Strange Loves / Believe Everything I Hear #558
  [513/883] It Takes Two Wings to Fly #559
  [514/883] The Stone Idol! #56
  [515/883] The Batman Nobody Knows  ; ...Me a Bad Guy...? #560
  [516/883] Flying Hi ; In the Grip of Steelclaw! #561
  [517/883] Reeling ; The Criminal Element #562
  [518/883] Free Faces ; Winner and Still Champion #563
  [519/883] Double Crosses ; This Masquerade #564
  [520/883] The Love Killing ; Death by Misadventure #565
  [521/883] Know Your Foes ; Old Enemies Die Hard #566
  [522/883] The Night of Thanks, But No Thanks! ; The Face of Barricade! #567
  [523/883] Eyrie #568
  [524/883] Catch as Catscan #569
  [525/883] Twenty-Four Hours To Live #57
  [526/883] The Last Laugh! #570
  [527/883] Fear for Sale #571
  [528/883] Fifty Years Anniversary #572
  [529/883] The Mad Hatter Flips His Lids! #573
  [530/883] "...My Beginning... and My Probable End" #574
  [531/883] Year Two, Chapter 1: Fear the Reaper #575
  [532/883] Year Two, Chapter 2: Deal With The Devil #576
  [533/883] Year Two, Chapter 3: Deadly Allies #577
  [534/883] Year Two, Chapter 4: "...So Shall Ye Reap..." #578
  [535/883] The Crime Doctor's Crimson Clinic #579
  [536/883] One Of The Most Perfect Frame-Ups #58
  [537/883] Double Image #580
  [538/883] "One Out of Two ... Isn't Bad..." #581
  [539/883] Sole Survivor #582
  [540/883] Fever #583
  [541/883] Fever Break! #584
  [542/883] The Ratcatcher #585
  [543/883] Rat Trap #586
  [544/883] Night People #587
  [545/883] Night People Part Two: The Corrosive Man #588
  [546/883] The Burning Pit #589
  [547/883] The King Of The Jungle #59
  [548/883] An American Batman in London #590
  [549/883] Aborigine! #591
  [550/883] The Fear Part One #592
  [551/883] The Fear Part Two: Diary of a Madman #593
  [552/883] Ecstasy #594
  [553/883] Our Man in Havana / Cold Cuts #595
  [554/883] Video Nasties #596
  [555/883] Private Viewing #597
  [556/883] Blind Justice Part 1 of 3 #598
  [557/883] Blind Justice Part 2 of 3 #599
  [558/883] Issue 6 #6
  [559/883] The Case of the Costume-Clad Killers #60
  [560/883] Blind Justice Part 3 of 3 #600
  [561/883] Tulpa Part One: Monster Maker #601
  [562/883] Tulpa Part Two: Night Moves #602
  [563/883] Tulpa Part Three: When Demons Clash! #603
  [564/883] The Mud Pack Part 1: Men of Clay #604
  [565/883] Mud Pack Part 2 of 4: Heart of Steel, Feet of Clay #605
  [566/883] The Mud Pack Part 3 of 4: Killer Clay! #606
  [567/883] The Mud Pack Part 4 of 4: The China Clay Syndrome #607
  [568/883] Anarky in Gotham City, Part One: Letters to the Editor #608
  [569/883] Anarky in Gotham City, Part Two: Facts About Bats #609
  [570/883] The Three Racketeers #61
  [571/883] Snow and Ice Part 1: Ode to a Penguin #610
  [572/883] Snow and Ice Part 2: Bird of Ill Omen #611
  [573/883] Cats #612
  [574/883] Trash #613
  [575/883] Street Demonz #614
  [576/883] The Penguin Affair part 2: Bird of Ill Omen! #615
  [577/883] Stone Killer #616
  [578/883] A Clash of Symbols #617
  [579/883] Rite of Passage Part 1: Shadow on the Sun #618
  [580/883] Rite of Passage Part 2: Beyond Belief! #619
  [581/883] Laugh, Town, Laugh #62
  [582/883] Rite of Passage Part 3: Make Me a Hero #620
  [583/883] Rite of Passage Part 4: Trial By Fire Make Me a Hero #621
  [584/883] Dark Genesis! #622
  [585/883] Death of Innocence #623
  [586/883] Bitter Victory #624
  [587/883] Abattoir! #625
  [588/883] Return to the Electrocutioner #626
  [589/883] The Case of the Chemical Syndicate / The Cry of the Night is "Kill!" #627
  [590/883] Hearts #628
  [591/883] The Hungry Grass! #629
  [592/883] Meet Mr. Baffle! #63
  [593/883] And the Executioner Wore Stiletto Heels #630
  [594/883] The Golem of Gotham Part One #631
  [595/883] The Golem of Gotham Part Two #632
  [596/883] Identity Crisis #633
  [597/883] The Third Man #634
  [598/883] Mind Games #635
  [599/883] Mind Control #636
  [600/883] Control Freak #637
  [601/883] The Bomb #638
  [602/883] The Idiot Root Part Two: The Queen of Hearts #639
  [603/883] The Joker Walks The Last Mile #64
  [604/883] The Idiot Root Part Four: The Cook, the Bat and the Idiot #640
  [605/883] The Destroyer Part Three: A Dream Is Forever #641
  [606/883] The Return of Scarface Part Two: Gleeding Hearts #642
  [607/883] The Library of Souls #643
  [608/883] Electric City Part 1: Wired #644
  [609/883] Electric City Part 2: Grounded! #645
  [610/883] Electric City Part 3: Systemic Shock #646
  [611/883] Inquiring Minds #647
  [612/883] Let the Puzzlement Fit the Crime #648
  [613/883] Malled #649
  [614/883] The Cop Who Hated Batman #65
  [615/883] The Dragon #650
  [616/883] A Bullet for Bullock #651
  [617/883] Beyond the Law! #652
  [618/883] The Serpent Pit #653
  [619/883] God of Battle #654
  [620/883] The Anvil of War ; You May Think It's Not Your Problem ... #655
  [621/883] Beseiged #656
  [622/883] Null and Void #657
  [623/883] Deciphered #658
  [624/883] Puppets #659
  [625/883] The Crimes of Two-Face #66
  [626/883] Crocodile Tears #660
  [627/883] City on Fire #661
  [628/883] Burning Questions #662
  [629/883] No Rest for the Wicked #663
  [630/883] Who Rules the Night #664
  [631/883] Lightning Changes #665
  [632/883] The Devil You Know #666
  [633/883] Wild, Wild East #667
  [634/883] Runaway #668
  [635/883] Town Tamer #669
  [636/883] Crime's Early Bird! #67
  [637/883] Cold Cases #670
  [638/883] The Cutting Room Floor #671
  [639/883] Smash Cut #672
  [640/883] Losing the Light #673
  [641/883] Out-Gunned #674
  [642/883] Midnight Duel #675
  [643/883] Too Many Ninjas #676
  [644/883] Flesh and Steel #677
  [645/883] Yesterdays Gone #678
  [646/883] Prodigal Three : The Vermin Factor #679
  [647/883] The Man Who Led A Double Life! #68
  [648/883] Prodigal Seven : A Twice Told Tale #680
  [649/883] Prodigal Eleven : Knight Without Armor #681
  [650/883] Troika, Part Three: The Doomsday Clock #682
  [651/883] Odds Against #683
  [652/883] Darkest Day #684
  [653/883] War of the Dragons: Part One : The Iron Dragon #685
  [654/883] War of the Dragons: Part Three : The Winged Dragon #686
  [655/883] Red Tide #687
  [656/883] The Rip #688
  [657/883] The Blazing Heart #689
  [658/883] The Harlequin's Hoax #69
  [659/883] Burning Love #690
  [660/883] Will It Go 'Round in Circles #691
  [661/883] Lying Eyes #692
  [662/883] Systemic Shock #693
  [663/883] Violent Reactions #694
  [664/883] Contagion, Part 2: The Gray Area #695
  [665/883] Contagion, Part 8: Babylon Falls #696
  [666/883] Deadbolt #697
  [667/883] The Tomb #698
  [668/883] The Chain #699
  [669/883] Issue 7 #7
  [670/883] The Man Who Could Read Minds #70
  [671/883] Progeny of the Demon #700
  [672/883] Gotham's Scourge #701
  [673/883] Second Chances #702
  [674/883] Howling in the Dark #703
  [675/883] Rocket Scientist #704
  [676/883] Badd Girls #705
  [677/883] Lethal Pursuits #706
  [678/883] Riddled #707
  [679/883] The Death Lottery Part One : Heart of Glass #708
  [680/883] The Death Lottery Part Two : Heart of Stone #709
  [681/883] Crime A Day! #71
  [682/883] The Death Lottery Part Three : Heart of Ice #710
  [683/883] Knight Out #711
  [684/883] Gears of Justice #712
  [685/883] Death Engine #713
  [686/883] A World for Burning #714
  [687/883] Days of Fire #715
  [688/883] Death Comes Home #716
  [689/883] Savage Metal #717
  [690/883] Point of Impact #718
  [691/883] Cataclysm! Prelude : Sound and Fury #719
  [692/883] License for Larseny #72
  [693/883] Cataclysm part five: The First and the Last #720
  [694/883] Cataclysm Part Fourteen: Shifting Ground #721
  [695/883] Statistics #722
  [696/883] Fight Back to Gotham #723
  [697/883] The Grieving City #724
  [698/883] At the End of the Day #725
  [699/883] Fool's Errand #726
  [700/883] Fight or Flight, One : Nest of Vipers #727
  [701/883] Fight or Flight: 2 : Chaos Squared #728
  [702/883] Fight or Flight: 3 : 30 Seconds to Midnight #729
  [703/883] The Scarecrow Returns #73
  [704/883] No Law and a New Order: Part Four : Language #730
  [705/883] Fear of Faith: Part Four : Be Not Afraid #731
  [706/883] Mosaic: Part Two #732
  [707/883] NML: Shades of Grey #733
  [708/883] Mark of Cain: Part Two #734
  [709/883] Fruit of the Earth:3 #735
  [710/883] Homecoming #736
  [711/883] The Code: Part 2 #737
  [712/883] Goin Downtown (Part 2): The Vandal #738
  [713/883] Jurisprudence: (Part 2) #739
  [714/883] Tweedledum And Tweedledee! #74
  [715/883] Shellgame (Part Two) #740
  [716/883] Endgame (Part Three): Sleep in Heavenly Peace #741
  [717/883] The Honored Dead #742
  [718/883] Evolution: (Part One): Whispers in the Dark #743
  [719/883] Evolution: (Part Two): Unity of Purpose #744
  [720/883] Evolution: (Part Three): Law of the Land #745
  [721/883] Evolution: (Part Four): Aftertaste #746
  [722/883] Happy Birthday Two You... #747
  [723/883] Urban Renewal: Part One #748
  [724/883] Urban Renewal: Part Two #749
  [725/883] Robber Baron #75
  [726/883] Dependence #750
  [727/883] A Walk in the Park (Part 1) #751
  [728/883] A Walk in the Park (Part 2);  The Jacobian (Chapter 7); #752
  [729/883] The Adventures Of Copernicus Dent With His Best Girl And Plucky Assistant R'nee In The Janus Double Down;  The Jacobian (Chapter 8); #753
  [730/883] Officer Down (Part Six): Monster in a Box;  The Jacobian (Chapter 9); #754
  [731/883] Here's Your Hat, What's Your Hurry?; The Jacobian (Chapter 10); #755
  [732/883] Lord of the Ring;  The Jacobian (Chapter 11); #756
  [733/883] Air Time;  The Jacobian (Chapter 12); #757
  [734/883] Unknowing (Part 1); History Lesson #758
  [735/883] Unknowing (Part 2); Trail of the Catwoman (Part 1); #759
  [736/883] Slay 'em with Flowers #76
  [737/883] Unknowing (Part 3); Trail of the Catwoman (Part 2); #760
  [738/883] In Thirty Days; Trail Of The Catwoman (Part 3) #761
  [739/883] Passings; Trail Of The Catwoman (Part 4) #762
  [740/883] Joker: Last Laugh: La Cucilla; Lost Voices (Part 1); #763
  [741/883] Hearts; Lost Voices (Part 2); #764
  [742/883] Vacancies; Lost Voices (Part 3); #765
  [743/883] Procedure; Lost Voices (Part 4); #766
  [744/883] Timeles; Lost Voices (Part 5); #767
  [745/883] Purity (Part 1); Lost Voices (Part 6); #768
  [746/883] Purity (Part 2); Lost Voices (Part 7); #769
  [747/883] The Crime Clinic! #77
  [748/883] Purity (Part 3); Lost Voices (Part 8); #770
  [749/883] Bruce Wayne, Fugitive (Part 12): Access; Lost Voices (Part 9) #771
  [750/883] Bruce Wayne, Fugitive (Part 16): Principle; Lost Voices (Part 10); #772
  [751/883] Atonement (Part 1); The Hunt (Part 1); #773
  [752/883] Atonement (Part 2); The Hunt (Part 2); #774
  [753/883] Atonement (Part 3); The Hunt (Part 3); #775
  [754/883] Orphan ; Spore (Part 1); #776
  [755/883] Dead Reckoning (Part 1); Spore (Part 2); #777
  [756/883] Dead Reckoning (Part 2); Spore (Part 3); #778
  [757/883] Dead Reckoning (Part 3); Spore (Part 4); #779
  [758/883] The Bond Wagon #78
  [759/883] Dead Reckoning (Part 4); Spore (Part 5); #780
  [760/883] Dead Reckoning (Part 5); Gottismburgh #781
  [761/883] Dead Reckoning (Part 6); The Mourning After #782
  [762/883] More Perfect Than Perfect ; Death and the Maidens: Prologue #783
  [763/883] Made of Wood, Part 1; Trading Up #784
  [764/883] Made of Wood (Part 2); The Dogcatcher (Part 1); #785
  [765/883] Made of Wood (Part 3); The Dogcatcher (Part 2); #786
  [766/883] Mimsy Were The Borogoves ; The Dogcatcher (Part 3); #787
  [767/883] The Randori Stone (Part 1); The Dogcatcher (Part 4); #788
  [768/883] The Randori Stone (Part 2); The Tailor (Part 1); #789
  [769/883] Destiny's Auction #79
  [770/883] Scarification; The Tailor (Part 2); #790
  [771/883] The Surrogate (Part 1): Lost and Found; The Tailor (Part 3); #791
  [772/883] The Surrogate (Part 2): The Blinding; The Tailor (Part 4); #792
  [773/883] The Surrogate (Part 3): Deliverance; The Tailor (Part 5); #793
  [774/883] Monsters of Rot (Part 1): Cleansing Fires; The Tailor (Part 6); #794
  [775/883] Monsters of Rot (Part 2): Knee Deep; Polished Stone (Part 1); #795
  [776/883] ...And Red All Over; Polished Stone, Part 2 #796
  [777/883] War Games: Act 1 (Part 1): Flashpoint; Low (Part 1); #797
  [778/883] War Games: Act 2 (Part 1): Undertow; Low (Part 2); #798
  [779/883] War Games: Act 3 (Part 1): Good Intentions; Low (Part 3) #799
  [780/883] Issue 8 #8
  [781/883] The End of Two-Face! #80
  [782/883] Alone at Night; In the Dark #800
  [783/883] City of Crime (Part 1); When You're Strange (Part 1); #801
  [784/883] City of Crime (Part 2): The Secret Keepers; When You're Strange (Part 2); #802
  [785/883] City of Crime (Part 3): The Horror Show; When You're Strange (Part 3); #803
  [786/883] City of Crime (Part 4): All You Need is Love Love Love Love Love Love  ; When You're Strange (Part 4); #804
  [787/883] City of Crime (Part 5): The Heating Up; Mud; #805
  [788/883] City of Crime (Part 6): A City, Not My Own; Regnum Defende (Part 1); #806
  [789/883] City of Crime (Part 7): Crown Point; Regnum Defende (Part 2) #807
  [790/883] City of Crime (Part 8): The New Face; The Beast Beneath (Part 1); #808
  [791/883] War Crimes (Part 1): To the Victor Go The Spoils; The Beast Beneath (Part 2); #809
  [792/883] The Cavalier #81
  [793/883] War Crimes (Part 3): A Consequence Of Truth; The Beast Beneath (Part 3); #810
  [794/883] City of Crime (Part 9): The Experiment #811
  [795/883] City of Crime (Part 10): Pearls And Fine China #812
  [796/883] City of Crime (Part 11): A Place Of Fear #813
  [797/883] City of Crime (Part 12): The Big Show #814
  [798/883] Victims (Part 1); #815
  [799/883] Victims (Part 2); #816
  [800/883] Face the Face (Part 1); #817
  [801/883] Face the Face (Part 3); The Crime File Of Jason Bard; #818
  [802/883] Face the Face (Part 5); The Crime File of Jason Bard; #819
  [803/883] Quarterback of Crime #82
  [804/883] Face the Face (Part 7); The Crime File Of Jason Bard; #820
  [805/883] The Beautiful People #821
  [806/883] E. Nigma, Consulting Detective #822
  [807/883] Stalked #823
  [808/883] Night Of The Penguin #824
  [809/883] The Return Of Dr. Phosphorus! #825
  [810/883] Slayride #826
  [811/883] Double Talk #827
  [812/883] Sharkbite #828
  [813/883] Siege (Part 1) #829
  [814/883] Accidentally on Purpose! #83
  [815/883] Siege (Part 2) #830
  [816/883] Kind of Like Family #831
  [817/883] Triage #832
  [818/883] Trust #833
  [819/883] Trust, Part 2 (of 2) #834
  [820/883] Absolute Terror, Part 1 (of 2) #835
  [821/883] Absolute Terror, Part 2 (of 2) #836
  [822/883] Honor Among Thieves #837
  [823/883] The Resurrection of Ra's al Ghul, Part 3 #838
  [824/883] The Resurrection of Ra's al Ghul, Part 7: Entitlement #839
  [825/883] Artists in Villainy #84
  [826/883] The Resurrection of Ra's al Ghul: Epilogue #840
  [827/883] The Wonderland Gang! #841
  [828/883] Suit Of Sorrow #842
  [829/883] Opening Night #843
  [830/883] Curtains #844
  [831/883] The Riddle Unanswered #845
  [832/883] Heart of Hush Part 1: First Families of Gotham #846
  [833/883] Heart of Hush Part 2: The Last Good Day #847
  [834/883] Heart of Hush Part 3: Heartstrings #848
  [835/883] Heart of Hush Part 4: Scars #849
  [836/883] The Joker's Double #85
  [837/883] Batman R.I.P.: Heart of Hush, The Conclusion: The Demon in the Mirror #850
  [838/883] Batman: Last Rites, Last Days of Gotham, Part 1 of 2 #851
  [839/883] Reconstruction #852
  [840/883] Whatever Happened To The Caped Crusader, Part 2 #853
  [841/883] Elegy, Part 1 - Agitato; Pipeline - Chapter 1, Part 1 #854
  [842/883] Elegy, Part 2 - Misterioso; Pipeline - Chapter 1, Part 2 #855
  [843/883] Elegy, Part 3 - Affettuoso; Pipeline - Chapter 1, Part 3 #856
  [844/883] Elegy, Part 4 - Rubato; Pipeline - Chapter 1, Part 4 #857
  [845/883] Twenty Years Ago / Pipeline Chapter One Part Five #858
  [846/883] Seven Years Ago / Pipeline Chapter Two Part One #859
  [847/883] Danger Strikes Three! #86
  [848/883] Four Years Ago; Pipeline - Chapter Two | Part One #860
  [849/883] Cutter, Part 1 #861
  [850/883] Cutter, Part 2 of 3; Pipeline, Chapter Two Part Three #862
  [851/883] Cutter, Part 3; Pipeline: Chapter Two, Part Four #863
  [852/883] Beneath The Mask #864
  [853/883] Beneath The Mask Part Two #865
  [854/883] The Medallion #866
  [855/883] Batman: Impostors, Part 1: "Laugh and the World Laughs With You" #867
  [856/883] Batman: Impostors, Part Two: The (s)Laughter of Fools #868
  [857/883] Batman: Impostors, Part Three: Laughter out of Dead Bellies #869
  [858/883] The Man of A Thousand Umbrellas #87
  [859/883] Batman: Impostors, Part Four: Last Man Laughing #870
  [860/883] The Black Mirror, Part 1; Skeleton Cases, Part 1 #871
  [861/883] The Black Mirror, Part Two of Three; Skeleton Cases, Part 2 of 3 #872
  [862/883] The Black Mirror, Part Three of Three #873
  [863/883] Skeleton Cases, Part 3 #874
  [864/883] Lost Boys #875
  [865/883] Hungry City, Pt. 1 of 3 #876
  [866/883] Hungry City, Part Two of Three #877
  [867/883] Hungry City, Part Three of Three #878
  [868/883] Skeleton Key #879
  [869/883] The Merchants of Misery! #88
  [870/883] My Dark Architect #880
  [871/883] The Face in the Glass #881
  [872/883] The Cavalier of Crime #89
  [873/883] Issue 9 #9
  [874/883] Crime Between the Acts #90
  [875/883] The Case of the Practical Joker #91
  [876/883] Crime's Manhunt #92
  [877/883] One Night Of Crime #93
  [878/883] No One Must Know #94
  [879/883] The Blaze #95
  [880/883] Alfred, Private Detective #96
  [881/883] The Secret of the Switch #97
  [882/883] The King of the Hoboes! #98
  [883/883] The Temporary Murders #99

=== Processing volume: Batman (DC Comics) ===
  matched volume: Batman | id: 796 | publisher: DC Comics | issue count: None
  fetched 716 issues
  [1/716] Creature of the Night #0
  [2/716] The Legend of the Batman: Who He Is and How He Came To Be; The Joker #1
  [3/716] The Isle That Time Forgot #10
  [4/716] [100th Batman Issue!] #100
  [5/716] Peril Within The Prison Planet #1000000
  [6/716] The Great Bat-Cape Hunt! #101
  [7/716] The Caveman at Large #102
  [8/716] Bat-Hound, Movie Star #103
  [9/716] The Beast From 20,000 Fathoms #104
  [10/716] The Challenge of Batwoman #105
  [11/716] The Batman Puppet #106
  [12/716] The Grown-Up Boy Wonder #107
  [13/716] The Career of Batman Jones #108
  [14/716] The 1,001 Inventions of Batman #109
  [15/716] The Joker's Advertising Campaign #11
  [16/716] Crime-of-the-Month Club! / The Secret of Batman's Butler / The Phantom Batman #110
  [17/716] The Armored Batman #111
  [18/716] Am I Really Batman? #112
  [19/716] Batman: Superman of Planet X #113
  [20/716] The Secret of Mechanical City #114
  [21/716] The Batman in the Bottle #115
  [22/716] The Winged Bat-People #116
  [23/716] Manhunt in Outer Space #117
  [24/716] The Merman Batman #118
  [25/716] Rip-Van Batman #119
  [26/716] Brothers In Crime #12
  [27/716] The Airborne Batman #120
  [28/716] The Ice Crimes of Mr. Zero #121
  [29/716] The Marriage of Batman and Batwoman! #122
  [30/716] The Fugitive Batman #123
  [31/716] The Mystery Seeds From Space #124
  [32/716] King Batman the First #125
  [33/716] The Menace of the Firefly #126
  [34/716] The Hammer of Thor #127
  [35/716] The Interplanetary Batman #128
  [36/716] The Web of the Spinner #129
  [37/716] The Batman Plays a Lone Hand #13
  [38/716] The Hand From Nowhere #130
  [39/716] The Second Batman and Robin Team #131
  [40/716] Lair of the Sea-Fox #132
  [41/716] Batwoman's Publicity Agent #133
  [42/716] The Rainbow Creature #134
  [43/716] The Menace of the Sky Creature #135
  [44/716] Challenge of the Joker #136
  [45/716] Robin's New Boss #137
  [46/716] Secret of the Sea Beast #138
  [47/716] Bat-Girl #139
  [48/716] The Case Batman Failed To Solve! #14
  [49/716] The Eighth Wonder of Space #140
  [50/716] The Crimes of the Clockmaster #141
  [51/716] Ruler of the Bewitched Valley #142
  [52/716] Bat-Hound and the Creature #143
  [53/716] Bat-Mite Meets Bat-Girl; The Alien Feud on Earth; The Man Who Played Batman #144
  [54/716] The Son of the Joker #145
  [55/716] The Deadly Curse of Korabo #146
  [56/716] Batman Becomes Bat-Baby #147
  [57/716] The Joker's Greatest Triumph #148
  [58/716] Invaders From the Past #149
  [59/716] Your Face is Your Fortune #15
  [60/716] Robin, the Super Boy Wonder #150
  [61/716] Batman's New Secret Identity #151
  [62/716] The False Face Society #152
  [63/716] Prisoners of Three Worlds #153
  [64/716] The Strange Experiment of Doctor Dorn #154
  [65/716] Return of the Penguin ; Batman's Psychic Twin #155
  [66/716] Robin Dies at Dawn #156
  [67/716] The Villain of the Year ; The Hunt for Batman's Secret Identity #157
  [68/716] Ace -- the Super Bat-Hound;  Batman and Robin, Imposters; Secret of the Impossible Perils #158
  [69/716] The Great Clayface-Joker Feud / The Boyhood of Bruce Wayne Jr. #159
  [70/716] The Joker Reforms #16
  [71/716] The Alien Boss of Gotham City #160
  [72/716] The Bat-Mite Hero #161
  [73/716] The Batman Creature ; Robin's New Secret Identity #162
  [74/716] Bat-Girl -- Batwoman II! / The Joker Jury! #163
  [75/716] Two-Way Gem Caper! #164
  [76/716] The Man Who Quit the Human Race #165
  [77/716] Two-Way Deathtrap #166
  [78/716] Zero Hour for Earth #167
  [79/716] The Fight That Jolted Gotham City #168
  [80/716] Partners In Plunder #169
  [81/716] The Batman's Biographer #17
  [82/716] Genius of the Gimmick Getaways! #170
  [83/716] Remarkable Ruse of the Riddler #171
  [84/716] Attack of the Invisible Knights #172
  [85/716] Secret Identities for Sale #173
  [86/716] The Human Punching Bag #174
  [87/716] The Decline and Fall of Batman #175
  [88/716] Batman and Robin's Most Fantastic Foes #176
  [89/716] Two Batmen Too Many #177
  [90/716] Raid of the Rocketeers #178
  [91/716] Clay Pigeon for a Killer; The Riddle-Less Robberies of the Riddler! #179
  [92/716] The Secret of Hunters Inn #18
  [93/716] Death Knocks Three Times #180
  [94/716] Beware of Poison Ivy!, The Perfect Crime - Slightly Imperfect! #181
  [95/716] The Strange Lives of Batman and Robin #182
  [96/716] A Touch of Poison Ivy!; Batman's Baffling Turnabout! #183
  [97/716] Mystery of the Missing Manhunters!; The Boy Wonder's Boo-Boo Patrol! #184
  [98/716] A Prized Collection Starring Robin the Boy Wonder #185
  [99/716] The Joker's Original Robberies #186
  [100/716] Batman's First Case #187
  [101/716] The Eraser Who Tried to Rub Out Batman; The Ten Best-Dressed Corpses in Gotham City #188
  [102/716] Fright of the Scarecrow #189
  [103/716] Batman Makes a Deadline - Atlantis Goes to war - Case Of The Timid Lion - Collector Of Millionaires #19
  [104/716] "The Penguin Takes a Flyer -- Into the Future!" #190
  [105/716] The Day Batman Sold Out #191
  [106/716] The Crystal Ball That Betrayed Batman #192
  [107/716] Ride, Bat-Hombre, Ride #193
  [108/716] The Blockbuster Goes Bat-Mad #194
  [109/716] The Spark-Spangled See-Through Man #195
  [110/716] The Psychic Super-Sleuth!; The Purloined Parchment Puzzle #196
  [111/716] The Catwoman Sets Her Claws for Batman #197
  [112/716] The Origin of the Batman #198
  [113/716] Peril of the Poison Rings! #199
  [114/716] Batman and Robin #2
  [115/716] Bruce Wayne loses the guardianship of Dick Grayson #20
  [116/716] The Man Who Radiated Fear! #200
  [117/716] Batman's Gangland Guardians #201
  [118/716] Gateway to Death!; Menace of the Motorcycle Marauders! #202
  [119/716] The Secrets of the Batcave! #203
  [120/716] Operation Blindfold! #204
  [121/716] Blind As a ... Bat? #205
  [122/716] Batman Walks the Last Mile!  : This Is the...End! #206
  [123/716] The Doomsday Ball! : Death Trap! #207
  [124/716] Important Women in His Life #208
  [125/716] Jungle Jeopardy #209
  [126/716] The Streamlined Rustlers #21
  [127/716] The Case of the Purr-Loined Pearl #210
  [128/716] Batman's Big Blow-Off! #211
  [129/716] Baffling Deaths of the Crime-Czar! #212
  [130/716] The Origin of Robin #213
  [131/716] Batman's Marriage Trap #214
  [132/716] Call Me Master! #215
  [133/716] Angel - or Devil? #216
  [134/716] One Bullet Too Many! #217
  [135/716] Batman and Robin's Greatest Mystery #218
  [136/716] Death Casts The Deciding Vote!; The Silent Night of the Batman #219
  [137/716] The Duped Domestics #22
  [138/716] This Murder Has Been... Pre-Recorded #220
  [139/716] A Bat-Death For Batman!; Hot Time In Gotham Town Tonight! #221
  [140/716] Dead... Till Proven Alive!; Case of no Consequence! #222
  [141/716] City without Guns #223
  [142/716] Carnival Of The Cursed #224
  [143/716] Wanted For Murder-One, The Batman; Shutdown On York Street! #225
  [144/716] The Man With Ten Eyes! #226
  [145/716] The Demon Of Gothos Mansion #227
  [146/716] Outlaw Town, U.S.A.! #228
  [147/716] Asylum of the Futurians!; Temperature Boiling ...and Rising! #229
  [148/716] The Upside Down Crimes #23
  [149/716] Take-Over of Paradise!; Danger Comes A-Looking! #230
  [150/716] Blind Rage Of The Ten-Eyed Man!; Wiped Out! #231
  [151/716] "Daughter Of The Demon!" #232
  [152/716] The Death Cheaters of Gotham City! #233
  [153/716] Half an Evil #234
  [154/716] Swamp Sinister #235
  [155/716] Wall of the Ghost Bride!; Rain Fire! #236
  [156/716] Night of the Reaper! #237
  [157/716] The Masterminds of Crime! #238
  [158/716] Silent Night, Deadly Night! #239
  [159/716] It Happened in Rome #24
  [160/716] Vengeance for a Dead Man #240
  [161/716] At Dawn Dies Mary MacGuffin!; Secret of the Psychic Siren #241
  [162/716] "Bruce Wayne - - Rest In Peace"! #242
  [163/716] "The Lazarus Pit" #243
  [164/716] The Demon Lives Again! #244
  [165/716] "The Bruce Wayne Murder Case!" #245
  [166/716] How Many Ways Can a Robin Die? #246
  [167/716] Merry Christmas #247
  [168/716] Death-Knell for a Traitor! #248
  [169/716] The Citadel of Crime #249
  [170/716] Are Two Villains Better Than One? #25
  [171/716] The Deadly Numbers Game! and "The "Batman Nobody Knows" #250
  [172/716] The Jokers Five-Way Revenge! #251
  [173/716] The Spook's Master Stroke! #252
  [174/716] Who Knows What Evil? #253
  [175/716] King of the Gotham Jungle! #254
  [176/716] Moon of the Wolf #255
  [177/716] Catwoman's Circus Caper! #256
  [178/716] Hail Emperor Penguin! #257
  [179/716] "The Threat of  the Two-Headed Coin" #258
  [180/716] The Night of the Shadow! #259
  [181/716] Twenty-Ton Robbery #26
  [182/716] This One'll Kill You, Batman; The Grade A Crimes; The Perfect Crime; The Pearl Of Peril #260
  [183/716] The Mystery That Never Was! #261
  [184/716] The Scarecrow's Trail of Fear! ; The Round Robin Death Threats ; Where There's a Will - There's a Slay! #262
  [185/716] Riddler on the Move! #263
  [186/716] Death of a Daredevil #264
  [187/716] Batman's Greatest Failure! #265
  [188/716] The Curious Case of the Catwoman's Coincidences! #266
  [189/716] Invitation to a Murder! #267
  [190/716] Murder Masquerade #268
  [191/716] The Daily Death of Terry Tremayne #269
  [192/716] Season's Greetings From Batman And Robin #27
  [193/716] The Menace of the Fiery Heads! #270
  [194/716] The Corpse Came C.O.D. #271
  [195/716] The Underworld Olympics '76! #272
  [196/716] The Bank-Shot That Baffled Batman #273
  [197/716] Gotham City Treasure Hunt! #274
  [198/716] The Ferry Blows at Midnight! #275
  [199/716] The Haunting of the Spook! #276
  [200/716] The Riddle of the Man Who Walked Backwards! #277
  [201/716] Stop Me Before I Kill Batman #278
  [202/716] Riddler On The Rampage #279
  [203/716] Shadow City #28
  [204/716] The Only Crime in Town! #280
  [205/716] Murder Comes in Black Boxes! #281
  [206/716] Four Doorways to Danger! #282
  [207/716] Omega Bomb Target: Gotham City #283
  [208/716] If There Were No Batman ... I Would Have to Invent Him! #284
  [209/716] The Mystery of Christmas Lost! #285
  [210/716] "The Joker's Playground of Peril!" #286
  [211/716] Batman-Ex -- As in Extinct! #287
  [212/716] The Little Men's Hall of Fame! #288
  [213/716] Sign of the Skull #289
  [214/716] Enemy No. 1 #29
  [215/716] Skull Dugger's Killjoy Capers! #290
  [216/716] Where Were You On The Night Batman Was Killed? #291
  [217/716] The Testimony Of The Riddler #292
  [218/716] The Testimony of Luthor! #293
  [219/716] Testimony of the Joker! #294
  [220/716] The Adventure of the Houdini Whodunit! #295
  [221/716] The Sinister Straws of the Scarecrow #296
  [222/716] The Mad Hatter Goes Straight! #297
  [223/716] The Case of the Crimson Coffin #298
  [224/716] The Island of Purple Mist! #299
  [225/716] Adventures of the Batman and Robin #3
  [226/716] Back To the Big House #30
  [227/716] Last Batman Story! #300
  [228/716] The Only Man Batman Ever Killed! #301
  [229/716] The Attack of the Wire-Head Killers #302
  [230/716] Batman's Great Identity Switch #303
  [231/716] To Hell With Batman... and Back! #304
  [232/716] Death-Gamble of a Darknight Detective! / With This Ring Find Me Dead #305
  [233/716] Night of Siege #306
  [234/716] Dark Messenger of Mercy #307
  [235/716] There'll Be a Cold Time in the Old Town Tonight! #308
  [236/716] Have Yourself a Deadly Little Christmas! #309
  [237/716] Punch and Judy / Alfred, Armchair Detective! / Vanishing Village / Trade Marks of Crime #31
  [238/716] The Ghost Who Haunted Batman #310
  [239/716] Dr. Phosphorus is Back! #311
  [240/716] A Caper a Day Keeps the Batman at Bay! #312
  [241/716] Two For The Money! #313
  [242/716] Once Beaten, Twice Sly! #314
  [243/716] Danger on the Wing! #315
  [244/716] Color Me Deadly! #316
  [245/716] The 1,001 Clue Caper or Why Did the Riddler Cross the Road? #317
  [246/716] My City Burns at Both Ends -- It Will Not Last the Night! #318
  [247/716] Never Give Up the Ghost! #319
  [248/716] The Three Musketeers! #32
  [249/716] The Curse of the Inquisitor! #320
  [250/716] Dreadful Birthday, Dear Joker...! #321
  [251/716] Chaos -- Coming and Going! #322
  [252/716] Shadow of the Cat #323
  [253/716] The Cat Who Would Be King #324
  [254/716] Death -- Twenty Stories High #325
  [255/716] This Way Lies Madness #326
  [256/716] Asylum Sinister! #327
  [257/716] Double Jeopardy #328
  [258/716] Twice Dies the Batman!; Case of the Hijacked Head #329
  [259/716] Crime On the Wing #33
  [260/716] Target! #330
  [261/716] Closed Circuit! #331
  [262/716] Fallout! [The Lazarus Affair] ; Cat's Paw! #332
  [263/716] The China Syndrome [The Lazarous Affair] ; Shangahaied! #333
  [264/716] Infinity Island [The Lazarus Affair] ; Whodunit;  ...From the Ashes #334
  [265/716] Ashes to Ashes [The Lazarus Affair] #335
  [266/716] While the Bat's Away ... #336
  [267/716] Where Walks A Snowman #337
  [268/716] This Sporting Death! #338
  [269/716] A Sweet Kiss of Poison #339
  [270/716] Marathon Of Menace! #34
  [271/716] A Man Called Mole! #340
  [272/716] The Ghost of Wayne Mansion #341
  [273/716] Man-Bat Is Back! #342
  [274/716] A Dagger So Deadly #343
  [275/716] Monster, My Sweet! #344
  [276/716] Calling Doctor Death! #345
  [277/716] Half a Hero #346
  [278/716] The Shadow of the Batman starring Batman #347
  [279/716] Shadow Play #348
  [280/716] Blood Sport #349
  [281/716] Dick Grayson, Author! #35
  [282/716] Nightmare in Crimson! #350
  [283/716] What Stalks the Gotham Night? #351
  [284/716] The Killer Sky! #352
  [285/716] Last Laugh #353
  [286/716] Showdown #354
  [287/716] The Bat ... ... and the Cat #355
  [288/716] The Double Life of Hugo Strange #356
  [289/716] Squid #357
  [290/716] Don't Mess With Killer Croc! #358
  [291/716] Hunt #359
  [292/716] Sir Batman and Robin in King Arthurs Court #36
  [293/716] When Slays the Savage Skull #360
  [294/716] The Most Successful Species! #361
  [295/716] When Riddled By The Riddler #362
  [296/716] Elegant Night Crimes #363
  [297/716] The Man of a Thousand Menaces #364
  [298/716] Ruins #365
  [299/716] The Joker Is Wild! #366
  [300/716] The Green Ghosts of Gotham #367
  [301/716] A Revenge of Rainbows #368
  [302/716] Target Practice #369
  [303/716] The Joker Steals The Batman's Thunder! : The Joker Follows Suit #37
  [304/716] Up Above the Sin So High... #370
  [305/716] Nine Cradles of Death #371
  [306/716] What Price, the Prize? #372
  [307/716] The Frequency of Fear #373
  [308/716] Pieces of Penguin! #374
  [309/716] The Glacier Under Gotham! #375
  [310/716] Nightmares, Inc. #376
  [311/716] The Slayer of Night #377
  [312/716] One Hat Madder! #378
  [313/716] Bedtime Stories #379
  [314/716] The Penguin on Parole! #38
  [315/716] End of the Bat #380
  [316/716] Darkly Moved the Pawns #381
  [317/716] The Vengeance Spiral #382
  [318/716] Just As Night Follows Day... #383
  [319/716] Broken Dates #384
  [320/716] Day Of Doom #385
  [321/716] Black Mask: Losing Face #386
  [322/716] Ebon Masquery #387
  [323/716] The Round-Trip Looking Glass! #388
  [324/716] Red Skies #389
  [325/716] Catwoman Vs. Batman! #39
  [326/716] Women Dark and Dangerous #390
  [327/716] Death Comes as the End! #391
  [328/716] A Night on the Town #392
  [329/716] The Dark Rider #393
  [330/716] At The Heart Of Stone #394
  [331/716] Fury of the Film Freak #395
  [332/716] Box-Office Smash #396
  [333/716] Binary Brains #397
  [334/716] About Faces! #398
  [335/716] Strike Two! #399
  [336/716] More whirlwind adventures of Batman and Robin #4
  [337/716] The 13 Club! #40
  [338/716] Resurrection Night! #400
  [339/716] A Bird in the Hand... #401
  [340/716] There's Nothing So Savage as a Man Destroying Himself #402
  [341/716] One Batman Too Many #403
  [342/716] Who I am, How I Came To Be. #404
  [343/716] War Is Declared #405
  [344/716] Black Dawn #406
  [345/716] Friend In Need #407
  [346/716] "Did Robin Die Tonight?" #408
  [347/716] Just Another Kid On Crime Alley! #409
  [348/716] Batman, Interplanetary Policeman! #41
  [349/716] Two Of A Kind #410
  [350/716] Second Chance #411
  [351/716] The Sound of Silence #412
  [352/716] The Ghost of "Masahiko Tahara" #413
  [353/716] Victims! #414
  [354/716] Millennium #415
  [355/716] White Gold and Truth #416
  [356/716] Ten Nights of the Beast Part I #417
  [357/716] Ten Nights of the Beast Part II #418
  [358/716] Ten Nights of the Beast Part III #419
  [359/716] Claws of the Catwoman! #42
  [360/716] Ten Nights of the Beast Part IV #420
  [361/716] Elmore's Lady #421
  [362/716] Just Deserts #422
  [363/716] You Shoulda Seen Him ... #423
  [364/716] The Diplomat's Son #424
  [365/716] Consequences #425
  [366/716] A Death in the Family Chapter 1 and 2 #426
  [367/716] A Death In the Family Chapter 3 and 4 #427
  [368/716] A Death in the Family Chapter 5 #428
  [369/716] A Death in the Family Chapter 6 #429
  [370/716] The Blackbird of Banditry! #43
  [371/716] Fatal Wish #430
  [372/716] The Wall #431
  [373/716] Dead Letter Office #432
  [374/716] The Many Deaths of the Batman Pt.1 #433
  [375/716] The Many Deaths of the Batman, Part Two: How Many Times Can a Batman Die? #434
  [376/716] The Many Deaths of the Batman, Part Three: The Last Death of the Batman #435
  [377/716] Year 3 Part 1: Different Roads #436
  [378/716] Batman Year 3 Part 2: Changes Made #437
  [379/716] Batman Year 3 Chapter Three: Turnabout #438
  [380/716] Batman Year 3 Chapter Four: Resolutions #439
  [381/716] Gamble WIth Doom! #44
  [382/716] A Lonely Place of Dying Part 1: Suspects #440
  [383/716] A Lonely Place of Dying Chapter Three: Parallel Lines! #441
  [384/716] A Lonely Place of Dying Chapter Four: Reborn #442
  [385/716] The Coming of Crimesmith #443
  [386/716] Crimesmith and Punishment #444
  [387/716] When the Earth Dies Chapter One: Red Square! Bloody Square! #445
  [388/716] When the Earth Dies Chapter Two: Underworlds #446
  [389/716] Earth Day! Demon Night! #447
  [390/716] The Penguin Affair Part 1: Pawns #448
  [391/716] The Penguin Affair Part 3: Winged Vengeance #449
  [392/716] A Batman And Robin Christmas Adventure #45
  [393/716] Wildcard! #450
  [394/716] Judgements! #451
  [395/716] Dark Knight, Dark City #452
  [396/716] Dark Knight, Dark City Part II #453
  [397/716] Dark Knight, Dark City Part III #454
  [398/716] Identity Crisis, Part One #455
  [399/716] Identity Crisis, Part Two: Without Fear of Consequence... #456
  [400/716] Master of Fear #457
  [401/716] Night Monsters #458
  [402/716] Saturday Night at the Movies #459
  [403/716] Batman And Robin Battle Mutiny In This Big House #46
  [404/716] Sisters in Arms Part One: It's a Man's World #460
  [405/716] Sisters in Arms Part Two: Ladies' Night #461
  [406/716] Spirit of the Beast Part One: To Live and Die in California #462
  [407/716] Spirit of the Beast Part Two: Ghost #463
  [408/716] Spirit of the Beast, Part 3: Sacrifice #464
  [409/716] Debut #465
  [410/716] No More Heroes #466
  [411/716] Shadow Box: Part One #467
  [412/716] Shadow Box; Part Two #468
  [413/716] Shadow Box: Part Three #469
  [414/716] The Origin of Batman #47
  [415/716] War of the Gods - Part 15: Of Gods and Men #470
  [416/716] Requiem for a Killer #471
  [417/716] The Idiot Root, Part One: The Queen of Hearts #472
  [418/716] The Idiot Root Part Three: Into the Idiot Zone #473
  [419/716] The Destroyer Part One: A Tale of Two Cities #474
  [420/716] The Return of Scarface, Part One: Mustache Pete is Dead! #475
  [421/716] The Return of Scarface Part Three: The Gig Heat #476
  [422/716] A Gotham Tale, Part One: Gargoyles #477
  [423/716] A Gotham Tale, Part Two: Venging Spirits #478
  [424/716] Pagan #479
  [425/716] The 1,000 Secrets of the Bat-Cave! #48
  [426/716] To the Father I Never Knew... #480
  [427/716] Messenger of Zeus #481
  [428/716] Vengeance of the Harpy #482
  [429/716] Crash & Burn: A Love Story #483
  [430/716] Warpaint #484
  [431/716] Faces of Death #485
  [432/716] Heavy Metalhead #486
  [433/716] Box of Blood #487
  [434/716] Costumes #488
  [435/716] Killer's Bane #489
  [436/716] The Prison Doctor! #49
  [437/716] Who Riddled The Riddler? #490
  [438/716] The Freedom of Madness! #491
  [439/716] Crossed Eyes and Dotty Teas #492
  [440/716] Redslash #493
  [441/716] Night Terrors #494
  [442/716] Strange Deadfellows #495
  [443/716] Die Laughing #496
  [444/716] The Broken Bat #497
  [445/716] Knights in Darkness #498
  [446/716] The Venom Connection #499
  [447/716] The Riddle of the Missing Card #5
  [448/716] The Return Of Two-Face! #50
  [449/716] Dark Angel #500
  [450/716] Code Name: Mekros #501
  [451/716] Phoenix in Chaos #502
  [452/716] Night Becomes Woman #503
  [453/716] Dark Dance #504
  [454/716] Blood Kin #505
  [455/716] Malevolent Maniaxe #506
  [456/716] Ballistic #507
  [457/716] Mortal Remains #508
  [458/716] KnightsEnd Part 1 Spirit of the Bat #509
  [459/716] The Wonderful Mr. Wimble #51
  [460/716] KnightsEnd Part 7: Return of the Bat #510
  [461/716] The Night Before Zero #511
  [462/716] Prodigal Part 1: Robin and Batman #512
  [463/716] Prodigal 5: Double Deuce #513
  [464/716] Prodigal 9: One Night in the War Zone #514
  [465/716] Troika 1: Dark Rider, Cold Warrior #515
  [466/716] Sleeper, Part 1: Nightmares #516
  [467/716] Sleeper, Part Two: Darkness in the Dream Chamber #517
  [468/716] Black Mask: The Spidered Face #518
  [469/716] Black Spider: Web of Scars #519
  [470/716] The Man With the Automatic Brain! #52
  [471/716] Fades to Black #520
  [472/716] Killer Croc: Fast Train to the Wet Dark #521
  [473/716] Swamp Things #522
  [474/716] Scarecrow, Part 1: Dark Wings Fly Away in Fear #523
  [475/716] Scarecrow, Part 2: Haunted Houses of the Head #524
  [476/716] Frozen Assets #525
  [477/716] Constant Whitewater #526
  [478/716] Two-Face, Part 1:The Face Schism #527
  [479/716] Two-Face, Part 2: The Schismed Face #528
  [480/716] Contagion, Part 6: Tears of Blood #529
  [481/716] A Hairpin, a Hoe, a Hacksaw, a Hole In the Ground! #53
  [482/716] The Deadman Connection, Part 1: Sweat of the Sun, Tears of the Moon #530
  [483/716] The Deadman Connection part 2 #531
  [484/716] The Deadman Connection part 3 #532
  [485/716] Prelude, Legacy: Twelve Steps to the Heart of Hell #533
  [486/716] A Wound on the Heart of Heaven #534
  [487/716] The Ogre and the Ape #535
  [488/716] Darkest Night of the Man-Bat, Part 1: Predation #536
  [489/716] Darkest Night of the Man-Bat, Part 2: Pursuit #537
  [490/716] Darkest Night of the Man-Bat, Part 3: Predemption #538
  [491/716] Boneyard Blues #539
  [492/716] The Treasure Hunter! #54
  [493/716] The Spectre of Vengeance, Part 1: Gotham Welcome #540
  [494/716] The Spectre of Vengeance, Part 2: Mask of Guilt #541
  [495/716] Faceless, Part 1: Murdicide #542
  [496/716] Faceless, Part 2: Postmarked Murder #543
  [497/716] Major Arcana, Part 1: Jokin' with Mister D #544
  [498/716] Major Arcana, Part 2: Night of the Dying Jokers #545
  [499/716] Major Arcana, Part 3: Hell to Pay #546
  [500/716] Dark Genesis #547
  [501/716] The Penguin Returns, Part One: Burning Faces #548
  [502/716] The Penguin Returns, Part Two - The Egyptian Falcon #549
  [503/716] The Case of the 48 Jokers #55
  [504/716] Chasing Clay #550
  [505/716] Suit of Evil Souls #551
  [506/716] The Greatest Evil #552
  [507/716] Lifelines - Cataclysm, Part 3 #553
  [508/716] Master of Destruction- Cataclysm, Part 12 #554
  [509/716] Trapped Like Rats #555
  [510/716] Help, Trapped, Money, Rescue, Ruins #556
  [511/716] Ballistic's Evidence #557
  [512/716] Dying City #558
  [513/716] Dead City #559
  [514/716] Ride, Bat-Hombre, Ride! #56
  [515/716] Mr. Wayne Goes to Washington, Part One: The Jackals #560
  [516/716] Mr. Wayne Goes To Washington, Part 2: The Witness #561
  [517/716] Mr. Wayne Goes to Washington: 3 The Devil His Due! #562
  [518/716] No Man's Land: No Law and a New Order, Part 3: Tactics #563
  [519/716] Fear of Faith, Part Three: Life in Hell #564
  [520/716] Mosaic: Part One #565
  [521/716] The Visitor #566
  [522/716] Mark of Cain Part 1 #567
  [523/716] No Man's Land: Fruit of the Earth, Part Two #568
  [524/716] I Cover the Waterfront #569
  [525/716] The Trial of Bruce Wayne! #57
  [526/716] The Code, Part 1: Breakin' the Law #570
  [527/716] Goin' Downtown, Part 1: The Vault #571
  [528/716] Jurisprudence: Part 1 #572
  [529/716] Shellgame: Part 1 - Gambits #573
  [530/716] Endgame: Part 2 - ...Tender and Mild... #574
  [531/716] O'er The Land Of The Free #575
  [532/716] In The Dark Places #576
  [533/716] Mike And Allie #577
  [534/716] He Who Lurks #578
  [535/716] Orca: Part 1 - A Matter Of Principle #579
  [536/716] The State-Bird Crimes! #58
  [537/716] Orca: Part 2 - Going Under #580
  [538/716] Orca: Part 3 - Diver Down #581
  [539/716] Fearless: Part 1 #582
  [540/716] Fearless: Part 2 #583
  [541/716] The Dark Knight Project #584
  [542/716] Measure For Measure #585
  [543/716] Penguin Dreams #586
  [544/716] Officer Down: Part One - These Are Your Rights #587
  [545/716] Close Before Striking: Act 1 #588
  [546/716] Close Before Striking: Act 2 #589
  [547/716] Batman In The Future! #59
  [548/716] Close Before Striking: Act 3 #590
  [549/716] Shot Through The Heart: Part 1 #591
  [550/716] Shot Through The Heart: Part 2 #592
  [551/716] Sanctuary, Part One #593
  [552/716] Sanctuary, Part Two #594
  [553/716] Out of the Past #595
  [554/716] City On Fire #596
  [555/716] Crooked Miles #597
  [556/716] Santa Klaus is Coming to Town #598
  [557/716] From the Inside-Out #599
  [558/716] Murder on Parole #6
  [559/716] Crime Through the Ages! #60
  [560/716] The Scene of the Crime #600
  [561/716] Turning the Town Red, Part 1 #601
  [562/716] Turning The Town Red, Part 2 #602
  [563/716] The Turning Point #603
  [564/716] Reasons #604
  [565/716] Courage #605
  [566/716] Death-Wish for Two #606
  [567/716] Death-Wish for Two Conclusion  : Deadshot Shot Dead! #607
  [568/716] Hush Chapter One: The Ransom #608
  [569/716] Hush Chapter Two: The Friend #609
  [570/716] The Origin Of Batplane II! #61
  [571/716] Hush Chapter Three: The Beast (In the Mouth of Madness!) #610
  [572/716] Hush Chapter Four: The City  (Welcome to the Jungle!) #611
  [573/716] Hush Chapter Five: The Battle #612
  [574/716] Hush Chapter Six: The Opera #613
  [575/716] Hush Chapter Seven: The Joke #614
  [576/716] Hush Chapter Eight: The Dead #615
  [577/716] Hush Chapter Nine: The Assasins #616
  [578/716] Hush Interlude: The Cave #616a
  [579/716] Hush Chapter Ten: The Grave #617
  [580/716] Hush Chapter Eleven: The Game #618
  [581/716] Hush Chapter Twelve: The End #619
  [582/716] The Secret Life Of The Catwoman! #62
  [583/716] Broken City, Pt. 1 #620
  [584/716] Broken City, Pt. 2 #621
  [585/716] Broken City, Pt. 3 #622
  [586/716] Broken City, Pt. 4 #623
  [587/716] Broken City, Pt. 5 #624
  [588/716] Broken City, Pt. 6 #625
  [589/716] As the Crow Flies, Part One: Visions #626
  [590/716] As the Crow Flies, Part Two: Partners in Crime #627
  [591/716] As the Crow Flies, Part Three: Scary Monsters #628
  [592/716] As the Crow Flies, Part Four: Shotgun #629
  [593/716] The Joker's Crime Costumes! / The Case of the Flying Saucers / The Origin of Killer Moth! #63
  [594/716] As the Crow Flies, Part Five: Home Invasion #630
  [595/716] Last Stand at Alamo High #631
  [596/716] Orpheus in the Underworld #632
  [597/716] War Games, Act 3, Part 8: No Going Back #633
  [598/716] War Games, Epilogue: Decompression #634
  [599/716] Under the Hood, Part 1: New Business #635
  [600/716] Under the Hood, Part 2: First Strike #636
  [601/716] Under the Hood, Part 3: Overnight Deliveries #637
  [602/716] Under the Hood, Part 4: Bidding War #638
  [603/716] Family Reunion, Part 1: The Word on the Street #639
  [604/716] The Candid Camera Killer!; Th Forgotten Men Of Crime!; The Return Of Killer Moth! #64
  [605/716] Family Reunion, Part 2: While the Cat's Away #640
  [606/716] Family Reunion, Conclusion: Face To Face #641
  [607/716] Breaking the Skin : Into the Jaws of Killer Croc! #642
  [608/716] War Crimes, Part 2 of 4: Minor Discrepancies #643
  [609/716] War Crimes, Part 4 of 4: Judgment at Gotham #644
  [610/716] Show Me Yesterday, For I Can't Find Today  : A Robins Tale #645
  [611/716] Franchise, Part 1 of 2: Supply Side Economics  : Bombastic Battle! #646
  [612/716] Franchise, Part 2 of 2: The Away Team #647
  [613/716] All They Do Is Watch Us Kill, Part 1of 3 #648
  [614/716] All They Do Is Watch Us Kill, Part 2 of 3 #649
  [615/716] Catwoman - Empress Of The Underworld! #65
  [616/716] All They Do Is Watch Us Kill, Part 3 of 3: It Only Hurts When I Laugh #650
  [617/716] Face the Face: Part 2 #651
  [618/716] Face the Face, Part 4 of 8 (Face the Face) #652
  [619/716] Face the Face, Part 6 of 8 (Face the Face) #653
  [620/716] Face the Face: Conclusion #654
  [621/716] Batman & Son Part 1: Building a Better Batmobile #655
  [622/716] Batman & Son, Part 2: Man-Bats of London #656
  [623/716] Batman & Son, Part 3: Wonderboys #657
  [624/716] Batman & Son, Part 4: Absent Fathers #658
  [625/716] Grotesk Part 1 #659
  [626/716] The Joker's Comedy Of Errors #66
  [627/716] Grotesk, Part 2 #660
  [628/716] Grotesk, Part 3 #661
  [629/716] Grotesk, Conclusion #662
  [630/716] The Clown at Midnight #663
  [631/716] Three Ghosts of Batman #664
  [632/716] The Black Casebook #665
  [633/716] Batman in Bethlehem #666
  [634/716] The Island of Mister Mayhew #667
  [635/716] Now We Are Dead! #668
  [636/716] The Dark Knight Must Die! #669
  [637/716] The Mystery Rope! / The Man Who Wrote The Joker's Jokes / The Lost Legion Of Space #67
  [638/716] A Prelude to the Resurrection of Ra's al Ghul: Lazarus Rising #670
  [639/716] The Resurrection of Ra's al Ghul, Part 4: He Who Is Master #671
  [640/716] Space Medicine #672
  [641/716] Joe Chill in HELL #673
  [642/716] Batman Dies at Dawn #674
  [643/716] The Fiend With Nine Eyes #675
  [644/716] Batman R.I.P.: Midnight in the House of Hurt #676
  [645/716] Batman R.I.P.: Batman in the Underworld #677
  [646/716] Batman R.I.P.: Zur En Arrh #678
  [647/716] Batman R.I.P.: Miracle on Crime Alley #679
  [648/716] The Atom Cave Raiders / The Secret Life Of Batman's Butler / The New Crimes Of Two-Face! #68
  [649/716] Batman R.I.P.: The Thin White Duke Of Death #680
  [650/716] Batman R.I.P.: The Conclusion - Hearts in Darkness #681
  [651/716] The Butler Did It #682
  [652/716] What the Butler Saw #683
  [653/716] Batman: Last Rites, Last Days of Gotham Part 2 of 2 #684
  [654/716] Catspaw #685
  [655/716] Whatever Happened to the Caped Crusader?, Part 1 #686
  [656/716] A Battle Within (Battle For The Cowl Epilogue) #687
  [657/716] Long Shadows, Part One: Old Sins Cast Long Shadows #688
  [658/716] Long Shadows, Part Two: New Day, New Knight #689
  [659/716] The King Of Cats! #69
  [660/716] Long Shadows, Part Three: Tripwires #690
  [661/716] Long Shadows, Conclusion: Two Knights. Two Faces. #691
  [662/716] Life After Death, Part 1: The Awakening #692
  [663/716] Life After Death, Part 2: Charades #693
  [664/716] Life After Death, Part 3: Fractured Pieces #694
  [665/716] Life After Death, Part 4: Smoke And Mirrors #695
  [666/716] Life After Death, Part 5: Mind Games #696
  [667/716] Life After Death, Part 6: Liberator #697
  [668/716] Riddle Me This, Part 1: Black Magic Tricks #698
  [669/716] Riddle Me This, Part 2: A Means To An End #699
  [670/716] The Winning Team #7
  [671/716] The Robot Cop Of Gotham City! / The Masterminds Of Crime / The Parasols Of Plunder #70
  [672/716] Time and the Batman #700
  [673/716] R.I.P. The Missing Chapter, Part 1: The Hole In Things #701
  [674/716] R.I.P. The Missing Chapter, Part 2: Batman's Last Case #702
  [675/716] The Great Escape #703
  [676/716] Eye of the Beholder, Part One: Hear No Evil #704
  [677/716] Eye of The Beholder, Part Two: See No Evil #705
  [678/716] Eye of the Beholder, Part Three: Speak No Evil #706
  [679/716] Eye of the Beholder, Conclusion: The Evil Within #707
  [680/716] Judgment on Gotham, Part One: One Good Man #708
  [681/716] Judgment on Gotham, Conclusion: Secret Sin #709
  [682/716] The Jail for Heroes!; Commissioner Gordon's Greatest Case; The Mask of Mister Cypher #71
  [683/716] Pieces, Part One: Lost #710
  [684/716] Pieces, Part Two: The Long Way Back #711
  [685/716] Pieces, Part Three: Gilded Lily #712
  [686/716] In Storybook Endings #713
  [687/716] The Jungle Batman! #72
  [688/716] Guns For Hire / Vicki Vale's Secret / The Joker's Utility Belt! #73
  [689/716] The Crazy Crime Clown! / The Movie That Killed Batman / The Water Crimes of Mr.Hydro #74
  [690/716] The Gorilla Boss of Gotham City #75
  [691/716] The Danger Club #76
  [692/716] The Crime Predictor #77
  [693/716] Batman of the Mounties #78
  [694/716] The Bride of Batman #79
  [695/716] Stone Walls Do Not A Prison Make #8
  [696/716] The Machines of Menace #80
  [697/716] Two-Face Strikes Again! #81
  [698/716] The Flying Batman #82
  [699/716] The Testing of Batman #83
  [700/716] The Sleeping Beauties of Gotham City #84
  [701/716] The Costume of Doom #85
  [702/716] Batman -- Indian Chief! #86
  [703/716] Batman Falls in Love! #87
  [704/716] The Son of Batman #88
  [705/716] Bruce Wayne's Aunt Agatha! #89
  [706/716] The Four Fates; The White Whale; The Case of the Lucky Law-Breakers; Christmas #9
  [707/716] The Web of Doom; City of Fantasy; The Adventures of Batboy! #90
  [708/716] The Map of Mystery #91
  [709/716] Ace, the Bat-Hound #92
  [710/716] The Caveman Batman #93
  [711/716] Mystery of the Sky Museum #94
  [712/716] The Ballad of Batman #95
  [713/716] Third Alarm for Batman #96
  [714/716] The Return of the Bat-Hound #97
  [715/716] The Return of Mister Future; The Desert Island Batman; Secret of the Batmobile #98
  [716/716] The Phantom of the Bat-Cave! #99

=== Processing volume: Batman (DC Comics) ===
  matched volume: Batman | id: 42721 | publisher: DC Comics | issue count: None
  fetched 57 issues
  [1/57] Bright New Yesterday; Tomorrow #0
  [2/57] Knife Trick #1
  [3/57] Assault on the Court; The Fall of the House of Wayne, Part 2 of 3 #10
  [4/57] My Brother's Keeper; The Fall of the House of Wayne, Conclusion #11
  [5/57] Ghost in the Machine; #12
  [6/57] Knock, Knock; Tease #13
  [7/57] Funny Bones; Men of Worship #14
  [8/57] But Here's the Kicker; Red Light, Green Light #15
  [9/57] Castle of Cards; Judgement #16
  [10/57] The Punchline #17
  [11/57] Resolve #18
  [12/57] Nowhere Man, Part 1 of 2; Ghost Lights, Part 1 of 2 #19
  [13/57] Trust Fall #2
  [14/57] Nowhere Man, Part 2 of 2; Ghost Lights, Part 2 of 2 #20
  [15/57] Zero Year: Secret City, Part One; Where the Hell Did He Learn to Drive?! #21
  [16/57] Zero Year: Secret City, Part Two; That One Time #22
  [17/57] Zero Year: Secret City, Part Three; The Pit #23
  [18/57] Time to Monkey Shine #23.1
  [19/57] Solitaire #23.2
  [20/57] Bullies #23.3
  [21/57] Dark Destiny #23.4
  [22/57] Zero Year: Dark City, Part One #24
  [23/57] Zero Year: Dark City, Part Two; People in the Dark #25
  [24/57] Zero Year: Dark City, Part Three #26
  [25/57] Zero Year: Dark City, Part Four #27
  [26/57] Gotham Eternal #28
  [27/57] Zero Year: Dark City, Part Five #29
  [28/57] The Thirteenth Hour #3
  [29/57] Zero Year: Savage City, Part One #30
  [30/57] Zero Year: Savage City, Part Two #31
  [31/57] Zero Year: Savage City, Part Three #32
  [32/57] Zero Year: Savage City, Part Four #33
  [33/57] The Meek #34
  [34/57] Endgame, Part One; The Pale Man #35
  [35/57] Endgame, Part Two; Saved #36
  [36/57] Endgame, Part Three; The First Laugh #37
  [37/57] Endgame, Part Four #38
  [38/57] Endgame, Part Five; The Last Smile #39
  [39/57] Face the Court, Part One #4
  [40/57] Endgame, Part Six #40
  [41/57] Superheavy, Part One #41
  [42/57] Superheavy, Part Two #42
  [43/57] Superheavy, Part Three #43
  [44/57] A Simple Case #44
  [45/57] Superheavy Part Five #45
  [46/57] Superheavy Part Six #46
  [47/57] Superheavy Part Seven #47
  [48/57] Superheavy, Part Eight #48
  [49/57] Superheavy Part Nine #49
  [50/57] Face the Court, Part Two #5
  [51/57] Superheavy Part Ten #50
  [52/57] Gotham Is #51
  [53/57] The List #52
  [54/57] Beneath the Glass #6
  [55/57] The Talons Strike! #7
  [56/57] Attack on Wayne Manor; The Call #8
  [57/57] The Night of the Owls; The Fall of the House of Wayne, Part 1 of 3 #9

=== Processing volume: Batman (DC Comics) ===
  matched volume: Batman | id: 97898 | publisher: DC Comics | issue count: None
  fetched 13 issues
  [1/13] Vol. 1: I Am Gotham #1
  [2/13] Vol. 10: Knightmares #10
  [3/13] Vol. 11: The Fall and the Fallen #11
  [4/13] Vol. 12: The City of Bane Part 1 #12
  [5/13] Vol. 13: The City of Bane Part 2 #13
  [6/13] Vol. 2: I Am Suicide #2
  [7/13] Vol. 3: I Am Bane #3
  [8/13] Vol. 4: The War of Jokes and Riddles #4
  [9/13] Vol. 5: The Rules of Engagement #5
  [10/13] Vol. 6: Bride or Burglar? #6
  [11/13] Vol. 7: The Wedding #7
  [12/13] Vol. 8: Cold Days #8
  [13/13] Vol. 9: The Tyrant Wing #9

=== Processing volume: Superman (DC Comics) ===
  matched volume: Superman | id: 773 | publisher: DC Comics | issue count: None
  fetched 488 issues
  [1/488] Issue 1 #1
  [2/488] Issue 10 #10
  [3/488] Issue 100 #100
  [4/488] "The Rainbow Doom!" #101
  [5/488] Superman for Sale / Midget Menace From Outer Space / The Million Dollar Mistake #102
  [6/488] The Man Who Could Read Superman's Mind #103
  [7/488] The Super-Family From Outer Space #104
  [8/488] Superman, Slave #105
  [9/488] Superman's First Exploit / The Thefts of Clark Kent / The Super-Outlaw of Metropolis! #106
  [10/488] Rip Van Superman #107
  [11/488] The Girl Cops of Metropolis #108
  [12/488] The Super-Puppet with X-Ray Eyes #109
  [13/488] Issue 11 #11
  [14/488] The Defeat of Superman! #110
  [15/488] Issue 111 #111
  [16/488] The Three Men of Steel #112
  [17/488] The Superman of the Present and the Superman of the Past #113
  [18/488] Superman's Billion-Dollar Debt! #114
  [19/488] The Three Subsitute Supermen! #115
  [20/488] The Mechanized Superman! #116
  [21/488] Issue 117 #117
  [22/488] The Death of Superman! #118
  [23/488] The Second Superman #119
  [24/488] Issue 12 #12
  [25/488] The Day Superman Married! #120
  [26/488] The Bride of Futureman!; The Great Superman Swindle; Jimmy Hits the Jackpot #121
  [27/488] The Super Sergeant #122
  [28/488] The Girl of Steel! #123
  [29/488] The Super-Sword / Mrs. Superman / The Steeplejack of Steel #124
  [30/488] Lois Lane's Super-Dream / Clark Kent's College Days / Superman's New Power #125
  [31/488] Superman's Lost Identity #126
  [32/488] Titano the Super-Ape! #127
  [33/488] Superman Versus the Futuremen / The Sleeping Beauty from Krypton! #128
  [34/488] The Ghost Of Lois Lane / Clark Kent Fireman of Steel! / The Girl in Superman's Past! #129
  [35/488] Issue 13 #13
  [36/488] The Curse of Kryptonite! / The Super-Servant of Crime / The Town that Hated Superman! #130
  [37/488] The Menace Of Mr. Mxyzptlk! / Superman's Future Wife! / The Unknown Super-Deeds #131
  [38/488] Superman's Other Life! #132
  [39/488] The Super-Luck Of Badge 77; How Perry White Hired Clark Kent!; Superman Joins the Army! #133
  [40/488] The Super-Outlaw from Krypton! #134
  [41/488] When Lois First Suspected Clark was Superman / Superman's Mermaid Sweetheart / The Trio of Steel! #135
  [42/488] The Man who Married Lois Lane! #136
  [43/488] The Two Faces of Superman! #137
  [44/488] Titano, The Super-Ape! / Superman's Black Magic! / The Mermaid From Atlantis! #138
  [45/488] The New Life of Super-Merman! / The Jolly Jailhouse! / The Untold Story of Red Kryptonite! #139
  [46/488] Concerts of Doom; The Invention Thief; The Undersea City; The Lightning Master #14
  [47/488] The Son of Bizarro! #140
  [48/488] Superman's Return to Krypton! #141
  [49/488] Lois Lane's Secret Helper! / Superman Meets Al Capone! / The Flame Dragon from Krypton! #142
  [50/488] The Great Superman Hoax! / Lois Lane's Lucky Day! / Bizarro Meets Frankenstein! #143
  [51/488] The Super-Weapon! / Superboy's First Public Appearance! / The Orphans of Space! #144
  [52/488] The Secret Identity of Superman! / The Interplanetary Circus! / The Night of March 31st! #145
  [53/488] The Story of Superman's Life! / Superman's Greatest Feats! #146
  [54/488] The Legion of Super-Villains! #147
  [55/488] Issue 148 #148
  [56/488] The Death of Superman! #149
  [57/488] Issue 15 #15
  [58/488] When the World Forgot Superman! #150
  [59/488] The Three Tough Teen-Agers! / The Man Who Trained Superman! / Superman's Greatest Secret! #151
  [60/488] The Robot Master! / Superbaby Captures the Pumpkin Gang! / The TV Trap for Superman! #152
  [61/488] The Day Superman Broke the Law! / The Secret of the Superman Stamp! / The Town of Supermen! #153
  [62/488] The Underwater Pranks of Mr. Mxyzptlk! / Krypton's First Superman! #154
  [63/488] Superman Under The Green Sun! #155
  [64/488] The Last Days of Superman! #156
  [65/488] The Super-Revenge of the Phantom Zone Prisoner! / The Super-Genie of Metropolis / Superman's Day of Doom! #157
  [66/488] The Invasion of the Super-People! #158
  [67/488] Lois Lane, the Super-Maid of Krypton! #159
  [68/488] Issue 16 #16
  [69/488] When Superman Lost His Powers! #160
  [70/488] Superman Goes to War! / The Last Days of Ma and Pa Kent! #161
  [71/488] The Amazing Story of Superman-Red and Superman-Blue! #162
  [72/488] Wonder-Man, the New Hero of Metropolis! / The Goofy Superman! #163
  [73/488] The Showdown Between Luthor and Superman! #164
  [74/488] Beauty And The Super-Beast!; The Sweetheart Superman Forgot! #165
  [75/488] The Fantastic Story of Superman's Sons! #166
  [76/488] The Team of Luthor and Brainiac! #167
  [77/488] Luthor - - Super-Hero! #168
  [78/488] The Infernal Imp! / The Man Who Stole Superman's Secret Life! / The Bizarro Invasion of Earth! #169
  [79/488] Issue 17 #17
  [80/488] Superman's Mission for President Kennedy! / If Luthor Were Superman's Father! #170
  [81/488] Superman’s Sacrifice! / The Curse Of Magic! / The Nightmare Ordeal of Superman! #171
  [82/488] The Tyrant Superman! #172
  [83/488] The Untouchable Clark Kent! / Tales of Green Kryptonite No. 1 / The Triumph of Luthor and Brainiac! #173
  [84/488] Clark Kent's Incredible Delusion! / Super-Mxyzptlk... Hero! #174
  [85/488] Clark Kent's Brother! #175
  [86/488] The Revenge of the Super-Pets! / Tales of Green Kryptonite No. 2 / Superman's Day of Truth! #176
  [87/488] Superman's Kryptonese Curse! / The Menace Called "It"! / When Jimmy Olsen Stole Krypto From Superman #177
  [88/488] Project Earth-Doom! / When Superman Lost His Memory! #178
  [89/488] The Outlaw Fort Knox! / The Menace Of Gold Kryptonite! / Private Kent, The Fighting Marine! #179
  [90/488] Issue 18 #18
  [91/488] Clark Kent's Great Superman Hunt! / The Girl Who Was Mightier Than Superman! #180
  [92/488] The Super-Scoops of Morna Vine! / The Superman of 2965! #181
  [93/488] The New Lives of Superman! / The Menace of the Terrible Toyman! #182
  [94/488] Prize Stories from the Superman Library! #183
  [95/488] The Demon Under the Red Sun! #184
  [96/488] Superman's Achilles Heel! / Target Superman! #185
  [97/488] The Two Ghosts of Superman! / Clark Kent, Gangster! #186
  [98/488] Superman's Inner Sanctum! #187
  [99/488] The School for Superman Assassins! #188
  [100/488] Krypton Lives Again! #189
  [101/488] Case of the Funny Paper Crimes #19
  [102/488] The Four Element Enemies! #190
  [103/488] The Prisoner of Demon! #191
  [104/488] Clark Kent's Super-Son! #192
  [105/488] The Greatest Super-Stories Published During the Last 28 Years! #193
  [106/488] The Death of Lois Lane! #194
  [107/488] The Fury of the Kryptonian-Killer! #195
  [108/488] The Thing from 40,000 A.D. / The Star of Steel! #196
  [109/488] An All Clark Kent Issue Featuring Superman's Alter-Ego #197
  [110/488] The Real Clark Kent! / The Fate of the Super-Super-Superman! #198
  [111/488] Superman's Race with the Flash! #199
  [112/488] Issue 2 #2
  [113/488] Issue 20 #20
  [114/488] Super-Brother against Super-Brother! #200
  [115/488] Clark Kent Abandons Superman! #201
  [116/488] Tales of the Bizarro World! #202
  [117/488] Clark Kent's Biggest Day! / Superman's Black Magic! / When Superman Killed His Friends! #203
  [118/488] The Case of the Lethal Letters! / The Duplicate Superman! / The Fortress of Fear! #204
  [119/488] The Man Who Destroyed Krypton! #205
  [120/488] The Day Superman Became an Assassin! / The Menace of Mr. Mxyzptlk! #206
  [121/488] 30th Anniversary Issue 1938-1968: Classic Tales Featuring Superman's Friends and Foes! #207
  [122/488] The Case of the Collared Crime-Fighter!  / The Town that Hated Superman! #208
  [123/488] The Clark Kent Monster! / The Super-Servant of Crime #209
  [124/488] Issue 21 #21
  [125/488] Clark Kent's Last Rites #210
  [126/488] You, Too, Can Be a Super-Artist! / The Name of the Game is Superman! #211
  [127/488] Featuring Greatest Superbaby Stories #212
  [128/488] The Most Dangerous Door in the World! / The Orphans of Space #213
  [129/488] The Ghosts that Haunted Superman! / How Perry White Hired Clark Kent! #214
  [130/488] Lois Lane... Dead... Yet Alive / Superman's First Exploit #215
  [131/488] The Soldier of Steel! #216
  [132/488] Featuring Famous First Golden Tales! #217
  [133/488] Superman's Secret Past! / The World of Mr. Mxyzptlk! #218
  [134/488] Clark Kent, Hero...Superman, Public Enemy! / The Super Heat-Wave of Metropolis! #219
  [135/488] Meet the Squiffles #22
  [136/488] Who Stole my Super-Powers? #220
  [137/488] The Revolt of the Super-Slave! / The Two-Ton Superman! #221
  [138/488] Featuring Superman's Secret Family! #222
  [139/488] Half a Hero! #223
  [140/488] Beware the Super-Genius Baby! #224
  [141/488] The Secret of the Superman Impostor! #225
  [142/488] When Superman became King Kong! / Uncle Sam's Prize Prisoner! #226
  [143/488] Special All-Kryptonite Issue! #227
  [144/488] The Mystery Bombers! / Execution Planet! #228
  [145/488] The Ex-Superman! / Clark Kent, Assassin! #229
  [146/488] Issue 23 #23
  [147/488] Killer Kent versus Super Luthor #230
  [148/488] The Wheel of Super-Fortune! #231
  [149/488] Krypton Lives Again! #232
  [150/488] Superman Breaks Loose / Jor-El's Golden Folly #233
  [151/488] How to Tame a Wild Volcano! / Prison-in-the-Sky #234
  [152/488] Sinister Scream of the Devil's Harp! #235
  [153/488] Planet of the Angels; The Doomsayer! #236
  [154/488] The Enemy of Earth #237
  [155/488] Menace at 1000 Degrees!; A Name is Born! #238
  [156/488] Superman's Greatest Battles #239
  [157/488] Issue 24 #24
  [158/488] To Save A Superman / The Man Who Cheated Time #240
  [159/488] The Shape of Fear! #241
  [160/488] The Ultimate Battle! #242
  [161/488] The Starry-Eyed Siren of Space! / The Death-Trails of Krypton! #243
  [162/488] The Electronic Ghost of Metropolis! #244
  [163/488] World's Greatest Super-Heroes #245
  [164/488] Danger-Monster at Work! / Marriage, Kryptonian Style! #246
  [165/488] Must there be a Superman? / When on Earth... #247
  [166/488] The Man who Murdered the Earth!; All in the Mind! #248
  [167/488] The Challenge of Terra-Man! / The Origin of Terra-Man #249
  [168/488] Your Friend, Superman #25
  [169/488] Have Horse, will Fly! #250
  [170/488] The Island that Invaded the Earth! / The Day Krypton didn't Die! #251
  [171/488] Superman with the World's Greatest Flying Heroes! #252
  [172/488] The Kid who saved Superman! #253
  [173/488] The Kid who stole Superman's Powers! / The Baby who walked through Walls! #254
  [174/488] The Sun of Superman! / Moon-Crossed Love! #255
  [175/488] The Dagger that Ripped the Sky! / Brother for a Day! #256
  [176/488] Superman battles the War-horn!; The Greatest Green Lantern of All! #257
  [177/488] Fury of the Energy Eater! / Who is Mr. X? #258
  [178/488] The Kid who Knocked out Superman! #259
  [179/488] Radio Berlin #26
  [180/488] The Keeper of the Eternal Flame! / Let my People Live! #260
  [181/488] Slave of the Star Sapphire! #261
  [182/488] The Skyscraper that Screamed for its Life! / Puzzle of the Telepathic Twins! #262
  [183/488] Man of Molten Steel! / Unhappy Birthday to You! #263
  [184/488] Secret of the Phantom Quarterback! / The Headband Warriors of Krypton! #264
  [185/488] Attack by the Army of Tomorrow! #265
  [186/488] The Nightmare Maker!; The Face on the Falling Star! #266
  [187/488] The World Beneath the North Pole! / The Man in the Public Eye! #267
  [188/488] Wild Week-End in Washington! / A Tale of Time and Tide! #268
  [189/488] The Secret of the Eighth Superman! #269
  [190/488] Issue 27 #27
  [191/488] The Viking from Valhalla! / I can't go Home Again #270
  [192/488] The Man Who Murdered Metropolis!; The Warriors of Lightning Valley! #271
  [193/488] Special All-Magic Issue! #272
  [194/488] The Wizard with the Golden Eye! / Blind Date! #273
  [195/488] Protectors of Earth, Inc. #274
  [196/488] The Dragonfly Invasion of Metropolis! / The Princess and the Glass Treeman! #275
  [197/488] Make way for Captain Thunder! #276
  [198/488] The Biggest Game in Town! / The Pizzeria Peril! #277
  [199/488] Super-Showdown at Buzzard Gulch! #278
  [200/488] Menace of the Energy-Blackmailers! / The Magic Master of Krypton! #279
  [201/488] Issue 28 #28
  [202/488] Duel of the Diamond Demons!; The Last Headline! #280
  [203/488] Mystery Mission to Metropolis! #281
  [204/488] Lex Luthor-- Super Scalp-Hunter! / The Loneliest Man in the Universe #282
  [205/488] Superman's Mystery Masquerade! / One of Our Imps is Missing! #283
  [206/488] The Secret Guardian of Smallville! #284
  [207/488] Search for the Impossible Man! / The Kid with the Million Dollar Smile! #285
  [208/488] The Parasite's Power Play! / The Demon in Superboy's Body! #286
  [209/488] Who was that Dog I Saw You with Last Night? / Bogus Batman! #287
  [210/488] The Computer with a Secret Identity! #288
  [211/488] The Phantom Horseman of Metropolis! / Right Down My Alley! #289
  [212/488] You're My Supermen! #29
  [213/488] The Man Who Cried Super-Wolf! / Babble, Babble Toil and Trouble! #290
  [214/488] The Time-Powered Peril! #291
  [215/488] The Luthor Nobody Knows! / Hey, You--with the Glasses--I Don't like your Face! #292
  [216/488] The Miracle of Thirsty Thursday! #293
  [217/488] The Man who Slept the World Away! / The Tattoo Switcheroo! #294
  [218/488] "Costume, Costume -- Who's Got the Costume?" #295
  [219/488] Who took the Super out of Superman! #296
  [220/488] Clark Kent Forever - - Superman Never! #297
  [221/488] Clark Kent, Get Out of My Life! #298
  [222/488] The Double-or-Nothing Life of Superman! #299
  [223/488] Issue 3 #3
  [224/488] Superman Alias Superman #30
  [225/488] Superman, 2001! #300
  [226/488] Solomon Grundy Wins on a Monday! #301
  [227/488] Seven-Foot-Two... and Still Growing! #302
  [228/488] When Lightning Strikes... Thunder Kills! #303
  [229/488] The Parasite's Prism of Peril! #304
  [230/488] The Man who Toyed with Death! #305
  [231/488] Backward Battle for the Bizarro World! #306
  [232/488] Krypton -- No More! #307
  [233/488] This Planet is Mine! #308
  [234/488] Blind Hero's Bluff! #309
  [235/488] Issue 31 #31
  [236/488] The Man with the Kryptonite Heart #310
  [237/488] Plague of the Antibiotic Man! #311
  [238/488] Today the City... Tomorrow the World #312
  [239/488] The only way You'll Save the Earth... Is over My Dead Body! #313
  [240/488] Before this Night is over, Superman will Kill! #314
  [241/488] Good Evening, Superman I'm Clark Kent... and You're not! #315
  [242/488] The "Heart Attack" that Crippled Superman! #316
  [243/488] The Killer with the Heart of Steel! #317
  [244/488] The Wreck of the Cosmic Hound #318
  [245/488] How to make a Marshland Monster! #319
  [246/488] It Tickles! #32
  [247/488] The Absolute-Power Play of the Parasite! #320
  [248/488] Too Strong to Survive! #321
  [249/488] Laser War over Metropolis! #322
  [250/488] The Man with the Self-Destruct Mind! #323
  [251/488] Beware the Eyes that Paralyze! #324
  [252/488] The Super Sellout of Metropolis! #325
  [253/488] A Million Dollars a Minute! #326
  [254/488] The Sandstorm That Swallowed Metropolis!; Two Can Die As Cheaply As One #327
  [255/488] The Attack of the Kryptonoid!; Clark Kent, How would You like to Meet your Real Father? #328
  [256/488] I have met the Enemy and it is Me!; Secret of the Talking Car #329
  [257/488] Issue 33 #33
  [258/488] The Master Mesmerizer of Metropolis! #330
  [259/488] Lockup at 20,000 Feet! #331
  [260/488] The Eternity Cage! #332
  [261/488] Happy New Year... Rest in Peace! #333
  [262/488] The Man who stole Superman's Eyes! #334
  [263/488] Mxyzptlk spelled backward is T-R-O-U-B-L-E #335
  [264/488] A Rose by Any Other Name! #336
  [265/488] Too Many Crooks! #337
  [266/488] Let My People Grow! #338
  [267/488] Nuclear Nightmare! #339
  [268/488] The American Red Cross Needs Your Support! Give Generously! #34
  [269/488] The Night of the Walking Bomb! #340
  [270/488] The Man who Could Cause Catastrophe!; The Man who Could Cancel Catastrophe! #341
  [271/488] Hero under Glass! #342
  [272/488] The Last Days of Metropolis! #343
  [273/488] The Monsters among Us! #344
  [274/488] When Time ran Backward! #345
  [275/488] Superman’s Streak of Bad Luck! #346
  [276/488] The Sleeper out of Time! #347
  [277/488] The Master of Wind and Storm! #348
  [278/488] The Turnabout Trap! #349
  [279/488] Issue 35 #35
  [280/488] Clark Kent's Vanishing Classmates #350
  [281/488] The Fiend with Nine Faces!; Mister Mxyzptlk’s Circus Caper! #351
  [282/488] Day of Destiny!; The Mark of a Citizen! #352
  [283/488] The Fantastic Foe Superman could never Meet!; The Secret Origin of Bruce (Superman) Wayne #353
  [284/488] Twice Upon a Time!; The Debut of Superman III! #354
  [285/488] Momentus, Master of the Moon!; The Destruction of New Metropolis! #355
  [286/488] Battle of the Super-Hyper Powers!; The Exile from Krypton! #356
  [287/488] Food for a God!; The Troublemaker of New Metropolis! #357
  [288/488] Father Nature's Folly!; A Day in the Life of Bruce (Superman) Wayne #358
  [289/488] Today Superman... Tomorrow the World!; The Last Time I saw Smallville! #359
  [290/488] Issue 36 #36
  [291/488] Is Superman Going...Going...Gone?; Day into Night--Night into Day! #360
  [292/488] Stowaway from the Stars!; The Ace of New Metropolis! #361
  [293/488] The Last Days of Lois and Lana!: Metropolis: Day 1 #362
  [294/488] The Dying Day of Lois and Lana!: A Night in the Life of Bruce (Superman) Wayne! #363
  [295/488] The Sounds that Menaced Metropolis!: Sun-Death! #364
  [296/488] When Kryptonians Clash!; Where, Oh Where has Superboy Gone? #365
  [297/488] Revenge, Superman-Style; Perry White's Superboy Scoop! #366
  [298/488] The Revengers Strike Back!; ...And not a Drop to Drink #367
  [299/488] The Revenger of Steel!; Deadly New Year--2021! #368
  [300/488] Superman's Last Christmas! #369
  [301/488] Pranks for Profit #37
  [302/488] Better Vengeance Through Chemo-stry!; Super-Visions from Beyond #370
  [303/488] Kandar lives Again! ...If You can call this Living!. Mind over Money! #371
  [304/488] Superman's History-Changing Mission!; Kidnappers in the Sky! #372
  [305/488] Lana Lang’s Farewell to Earth!; An Eye (and Ear) on the World! #373
  [306/488] Love Is Deadlier... the Second Time Around!; Pete Ross' Crowning Achievement! #374
  [307/488] The Stoning of Lana Lang / Last 'Scoop' on Krypton! #375
  [308/488] The Ozone-Master comes Calling!; Supergirl #376
  [309/488] Terra Times Two!; Fate is the Killer! #377
  [310/488] The Man who saved the Future! #378
  [311/488] The Bizarro-Buster is Loose! #379
  [312/488] Battle of the Atoms! #38
  [313/488] A Mind-Switch in Time! #380
  [314/488] Whose Super-Life is it Anyway? #381
  [315/488] Where Trouble Goes--Euphor Follows #382
  [316/488] Your World or Your Life, Superman--One must Die! #383
  [317/488] Steve Lombard--Down, Out, and Dead? #384
  [318/488] Luthor Rises Again! #385
  [319/488] Luthor Lashes Back! #386
  [320/488] The Conqueror from the Past! #387
  [321/488] The Kid Who Played Superman! #388
  [322/488] Brother Act! #389
  [323/488] The Big Superman Broadcast!; The Monster of China Deep!; Swindle in Sweethearts! #39
  [324/488] Lost on a Comet! #390
  [325/488] Who Stole the Newswoman of the Year! #391
  [326/488] If a Body meets a Body... #392
  [327/488] The Day they Nuked Superman! #393
  [328/488] The Man who would be President! #394
  [329/488] The Power and the People #395
  [330/488] The Battle for Superman's Brain! #396
  [331/488] The Born-Again Kryptonite Man! #397
  [332/488] The Kid who Master-Minded Superman!; The Clothes that Make the Man! #398
  [333/488] The Man who saw Superman Die!: Never too busy for a Fan! #399
  [334/488] Superman versus Luthor #4
  [335/488] The Mxyztplk-Susie Alliance!; There is No Superman; A Modern Marco Polo #40
  [336/488] The Living Legends of Superman; Last Son of Krypton; The Exile at the Edge of Eternity #400
  [337/488] Operation: False Front! #401
  [338/488] How do You Hide a Superman?; Jor-El: Superman! #402
  [339/488] The Greatest Thief in the Universe!; Clark Kent -- Super-Hero from Krypton! #403
  [340/488] Born to be Superman! #404
  [341/488] The Mystery of the Super-Batman!; Yes, Lowell, There is a Superman #405
  [342/488] The Fight for the Right to be Superman!; Can You Stump Superman? #406
  [343/488] Peril of the Pass-along Powers! #407
  [344/488] The Day the Earth Died!; Warship! #408
  [345/488] The Sleepwalker from Krypton; One Life too Many #409
  [346/488] Too Many Pranksters #41
  [347/488] Clark Kent -- Fired! #410
  [348/488] The Last Earth-Prime Story #411
  [349/488] Luthor -- Today You Die! #412
  [350/488] Superman -- Your World is Mine! #413
  [351/488] Revenge is Life -- Death to Superman! #414
  [352/488] Supergirl: Bride of -- X? #415
  [353/488] The Einstein Connection!; The Ghost of Superman Future! #416
  [354/488] Warrior of Mars #417
  [355/488] The Replacement! #418
  [356/488] The Man who Murdered Evil! #419
  [357/488] The Man Who Wouldn't Quit #42
  [358/488] ...And We are the Dreamers of the Dreams! #420
  [359/488] Trapped in iMP TV #421
  [360/488] Dark Moon Rising! #422
  [361/488] Whatever Happened to the Man of Tomorrow? #423
  [362/488] THE INVENTIONS OF HECTOR THWISTLE! #43
  [363/488] Playthings of Peril #44
  [364/488] Lois Lane, Superwoman! #45
  [365/488] Mr. Mxyztplk Goes to Collage; High Man on a Flagpole!; That old Class of Superboy's #46
  [366/488] The Toyman's Castle #47
  [367/488] The Man Who Stole the Sun!; Autograph, Please!; The Rarest Secret in the World #48
  [368/488] Toyman And the Gadgets of Greed #49
  [369/488] Issue 5 #5
  [370/488] The Task that Stumped Superman #50
  [371/488] Mr. Mxyztplk Seeks a Wife #51
  [372/488] Preview of Plunder #52
  [373/488] The Origin of Superman! #53
  [374/488] The Wrecker #54
  [375/488] Too Many Heroes! #55
  [376/488] Smarty Pants #56
  [377/488] Every Man a Superman ; The Menace of the Machine Men ; The Son of Superman #57
  [378/488] Introducing Tiny Trix The Little Big Shot of the Underworld #58
  [379/488] Lois Lane, Queen of the Amazons #59
  [380/488] Very Truly Yours, Clark Kent (Superman) #6
  [381/488] The Two Identities of Superman #60
  [382/488] The Prankster's Radio Program! / The Courtship of the Three Lois Lanes! / Superman Returns to Krypton! #61
  [383/488] Black Magic on Mars #62
  [384/488] Miss Metropolis of 1950 #63
  [385/488] Professor Lois Lane #64
  [386/488] The 3 Supermen from Krypton #65
  [387/488] Up, Up, and Away! Part 1 : Mortal Men #650
  [388/488] Up, up, and Away Part 3: Bare Hands #651
  [389/488] Up, Up, and Away! Part 5: Speeding Bullet #652
  [390/488] Up, Up, and Away! Part 7: Up in the Sky #653
  [391/488] On Our Special Day #654
  [392/488] Cold Comfort #655
  [393/488] Men & Monsters : Super? Hah! Not Any More! #656
  [394/488] Camelot Falls #657
  [395/488] The Last Tomorrow #658
  [396/488] Angel #659
  [397/488] The Babe of Steel #66
  [398/488] The Art of the Prank #660
  [399/488] Dangerous Lady #661
  [400/488] The Weight of the World #662
  [401/488] The Big Picture #663
  [402/488] Countermeasures #664
  [403/488] Jimmy #665
  [404/488] The Beast From Krypton #666
  [405/488] Tide And Torrent #667
  [406/488] The Third Kryptonian, Part One: The Hunt #668
  [407/488] The Third Kryptonian, Part Two: The Escape #669
  [408/488] Perry Como, I Love You #67
  [409/488] The Third Kryptonian Finale: The Stand #670
  [410/488] Insect Queen, Part 1 - A Fall Of Moondust #671
  [411/488] Insect Queen, Part 2 - Gossamer Wings #672
  [412/488] Insect Queen, Part 3 - Moonlight & Victory #673
  [413/488] Shadows Linger, Part One: Bright Tomorrows #674
  [414/488] Shadows Linger, Part Two: The Long Road #675
  [415/488] Memorial Day #676
  [416/488] The Coming of Atlas, Part 1: The World on His Shoulders #677
  [417/488] The Coming of Atlas, Part 2: Time Lost #678
  [418/488] The Coming of Atlas, Part 3: All That's Red and Blue Falls Down #679
  [419/488] The Six Elements of Crime #68
  [420/488] The Coming of Atlas, Part 4: Man of Yore, Dog of Tomorrow #680
  [421/488] New Krypton, Part Two: Strange Meetings And Chance Encounters #681
  [422/488] New Krypton, Part Six: Invasive Surgery #682
  [423/488] New Krypton, Part Nine: Hard Times #683
  [424/488] The Mind of Rudy Jones #684
  [425/488] The Long Goodbye #685
  [426/488] Yesterday and Tomorrow #686
  [427/488] Power and Weakness #687
  [428/488] The Fall and Rise of Jonathan Kent #688
  [429/488] The Tourist #689
  [430/488] The Prankster's Apprentice #69
  [431/488] The Setup #690
  [432/488] Codename: Patriot, Part 4 #691
  [433/488] Down Time #692
  [434/488] 7734 #693
  [435/488] Man of Valor #694
  [436/488] Man of Valor, Part 2 #695
  [437/488] Man of Valor, Part 3 #696
  [438/488] Man of Valor: The Espionage Squad #697
  [439/488] Last Stand of New Krypton, Part 3: Destiny #698
  [440/488] Irony in Ire #699
  [441/488] World's Greatest Adventure-Strip Character #7
  [442/488] Lois Lane Meets Annie Oakley / The Life of Superman / The Pied Piper Prankster #70
  [443/488] The Comeback; Geometry; Grounded, Prologue: The Slap Heard 'Round The World #700
  [444/488] Grounded, Part One #701
  [445/488] Grounded, Part Two #702
  [446/488] Grounded, Part Three #703
  [447/488] The Road Least Travelled, A Grounded Interlude #704
  [448/488] Grounded, Part Four: Visitation Rights #705
  [449/488] Breaking News, A Grounded Interlude #706
  [450/488] Grounded, Part Five #707
  [451/488] Grounded, Part Six #708
  [452/488] Grounded, Part Seven #709
  [453/488] Clark Kent's Super-Masquerade #71
  [454/488] Grounded, Part Eight #710
  [455/488] Grounded, Part Nine #711
  [456/488] Lost Boy, A Tale of Krypto the Superdog #712
  [457/488] Grounded, Part Eleven #713
  [458/488] Grounded, Finale #714
  [459/488] The Flight of the Failures #72
  [460/488] Hank Garvin, Man of Steel #73
  [461/488] The Lost Secrets of Krypton #74
  [462/488] The Prankster's Star Pupil / Superman--Thrill Salesman / The Man Who Stole Memories #75
  [463/488] The Mightiest Team in the World! / The Misfit Manhunter / Mrs. Superman #76
  [464/488] The Man Who Went to Krypton #77
  [465/488] The Beast from Krypton #78
  [466/488] Citadel of Doom #79
  [467/488] Issue 8 #8
  [468/488] Superman's Big Brother #80
  [469/488] The Superwoman from Space #81
  [470/488] Lois Lane, WAC! #82
  [471/488] Issue 83 #83
  [472/488] Superman's Other Life / A Doghouse for Superman! / Lois Lane, Policewoman! #84
  [473/488] Luthor-Hero! / Clark Kent, Gentleman Journalist! / The Weakling who became a Superman! #85
  [474/488] The Dragon From King Arthur's Court #86
  [475/488] The Thing from 40,000 A.D.! #87
  [476/488] The Toughest Job in the World / The Dog who Loved Superman! / The Terrible Trio! #88
  [477/488] One Hour To Doom! #89
  [478/488] Issue 9 #9
  [479/488] Superman's Secret Past #90
  [480/488] Issue 91 #91
  [481/488] Superman's Last Hour #92
  [482/488] The Man Superman Feared #93
  [483/488] Issue 94 #94
  [484/488] The Practical Joker #95
  [485/488] Mr Mxyzplk, Mayor of Metropolis #96
  [486/488] The Amazing Professor Memory! / The Big Game Hunt of Metropolis! / Superboy's Last Day in Smallville! #97
  [487/488] The Amazing Superman Newsreel #98
  [488/488] The Incredible Feats of Lois Lane #99

=== Processing volume: Superman (DC Comics) ===
  matched volume: Superman | id: 3816 | publisher: DC Comics | issue count: None
  fetched 228 issues
  [1/228] Peer Pressure Part 2: Awards #0
  [2/228] Heart of Stone #1
  [3/228] The Super Menace of Metropolis! #10
  [4/228] The Death of Clark Kent #100
  [5/228] Down To Earth #1000000
  [6/228] Grief #101
  [7/228] Trading Places #102
  [8/228] Pulp Friction Keeping Metropolis Safe #103
  [9/228] Revenge of Apokolips #104
  [10/228] Misperceptions #105
  [11/228] The Trial of Superman! #106
  [12/228] The Trial of Superman! #107
  [13/228] The Trial of Superman! #108
  [14/228] The Kill Fee! #109
  [15/228] The Name Game #11
  [16/228] The Treasure Hunt Caper #110
  [17/228] Divisions #111
  [18/228] Superman's Ex-Girlfriend Lois Lane #112
  [19/228] Secrets #113
  [20/228] Worldwide Web #114
  [21/228] Lois Leaves Superman #115
  [22/228] The Bottle City Part 3 of 3 :  Extra!! Teen Titans 1st Issue Preview! #116
  [23/228] The Final Night : National Whisper : Lights Out! Did Aliens Snuff Our Sun? Artist's Conception of Sun-Eater : Where Is Superman : Lex Luthor Sighted : Recipe: Bibbo's One-Two Punch!  Whitty: My Dinner With Turtle Boy! Fish Woman Makes Media Splash! #117
  [24/228] From The Heart #118
  [25/228] Sunburned : Power Struggle : Special Guest Stars: Legion of Super-Heroes #119
  [26/228] Lost Love #12
  [27/228] To Be a Superman #120
  [28/228] They Call It Suicide Slum! #121
  [29/228] The Kandor Connection #122
  [30/228] Superman...Reborn! #123
  [31/228] A Hard Days Night! #124
  [32/228] Retribution #125
  [33/228] Machinations! #126
  [34/228] Deception! #127
  [35/228] Genesis Anew! #128
  [36/228] A Date With Disaster! #129
  [37/228] Toys in the Attic #13
  [38/228] The Longest Halloween #130
  [39/228] Checkmate #131
  [40/228] Double Play #132
  [41/228] To Summon the Guard; Heart of a Lion, Soul of a Lamb! #133
  [42/228] Dual Purpose #134
  [43/228] Shattered Worlds #135
  [44/228] Superman 2999 #136
  [45/228] The Mutation War #137
  [46/228] Dominus #138
  [47/228] A Matter of Time #139
  [48/228] Last Stand! #14
  [49/228] The Royal Hall of Justice Within Kandor #140
  [50/228] Introducing Outburst! #141
  [51/228] Clark Kent No More #142
  [52/228] Shattered Illusions #143
  [53/228] Up In Smoke #144
  [54/228] Public Hearing #145
  [55/228] Rough Day at the Office #146
  [56/228] Secret Origins, Part 1: The Knight #147
  [57/228] Champions #148
  [58/228] The Arrival of...Strange Visitor ! #149
  [59/228] Wings #15
  [60/228] Earth's Final Hour #150
  [61/228] We're Back! #151
  [62/228] The Fury of Superman!; Deadline U.S.A. #152
  [63/228] Say Goodbye #153
  [64/228] Whatever Happened to the City of Tomorrow?  :Y2K Two of 5 #154
  [65/228] The Private Life of Clark Kent #155
  [66/228] The Tender Trap #156
  [67/228] Superman's Enemy Lois Lane  : Superman Vs. Lois Lane! #157
  [68/228] Critical Condition, Part 1 of 4: Little Big Man #158
  [69/228] Detour #159
  [70/228] He Only Laughs When I Hurt! #16
  [71/228] Superman Arkham Part 1: It's a Mad, Mad, Mad World ! #160
  [72/228] The Reign of Emperor Joker, Part 2 of 5: You Say You Want a Revolution? #161
  [73/228] The American Dream #162
  [74/228] Where Monsters Lurk! #163
  [75/228] Vote Lex 2000 #164
  [76/228] What Do You Get the JLA For Christmas? #165
  [77/228] The Real Truth About Krypton ! #166
  [78/228] Return to Krypton Part 1: The World of Kryptonopolis ! #167
  [79/228] With This Ring... #168
  [80/228] Infestation, Part 1 of 4 #169
  [81/228] Cries in the Night #17
  [82/228] Bad Dog! #170
  [83/228] Of Course, You Know, This Means...Warworld! #171
  [84/228] Death Be Not Proud #172
  [85/228] The Red Badge of Courage #173
  [86/228] Every Blade of Grass #174
  [87/228] Joker: Last Laugh: Doomsday Rex #175
  [88/228] A Little Help #176
  [89/228] Metropolis E-Mailbag #177
  [90/228] The American Way #178
  [91/228] What Can One Icon Do? #179
  [92/228] Return to Krypton #18
  [93/228] The House of Dracula #180
  [94/228] THE MIRROR CRACK'D #181
  [95/228] The Secret - Part One: Dead Men #182
  [96/228] Clark Kent, You're Fired! #183
  [97/228] Return to Krypton II Part 1: Rising son. #184
  [98/228] Foul Play #185
  [99/228] Ending Battle Part 1: Morning Twilight #186
  [100/228] Ending Battle Part 5: After School Special #187
  [101/228] Kicking the Dog : A Life Less Ordinary #188
  [102/228] Lost Hearts: Part One #189
  [103/228] The Power That Failed! #19
  [104/228] Truth / Justice #190
  [105/228] Warped! #191
  [106/228] Introducing... The New Supergirl #192
  [107/228] Death to Tomorrow! #193
  [108/228] Lost Hope #194
  [109/228] Future Shocked! #195
  [110/228] Dr. Metropolis #196
  [111/228] Air Borne #197
  [112/228] Not Dead Again #198
  [113/228] Yes! #199
  [114/228] The Secret Revealed! #2
  [115/228] Doom in the Heartland! #20
  [116/228] The Last Superman Story #200
  [117/228] Strange New Visitor, Part 3 #201
  [118/228] Godfall, Part 3 - Goddess #202
  [119/228] Godfall, Part 6 - Divinity #203
  [120/228] For Tomorrow, Part One #204
  [121/228] For Tomorrow, Part Two #205
  [122/228] For Tomorrow, Part Three #206
  [123/228] For Tomorrow, Part Four #207
  [124/228] For Tomorrow, Part Five #208
  [125/228] For Tomorrow, Part Six #209
  [126/228] You Can't Go Home Again #21
  [127/228] For Tomorrow, Part Seven #210
  [128/228] For Tomorrow, Part Eight #211
  [129/228] For Tomorrow, Part Nine #212
  [130/228] For Tomorrow, Part Ten #213
  [131/228] For Tomorrow, Part Eleven #214
  [132/228] For Tomorrow, Part Twelve #215
  [133/228] Lightning Strikes Twice Part 3 #216
  [134/228] The Journey #217
  [135/228] Power #218
  [136/228] Sacrifice, Part 1: Touch #219
  [137/228] The Price #22
  [138/228] Home #220
  [139/228] Jimmy's Day #221
  [140/228] Safe Harbor #222
  [141/228] Stones #223
  [142/228] Focus #224
  [143/228] To Be a Hero #225
  [144/228] Superman, This is Your Life, Part 1 #226
  [145/228] Curse of the Banshee #23
  [146/228] Power Politics #24
  [147/228] Head Trips #25
  [148/228] ...It's Just a Shot Away! #26
  [149/228] Of Course, You Know, This Means War! #27
  [150/228] Superman in Exile #28
  [151/228] If This Be My Fate #29
  [152/228] Legends from the Darkside #3
  [153/228] Alone! / King of All He Surveys! #30
  [154/228] As Good As His Word! / Poison Pill! #31
  [155/228] Gladiator #32
  [156/228] Two Destinies! #33
  [157/228] By Hook or By Crook! #34
  [158/228] Visions of Grandeur / The Racer's Edge #35
  [159/228] Laugh... I Thought I'd Die! #36
  [160/228] Best Friends #37
  [161/228] Unnatural Disasters #38
  [162/228] Jimmy Olsen's Excellent Adventure #39
  [163/228] Bloodsport! #4
  [164/228] Terror on the Streets #40
  [165/228] The Nature of the Beast #41
  [166/228] Krypton Man #42
  [167/228] The Evil Factory #43
  [168/228] Dark Knight Over Metropolis Part 1: Green Death in Crime Alley #44
  [169/228] Native Sons / Jimmy Olsen's Diary! #45
  [170/228] The World of Tomorrow #46
  [171/228] Soul Search Part Two of Three: Lives in the Balance #47
  [172/228] The Sinbad Contract Part One #48
  [173/228] Krisis of the Krimson Kryptonite, Part One #49
  [174/228] The Mummy Strikes #5
  [175/228] The Human Factor #50
  [176/228] Mister Z! #51
  [177/228] The Name, Pardners, is Terra-Man... #52
  [178/228] Truth, Justice and the American Way #53
  [179/228] The Warsaw Ghetto / Attack of the D.N.Alien! #54
  [180/228] Camelot / Blaze of Glory! #55
  [181/228] Breaking Up / Charlie & Company #56
  [182/228] The Return of the Krypton Man #57
  [183/228] Fangs of the Bloodhounds #58
  [184/228] Superman's Fiancee Lois Lane #59
  [185/228] The Last Five Hundred #6
  [186/228] Intergang - - No More! #60
  [187/228] Time and Time Again Again! #61
  [188/228] Wedding Daze #62
  [189/228] Shadows from the Past! #63
  [190/228] Metropolis Mailbag #64
  [191/228] Head Man #65
  [192/228] Our Army at War #66
  [193/228] Another Panic in the Sky! #67
  [194/228] Sins of the Father #68
  [195/228] --Killing is Serious Business! #69
  [196/228] Rampage! #7
  [197/228] Raising the Stakes! #70
  [198/228] Evil's Pawn #71
  [199/228] Rage #72
  [200/228] Time Ryders #73
  [201/228] Countdown to Doomsday! #74
  [202/228] Doomsday! #75
  [203/228] Funeral for a Friend Part 4: Metropolis Mailbag II #76
  [204/228] Funeral for a Friend Part 8: The End #77
  [205/228] Alive #78
  [206/228] Prove It #79
  [207/228] Future Shock #8
  [208/228] Deadly Alliance #80
  [209/228] Resurrections #81
  [210/228] Back For Good! #82
  [211/228] Funeral for a Friend Epilogue: On the Edge #83
  [212/228] Toys #84
  [213/228] Dark Retribution #85
  [214/228] The Last Sun Devil #86
  [215/228] Bizarro #87
  [216/228] Opportunity Lost #88
  [217/228] Desperation #89
  [218/228] To Laugh and Die in Metropolis / Metropolis, 900 Mi. #9
  [219/228] Battle Ground Metropolis #90
  [220/228] My Life! #91
  [221/228] Earth Run #92
  [222/228] Home! #93
  [223/228] Shadows of the Past #94
  [224/228] The Zero Effect #95
  [225/228] Mindscape #96
  [226/228] Shadows #97
  [227/228] Changes #98
  [228/228] Burning the Past #99

=== Processing volume: Superman (DC Comics) ===
  matched volume: Superman | id: 773 | publisher: DC Comics | issue count: None
  fetched 488 issues
  [1/488] Issue 1 #1
  [2/488] Issue 10 #10
  [3/488] Issue 100 #100
  [4/488] "The Rainbow Doom!" #101
  [5/488] Superman for Sale / Midget Menace From Outer Space / The Million Dollar Mistake #102
  [6/488] The Man Who Could Read Superman's Mind #103
  [7/488] The Super-Family From Outer Space #104
  [8/488] Superman, Slave #105
  [9/488] Superman's First Exploit / The Thefts of Clark Kent / The Super-Outlaw of Metropolis! #106
  [10/488] Rip Van Superman #107
  [11/488] The Girl Cops of Metropolis #108
  [12/488] The Super-Puppet with X-Ray Eyes #109
  [13/488] Issue 11 #11
  [14/488] The Defeat of Superman! #110
  [15/488] Issue 111 #111
  [16/488] The Three Men of Steel #112
  [17/488] The Superman of the Present and the Superman of the Past #113
  [18/488] Superman's Billion-Dollar Debt! #114
  [19/488] The Three Subsitute Supermen! #115
  [20/488] The Mechanized Superman! #116
  [21/488] Issue 117 #117
  [22/488] The Death of Superman! #118
  [23/488] The Second Superman #119
  [24/488] Issue 12 #12
  [25/488] The Day Superman Married! #120
  [26/488] The Bride of Futureman!; The Great Superman Swindle; Jimmy Hits the Jackpot #121
  [27/488] The Super Sergeant #122
  [28/488] The Girl of Steel! #123
  [29/488] The Super-Sword / Mrs. Superman / The Steeplejack of Steel #124
  [30/488] Lois Lane's Super-Dream / Clark Kent's College Days / Superman's New Power #125
  [31/488] Superman's Lost Identity #126
  [32/488] Titano the Super-Ape! #127
  [33/488] Superman Versus the Futuremen / The Sleeping Beauty from Krypton! #128
  [34/488] The Ghost Of Lois Lane / Clark Kent Fireman of Steel! / The Girl in Superman's Past! #129
  [35/488] Issue 13 #13
  [36/488] The Curse of Kryptonite! / The Super-Servant of Crime / The Town that Hated Superman! #130
  [37/488] The Menace Of Mr. Mxyzptlk! / Superman's Future Wife! / The Unknown Super-Deeds #131
  [38/488] Superman's Other Life! #132
  [39/488] The Super-Luck Of Badge 77; How Perry White Hired Clark Kent!; Superman Joins the Army! #133
  [40/488] The Super-Outlaw from Krypton! #134
  [41/488] When Lois First Suspected Clark was Superman / Superman's Mermaid Sweetheart / The Trio of Steel! #135
  [42/488] The Man who Married Lois Lane! #136
  [43/488] The Two Faces of Superman! #137
  [44/488] Titano, The Super-Ape! / Superman's Black Magic! / The Mermaid From Atlantis! #138
  [45/488] The New Life of Super-Merman! / The Jolly Jailhouse! / The Untold Story of Red Kryptonite! #139
  [46/488] Concerts of Doom; The Invention Thief; The Undersea City; The Lightning Master #14
  [47/488] The Son of Bizarro! #140
  [48/488] Superman's Return to Krypton! #141
  [49/488] Lois Lane's Secret Helper! / Superman Meets Al Capone! / The Flame Dragon from Krypton! #142
  [50/488] The Great Superman Hoax! / Lois Lane's Lucky Day! / Bizarro Meets Frankenstein! #143
  [51/488] The Super-Weapon! / Superboy's First Public Appearance! / The Orphans of Space! #144
  [52/488] The Secret Identity of Superman! / The Interplanetary Circus! / The Night of March 31st! #145
  [53/488] The Story of Superman's Life! / Superman's Greatest Feats! #146
  [54/488] The Legion of Super-Villains! #147
  [55/488] Issue 148 #148
  [56/488] The Death of Superman! #149
  [57/488] Issue 15 #15
  [58/488] When the World Forgot Superman! #150
  [59/488] The Three Tough Teen-Agers! / The Man Who Trained Superman! / Superman's Greatest Secret! #151
  [60/488] The Robot Master! / Superbaby Captures the Pumpkin Gang! / The TV Trap for Superman! #152
  [61/488] The Day Superman Broke the Law! / The Secret of the Superman Stamp! / The Town of Supermen! #153
  [62/488] The Underwater Pranks of Mr. Mxyzptlk! / Krypton's First Superman! #154
  [63/488] Superman Under The Green Sun! #155
  [64/488] The Last Days of Superman! #156
  [65/488] The Super-Revenge of the Phantom Zone Prisoner! / The Super-Genie of Metropolis / Superman's Day of Doom! #157
  [66/488] The Invasion of the Super-People! #158
  [67/488] Lois Lane, the Super-Maid of Krypton! #159
  [68/488] Issue 16 #16
  [69/488] When Superman Lost His Powers! #160
  [70/488] Superman Goes to War! / The Last Days of Ma and Pa Kent! #161
  [71/488] The Amazing Story of Superman-Red and Superman-Blue! #162
  [72/488] Wonder-Man, the New Hero of Metropolis! / The Goofy Superman! #163
  [73/488] The Showdown Between Luthor and Superman! #164
  [74/488] Beauty And The Super-Beast!; The Sweetheart Superman Forgot! #165
  [75/488] The Fantastic Story of Superman's Sons! #166
  [76/488] The Team of Luthor and Brainiac! #167
  [77/488] Luthor - - Super-Hero! #168
  [78/488] The Infernal Imp! / The Man Who Stole Superman's Secret Life! / The Bizarro Invasion of Earth! #169
  [79/488] Issue 17 #17
  [80/488] Superman's Mission for President Kennedy! / If Luthor Were Superman's Father! #170
  [81/488] Superman’s Sacrifice! / The Curse Of Magic! / The Nightmare Ordeal of Superman! #171
  [82/488] The Tyrant Superman! #172
  [83/488] The Untouchable Clark Kent! / Tales of Green Kryptonite No. 1 / The Triumph of Luthor and Brainiac! #173
  [84/488] Clark Kent's Incredible Delusion! / Super-Mxyzptlk... Hero! #174
  [85/488] Clark Kent's Brother! #175
  [86/488] The Revenge of the Super-Pets! / Tales of Green Kryptonite No. 2 / Superman's Day of Truth! #176
  [87/488] Superman's Kryptonese Curse! / The Menace Called "It"! / When Jimmy Olsen Stole Krypto From Superman #177
  [88/488] Project Earth-Doom! / When Superman Lost His Memory! #178
  [89/488] The Outlaw Fort Knox! / The Menace Of Gold Kryptonite! / Private Kent, The Fighting Marine! #179
  [90/488] Issue 18 #18
  [91/488] Clark Kent's Great Superman Hunt! / The Girl Who Was Mightier Than Superman! #180
  [92/488] The Super-Scoops of Morna Vine! / The Superman of 2965! #181
  [93/488] The New Lives of Superman! / The Menace of the Terrible Toyman! #182
  [94/488] Prize Stories from the Superman Library! #183
  [95/488] The Demon Under the Red Sun! #184
  [96/488] Superman's Achilles Heel! / Target Superman! #185
  [97/488] The Two Ghosts of Superman! / Clark Kent, Gangster! #186
  [98/488] Superman's Inner Sanctum! #187
  [99/488] The School for Superman Assassins! #188
  [100/488] Krypton Lives Again! #189
  [101/488] Case of the Funny Paper Crimes #19
  [102/488] The Four Element Enemies! #190
  [103/488] The Prisoner of Demon! #191
  [104/488] Clark Kent's Super-Son! #192
  [105/488] The Greatest Super-Stories Published During the Last 28 Years! #193
  [106/488] The Death of Lois Lane! #194
  [107/488] The Fury of the Kryptonian-Killer! #195
  [108/488] The Thing from 40,000 A.D. / The Star of Steel! #196
  [109/488] An All Clark Kent Issue Featuring Superman's Alter-Ego #197
  [110/488] The Real Clark Kent! / The Fate of the Super-Super-Superman! #198
  [111/488] Superman's Race with the Flash! #199
  [112/488] Issue 2 #2
  [113/488] Issue 20 #20
  [114/488] Super-Brother against Super-Brother! #200
  [115/488] Clark Kent Abandons Superman! #201
  [116/488] Tales of the Bizarro World! #202
  [117/488] Clark Kent's Biggest Day! / Superman's Black Magic! / When Superman Killed His Friends! #203
  [118/488] The Case of the Lethal Letters! / The Duplicate Superman! / The Fortress of Fear! #204
  [119/488] The Man Who Destroyed Krypton! #205
  [120/488] The Day Superman Became an Assassin! / The Menace of Mr. Mxyzptlk! #206
  [121/488] 30th Anniversary Issue 1938-1968: Classic Tales Featuring Superman's Friends and Foes! #207
  [122/488] The Case of the Collared Crime-Fighter!  / The Town that Hated Superman! #208
  [123/488] The Clark Kent Monster! / The Super-Servant of Crime #209
  [124/488] Issue 21 #21
  [125/488] Clark Kent's Last Rites #210
  [126/488] You, Too, Can Be a Super-Artist! / The Name of the Game is Superman! #211
  [127/488] Featuring Greatest Superbaby Stories #212
  [128/488] The Most Dangerous Door in the World! / The Orphans of Space #213
  [129/488] The Ghosts that Haunted Superman! / How Perry White Hired Clark Kent! #214
  [130/488] Lois Lane... Dead... Yet Alive / Superman's First Exploit #215
  [131/488] The Soldier of Steel! #216
  [132/488] Featuring Famous First Golden Tales! #217
  [133/488] Superman's Secret Past! / The World of Mr. Mxyzptlk! #218
  [134/488] Clark Kent, Hero...Superman, Public Enemy! / The Super Heat-Wave of Metropolis! #219
  [135/488] Meet the Squiffles #22
  [136/488] Who Stole my Super-Powers? #220
  [137/488] The Revolt of the Super-Slave! / The Two-Ton Superman! #221
  [138/488] Featuring Superman's Secret Family! #222
  [139/488] Half a Hero! #223
  [140/488] Beware the Super-Genius Baby! #224
  [141/488] The Secret of the Superman Impostor! #225
  [142/488] When Superman became King Kong! / Uncle Sam's Prize Prisoner! #226
  [143/488] Special All-Kryptonite Issue! #227
  [144/488] The Mystery Bombers! / Execution Planet! #228
  [145/488] The Ex-Superman! / Clark Kent, Assassin! #229
  [146/488] Issue 23 #23
  [147/488] Killer Kent versus Super Luthor #230
  [148/488] The Wheel of Super-Fortune! #231
  [149/488] Krypton Lives Again! #232
  [150/488] Superman Breaks Loose / Jor-El's Golden Folly #233
  [151/488] How to Tame a Wild Volcano! / Prison-in-the-Sky #234
  [152/488] Sinister Scream of the Devil's Harp! #235
  [153/488] Planet of the Angels; The Doomsayer! #236
  [154/488] The Enemy of Earth #237
  [155/488] Menace at 1000 Degrees!; A Name is Born! #238
  [156/488] Superman's Greatest Battles #239
  [157/488] Issue 24 #24
  [158/488] To Save A Superman / The Man Who Cheated Time #240
  [159/488] The Shape of Fear! #241
  [160/488] The Ultimate Battle! #242
  [161/488] The Starry-Eyed Siren of Space! / The Death-Trails of Krypton! #243
  [162/488] The Electronic Ghost of Metropolis! #244
  [163/488] World's Greatest Super-Heroes #245
  [164/488] Danger-Monster at Work! / Marriage, Kryptonian Style! #246
  [165/488] Must there be a Superman? / When on Earth... #247
  [166/488] The Man who Murdered the Earth!; All in the Mind! #248
  [167/488] The Challenge of Terra-Man! / The Origin of Terra-Man #249
  [168/488] Your Friend, Superman #25
  [169/488] Have Horse, will Fly! #250
  [170/488] The Island that Invaded the Earth! / The Day Krypton didn't Die! #251
  [171/488] Superman with the World's Greatest Flying Heroes! #252
  [172/488] The Kid who saved Superman! #253
  [173/488] The Kid who stole Superman's Powers! / The Baby who walked through Walls! #254
  [174/488] The Sun of Superman! / Moon-Crossed Love! #255
  [175/488] The Dagger that Ripped the Sky! / Brother for a Day! #256
  [176/488] Superman battles the War-horn!; The Greatest Green Lantern of All! #257
  [177/488] Fury of the Energy Eater! / Who is Mr. X? #258
  [178/488] The Kid who Knocked out Superman! #259
  [179/488] Radio Berlin #26
  [180/488] The Keeper of the Eternal Flame! / Let my People Live! #260
  [181/488] Slave of the Star Sapphire! #261
  [182/488] The Skyscraper that Screamed for its Life! / Puzzle of the Telepathic Twins! #262
  [183/488] Man of Molten Steel! / Unhappy Birthday to You! #263
  [184/488] Secret of the Phantom Quarterback! / The Headband Warriors of Krypton! #264
  [185/488] Attack by the Army of Tomorrow! #265
  [186/488] The Nightmare Maker!; The Face on the Falling Star! #266
  [187/488] The World Beneath the North Pole! / The Man in the Public Eye! #267
  [188/488] Wild Week-End in Washington! / A Tale of Time and Tide! #268
  [189/488] The Secret of the Eighth Superman! #269
  [190/488] Issue 27 #27
  [191/488] The Viking from Valhalla! / I can't go Home Again #270
  [192/488] The Man Who Murdered Metropolis!; The Warriors of Lightning Valley! #271
  [193/488] Special All-Magic Issue! #272
  [194/488] The Wizard with the Golden Eye! / Blind Date! #273
  [195/488] Protectors of Earth, Inc. #274
  [196/488] The Dragonfly Invasion of Metropolis! / The Princess and the Glass Treeman! #275
  [197/488] Make way for Captain Thunder! #276
  [198/488] The Biggest Game in Town! / The Pizzeria Peril! #277
  [199/488] Super-Showdown at Buzzard Gulch! #278
  [200/488] Menace of the Energy-Blackmailers! / The Magic Master of Krypton! #279
  [201/488] Issue 28 #28
  [202/488] Duel of the Diamond Demons!; The Last Headline! #280
  [203/488] Mystery Mission to Metropolis! #281
  [204/488] Lex Luthor-- Super Scalp-Hunter! / The Loneliest Man in the Universe #282
  [205/488] Superman's Mystery Masquerade! / One of Our Imps is Missing! #283
  [206/488] The Secret Guardian of Smallville! #284
  [207/488] Search for the Impossible Man! / The Kid with the Million Dollar Smile! #285
  [208/488] The Parasite's Power Play! / The Demon in Superboy's Body! #286
  [209/488] Who was that Dog I Saw You with Last Night? / Bogus Batman! #287
  [210/488] The Computer with a Secret Identity! #288
  [211/488] The Phantom Horseman of Metropolis! / Right Down My Alley! #289
  [212/488] You're My Supermen! #29
  [213/488] The Man Who Cried Super-Wolf! / Babble, Babble Toil and Trouble! #290
  [214/488] The Time-Powered Peril! #291
  [215/488] The Luthor Nobody Knows! / Hey, You--with the Glasses--I Don't like your Face! #292
  [216/488] The Miracle of Thirsty Thursday! #293
  [217/488] The Man who Slept the World Away! / The Tattoo Switcheroo! #294
  [218/488] "Costume, Costume -- Who's Got the Costume?" #295
  [219/488] Who took the Super out of Superman! #296
  [220/488] Clark Kent Forever - - Superman Never! #297
  [221/488] Clark Kent, Get Out of My Life! #298
  [222/488] The Double-or-Nothing Life of Superman! #299
  [223/488] Issue 3 #3
  [224/488] Superman Alias Superman #30
  [225/488] Superman, 2001! #300
  [226/488] Solomon Grundy Wins on a Monday! #301
  [227/488] Seven-Foot-Two... and Still Growing! #302
  [228/488] When Lightning Strikes... Thunder Kills! #303
  [229/488] The Parasite's Prism of Peril! #304
  [230/488] The Man who Toyed with Death! #305
  [231/488] Backward Battle for the Bizarro World! #306
  [232/488] Krypton -- No More! #307
  [233/488] This Planet is Mine! #308
  [234/488] Blind Hero's Bluff! #309
  [235/488] Issue 31 #31
  [236/488] The Man with the Kryptonite Heart #310
  [237/488] Plague of the Antibiotic Man! #311
  [238/488] Today the City... Tomorrow the World #312
  [239/488] The only way You'll Save the Earth... Is over My Dead Body! #313
  [240/488] Before this Night is over, Superman will Kill! #314
  [241/488] Good Evening, Superman I'm Clark Kent... and You're not! #315
  [242/488] The "Heart Attack" that Crippled Superman! #316
  [243/488] The Killer with the Heart of Steel! #317
  [244/488] The Wreck of the Cosmic Hound #318
  [245/488] How to make a Marshland Monster! #319
  [246/488] It Tickles! #32
  [247/488] The Absolute-Power Play of the Parasite! #320
  [248/488] Too Strong to Survive! #321
  [249/488] Laser War over Metropolis! #322
  [250/488] The Man with the Self-Destruct Mind! #323
  [251/488] Beware the Eyes that Paralyze! #324
  [252/488] The Super Sellout of Metropolis! #325
  [253/488] A Million Dollars a Minute! #326
  [254/488] The Sandstorm That Swallowed Metropolis!; Two Can Die As Cheaply As One #327
  [255/488] The Attack of the Kryptonoid!; Clark Kent, How would You like to Meet your Real Father? #328
  [256/488] I have met the Enemy and it is Me!; Secret of the Talking Car #329
  [257/488] Issue 33 #33
  [258/488] The Master Mesmerizer of Metropolis! #330
  [259/488] Lockup at 20,000 Feet! #331
  [260/488] The Eternity Cage! #332
  [261/488] Happy New Year... Rest in Peace! #333
  [262/488] The Man who stole Superman's Eyes! #334
  [263/488] Mxyzptlk spelled backward is T-R-O-U-B-L-E #335
  [264/488] A Rose by Any Other Name! #336
  [265/488] Too Many Crooks! #337
  [266/488] Let My People Grow! #338
  [267/488] Nuclear Nightmare! #339
  [268/488] The American Red Cross Needs Your Support! Give Generously! #34
  [269/488] The Night of the Walking Bomb! #340
  [270/488] The Man who Could Cause Catastrophe!; The Man who Could Cancel Catastrophe! #341
  [271/488] Hero under Glass! #342
  [272/488] The Last Days of Metropolis! #343
  [273/488] The Monsters among Us! #344
  [274/488] When Time ran Backward! #345
  [275/488] Superman’s Streak of Bad Luck! #346
  [276/488] The Sleeper out of Time! #347
  [277/488] The Master of Wind and Storm! #348
  [278/488] The Turnabout Trap! #349
  [279/488] Issue 35 #35
  [280/488] Clark Kent's Vanishing Classmates #350
  [281/488] The Fiend with Nine Faces!; Mister Mxyzptlk’s Circus Caper! #351
  [282/488] Day of Destiny!; The Mark of a Citizen! #352
  [283/488] The Fantastic Foe Superman could never Meet!; The Secret Origin of Bruce (Superman) Wayne #353
  [284/488] Twice Upon a Time!; The Debut of Superman III! #354
  [285/488] Momentus, Master of the Moon!; The Destruction of New Metropolis! #355
  [286/488] Battle of the Super-Hyper Powers!; The Exile from Krypton! #356
  [287/488] Food for a God!; The Troublemaker of New Metropolis! #357
  [288/488] Father Nature's Folly!; A Day in the Life of Bruce (Superman) Wayne #358
  [289/488] Today Superman... Tomorrow the World!; The Last Time I saw Smallville! #359
  [290/488] Issue 36 #36
  [291/488] Is Superman Going...Going...Gone?; Day into Night--Night into Day! #360
  [292/488] Stowaway from the Stars!; The Ace of New Metropolis! #361
  [293/488] The Last Days of Lois and Lana!: Metropolis: Day 1 #362
  [294/488] The Dying Day of Lois and Lana!: A Night in the Life of Bruce (Superman) Wayne! #363
  [295/488] The Sounds that Menaced Metropolis!: Sun-Death! #364
  [296/488] When Kryptonians Clash!; Where, Oh Where has Superboy Gone? #365
  [297/488] Revenge, Superman-Style; Perry White's Superboy Scoop! #366
  [298/488] The Revengers Strike Back!; ...And not a Drop to Drink #367
  [299/488] The Revenger of Steel!; Deadly New Year--2021! #368
  [300/488] Superman's Last Christmas! #369
  [301/488] Pranks for Profit #37
  [302/488] Better Vengeance Through Chemo-stry!; Super-Visions from Beyond #370
  [303/488] Kandar lives Again! ...If You can call this Living!. Mind over Money! #371
  [304/488] Superman's History-Changing Mission!; Kidnappers in the Sky! #372
  [305/488] Lana Lang’s Farewell to Earth!; An Eye (and Ear) on the World! #373
  [306/488] Love Is Deadlier... the Second Time Around!; Pete Ross' Crowning Achievement! #374
  [307/488] The Stoning of Lana Lang / Last 'Scoop' on Krypton! #375
  [308/488] The Ozone-Master comes Calling!; Supergirl #376
  [309/488] Terra Times Two!; Fate is the Killer! #377
  [310/488] The Man who saved the Future! #378
  [311/488] The Bizarro-Buster is Loose! #379
  [312/488] Battle of the Atoms! #38
  [313/488] A Mind-Switch in Time! #380
  [314/488] Whose Super-Life is it Anyway? #381
  [315/488] Where Trouble Goes--Euphor Follows #382
  [316/488] Your World or Your Life, Superman--One must Die! #383
  [317/488] Steve Lombard--Down, Out, and Dead? #384
  [318/488] Luthor Rises Again! #385
  [319/488] Luthor Lashes Back! #386
  [320/488] The Conqueror from the Past! #387
  [321/488] The Kid Who Played Superman! #388
  [322/488] Brother Act! #389
  [323/488] The Big Superman Broadcast!; The Monster of China Deep!; Swindle in Sweethearts! #39
  [324/488] Lost on a Comet! #390
  [325/488] Who Stole the Newswoman of the Year! #391
  [326/488] If a Body meets a Body... #392
  [327/488] The Day they Nuked Superman! #393
  [328/488] The Man who would be President! #394
  [329/488] The Power and the People #395
  [330/488] The Battle for Superman's Brain! #396
  [331/488] The Born-Again Kryptonite Man! #397
  [332/488] The Kid who Master-Minded Superman!; The Clothes that Make the Man! #398
  [333/488] The Man who saw Superman Die!: Never too busy for a Fan! #399
  [334/488] Superman versus Luthor #4
  [335/488] The Mxyztplk-Susie Alliance!; There is No Superman; A Modern Marco Polo #40
  [336/488] The Living Legends of Superman; Last Son of Krypton; The Exile at the Edge of Eternity #400
  [337/488] Operation: False Front! #401
  [338/488] How do You Hide a Superman?; Jor-El: Superman! #402
  [339/488] The Greatest Thief in the Universe!; Clark Kent -- Super-Hero from Krypton! #403
  [340/488] Born to be Superman! #404
  [341/488] The Mystery of the Super-Batman!; Yes, Lowell, There is a Superman #405
  [342/488] The Fight for the Right to be Superman!; Can You Stump Superman? #406
  [343/488] Peril of the Pass-along Powers! #407
  [344/488] The Day the Earth Died!; Warship! #408
  [345/488] The Sleepwalker from Krypton; One Life too Many #409
  [346/488] Too Many Pranksters #41
  [347/488] Clark Kent -- Fired! #410
  [348/488] The Last Earth-Prime Story #411
  [349/488] Luthor -- Today You Die! #412
  [350/488] Superman -- Your World is Mine! #413
  [351/488] Revenge is Life -- Death to Superman! #414
  [352/488] Supergirl: Bride of -- X? #415
  [353/488] The Einstein Connection!; The Ghost of Superman Future! #416
  [354/488] Warrior of Mars #417
  [355/488] The Replacement! #418
  [356/488] The Man who Murdered Evil! #419
  [357/488] The Man Who Wouldn't Quit #42
  [358/488] ...And We are the Dreamers of the Dreams! #420
  [359/488] Trapped in iMP TV #421
  [360/488] Dark Moon Rising! #422
  [361/488] Whatever Happened to the Man of Tomorrow? #423
  [362/488] THE INVENTIONS OF HECTOR THWISTLE! #43
  [363/488] Playthings of Peril #44
  [364/488] Lois Lane, Superwoman! #45
  [365/488] Mr. Mxyztplk Goes to Collage; High Man on a Flagpole!; That old Class of Superboy's #46
  [366/488] The Toyman's Castle #47
  [367/488] The Man Who Stole the Sun!; Autograph, Please!; The Rarest Secret in the World #48
  [368/488] Toyman And the Gadgets of Greed #49
  [369/488] Issue 5 #5
  [370/488] The Task that Stumped Superman #50
  [371/488] Mr. Mxyztplk Seeks a Wife #51
  [372/488] Preview of Plunder #52
  [373/488] The Origin of Superman! #53
  [374/488] The Wrecker #54
  [375/488] Too Many Heroes! #55
  [376/488] Smarty Pants #56
  [377/488] Every Man a Superman ; The Menace of the Machine Men ; The Son of Superman #57
  [378/488] Introducing Tiny Trix The Little Big Shot of the Underworld #58
  [379/488] Lois Lane, Queen of the Amazons #59
  [380/488] Very Truly Yours, Clark Kent (Superman) #6
  [381/488] The Two Identities of Superman #60
  [382/488] The Prankster's Radio Program! / The Courtship of the Three Lois Lanes! / Superman Returns to Krypton! #61
  [383/488] Black Magic on Mars #62
  [384/488] Miss Metropolis of 1950 #63
  [385/488] Professor Lois Lane #64
  [386/488] The 3 Supermen from Krypton #65
  [387/488] Up, Up, and Away! Part 1 : Mortal Men #650
  [388/488] Up, up, and Away Part 3: Bare Hands #651
  [389/488] Up, Up, and Away! Part 5: Speeding Bullet #652
  [390/488] Up, Up, and Away! Part 7: Up in the Sky #653
  [391/488] On Our Special Day #654
  [392/488] Cold Comfort #655
  [393/488] Men & Monsters : Super? Hah! Not Any More! #656
  [394/488] Camelot Falls #657
  [395/488] The Last Tomorrow #658
  [396/488] Angel #659
  [397/488] The Babe of Steel #66
  [398/488] The Art of the Prank #660
  [399/488] Dangerous Lady #661
  [400/488] The Weight of the World #662
  [401/488] The Big Picture #663
  [402/488] Countermeasures #664
  [403/488] Jimmy #665
  [404/488] The Beast From Krypton #666
  [405/488] Tide And Torrent #667
  [406/488] The Third Kryptonian, Part One: The Hunt #668
  [407/488] The Third Kryptonian, Part Two: The Escape #669
  [408/488] Perry Como, I Love You #67
  [409/488] The Third Kryptonian Finale: The Stand #670
  [410/488] Insect Queen, Part 1 - A Fall Of Moondust #671
  [411/488] Insect Queen, Part 2 - Gossamer Wings #672
  [412/488] Insect Queen, Part 3 - Moonlight & Victory #673
  [413/488] Shadows Linger, Part One: Bright Tomorrows #674
  [414/488] Shadows Linger, Part Two: The Long Road #675
  [415/488] Memorial Day #676
  [416/488] The Coming of Atlas, Part 1: The World on His Shoulders #677
  [417/488] The Coming of Atlas, Part 2: Time Lost #678
  [418/488] The Coming of Atlas, Part 3: All That's Red and Blue Falls Down #679
  [419/488] The Six Elements of Crime #68
  [420/488] The Coming of Atlas, Part 4: Man of Yore, Dog of Tomorrow #680
  [421/488] New Krypton, Part Two: Strange Meetings And Chance Encounters #681
  [422/488] New Krypton, Part Six: Invasive Surgery #682
  [423/488] New Krypton, Part Nine: Hard Times #683
  [424/488] The Mind of Rudy Jones #684
  [425/488] The Long Goodbye #685
  [426/488] Yesterday and Tomorrow #686
  [427/488] Power and Weakness #687
  [428/488] The Fall and Rise of Jonathan Kent #688
  [429/488] The Tourist #689
  [430/488] The Prankster's Apprentice #69
  [431/488] The Setup #690
  [432/488] Codename: Patriot, Part 4 #691
  [433/488] Down Time #692
  [434/488] 7734 #693
  [435/488] Man of Valor #694
  [436/488] Man of Valor, Part 2 #695
  [437/488] Man of Valor, Part 3 #696
  [438/488] Man of Valor: The Espionage Squad #697
  [439/488] Last Stand of New Krypton, Part 3: Destiny #698
  [440/488] Irony in Ire #699
  [441/488] World's Greatest Adventure-Strip Character #7
  [442/488] Lois Lane Meets Annie Oakley / The Life of Superman / The Pied Piper Prankster #70
  [443/488] The Comeback; Geometry; Grounded, Prologue: The Slap Heard 'Round The World #700
  [444/488] Grounded, Part One #701
  [445/488] Grounded, Part Two #702
  [446/488] Grounded, Part Three #703
  [447/488] The Road Least Travelled, A Grounded Interlude #704
  [448/488] Grounded, Part Four: Visitation Rights #705
  [449/488] Breaking News, A Grounded Interlude #706
  [450/488] Grounded, Part Five #707
  [451/488] Grounded, Part Six #708
  [452/488] Grounded, Part Seven #709
  [453/488] Clark Kent's Super-Masquerade #71
  [454/488] Grounded, Part Eight #710
  [455/488] Grounded, Part Nine #711
  [456/488] Lost Boy, A Tale of Krypto the Superdog #712
  [457/488] Grounded, Part Eleven #713
  [458/488] Grounded, Finale #714
  [459/488] The Flight of the Failures #72
  [460/488] Hank Garvin, Man of Steel #73
  [461/488] The Lost Secrets of Krypton #74
  [462/488] The Prankster's Star Pupil / Superman--Thrill Salesman / The Man Who Stole Memories #75
  [463/488] The Mightiest Team in the World! / The Misfit Manhunter / Mrs. Superman #76
  [464/488] The Man Who Went to Krypton #77
  [465/488] The Beast from Krypton #78
  [466/488] Citadel of Doom #79
  [467/488] Issue 8 #8
  [468/488] Superman's Big Brother #80
  [469/488] The Superwoman from Space #81
  [470/488] Lois Lane, WAC! #82
  [471/488] Issue 83 #83
  [472/488] Superman's Other Life / A Doghouse for Superman! / Lois Lane, Policewoman! #84
  [473/488] Luthor-Hero! / Clark Kent, Gentleman Journalist! / The Weakling who became a Superman! #85
  [474/488] The Dragon From King Arthur's Court #86
  [475/488] The Thing from 40,000 A.D.! #87
  [476/488] The Toughest Job in the World / The Dog who Loved Superman! / The Terrible Trio! #88
  [477/488] One Hour To Doom! #89
  [478/488] Issue 9 #9
  [479/488] Superman's Secret Past #90
  [480/488] Issue 91 #91
  [481/488] Superman's Last Hour #92
  [482/488] The Man Superman Feared #93
  [483/488] Issue 94 #94
  [484/488] The Practical Joker #95
  [485/488] Mr Mxyzplk, Mayor of Metropolis #96
  [486/488] The Amazing Professor Memory! / The Big Game Hunt of Metropolis! / Superboy's Last Day in Smallville! #97
  [487/488] The Amazing Superman Newsreel #98
  [488/488] The Incredible Feats of Lois Lane #99

=== Processing volume: Wonder Woman (DC Comics) ===
  matched volume: Wonder Woman | id: 3824 | publisher: DC Comics | issue count: None
  fetched 228 issues
  [1/228] The Contest, Part 2: The Blind Eyes of Time #0
  [2/228] The Princess and the Power! #1
  [3/228] Paradise Lost! #10
  [4/228] Blank Madness #100
  [5/228] Legends #1000000
  [6/228] Second Genesis, Part 1 #101
  [7/228] Second Genesis, Part 2 #102
  [8/228] Second Genesis, Part 3 #103
  [9/228] Second Genesis, Part 4 #104
  [10/228] Lifelines, Part 1 #105
  [11/228] Lifelines, Part 2 #106
  [12/228] Lifelines, Part 3 #107
  [13/228] Lifelines, Part 4 #108
  [14/228] Level 1 #109
  [15/228] Fire and Torment #11
  [16/228] Level 2 #110
  [17/228] Level 3 #111
  [18/228] Game Over #112
  [19/228] Are You Out of Your Minds #113
  [20/228] Nightmare Alley #114
  [21/228] The Men Who Moved the World Part 1 #115
  [22/228] The Men Who Moved the World Part 2 #116
  [23/228] The Men Who Moved the World Part 3 #117
  [24/228] Claws #118
  [25/228] In the Forest of the Night #119
  [26/228] Echoes of the Past #12
  [27/228] Time Out of Mind #120
  [28/228] Stone May Grow #121
  [29/228] Judgment Of The Gods #122
  [30/228] Hell Hath No Fury... #123
  [31/228] All My Sins Remembered #124
  [32/228] Deathwatch #125
  [33/228] Where Have All The Heroes Gone? #126
  [34/228] Transfiguration #127
  [35/228] Shell Game #128
  [36/228] Harvest of Souls #129
  [37/228] Demonplague #13
  [38/228] Unfamiliar Friends #130
  [39/228] Past Imperfect #131
  [40/228] Shadows of the Past #132
  [41/228] Masquerade #133
  [42/228] Who Is Donna Troy? #134
  [43/228] Fragments #135
  [44/228] Rebirth! #136
  [45/228] Nightfall #137
  [46/228] The Loss #138
  [47/228] Gods and Monsters #139
  [48/228] For the Glory of Gaea #14
  [49/228] Trinity 98 Part 1 #140
  [50/228] Trinity 98 Part 2 #141
  [51/228] The Bearing of the Soul #142
  [52/228] Devastation 1 Tragedy #143
  [53/228] Devastation 2 Preparation #144
  [54/228] Devastation 3 Death Begun #145
  [55/228] Devastation 4 Annihilation! #146
  [56/228] Godwar: Revolution #147
  [57/228] Godwar: Retreat #148
  [58/228] Godwar: Assault #149
  [59/228] Swan Song #15
  [60/228] Godwar: Conquest! #150
  [61/228] The Pandora Virus Part 1 #151
  [62/228] The Pandora Virus Part 2 #152
  [63/228] Mad About the Boy #153
  [64/228] Three Hearts 1 #154
  [65/228] Three Hearts 2 Lies #155
  [66/228] Devastation Returns 1 #156
  [67/228] Devastation Returns 2 Redemption #157
  [68/228] Devastation Returns 3 Initiation #158
  [69/228] New Road #159
  [70/228] Bird of Paradise/Bird of Prey! #16
  [71/228] A Piece of You 1 #160
  [72/228] A Piece of You 2 #161
  [73/228] God Complex, Part One #162
  [74/228] God Complex, Part 2 #163
  [75/228] Gods of Gotham Part 1 of 4: Discordia #164
  [76/228] Gods of Gotham Part 2 of 4: Avatars #165
  [77/228] Gods of Gotham Part 3 of 4: Fear #166
  [78/228] Gods of Gotham Part 4 of 4: Faith #167
  [79/228] Paradise Lost 1 Loving Submission #168
  [80/228] Paradise Lost 2 Winds of War #169
  [81/228] Traces #17
  [82/228] She's a Wonder #170
  [83/228] Bird of Prey #171
  [84/228] Her Mother's Daughter #172
  [85/228] Amazons! Attack! #173
  [86/228] The Witch & the Warrior - Part 1 #174
  [87/228] The Witch & The Warrior - Part 2: Girl Frenzy #175
  [88/228] The Witch & The Warrior - Part 3: Hateful Hate #176
  [89/228] Paradise Found #177
  [90/228] Doors Wide Open #178
  [91/228] Land of the Lost, Part One: They Might be Giants! #179
  [92/228] Creatures of the Dark / Awakenings #18
  [93/228] Villainy Inc? #180
  [94/228] Battle For the Lost World #181
  [95/228] Land of the Lost - Part Four: The Amazon's Brigade #182
  [96/228] Land of the Lost - Part Five: The Triumph of Trinity! #183
  [97/228] U-Boats and Dinosaurs #184
  [98/228] Her Daughter's Mother #185
  [99/228] Revenge of the Cheetah - Part One: The Hunt for Sebastian Ballesteros #186
  [100/228] Revenge of the Cheetah - Part Two: A Cat-God Scorned #187
  [101/228] Wonder Boys #188
  [102/228] The Game of the Gods - Part One: Figure of Earth #189
  [103/228] The Witch on the Island #19
  [104/228] The Game of the Gods - Part Two: Red Eyes in the Morning... #190
  [105/228] The Game of the Gods - Part Three: Deities and Demons...! #191
  [106/228] The Game of the Gods - Part Four: Sister's Sorrow #192
  [107/228] The Game of the Gods - Part Five: The Passion of Diana! #193
  [108/228] The Game of the Gods - Part Six: The Passion of Trevor! #194
  [109/228] The Mission #195
  [110/228] Down to Earth - Part One #196
  [111/228] Down to Earth - Part Two #197
  [112/228] Down to Earth - Part Three #198
  [113/228] Down to Earth - Part Four #199
  [114/228] A Fire in the Sky! #2
  [115/228] Who Killed Myndi Mayer? #20
  [116/228] Down to Earth - Part Five #200
  [117/228] Ripples #201
  [118/228] Leaks #202
  [119/228] Bitter Pills - Part One #203
  [120/228] Bitter Pills - Part Two #204
  [121/228] Bitter Pills - Part Three #205
  [122/228] Stoned Part 1 #206
  [123/228] Stoned Part 2 #207
  [124/228] Stoned Part 3 #208
  [125/228] Stoned Part 4 #209
  [126/228] The Cosmic Migration #21
  [127/228] Stoned Conclusion #210
  [128/228] To the Victors, The Spoils #211
  [129/228] Counting Coup Part 1 #212
  [130/228] Counting Coup Part 2 #213
  [131/228] Truth or Dare Part Two #214
  [132/228] The Bronze Doors, Part One #215
  [133/228] The Bronze Doors, Part Two #216
  [134/228] The Bronze Doors, Part Three #217
  [135/228] The Calm #218
  [136/228] Sacrifice, Part 4 of 4 #219
  [137/228] Through Destiny's Door #22
  [138/228] Affirmative Defense (Sacrifice, Aftermath) #220
  [139/228] Pride of the Amazons #221
  [140/228] Blood Debt #222
  [141/228] Marathon - Part One #223
  [142/228] Marathon - Part Two #224
  [143/228] Nothing Finished, Only Abandoned #225
  [144/228] Wonder Woman and Superman - Friends or Foes? #226
  [145/228] A God Among Men #23
  [146/228] Combat Zone #24
  [147/228] The Burning School #25
  [148/228] The Immortal Storm / Of Wings and Arrows #26
  [149/228] From Day Into Night #27
  [150/228] Jungle Sacrament #28
  [151/228] Bloodvine #29
  [152/228] Deadly Arrival! #3
  [153/228] To Live by the Sword #30
  [154/228] The Savage Moon! #31
  [155/228] Meanwhile... #32
  [156/228] Secrets in the Sand #33
  [157/228] The Tournament of the Crown #34
  [158/228] Journey's End #35
  [159/228] Changes in the Wind #36
  [160/228] Strangers in Paradise #37
  [161/228] Forbidden Fruit #38
  [162/228] Poisoned Souls #39
  [163/228] A Long Day's Journey into Fright! #4
  [164/228] Divided We Fall #40
  [165/228] The Ties That Bond #41
  [166/228] The Silver Wing of Terror #42
  [167/228] The Armageddon Aria #43
  [168/228] Caged #44
  [169/228] Legacy #45
  [170/228] Chalk Drawings #46
  [171/228] Common Ground #47
  [172/228] Fang and Claw #48
  [173/228] No Title #49
  [174/228] The Ares Assault #5
  [175/228] Embrace the Coming Dawn #50
  [176/228] Speeding Image #51
  [177/228] Shards #52
  [178/228] Welcome to My Nightmare #53
  [179/228] Mind Games #54
  [180/228] Psycho Path #55
  [181/228] Victims #56
  [182/228] The Fugitive Kind #57
  [183/228] Atlas Shrugged! #58
  [184/228] Battle-Front! #59
  [185/228] Powerplay #6
  [186/228] Blood and Sand #60
  [187/228] To Avenge An Amazon #61
  [188/228] An Era Ends For Wonder Woman #62
  [189/228] Operation: Cheetah Part 2 #63
  [190/228] The Heart of the City #64
  [191/228] Fever Dreams #65
  [192/228] A Sudden Deadly Leap #66
  [193/228] Barren, Rocky, and Cold #67
  [194/228] Breaking Bonds #68
  [195/228] Noble Pyrates All #69
  [196/228] Rebirth! #7
  [197/228] Once I Was a Slave #70
  [198/228] Home Again #71
  [199/228] The Song of Creation #72
  [200/228] Losses #73
  [201/228] Greatness Calls #74
  [202/228] The Last True Hero #75
  [203/228] Knowledge #76
  [204/228] Worst Moments #77
  [205/228] The East Contract #78
  [206/228] Taking the Spear #79
  [207/228] Time Passages #8
  [208/228] It's Never a Good Day to Die #80
  [209/228] And Then She Fell to Earth #81
  [210/228] Ares Rising: The Path to War #82
  [211/228] Ares Rising: The Human Maze #83
  [212/228] Ares Rising: Amazon Songs #84
  [213/228] Black, Blind Destiny #85
  [214/228] Turning Point #86
  [215/228] No Quarter, No Sanctuary #87
  [216/228] Dead--Again #88
  [217/228] Home #89
  [218/228] Blood of the Cheetah #9
  [219/228] The Contest Begins! #90
  [220/228] Immortal Combat! #91
  [221/228] The Contest Lost...! #92
  [222/228] Violent Beginnings #93
  [223/228] Poison, Claws, and Death Part 1 #94
  [224/228] Poison, Claws, and Death Part 2 #95
  [225/228] Joker's Holiday #96
  [226/228] Boom! #97
  [227/228] Sisters! #98
  [228/228] The Rest of the Story #99

=== Processing volume: Wonder Woman (DC Comics) ===
  matched volume: Wonder Woman | id: 91774 | publisher: DC Comics | issue count: None
  fetched 134 issues
  [1/134] The Lies Part One #1
  [2/134] Year One Part Four #10
  [3/134] The Lies Conclusion #11
  [4/134] Year One Part Five #12
  [5/134] Angel Down #13
  [6/134] Year One Finale #14
  [7/134] The Truth Part One #15
  [8/134] Godwatch Part 1 #16
  [9/134] The Truth Part Two #17
  [10/134] Godwatch Part 2 #18
  [11/134] The Truth Part Three #19
  [12/134] Year One Part One #2
  [13/134] Godwatch Part 3 #20
  [14/134] The Truth Part Four #21
  [15/134] Godwatch Part 4 #22
  [16/134] The Truth Conclusion #23
  [17/134] Godwatch Epilogue #24
  [18/134] Perfect #25
  [19/134] Heart of the Amazon Part One #26
  [20/134] Heart of the Amazon Part Two #27
  [21/134] Heart of the Amazon Part Three #28
  [22/134] Heart of the Amazon Part Four #29
  [23/134] The Lies Part Two #3
  [24/134] Heart of the Amazon Part 5 #30
  [25/134] Children of the Gods Part 1 #31
  [26/134] Children of the Gods Part 2 #32
  [27/134] Times Past Part One: Grail #33
  [28/134] Children of the Gods Part 3 #34
  [29/134] Times Past Part Two: Jason #35
  [30/134] Children of the Gods Part 4 #36
  [31/134] Children of the Gods Conclusion #37
  [32/134] Swan's Song Part One #38
  [33/134] Swan's Song Part Two #39
  [34/134] Year One Part Two #4
  [35/134] Swan's Song Conclusion #40
  [36/134] Amazons Attacked Part One #41
  [37/134] Amazons Attacked Part Two #42
  [38/134] Amazons Attacked Part Three #43
  [39/134] Amazons Attacked Part Four #44
  [40/134] Amazons Attacked Finale #45
  [41/134] The Dark Gods Part One #46
  [42/134] The Dark Gods Part Two #47
  [43/134] The Dark Gods Part Three #48
  [44/134] The Dark Gods Part Four #49
  [45/134] The Lies Part Three #5
  [46/134] The Dark Gods Finale #50
  [47/134] The Fifty-Second Visit #51
  [48/134] The Enemy of Both Sides Part One #52
  [49/134] The Enemy of Both Sides Part Two #53
  [50/134] The Enemy of Both Sides Part Three #54
  [51/134] The Enemy of Both Sides Finale #55
  [52/134] The Witching Hour Part 2 #56
  [53/134] The Witching Hour Part 4 #57
  [54/134] The Just War Part I #58
  [55/134] The Just War Part II #59
  [56/134] Year One Part Three #6
  [57/134] The Just War Part III #60
  [58/134] The Just War Part IV #61
  [59/134] The Just War Finale #62
  [60/134] The New World #63
  [61/134] The Grudge #64
  [62/134] The Grudge Part 2 #65
  [63/134] Giants War Part 1 #66
  [64/134] Giants War Part 2 #67
  [65/134] Giants War Finale #68
  [66/134] Love Is A Battlefield Part 1 #69
  [67/134] The Lies Part Four #7
  [68/134] Love Is A Battlefield Part 2 #70
  [69/134] Love Is A Battlefield Part 3 #71
  [70/134] Love Is A Battlefield Finale #72
  [71/134] The Queen and the Empress #73
  [72/134] Return of the Amazons Part 1 #74
  [73/134] Return of the Amazons Part 2 #75
  [74/134] Issue 750 #750
  [75/134] On the Horizon #751
  [76/134] The Iron Maiden Part 1 #752
  [77/134] The Iron Maiden Finale... With A Surprise Visit To Come! #753
  [78/134] The Truth Usurps #754
  [79/134] The Four Horsewomen Part 1 #755
  [80/134] The Four Horsewomen Part 2 #756
  [81/134] The Four Horsewomen Finale #757
  [82/134] Ghosts of the Past #758
  [83/134] I Walk the Line #759
  [84/134] Mothers and Children #76
  [85/134] What Have I Done? #760
  [86/134] Enemies and Allies #761
  [87/134] Liar Liar #762
  [88/134] Sometimes the Worlds Needs A Little Upside Down #763
  [89/134] The Amazing Adventures of Darren Hondor or Miami or Bust! #764
  [90/134] What Happens In Zandia! #765
  [91/134] Max Lord's Revenge Part 1 #766
  [92/134] Max Lord's Revenge Part 2 #767
  [93/134] Long Live the Queen #768
  [94/134] Liar Liar Returns #769
  [95/134] Loveless Part 1 #77
  [96/134] Afterworlds Part 1; Young Diana in Birthday Blues #770
  [97/134] Afterworlds Part 2; Young Diana in Lessons Learned #771
  [98/134] Afterworlds Part 3; Young Diana in The Deep End #772
  [99/134] Afterworlds Part 4; Young Diana in Stories To Tell #773
  [100/134] Afterworlds Part 5; Young Diana in Hero Worship #774
  [101/134] Afterworlds Part 6; Cursed Objects #775
  [102/134] Afterworlds Part 7; Family Ties #776
  [103/134] Afterworlds Part 8; Young Diana in Truth Hurts #777
  [104/134] Afterworlds Part 9; Stronger Together #778
  [105/134] Afterworlds Finale; Sisterhood #779
  [106/134] Loveless Part 2 #78
  [107/134] Where the Heart Is #780
  [108/134] Through A Glass Darkly, Part One; What Lies Beneath, Part 1 #781
  [109/134] Through a Glass Darkly, Part Two; What Lies Beneath, Part 2 #782
  [110/134] Through a Glass Darkly, Part Three; What Lies Beneath, Part 3 #783
  [111/134] Through a Glass Darkly, Finale #784
  [112/134] Trial of the Amazons Part 3; Make Hay While the Sun Shines #785
  [113/134] Trial of the Amazons Part 5; A New Leaf #786
  [114/134] The Villainy of Our Fears, Part 1; Family Reunion #787
  [115/134] The Villainy of Our Fears, Part 2 #788
  [116/134] The Villainy of Our Fears, Part 3; Mother Knows Best #789
  [117/134] Loveless Part 3 #79
  [118/134] The Villainy of Our Fears Finale; Hell Hath No Fury #790
  [119/134] Feral Part One; Power Play #791
  [120/134] Feral, Part Two; The Chosen One #792
  [121/134] Walk Among Us; Giants in the Sky #793
  [122/134] Before the Storm, Part 1; My Sister's Keeper #794
  [123/134] Before the Storm, Part 2; A Light That Never Goes Out #795
  [124/134] Before the Storm, Finale; Bittersweet #796
  [125/134] The Reckoning Part I; A Champion's Heart Part One #797
  [126/134] The Reckoning Part II; A Champion's Heart Part Two #798
  [127/134] Whatever Happened to the Warrior of Truth? Part I #799
  [128/134] Year One Interlude #8
  [129/134] Loveless Part 4 #80
  [130/134] Whatever Happened to the Warrior of Truth? Part 2; Trinity #800
  [131/134] Loveless Finale #81
  [132/134] The Wild Hunt Part 1 #82
  [133/134] The Wild Hunt Part 2 #83
  [134/134] The Lies Part Five #9

=== Processing volume: Justice League of America (DC Comics) ===
  matched volume: Justice League of America | id: 2014 | publisher: DC Comics | issue count: None
  fetched 261 issues
  [1/261] The World of No Return! #1
  [2/261] The Fantastic Fingers of Felix Faust! #10
  [3/261] The Unknown Soldier of Victory! #100
  [4/261] The Hand That Shook the World #101
  [5/261] "And One of Us Must Die!" #102
  [6/261] A Stranger Walks Among Us! #103
  [7/261] The Shaggy Man Will Get You If You Don't Watch Out! #104
  [8/261] Specter in the Shadows! #105
  [9/261] Wolf in the Fold! #106
  [10/261] Crisis on Earth-X! #107
  [11/261] Thirteen Against the Earth! #108
  [12/261] The Doom of the Divided Man! #109
  [13/261] One Hour to Doomsday! #11
  [14/261] The Man Who Murdered Santa Claus!; The Plight of a Nation!; Z--As in Zatanna--and Zero Hour! #110
  [15/261] Balance of Power!: Beware! The Black Star Shines!; Attack of the Star-Bolt Warrior! #111
  [16/261] Issue 112 #112
  [17/261] The Creature in the Velvet Cage!; The Case of the Patriotic Crimes!; The Cavern of Deadly Spheres! #113
  [18/261] The Return of Anakronus!; Just a Story; Crisis on Earth-Three! #114
  [19/261] The Last Angry God!; Evil Star Over Hollywood!; Indestructible Creatures of Nightmare Island! #115
  [20/261] The Kid Who Won Hawkman's Wings!; Mastermind of Menaces!; The Challenge of the Untouchable Aliens!; Mr. Nobody #116
  [21/261] "I Have No Wings And I Must Fly!" #117
  [22/261] "Takeover Of The Earth-Masters!" #118
  [23/261] "Winner Takes the Earth!" #119
  [24/261] Last Case of the Justice League! #12
  [25/261] The Parallel Perils of Adam Strange! #120
  [26/261] "The Hero Who Jinxed the Justice League! #121
  [27/261] "The Great Identity Crisis!" #122
  [28/261] Where on Earth Am I? #123
  [29/261] Avenging Ghosts of the Justice Society! #124
  [30/261] "The Men Who Sold Destruction!" #125
  [31/261] The Evil Connection! #126
  [32/261] The Command Is "Chaos!" #127
  [33/261] "Death-Visions of the Justice League!" #128
  [34/261] The Earth Dies Screaming! #129
  [35/261] The Riddle of the Robot Justice League! #13
  [36/261] "Skyjack at 22,300 Miles!" #130
  [37/261] "The Beasts Who Thought Like Men" #131
  [38/261] "The Beasts Who Fought Like Men!" #132
  [39/261] "Missing --One Man of Steel!" #133
  [40/261] "The Battle at the Edge of Forever!" #134
  [41/261] Crisis in Eternity! #135
  [42/261] Crisis on Earth-S! #136
  [43/261] Crisis In Tomorrow! #137
  [44/261] "Adam Strange -- Puppet of Time!" #138
  [45/261] The Cosmic Conspiracy Against Adam Strange!; The Ice Age Cometh! #139
  [46/261] The Menace Of The Atom Bomb! #14
  [47/261] "No Man Escapes the Manhunters!'; "Indestructible Creatures of Nightmare Island!" #140
  [48/261] No World Escapes the Manhunters! #141
  [49/261] Return From Forever! #142
  [50/261] A Tale of Two Satellites!; The Card Crimes Of The Royal Flush Gang! #143
  [51/261] The Origin of the Justice League - - Minus One! #144
  [52/261] The Carnival of Souls! #145
  [53/261] "Inner Mission!"/"Crisis Between Earth-1 And Earth-2!" #146
  [54/261] Crisis In The 30th Century!/"The Bridge Between Earths!" #147
  [55/261] Crisis in Triplicate! #148
  [56/261] The Face Of The Star-Tsar!; Threat Of The True-Or-False Sorcerer! #149
  [57/261] Challenge of the Untouchable Aliens! #15
  [58/261] The Key - Or Not the Key #150
  [59/261] The Unluckiest League of All! #151
  [60/261] 2,000 Light-Years to Christmas! #152
  [61/261] Earth's First and Last Super-Hero! #153
  [62/261] I'll Kill You in Your Dreams! #154
  [63/261] Under The Moons Of Earth! #155
  [64/261] The Fiend With Five Faces #156
  [65/261] Till Doom Do Us Part! #157
  [66/261] The Super-Power of Negative Thinking #158
  [67/261] Crisis From Yesterday! #159
  [68/261] Cavern of the Deadly Spheres! #16
  [69/261] Crisis From Tomorrow! #160
  [70/261] The Reverse-Spells of Zatanna's Magic #161
  [71/261] The Creation Conspiracy #162
  [72/261] Concert of the Damned #163
  [73/261] Murder by Melody! #164
  [74/261] A Mother of Magic! #165
  [75/261] The Long Way Home #166
  [76/261] The League That Defeated Itself #167
  [77/261] The Last Great Switcheroo #168
  [78/261] Doomsday Decision #169
  [79/261] Triumph of the Tornado Tyrant! #17
  [80/261] While A World Lies Burning #170
  [81/261] The Murderer Among Us: Crisis Above Earth-One! #171
  [82/261] I Accuse! #172
  [83/261] Testing of a Hero! #173
  [84/261] "A Plague of Monsters" #174
  [85/261] But Can An Android Dream? #175
  [86/261] The Dream Factories of Doctor Destiny! #176
  [87/261] The Graveyard Gambit #177
  [88/261] The Chess-Master of Mars #178
  [89/261] The Siren Song of the Satin Satan #179
  [90/261] Journey into the Micro-World! #18
  [91/261] A Beautiful Evil #180
  [92/261] The Stellar Crimes Of The Star-Tsar! #181
  [93/261] Reprise; The Sun Queen Snatch! #182
  [94/261] "Crisis On New Genesis" Or "Where Have All The New Gods Gone? #183
  [95/261] "Crisis Between Two Earths" Or Apokolips Now! #184
  [96/261] Crisis On Apokolips Or Darkseid Rising! #185
  [97/261] Who Can Stop the Shaggy Man? #186
  [98/261] Proteus Says: "All Things Must Change!" #187
  [99/261] The Metamorph War; The Miracle at 22,300 Miles! #188
  [100/261] Return of the Starfish Conqueror! #189
  [101/261] The Super-Exiles of Earth! #19
  [102/261] Our Friends, Our Enemies #190
  [103/261] The Key Crisis of the One-Man Justice League! #191
  [104/261] Quest for Genesis #192
  [105/261] Secrets of Genesis/All Star Squadron #193
  [106/261] Destiny Is a Stacked Deck #194
  [107/261] Targets on Two Worlds #195
  [108/261] Countdown to Crisis! #196
  [109/261] Crisis in Limbo! #197
  [110/261] Once Upon a Time, in the Wild Wild West... #198
  [111/261] Grand Canyon Showdown #199
  [112/261] Secret of the Sinister Sorcerers! #2
  [113/261] The Mystery of Spaceman X #20
  [114/261] A League Divided #200
  [115/261] A Hero For All Seasons #201
  [116/261] Star Fall #202
  [117/261] Shuffle and Deal...With Death! #203
  [118/261] The Cut of the Cards! #204
  [119/261] The Final Hand! #205
  [120/261] The Secret That Time Forgot! #206
  [121/261] Crisis Times Three! #207
  [122/261] The Bomb-Blast Heard 'Round the World!: Fate is the Killer #208
  [123/261] Let Old Aquaintances Be Forgot... #209
  [124/261] Crisis on Earth-One! #21
  [125/261] When a World Dies Screaming! #210
  [126/261] The Devil's Bargain #211
  [127/261] Issue 212 #212
  [128/261] Into the Microcosmos! #213
  [129/261] The Siren Sisterhood #214
  [130/261] The Bigger They Are... #215
  [131/261] The Choice #216
  [132/261] All the Elements of Disaster! #217
  [133/261] The Price of Humanity #218
  [134/261] Crisis in the Thunderbolt Dimension! #219
  [135/261] Crisis on Earth-Two! #22
  [136/261] The Doppelganger Gambit #220
  [137/261] Beasts #221
  [138/261] Death Games #222
  [139/261] Blood Sport #223
  [140/261] The Supremacy Factor! #224
  [141/261] Let There Be Light! #225
  [142/261] Hell on Earth! #226
  [143/261] Dragon Keep #227
  [144/261] War -- of the World? #228
  [145/261] Bitter Ashes #229
  [146/261] Drones of the Queen Bee! #23
  [147/261] Blessed is the Peacemaker #230
  [148/261] Family Crisis! #231
  [149/261] Battlegrounds! #232
  [150/261] Gang War #233
  [151/261] Claws #234
  [152/261] Heavy Metal #235
  [153/261] Gypsy Genius #236
  [154/261] Lest Auld Acquaintance Be Forgot... #237
  [155/261] Savage Symphony #238
  [156/261] In the Shadow of the Ox #239
  [157/261] Decoy Missions of the Justice League! #24
  [158/261] The Future Ain't What it Used to Be! #240
  [159/261] Sea Change #241
  [160/261] Battle Cry / Assault on Mount Mayhem #242
  [161/261] Storm Clouds #243
  [162/261] The Final Crisis #244
  [163/261] The Long Road Home #245
  [164/261] Be it Ever So Humble... #246
  [165/261] ...There's No Place Like Home #247
  [166/261] Interweavings #248
  [167/261] All Fall Down! #249
  [168/261] Outcasts of Infinity! #25
  [169/261] The Return of the Justice League of America #250
  [170/261] Hunters and Prey #251
  [171/261] Arrival #252
  [172/261] Pyre #253
  [173/261] Desperate Climax; Secrets of the Temple #254
  [174/261] Rising #255
  [175/261] Back to Godhead #256
  [176/261] Coming Down! #257
  [177/261] Saving Face! #258
  [178/261] Homecoming! #259
  [179/261] Four Worlds to Conquer! #26
  [180/261] Flesh! #260
  [181/261] Last Stand #261
  [182/261] The I Who Defeated The Justice League! #27
  [183/261] Case of the Forbidden Super-Powers! #28
  [184/261] Crisis on Earth-Three! #29
  [185/261] Slave Ship of Space! #3
  [186/261] The Most Dangerous Earth of All! #30
  [187/261] Riddle of the Runaway Room! #31
  [188/261] Attack of the Star-Bolt Warrior! #32
  [189/261] Enemy from the Timeless World! #33
  [190/261] The Deadly Dreams of Doctor Destiny! #34
  [191/261] Battle Against the Bodiless Uniforms! #35
  [192/261] Case of the Disabled Justice League! #36
  [193/261] The Earth--Without a Justice League! #37
  [194/261] Crisis on Earth-A! #38
  [195/261] Starro the Conqueror!; Case of the Stolen Super-Powers!; When Gravity Went Wild! #39
  [196/261] Doom of the Star Diamond! #4
  [197/261] Indestructible Creatures of Nightmare Island! #40
  [198/261] The Key-Master of the World! #41
  [199/261] Metamorpho Says No! #42
  [200/261] The Card Crimes of the Royal Flush Gang! #43
  [201/261] Plague That Struck the Justice League! #44
  [202/261] Super-Struggle Against Shaggy Man! #45
  [203/261] Crisis Between Earth-One and Earth-Two! #46
  [204/261] The Bridge Between Earths! #47
  [205/261] Challenge of the Weapons Master! / Secret of the Sinister Sorcerers! / The Slave Ship of Space! #48
  [206/261] Threat of the True-or-False Sorcerer! #49
  [207/261] When Gravity Went Wild! #5
  [208/261] The Lord of Time Attacks the 20th Century! #50
  [209/261] Z -- As in Zatanna -- And Zero Hour! #51
  [210/261] Missing in Action--5 Justice Leaguers! #52
  [211/261] Secret Behind the Stolen Super-Weapons #53
  [212/261] History-Making Costumes of the Royal Flush Gang! #54
  [213/261] The Super-Crisis that Struck Earth-Two! #55
  [214/261] The Negative Crisis on Earths One-Two! #56
  [215/261] Man, Thy Name is--Brother! #57
  [216/261] The World of No Return!; The Wheel of Misfortune; For Sale--The Justice League! #58
  [217/261] The Justice Leaguers' Impossible Adventure! #59
  [218/261] The Wheel of Misfortune! #6
  [219/261] Winged Warriors Of The Immortal Queen!/The Seeing Eye Humans #60
  [220/261] Operation: Jail The Justice League! #61
  [221/261] Panic From A Blackmail Box! #62
  [222/261] Time Signs A Death-Warrant For The Justice League #63
  [223/261] The Stormy Return Of The Red Tornado! #64
  [224/261] T O Morrow Kills The Justice League - - Today! #65
  [225/261] Divided - - They Fall! #66
  [226/261] Doom of the Star Diamond #67
  [227/261] Neverwas... The Chaos-Maker! #68
  [228/261] A Matter of Menace! #69
  [229/261] The Cosmic Fun-House! #7
  [230/261] Versus the Creeper! #70
  [231/261] ...And So My World Ends! #71
  [232/261] 13 Days to Doom! #72
  [233/261] Star Light, Star Bright--Death Star I See Tonight! #73
  [234/261] Where Death Fears To Tread! #74
  [235/261] In Each Man There Is a Demon! #75
  [236/261] The Cosmic Fun-House!; The Last Case of the Justice League! #76
  [237/261] Snapper Carr--Super Traitor! #77
  [238/261] The Coming of the Doomsters/ The Man Who Hated Science! #78
  [239/261] Come Slowly Death, Come Slyly! #79
  [240/261] For Sale--The Justice League! #8
  [241/261] Night of the Soul-Stealer! #80
  [242/261] Plague of the Galactic Jest-Master #81
  [243/261] Peril of the Paired Planets #82
  [244/261] Where Valor Fails...Will Magic Triumph? #83
  [245/261] The Devil in Paradise!; Great Ant Circus #84
  [246/261] The Fantastic Fingers of Felix Faust!; One Hour to Doomsday!; Lives of a Rocket Lancer! #85
  [247/261] Earth's Final Hour! #86
  [248/261] Batman--King of the World #87
  [249/261] The Last Survivors of Earth! #88
  [250/261] The Most Dangerous Dreams of All! #89
  [251/261] The Origin of the Justice League! #9
  [252/261] Plague of the Pale People! #90
  [253/261] Earth--The Monster Maker!; The Day the World Melted; The Hour Hourman Died! #91
  [254/261] Solomon Grundy..The One And Only/The One-Man Justice League!; Space-Enemy Number One! #92
  [255/261] The Riddle of the Robot Justice League!; Journey Into the Micro-World! #93
  [256/261] Where Strikes Demonfang?; The Sandman/Starman #94
  [257/261] "The Private War of Johnny Dune!"; The Origin of Doctor Mid-Nite; The Origin of Doctor Fate #95
  [258/261] "The Coming of--Starbreaker!"; The Origin of "Tick-Tock" Tyler The Hourman; "The Monkey's Circle!" #96
  [259/261] The Day the Earth Screams! #97
  [260/261] No More Tomorrows!; The Woman Who Wanted the World!; The Three Comets! #98
  [261/261] Seeds of Destruction!; Terror Rides the Rails! #99

=== Processing volume: Justice League (DC Comics) ===
  matched volume: Justice League | id: 42488 | publisher: DC Comics | issue count: None
  fetched 57 issues
  [1/57] Shazam!; Questions #0
  [2/57] Justice League, Part One #1
  [3/57] The Villain's Journey, Chapter Two: The Belly of the Beast; The Curse of SHAZAM, Part 4 #10
  [4/57] The Villain’s Journey, Chapter 3: Atonement; The Curse of SHAZAM, Part 5 #11
  [5/57] The Villain’s Journey, Chapter 4: Rescue from Within #12
  [6/57] The Secret of the Cheetah, Part One; On the Outs #13
  [7/57] The Secret of the Cheetah, Chapter Two; Shazam!, Chapter Seven #14
  [8/57] Throne of Atlantis, Chapter One; Shazam, Chapter 8 #15
  [9/57] Throne of Atlantis, Chapter Three: Friends and Enemies; Shazam! Chapter 9 #16
  [10/57] Throne of Atlantis, Chapter Five #17
  [11/57] The Grid; Shazam! Chapter 10 #18
  [12/57] Prologue to Trinity War, Chapter One: War Games; Shazam! Chapter 11 #19
  [13/57] Justice League, Part Two #2
  [14/57] Prologue to Trinity War, Chapter Two: Secrets; Shazam! Chapter 12 #20
  [15/57] Shazam! Conclusion #21
  [16/57] Trinity War, Chapter One: The Death Card #22
  [17/57] Trinity War, Chapter Six: Conclusion #23
  [18/57] Apotheosis #23.1
  [19/57] The Last Paycheck #23.2
  [20/57] Dial Q For Qued #23.3
  [21/57] The Wild Card #23.4
  [22/57] Forever Strong #24
  [23/57] Forever Lost #25
  [24/57] Forever Numb #26
  [25/57] Forever Doomed #27
  [26/57] Forever Worthy #28
  [27/57] Forever Heroes #29
  [28/57] Justice League, Part Three #3
  [29/57] Injustice League, Chapter One: Kicking Down Doors #30
  [30/57] Injustice League, Chapter Two: Power Players #31
  [31/57] Injustice League, Chapter Three: Birth #32
  [32/57] Injustice League, Chapter 4: Puppet Strings #33
  [33/57] Injustice League, Epilogue: Unlikely Allies #34
  [34/57] The Amazo Virus, Prologue: The Outbreak #35
  [35/57] The Amazo Virus, Chapter One: Quarentined #36
  [36/57] The Amazo Virus, Chapter Two: Patient Zero #37
  [37/57] The Amazo Virus, Chapter Three: The Secret #38
  [38/57] The Amazo Virus, Chapter Four: the Infected #39
  [39/57] Justice League, Part Four #4
  [40/57] Darkseid War, Prologue #40
  [41/57] Darkseid War Chapter One: God vs. Man #41
  [42/57] Darkseid War, Chapter Two: The New God #42
  [43/57] Darkseid War, Chapter Three: Taken #43
  [44/57] Darkseid War, Chapter Four: The Death of Darkseid #44
  [45/57] Darkseid War Act Two: After Death Chapter 1 #45
  [46/57] Darkseid War Act Two: After Death Chapter 2 #46
  [47/57] Darkseid War Act Three: Gods of Justice Chapter 1 #47
  [48/57] Darkseid War Act Three: Gods of Justice Chapter 2: Crime Pays #48
  [49/57] Darkseid War Chapter 9: Power Mad #49
  [50/57] Justice League, Part Five #5
  [51/57] Darkseid War Conclusion: Death and Rebirth #50
  [52/57] First Impressions #51
  [53/57] That Which You Manifest is Before You #52
  [54/57] Justice League, Part Six; Pandora #6
  [55/57] The Villain's Journey, Prologue; The Curse of SHAZAM, Part 1 #7
  [56/57] Justice League Team-Up: Green Arrow; The Curse of SHAZAM, Part 2 #8
  [57/57] The Villain's Journey, Chapter One: The Call for Adventure; The Curse of SHAZAM, Part 3 #9

=== Processing volume: JLA (DC Comics) ===
  matched volume: JLA | id: 5957 | publisher: DC Comics | issue count: None
  fetched 126 issues
  [1/126] Them! #1
  [2/126] Rock of Ages, Prologue: Genesis and Revelations #10
  [3/126] Elitism #100
  [4/126] Prisoners of The Twentieth Century #1000000
  [5/126] The Pain of the Gods - Man Of Steel #101
  [6/126] The Pain of the Gods: Scarlet Speedster #102
  [7/126] The Pain of the Gods: Emerald Warrior #103
  [8/126] The Pain of the Gods: Manhunter From Mars #104
  [9/126] The Pain of the Gods - Amazonian Warrior #105
  [10/126] The Pain of the Gods - The Dark Knight #106
  [11/126] Syndicate Rules, Part 1: Maintenance Day #107
  [12/126] Syndicate Rules, Part 2: The Favor Bank #108
  [13/126] Syndicate Rules, Part Three: Aftershocks #109
  [14/126] Rock of Ages, Part 2: Hostile Takeover #11
  [15/126] Syndicate Rules, Part Four: 36 Hours, The Calm Before #110
  [16/126] Syndicate Rules, Part Five: 36 Hours: The Storm #111
  [17/126] Syndicate Rules, Part Six: Divided #112
  [18/126] Syndicate Rules, Part Seven: Worlds in the Balance #113
  [19/126] Enemies and Enemies and Enemies #114
  [20/126] Crisis of Conscience, Part One #115
  [21/126] Crisis of Conscience, Part Two #116
  [22/126] Crisis of Conscience, Part Three #117
  [23/126] Crisis of Conscience, Part Four #118
  [24/126] Crisis of Conscience, Part 5: Conclusion #119
  [25/126] Rock of Ages, Part 3: Wonderworld #12
  [26/126] Requiem for a League #120
  [27/126] Call to Arms #121
  [28/126] OMAC Nation #122
  [29/126] Key Encounters #123
  [30/126] Envy is the Key #124
  [31/126] Mind Field #125
  [32/126] Rock of Ages, Part 4: Wasteland #13
  [33/126] Rock of Ages, Part 5: Twilight of the Gods #14
  [34/126] Rock of Ages, Part 6: Stone of Destiny #15
  [35/126] Camelot #16
  [36/126] Prometheus Unbound! #17
  [37/126] Synchronicity #18
  [38/126] Seven Soldiers of Probability #19
  [39/126] The Day The Earth Stood Still #2
  [40/126] Mystery In Space #20
  [41/126] Strange New World #21
  [42/126] It #22
  [43/126] Conquerors #23
  [44/126] Executive Action #24
  [45/126] Scorched Earth #25
  [46/126] Our Army At War #26
  [47/126] The Bigger They Come #27
  [48/126] Crisis Times Five! Part One #28
  [49/126] Crisis Times Five! Part Two: World Turned #29
  [50/126] War of the Worlds #3
  [51/126] Crisis Times Five! Part Three: Worlds Beyond #30
  [52/126] Crisis Times Five! Part Four: Gods & Monsters #31
  [53/126] Inside Job #32
  [54/126] Altered Egos #33
  [55/126] The Ant and the Avalanche #34
  [56/126] The Guilty #35
  [57/126] World War III Part 1 of 6 #36
  [58/126] World War III Part 2 of 6: The Injustice Gang Strikes! #37
  [59/126] World War III Part 3 of 6 #38
  [60/126] World War III Part 4 of 6 #39
  [61/126] Invaders From Mars #4
  [62/126] World War III Part 5 of 6 #40
  [63/126] Mageddon! #41
  [64/126] Half A Mind To Save A World #42
  [65/126] Tower of Babel, Part 1 - Survival of the Fittest #43
  [66/126] Tower of Babel Part Two of Four: Seven Little Indians #44
  [67/126] Tower of Babel Part Three of Four: Protected By The Cold #45
  [68/126] Tower of Babel, Conclusion: Harsh Words #46
  [69/126] Queen of Fables One of Three: Into The Woods #47
  [70/126] The Queen of Fables, Part 2 of 3: Truth is Stranger #48
  [71/126] The Queen of Fables, Part 3 of 3: Unhappily Ever After #49
  [72/126] Woman of Tomorrow #5
  [73/126] Dream Team #50
  [74/126] Man and Superman #51
  [75/126] Element of Surprise #52
  [76/126] It Takes a Thief #53
  [77/126] United We Fall #54
  [78/126] Terror Incognita Part 1 of 4: Came The Pale Riders #55
  [79/126] Terror Incognita Part 2 of 4: The Harvest #56
  [80/126] Terror Incognita Part 3 of 4: Mind Over Matter #57
  [81/126] Terror Incognita Part 4 of 4: Dying Breath #58
  [82/126] Bipolar Disorder #59
  [83/126] Fire in the Sky #6
  [84/126] Merry Christmas, Justice League - - Now Die! #60
  [85/126] Two Minute Warning #61
  [86/126] Golden Perfect Part 1 of 3 #62
  [87/126] Golden Perfect Part 2 of 3 #63
  [88/126] Golden Perfect Part 3 of 3 #64
  [89/126] Bouncing Baby Boy #65
  [90/126] The Destroyers Part 1 #66
  [91/126] The Destroyers Part 2 #67
  [92/126] Stillborn Atlantis #68
  [93/126] New Blood #69
  [94/126] Heaven on Earth #7
  [95/126] Revisionist History #70
  [96/126] Transition #71
  [97/126] History Is Written By... #72
  [98/126] Last Call #73
  [99/126] Obsidian #74
  [100/126] Tragic Kingdom #75
  [101/126] Picking Up The Pieces #76
  [102/126] Stardust Memories #77
  [103/126] Rules Of Engagement: Part 1 #78
  [104/126] Rules Of Engagement: Part 2 #79
  [105/126] Imaginary Stories #8
  [106/126] The White Rage: Part One #80
  [107/126] The White Rage, Part 2 #81
  [108/126] The White Rage, Part 3 #82
  [109/126] American Nightmare #83
  [110/126] Trial by Fire: Part One #84
  [111/126] Trial by Fire: Part Two #85
  [112/126] Trial by Fire, Part 3 #86
  [113/126] Trial by Fire: Part Four #87
  [114/126] Trial by Fire: Part Five #88
  [115/126] Trial by Fire: Conclusion #89
  [116/126] Elseworlds #9
  [117/126] Perchance... #90
  [118/126] Extinction, Part 1: The Coming #91
  [119/126] Extinction, Part 2: The Lesson #92
  [120/126] Extinction, Conclusion: Soul Survivor #93
  [121/126] The Tenth Circle, Part 1: Suffer the Little Children #94
  [122/126] The Tenth Circle, Part Two: The Enemy Within #95
  [123/126] The Tenth Circle, Part 3: The Heart of the Matter #96
  [124/126] The Tenth Circle, Part 4: Interludes on the Last Day of the World! #97
  [125/126] The Tenth Circle, Part 5: Convergence #98
  [126/126] The Tenth Circle, Conclusion: Heartbreaker! #99

=== Processing volume: The New Teen Titans (DC Comics) ===
  matched volume: The New Teen Titans | id: 3036 | publisher: DC Comics | issue count: None
  fetched 40 issues
  [1/40] The NEW Teen Titans #1
  [2/40] Promethium Unbound! #10
  [3/40] When Titans Clash #11
  [4/40] Clash of the Titans #12
  [5/40] Friends and Foes Alike! #13
  [6/40] Revolution! #14
  [7/40] The Brotherhood of Evil Lives Again! #15
  [8/40] Starfire Unleashed!; The Bunny Unbound! #16
  [9/40] The Possessing of Francis Kane! #17
  [10/40] A Pretty Girl is Like A - - MALADI! #18
  [11/40] The Light Fantastic! #19
  [12/40] Today... The Terminator! #2
  [13/40] Dear Mom and Dad #20
  [14/40] Beware the Wrath of... Brother Blood! #21
  [15/40] Ashes to Ashes! #22
  [16/40] Kidnapped! #23
  [17/40] Citadel strike! #24
  [18/40] War!; Fate is the Killer #25
  [19/40] Runaways #26
  [20/40] Runaways Part 2 #27
  [21/40] Terra in the night! #28
  [22/40] First blood #29
  [23/40] The Fearsome Five #3
  [24/40] Nightmare! #30
  [25/40] Inferno! #31
  [26/40] Thunder and Lightning! #32
  [27/40] Who Killed Trident? #33
  [28/40] Endings . . . and Beginnings! #34
  [29/40] Siege! #35
  [30/40] Feedback! #36
  [31/40] Light's out, everyone! #37
  [32/40] Who is Donna Troy? #38
  [33/40] Crossroads #39
  [34/40] Against All Friends! #4
  [35/40] Life blood! #40
  [36/40] Trigon Lives! #5
  [37/40] Last Kill! #6
  [38/40] Assault On Titans' Tower! #7
  [39/40] A Day In The Lives… #8
  [40/40] Like Puppets On A String! #9

=== Processing volume: Teen Titans (DC Comics) ===
  matched volume: Teen Titans | id: 10414 | publisher: DC Comics | issue count: None
  fetched 101 issues
  [1/101] Teen Titans #1
  [2/101] The Ravager #½
  [3/101] Raven Rising Part 1 #10
  [4/101] Family Reunion #100
  [5/101] Raven Rising Part 2 #11
  [6/101] Raven Rising Part 3 #12
  [7/101] Beast Boys and Girls Part 1: Concrete Jungle #13
  [8/101] Beast Boys and Girls Part 2: Wild Life #14
  [9/101] Beast Boys and Girls Part 3: Changelings #15
  [10/101] Lost to the Legion Part 1 #16
  [11/101] Titans Tomorrow Part 1: Big Brothers and Sisters #17
  [12/101] Titans Tomorrow Part 2: Tales of the Titans #18
  [13/101] Titans Tomorrow Part 3: East Meets West #19
  [14/101] Child's Play #2
  [15/101] Hiding #20
  [16/101] Lights Out Part 1: The New Kid #21
  [17/101] Lights Out Part 2: War and Peace #22
  [18/101] Lights Out Part 3: Secrets and Lies #23
  [19/101] The Insiders, Part 1 #24
  [20/101] The Insiders, Part 3 #25
  [21/101] Soul Searching #26
  [22/101] Legacy Part 1 #27
  [23/101] Legacy Part 2: Impure Thoughts #28
  [24/101] Life and Death #29
  [25/101] A Kid's Game #3
  [26/101] Lost and Found Part 1 #30
  [27/101] Lost and Found Part 2 #31
  [28/101] Doomsday #32
  [29/101] The Brave and the Bold #33
  [30/101] The New Teen Titans Part 1: One Year Later #34
  [31/101] The New Teen Titans Part 2 #35
  [32/101] The New Teen Titans Part 3 #36
  [33/101] The New Teen Titans Part 4 #37
  [34/101] Titans Around the World Part 1 #38
  [35/101] Titans Around the World Part 2 #39
  [36/101] Breaking the Rules #4
  [37/101] Titans Around the World Part 3 #40
  [38/101] Titans Around the World Part 4 #41
  [39/101] Devil May Care #42
  [40/101] Titans East Part 1 #43
  [41/101] Titans East Part 2 #44
  [42/101] Titans East Part 3 #45
  [43/101] Titans East Part 4 #46
  [44/101] Of Clowns and Clones #47
  [45/101] Flags of Our Mothers #48
  [46/101] Life During Wartime #49
  [47/101] Clash of the Teen Titans #5
  [48/101] Passage #50
  [49/101] Titans of Tomorrow... Today Part 1: Futures of the Past #51
  [50/101] Titans of Tomorrow... Today Part 2: Beat Yourself Up #52
  [51/101] Titans of Tomorrow... Today Part 3: Combine and Conquer #53
  [52/101] Titans of Tomorrow... Today Part 4: Fight the Future #54
  [53/101] Paradigm Rift #55
  [54/101] Ignition #56
  [55/101] Home Invasion #57
  [56/101] The Other Half #58
  [57/101] Dark Dealings #59
  [58/101] War and Peace #6
  [59/101] Time to Kill #60
  [60/101] The Red and the Blue #61
  [61/101] Who Is Wonderdog? #62
  [62/101] Pawns and Kings Part 1: Preemptive Strike #63
  [63/101] Pawns and Kings Part 2: Battle Lines #64
  [64/101] Pawns and Kings Part 3: Breaking Rank #65
  [65/101] The New Deal Part 1: Choices #66
  [66/101] The New Deal Part 2: Born in Blood #67
  [67/101] The New Deal Part 3: New Day Dawning #68
  [68/101] The New Deal Part 4 #69
  [69/101] Wednesday #7
  [70/101] Deathtrap Part 3 #70
  [71/101] Homecoming #71
  [72/101] Child's Play Part 1: Ring Around the Rosie; Fresh Hell Part 1 #72
  [73/101] Child's Play Part 2: Upstairs, Downstairs...; Fresh Hell Part 2 #73
  [74/101] Child's Play Part 3: ...We All Fall Down; Fresh Hell Part 3 #74
  [75/101] Wyld Thing Part 1; Fresh Hell Part 4 #75
  [76/101] Wyld Thing Part 2; Fresh Hell #76
  [77/101] A Family Affair #77
  [78/101] Tortured Souls #78
  [79/101] Home Alone #79
  [80/101] Family Lost #8
  [81/101] Home is Where the Holocaust Is #80
  [82/101] Titans Together; Fresh Hell, Chapter 7 #81
  [83/101] The Taking of Dakota #82
  [84/101] A Rift In A Haystack #83
  [85/101] It's a Wyld, Wyld World #84
  [86/101] First, Do No Harm; Dark Harvest, Chapter 3 #85
  [87/101] Miss Martian's Wyld; Second Feature: Coven of Three - Dark Harvest Chapter 4 #86
  [88/101] Eclipsed; Dark Harvest, Chapter 5 #87
  [89/101] Team Building #88
  [90/101] Bruised Egos #89
  [91/101] First Blood #9
  [92/101] Shedding Some Like on the Subject #90
  [93/101] After School Special #91
  [94/101] On the Shoulders of Titans, Part II #92
  [95/101] Step Into the Light #93
  [96/101] The Power of Myth #94
  [97/101] How the Mighty Fall #95
  [98/101] Beast of Legend #96
  [99/101] A Call To Arms #97
  [100/101] Prime Numbers #98
  [101/101] Issue 99 #99

=== Processing volume: The Flash (DC Comics) ===
  matched volume: The Flash | id: 3790 | publisher: DC Comics | issue count: None
  fetched 250 issues
  [1/250] Flashing Back #0
  [2/250] Issue 1 #1
  [3/250] Rogue War Prologue: Tricksters #½
  [4/250] Chunk in the Void #10
  [5/250] Terminal Velocity: Overdrive The Quick and the Dead #100
  [6/250] One Million #1000000
  [7/250] Going the Distance #101
  [8/250] Running Away #102
  [9/250] What I Did For Love #103
  [10/250] The Quickening #104
  [11/250] Through a Glass Darkly #105
  [12/250] Back With a Vengeance #106
  [13/250] Fade to Black #107
  [14/250] Dead Heat, First Lap: Flatfooted #108
  [15/250] Dead Heat Part 2 of 6 #109
  [16/250] Chunk Barges In #11
  [17/250] Dead Heat Part 4 of 6 #110
  [18/250] Dead Heat: Finale #111
  [19/250] Future Perfect #112
  [20/250] Race Against Time Part 1 #113
  [21/250] Race Against Time! Part 2: Sibling Rivalry #114
  [22/250] Race Against Time Part 3 #115
  [23/250] Race Against Time Part 4 #116
  [24/250] Race Against Time Part 5 #117
  [25/250] Cold, Cold Heart #118
  [26/250] Pray For the Dawn #119
  [27/250] Velocity 9 / Light at the End of the Tunnel #12
  [28/250] Circular Logic #120
  [29/250] Down to the Wire #121
  [30/250] Running Away From Home #122
  [31/250] The Flash of Two Cities #123
  [32/250] Quicker than the Eye #124
  [33/250] Cause and Effect #125
  [34/250] Trial Run #126
  [35/250] Hell Breaks Loose #127
  [36/250] Hearts and Souls #128
  [37/250] An Attack of Conscience #129
  [38/250] Savage Vandalism #13
  [39/250] Emergency Stop Part 1 of 3 #130
  [40/250] Emergency Stop part 2 of 3:Threads #131
  [41/250] Emergancy Stop part 3 of 3 #132
  [42/250] Through the looking Glass! #133
  [43/250] Still Life in the Fast Lane #134
  [44/250] Three of A Kind Part 3; Death at the Top of the World #135
  [45/250] The Human Race Part 1 of 3 #136
  [46/250] The Human Race Part 2 of 3 #137
  [47/250] The Human Race Part 3 of 3 #138
  [48/250] The Black Flash Part 1 of 3 #139
  [49/250] Wipe Out #14
  [50/250] The Black Flash Part 2 of 3 #140
  [51/250] The Black Flash Part 3 of 3 #141
  [52/250] Get Me to the Church on Time #142
  [53/250] Like Wild Fire #143
  [54/250] Nature vs. Nurture #144
  [55/250] Chain Lightning, Chapter One: The Gathering Storm #145
  [56/250] Chain Lightning, Chapter Two: Time Like a River #146
  [57/250] Chain Lightning, Chapter Three: Shooting the Rapids #147
  [58/250] Chain Lightning, Chapter Four: Undertow #148
  [59/250] Chain Lightning, Chapter Five: Whirlpool #149
  [60/250] Hitting Bottom #15
  [61/250] Chain Lightning, Finale: Finish Line #150
  [62/250] Kid Flash in Territorealis #151
  [63/250] New Kid in Town #152
  [64/250] The Folded Man #153
  [65/250] Dimensionally Challenged #154
  [66/250] Payback Unlimited #155
  [67/250] Convergence #156
  [68/250] Setting The Stage #157
  [69/250] Reverse Flash #158
  [70/250] Whirlwind Ceremony #159
  [71/250] The Adventures of Speed McGee Part 1 #16
  [72/250] Honeymoon On The Run #160
  [73/250] Honeymoon in Vegas #161
  [74/250] Magic Words #162
  [75/250] Heartbeat #163
  [76/250] Wonderland, Chapter One: Lightning in a Bottle #164
  [77/250] Wonderland, Chapter Two: The Lightning Rod #165
  [78/250] Wonderland, Chapter Three: The Broken Looking Glass #166
  [79/250] Wonderland, Chapter Four: Joining the Tea Party #167
  [80/250] Wonderland Chapter 5: Brother Grimm #168
  [81/250] Wonderland Chapter 6: Enemies and Allies #169
  [82/250] The Adventures of Speed McGee Part 2 #17
  [83/250] Blood Will Run I: Breaking the Foundation #170
  [84/250] Blood Will Run II: The Harvest #171
  [85/250] Blood Will Run III: Close to Home #172
  [86/250] Blood Will Run (Part 4): Uneasy Idol #173
  [87/250] Moving Right Along #174
  [88/250] Birth Right Part 1: Eye of the Storm #175
  [89/250] The Weather Wizard's Out For Blood #176
  [90/250] Event Horizion #177
  [91/250] Caged #178
  [92/250] Smile for the Camera #179
  [93/250] The Adventures of Speed McGee Part 3 #18
  [94/250] Peek-A-Boo #180
  [95/250] Fallout #181
  [96/250] Absolute Zero #182
  [97/250] Introducing the Trickster #183
  [98/250] Crossfire Part 1: Run Program #184
  [99/250] Crossfire Part 2: Hide and Seek #185
  [100/250] Crossfire Part 3: The Thinking Man #186
  [101/250] Crossfire Part 4: Run-Down #187
  [102/250] Crossfire part 5 of 5 #188
  [103/250] Messengers #189
  [104/250] A Meeting of Rogues / Blood Ties #19
  [105/250] Rat Race #190
  [106/250] The Brave and the Beaten #191
  [107/250] Run Riot, Part One: Awakened #192
  [108/250] Run Riot, Part Two: On The Run #193
  [109/250] Dead or Alive #194
  [110/250] Off-Balance #195
  [111/250] Helpless #196
  [112/250] Rogue Profile: Zoom #197
  [113/250] Blitz, Part Two: Rush #198
  [114/250] Blitz, Part Three: Into The Fast Lane #199
  [115/250] Heart... of Stone! #2
  [116/250] Lost, Worthless, and Forgotten... #20
  [117/250] Blitz, Conclusion: The Final Race #200
  [118/250] Ignition, Part One: Driven #201
  [119/250] Ignition, Part Two: Shifting Gears #202
  [120/250] Ignition, Part Three: Crash & Burn #203
  [121/250] Ignition, Part Four: Cold Reality #204
  [122/250] Ignition, Part Five: Secrets #205
  [123/250] Ignition, Part 6: Up To Speed #206
  [124/250] Rush Hour #207
  [125/250] Red Carpet #208
  [126/250] Fast Friends #209
  [127/250] Invaded Lives Part One #21
  [128/250] Reconnected #210
  [129/250] Animal House #211
  [130/250] Mirror, Mirror On The Wall #212
  [131/250] Slow Motion #213
  [132/250] The Secret of Barry Allen, Part 1 #214
  [133/250] The Secret Of Barry Allen, Part Two: Reformed #215
  [134/250] Secret of Barry Allen, Part 3 #216
  [135/250] Post-crisis #217
  [136/250] Heat Wave #218
  [137/250] Truth or Dare Part 1 #219
  [138/250] Invaded Lives #22
  [139/250] Rogue War 1 #220
  [140/250] Rogue War 2 #221
  [141/250] Rogue War 3 #222
  [142/250] Rogue War 4 #223
  [143/250] Rogue War 5 #224
  [144/250] Rogue War 6 #225
  [145/250] Down Time #226
  [146/250] Finish Line 1 #227
  [147/250] Finish Line 2 #228
  [148/250] Finish Line 3 #229
  [149/250] The Clipper Returns #23
  [150/250] Finish Line 4: The End #230
  [151/250] The Wild Wests; Part One: Growing Up Fast #231
  [152/250] The Wild Wests, Part Two: The Deep End #232
  [153/250] The Wild Wests, Part Three: Fleeting Lives #233
  [154/250] The Wild Wests, Part Four: Tethered #234
  [155/250] The Wild Wests, Part Five: Headlong #235
  [156/250] The Wild Wests, Finale: Separation #236
  [157/250] Superman's Cape #237
  [158/250] Fast Money, Part One: Spin Zone #238
  [159/250] Fast Money, Part Two #239
  [160/250] Like a Straw in a Hurricane #24
  [161/250] Fast Money, Part Three: Broken News #240
  [162/250] Fast Money, Part Four: Flash Mob #241
  [163/250] Fast Money, Part Five: A Day In the Life #242
  [164/250] Fast Money, Part Six: Everything, Always #243
  [165/250] This Was Your Life, Wally West Part One: Infested #244
  [166/250] This Was Your Life Wally West: Invasion Part Two #245
  [167/250] This Was Your life Wally West Part Three: Infection #246
  [168/250] This Was Your Life, Wally West, Part Four: Incubation #247
  [169/250] A Short Drive With Friends #25
  [170/250] The Porcupine Man #26
  [171/250] Running from Myself #27
  [172/250] Bless the Beasts #28
  [173/250] Casablanca Nights #29
  [174/250] The Kilg%ore #3
  [175/250] Dancing in the Dark #30
  [176/250] The Comfort of a Stranger #31
  [177/250] Welcome to Keystone City #32
  [178/250] Joker's Holiday #33
  [179/250] White Out #34
  [180/250] Behold the Turtle! #35
  [181/250] Running on the Edge #36
  [182/250] Channels of Love... and Fear! #37
  [183/250] Running on the Edge #38
  [184/250] The End of Everything #39
  [185/250] Kill the Kilg%re! #4
  [186/250] Philosopher's Stone #40
  [187/250] Elemental Conflict #41
  [188/250] Mechanical Diffuculty #42
  [189/250] The Trouble with Kilg%re! #43
  [190/250] Balance Sheet #44
  [191/250] Dog Days #45
  [192/250] The Day of the Beast #46
  [193/250] Old Dogs New Teeth #47
  [194/250] Persistence of Vision #48
  [195/250] Savage Season #49
  [196/250] Speed McGee #5
  [197/250] The Fastest Man--Alive! #50
  [198/250] Rage of the Proletariat #51
  [199/250] Death & Taxes #52
  [200/250] Fast Friends #53
  [201/250] Nobody Dies #54
  [202/250] To Race With Gods #55
  [203/250] The Way of a Will #56
  [204/250] The Way of a Will Part 2 #57
  [205/250] The Barry Allen Foundation #58
  [206/250] Last Resorts #59
  [207/250] Super Nature #6
  [208/250] Last Resorts Part Two #60
  [209/250] The Old Wedding Dodge #61
  [210/250] Year One part 1:Thunderstruck #62
  [211/250] Flash, Year One - Born to Run! Chapter Two: Inherit the Wind #63
  [212/250] Flash, Year One - Born to Run! Chapter 3: Reflections of Youth! #64
  [213/250] Year One part 4: Live Fast Die Young #65
  [214/250] Fish Story #66
  [215/250] Misdirection #67
  [216/250] Beat The Clock #68
  [217/250] Life in the Fast Lane #69
  [218/250] Red Trinity #7
  [219/250] Quite a head on his shoulders #70
  [220/250] Nowhere Fast #71
  [221/250] Chemistry #72
  [222/250] One Perfect Gift #73
  [223/250] Trust #74
  [224/250] Running Behind #75
  [225/250] Identity Crisis #76
  [226/250] Suicide Run #77
  [227/250] Blitzkrieg #78
  [228/250] The Once and Future Flash #79
  [229/250] Purple Haze #8
  [230/250] Back on Track, Chapter 1, Opposites Attract #80
  [231/250] Back On Track part 2 of 4:Combine Mob #81
  [232/250] Back On Track Part 3 of 4: Into the Underworld #82
  [233/250] Back On Track Part 4 of 4: Going Out With A Bang #83
  [234/250] Cutting Edge #84
  [235/250] Cut and Run #85
  [236/250] Rival Forces #86
  [237/250] Christmas Rush #87
  [238/250] Mean Streak #88
  [239/250] Swift Decision #89
  [240/250] The Chunk #9
  [241/250] On the Run #90
  [242/250] Out of Time #91
  [243/250] Reckless Youth Part 1: Speed Kills #92
  [244/250] Reckless Youth Part 2: Quick Study #93
  [245/250] Reckless Youth, Part Three: Just Do It #94
  [246/250] Terminal Velocity Mach One: The Dead Yet Live #95
  [247/250] Terminal Velocity Mach 2: All The Wrong Moves #96
  [248/250] Terminal Velocity Mach 3: The Other Side of Light #97
  [249/250] Terminal Velocity, Mach 4: Hit and Run #98
  [250/250] Terminal Velocity, Redline: Ultimate Rush #99

=== Processing volume: The Flash (DC Comics) ===
  matched volume: The Flash | id: 91750 | publisher: DC Comics | issue count: None
  fetched 139 issues
  [1/139] Lightning Strikes Twice Part One: Deus Ex Machina #1
  [2/139] The Speed of Darkness Part One #10
  [3/139] The Speed of Darkness Part Two #11
  [4/139] The Speed of Darkness Part Three #12
  [5/139] Date Night #13
  [6/139] Rogues Reloaded Part One #14
  [7/139] Rogues Reloaded Part Two #15
  [8/139] Rogues Reloaded Part Three #16
  [9/139] Rogues Reloaded Part Four #17
  [10/139] Sins of the Father Part One #18
  [11/139] Sins of the Father Part Two #19
  [12/139] Lightning Strikes Twice Part Two: Thunderstruck! #2
  [13/139] Agent of Black Hole #20
  [14/139] The Button Part 2 #21
  [15/139] The Button Part 4 #22
  [16/139] The Color of Fear Part One: "Hello" #23
  [17/139] The Color of Fear Part Two: "Run For Your Life" #24
  [18/139] Running Scared Part One: Every Breath You Take #25
  [19/139] Running Scared Part Two: One Way Or Another #26
  [20/139] Running Scared Conclusion: I Will Possess Your Heart #27
  [21/139] Negative Part One #28
  [22/139] Negative Part Two #29
  [23/139] Lightning Strikes Twice Part Three: Speed City #3
  [24/139] Bloodwork! Part One #30
  [25/139] Bloodwork! Finale #31
  [26/139] Welcome To Iron Heights #32
  [27/139] Bats Out of Hell Part One #33
  [28/139] Black Hole Rising Part One #34
  [29/139] Black Hole Rising Part Two #35
  [30/139] A Cold Day In Hell Part One #36
  [31/139] A Cold Day In Hell Part Two #37
  [32/139] A Cold Day In Hell Finale #38
  [33/139] Perfect Storm Part One #39
  [34/139] Lightning Strikes Twice Part Four: Teamwork #4
  [35/139] Perfect Storm Part Two #40
  [36/139] Perfect Storm Part Three #41
  [37/139] Perfect Storm Part Four #42
  [38/139] Perfect Storm Part Five #43
  [39/139] Perfect Storm Finale #44
  [40/139] After the Storm #45
  [41/139] Road To Flash War #46
  [42/139] Flash War Part 1 #47
  [43/139] Flash War Part 2 #48
  [44/139] Flash War Part 3 #49
  [45/139] Lightning Strikes Twice Part Five: Barry Allen's Day Off #5
  [46/139] Flash War Finale #50
  [47/139] Flash War Epilogue: The Life Story of Wally West #51
  [48/139] Grips of Strength Part 1 #52
  [49/139] Grips of Strength Part 2 #53
  [50/139] Grips of Strength Conclusion #54
  [51/139] Faster Than Thought Part 1 #55
  [52/139] Faster Than Thought Part 2: Burn, Baby, Burn! #56
  [53/139] Faster Than Thought Conclusion: The Last Embers #57
  [54/139] Force Quest Part One #58
  [55/139] Force Quest Part Two #59
  [56/139] Lightning Strikes Twice Part Six: Revenge #6
  [57/139] Force Quest Part Three #60
  [58/139] Force Quest Part Four #61
  [59/139] Force Quest Part Five #62
  [60/139] Force Quest Conclusion #63
  [61/139] The Price Part 2 of 4: The Price of Innocence #64
  [62/139] The Price Part 4 of 4: The Price of Loyalty #65
  [63/139] Rogue Profile: Trickster: Afraid of Iron Heights #66
  [64/139] The Greatest Trick of All Part One #67
  [65/139] The Greatest Trick of All Part Two #68
  [66/139] The Greatest Trick of All Finale #69
  [67/139] Lightning Strikes Twice Part Seven: No More Speedsters #7
  [68/139] Year One Chapter One: He Will Be the Fastest Man Alive... #70
  [69/139] Year One Chapter Two: The Flash of Two Timelines #71
  [70/139] Year One Chapter Three: Slowest Man Alive #72
  [71/139] Year One Chapter Four: Flashback #73
  [72/139] Year One Chapter Five: Crossroads #74
  [73/139] Year One Chapter Six: Future Flash; Today; The Offer #75
  [74/139] The Flash Age, Part One; Beer Run; Why You?; Flash of All Worlds!; At the Starting Line...; Flash Forward: Epilogue #750
  [75/139] The Flash Age Part Two #751
  [76/139] The Flash Age Part Three #752
  [77/139] The Flash Age Part Four: Search For Reverse-Flash #753
  [78/139] The Flash Age Part Five: The Last Temptation of the Flash #754
  [79/139] The Flash Age Finale #755
  [80/139] Reverse-Flash Family #756
  [81/139] Legion of Zoom Part One #757
  [82/139] Legion of Zoom Part Two #758
  [83/139] Finish Line Part One #759
  [84/139] Death and the Speed Force Part One #76
  [85/139] Finish Line Part Two #760
  [86/139] Finish Line Part Three #761
  [87/139] Finish Line #762
  [88/139] With This Ring #763
  [89/139] With This Ring Part 2 #764
  [90/139] With This Ring Part 3 #765
    image upload failed: 502 Server Error: Bad Gateway for url: https://comicvine.gamespot.com/a/uploads/original/6/67663/7660312-765.jpg
  [91/139] With This Ring Part 4 #766
  [92/139] Endless Winter Chapter 2: Lightning Strikes #767
  [93/139] Blink of An Eye Chapter One #768
  [94/139] Blink of An Eye Chapter Two #769
  [95/139] Death and the Speed Force Part Two #77
  [96/139] Blink of An Eye Chapter Three #770
  [97/139] Blink of An Eye Chapter Four #771
  [98/139] Job Hunt #772
  [99/139] First Day On the Job #773
  [100/139] Dream Big #774
  [101/139] Beacon of Hate #775
  [102/139] Belief #776
  [103/139] Vengeance is Mine! #777
  [104/139] Vengeance is Mine!, Part 2 #778
  [105/139] Vengeance is Mine, Part 3 #779
  [106/139] Death and the Speed Force Part Three #78
  [107/139] The Quick and Dead Part 3 #780
  [108/139] All Pedal, No Brakes #781
  [109/139] Plans #782
  [110/139] The Search for Barry Allen Part 1 #783
  [111/139] The Search for Barry Allen, Part 2 #784
  [112/139] The Search for Barry Allen Part 3 #785
  [113/139] High-Speed Alert #786
  [114/139] Time to Shine! #787
  [115/139] Rogues to Redemption #788
  [116/139] Ordered Mind #789
  [117/139] Death and the Speed Force Part Four #79
  [118/139] The One-Minute War, Part One: Zero Point #790
  [119/139] The One-Minute War, Part Two: A Ten-Second Week #791
  [120/139] The One-Minute War, Part Three: Impulse Buy #792
  [121/139] The One-Minute War, Part Four: Thunder in Your Heart #793
  [122/139] The One-Minute War, Part Five: Thunder in Her Heart #794
  [123/139] The One-Minute War, Part Six: Give Me Liberty #795
  [124/139] The One Minute War, Finale: One More Minute. #796
  [125/139] Misadventures In Babysitting  #797
  [126/139] Time Heist  #798
  [127/139] Assault  on Eternity #799
  [128/139] Lightning Strikes Twice Part Eight: Old Friends #8
  [129/139] Death and the Speed Force Part Five #80
  [130/139] Don't Come to Central City; The Max in the Mirror; Flash Family; Blitz Back; Between Love and You #800
  [131/139] Death and the Speed Force Conclusion #81
  [132/139] Rogues' Reign Part One #82
  [133/139] Rogues' Reign Part Two #83
  [134/139] Rogues' Reign Part Three #84
  [135/139] Rogues' Reign Part Four #85
  [136/139] Rogues' Reign Conclusion #86
  [137/139] Rogues' Reign Aftermath: Ice and Lightning #87
  [138/139] Flash Age Prelude: Paradox #88
  [139/139] Kid Flash of Two Worlds! #9

=== Processing volume: Green Lantern (DC Comics) ===
  matched volume: Green Lantern | id: 4363 | publisher: DC Comics | issue count: None
  fetched 183 issues
  [1/183] Second Chances #0
  [2/183] Down to Earth #1
  [3/183] Bring in the Clowns #10
  [4/183] In Brightest Days Past #100
  [5/183] Star Crossed #1000000
  [6/183] Emerald Knights Part 1: Coming To Terms #101
  [7/183] Emerald Knights, Part 2 #102
  [8/183] Emerald Knights, Part 3 #103
  [9/183] Emerald Knights Part 4: Greener Pastures Conclusion #104
  [10/183] Emerald Knights Part 5: Haunted By the Past #105
  [11/183] Emerald Knights Part 6: Time's Up #106
  [12/183] The Choice #107
  [13/183] Our Mothers' Names #108
  [14/183] Ghosts of Christmas Past #109
  [15/183] Fools Rush In #11
  [16/183] Golden Years #110
  [17/183] Fatal Attraction #111
  [18/183] Standing Tall #112
  [19/183] Burning In Effigy! 1 of 2 #113
  [20/183] [Burning In Effigy! 2 of 2: Angry Youth] #114
  [21/183] The Package #115
  [22/183] Machinations, Misconceptions, and Revelations! #116
  [23/183] Found Art #117
  [24/183] Women #118
  [25/183] Spectre of the Past #119
  [26/183] The Master Plan #12
  [27/183] Target #120
  [28/183] New World #121
  [29/183] Stand in the fire #122
  [30/183] In Control #123
  [31/183] Control Freak #124
  [32/183] Tomb Raider #125
  [33/183] Deep Cover #126
  [34/183] Burning Desire #127
  [35/183] One in a Million #128
  [36/183] Something Old, Something New #129
  [37/183] The Chore... The Core... The Corps... #13
  [38/183] Prodigal Son #130
  [39/183] Outswimming the Undertow #131
  [40/183] While Rome Burned, Part 1: An Orphan's Heart #132
  [41/183] While Rome Burned, Part 2: Enters the Emperor #133
  [42/183] While Rome Burned, Part 3: All That Glistens... #134
  [43/183] While Rome Burned, Part 4: Hiding in Plain Sight #135
  [44/183] While Rome Burned, Part 5 #136
  [45/183] The Bonds of Friends and Lovers #137
  [46/183] Away From Home (Part 1) #138
  [47/183] Away From Home, part 2 #139
  [48/183] Structures #14
  [49/183] Alpha-Male Bonding #140
  [50/183] House on Fire, part 1 #141
  [51/183] House on Fire, part 2 #142
  [52/183] I'm Here All Week, Make Sure to Take Care of Your Waitresses. #143
  [53/183] The Battle of Fire and Light, part 1 #144
  [54/183] Battle of Fire and Light, part 2 #145
  [55/183] Hand of God, Day One #146
  [56/183] Standing Up #147
  [57/183] Hand of God, Day Three: Lost and Found #148
  [58/183] Hand of God, Day Four #149
  [59/183] Strictures #15
  [60/183] Beginning's End #150
  [61/183] Back in the Saddle #151
  [62/183] Out of Our Heads #152
  [63/183] You Can Never, Never, Never Go Home Again #153
  [64/183] Hate Crime, Part One #154
  [65/183] Hate Crime, Part Two #155
  [66/183] Walking Tall #156
  [67/183] Girl Talk #157
  [68/183] Away From Home #158
  [69/183] Mad, Mad, Mad World #159
  [70/183] Scriptures #16
  [71/183] Offspring #160
  [72/183] Offspring, Part Two #161
  [73/183] You're Not the Boss of Me #162
  [74/183] On the Waterfront #163
  [75/183] Sons & Fathers; Fathers & Sons #164
  [76/183] A Tiny Spark #165
  [77/183] The Blind Part One #166
  [78/183] The Blind Part Two #167
  [79/183] Deicide #168
  [80/183] In the Dark of the Light #169
  [81/183] Sculptures #17
  [82/183] Greetings From Sector 2814 #170
  [83/183] Wanted - Part One #171
  [84/183] Wanted - Part Two #172
  [85/183] Wanted - Part Three #173
  [86/183] Wanted - Part Four #174
  [87/183] Wanted - Part Five #175
  [88/183] Homecoming?, Part 1 #176
  [89/183] Homecoming?, Part 2 #177
  [90/183] Homecoming? Part 3 #178
  [91/183] Homecoming? Part 4 #179
  [92/183] One Angry Guy #18
  [93/183] Homecoming? Part 5 #180
  [94/183] Homecoming? Part 6 #181
  [95/183] Lantern's Light #19
  [96/183] Pursuit of Happiness! #2
  [97/183] Regeneration #20
  [98/183] Trials #21
  [99/183] The Contest #22
  [100/183] Memories #23
  [101/183] The Decision #24
  [102/183] Prize Fight #25
  [103/183] Evil Star Rising Part 1: Back in Charge #26
  [104/183] Evil Star Rising Part 2: Of Super-Human Bondage #27
  [105/183] Evil Star Rising Part 3: Powerless! #28
  [106/183] The Green Stuff #29
  [107/183] Sound and Fury #3
  [108/183] The Trouble With Gorillas #30
  [109/183] Gone Ape! #31
  [110/183] Chaos Coming #32
  [111/183] Big Questions #33
  [112/183] Entropy #34
  [113/183] Act of Faith #35
  [114/183] The Ghost of Christmas Light #36
  [115/183] The Final Game #37
  [116/183] Life Decisions #38
    image upload failed: Storage upload failed: 502 <html>
<head><title>502 Bad Gateway</title></head>
<body>
<center><h1>502 Bad Gateway</h1></center>
</body>
</html>

  [117/183] Life Forces #39
  [118/183] Among My Memories #4
  [119/183] A Flash Of Evil #40
  [120/183] Predators and Prey #41
  [121/183] Death Times Two #42
  [122/183] Perilous Nativity #43
  [123/183] Urban Renewal #44
  [124/183] Turf War #45
  [125/183] Death City #46
  [126/183] This is Now #47
  [127/183] Emerald Twilight, Part 1: The Past #48
  [128/183] Emerald Twilight, Part 2: The Present #49
  [129/183] Back Again #5
  [130/183] Emerald Twilight, Part 3: The Future #50
  [131/183] It All Begins Here #51
  [132/183] Breaking In #52
  [133/183] Rematch #53
  [134/183] Forced Entry #54
  [135/183] Assault & Battery #55
  [136/183] Last of the Breed #56
  [137/183] Farewells #57
  [138/183] Conjuring #58
  [139/183] Polaris #59
  [140/183] Two Against the World #6
  [141/183] Capital Punishment #60
  [142/183] Picnic #61
  [143/183] Ganthet's Tale Redux #62
  [144/183] Parallax View: The Resurrection of Hal Jordan, Part 1 #63
  [145/183] Parallax View: The Resurrection of Hal Jordan, Part 2 #64
  [146/183] Rescue: The Siege of the Zi Charam, Part 2 #65
  [147/183] Fast Friends?, Part 1 #66
  [148/183] Fast Friends? Part 2 #67
  [149/183] Underworld Unleased #68
  [150/183] Bargains #69
  [151/183] Homecoming #7
  [152/183] Changes for Green Lantern #70
  [153/183] Hero Quest part 1: Gotham #71
  [154/183] Hero Quest part 2: Fawcett #72
  [155/183] Hero Quest part 3: Gateway #73
  [156/183] Who Will Die? #74
  [157/183] Last Stand! #75
  [158/183] Hard-Traveling Heroes: the Next Generation part 1: Family Traditions #76
  [159/183] Hard-Traveling Heroes: the Next Generation part 3 #77
  [160/183] A Beginning #78
  [161/183] Hard Time #79
  [162/183] Bringing it Together #8
  [163/183] Light in Darkness #80
  [164/183] Funeral for a Hero #81
  [165/183] Adventures in Babysitting #82
  [166/183] Retribution part 1 #83
  [167/183] Retribution, part 2 #84
  [168/183] Retribution, part 3 #85
  [169/183] Roomie #86
  [170/183] Last of Their Kind #87
  [171/183] Go Home Again #88
  [172/183] Man & Machine #89
  [173/183] The Two and Only! #9
  [174/183] Drinking Buddies #90
  [175/183] Torture #91
  [176/183] Hate Crimes Part 2: Fanning the Fire #92
  [177/183] All Hallow's Eve #93
  [178/183] Idol Worship Part 1: Sacrificial Lambs! #94
  [179/183] Servants & Masters #95
  [180/183] Three of A Kind, Part 1 #96
  [181/183] Loose Ends #97
  [182/183] Future Shock, part 1 #98
  [183/183] Future Shock, part 2 #99

=== Processing volume: Green Lantern (DC Comics) ===
  matched volume: Green Lantern | id: 18216 | publisher: DC Comics | issue count: None
  fetched 67 issues
  [1/67] Airborne #1
  [2/67] Revenge of the Green Lanterns Part 1 #10
  [3/67] Revenge of the Green Lanterns Part 2 #11
  [4/67] Revenge of the Green Lanterns Part 3 #12
  [5/67] Revenge of the Green Lanterns Part 4 #13
  [6/67] Wanted: Hal Jordan Part 1 #14
  [7/67] Wanted: Hal Jordan Part 2 #15
  [8/67] Wanted: Hal Jordan Part 3 #16
  [9/67] Wanted: Hal Jordan Part 4 #17
  [10/67] Mystery of the Star Sapphire Part 1; Tales of the Sinestro Corps: Despotellis Spreads Fear #18
  [11/67] Mystery of the Star Sapphire Part 2 #19
  [12/67] No Fear #2
  [13/67] Mystery of the Star Sapphire Part 3 #20
  [14/67] Sinestro Corps War Part 2: Fear and Loathing #21
  [15/67] Sinestro Corps War Part 4: Running Scared #22
  [16/67] Sinestro Corps War Part 6: Broken Laws #23
  [17/67] Sinestro Corps War Part 8: Home Invasion #24
  [18/67] Sinestro Corps War Part 11: Birth of the Black Lantern #25
  [19/67] The Alpha Lanterns Part 1 #26
  [20/67] The Alpha Lanterns Part 2 #27
  [21/67] Sinestro Corps Epilogue- The Alpha Lanterns, Part 3 #28
  [22/67] Secret Origin, Part 1 #29
  [23/67] Flight Delay #3
  [24/67] Secret Origin, Part 2 #30
  [25/67] Secret Origin, Part 3 #31
  [26/67] Secret Origin, Part 4 #32
  [27/67] Secret Origin, Part 5 #33
  [28/67] Secret Origin, Part 6 #34
  [29/67] Secret Origin, Part 7 #35
  [30/67] Rage of the Red Lanterns Part 2 #36
  [31/67] Rage of the Red Lanterns Part 3 #37
  [32/67] Rage of the Red Lanterns Part 4 #38
  [33/67] Agent Orange Part 1 #39
  [34/67] Alienated #4
  [35/67] Agent Orange Part 2 #40
  [36/67] Agent Orange Part 3 #41
  [37/67] Agent Orange Part 4 #42
  [38/67] Blackest Night Prologue: Tale of the Black Lantern #43
  [39/67] Only the Good Die Young #44
  [40/67] Love Hurts #45
  [41/67] Feared #46
  [42/67] To Hell and Back #47
  [43/67] Gimme A Break #48
  [44/67] Semper Fi #49
  [45/67] Feeding Frenzy #5
  [46/67] Parallax Rebirth #50
  [47/67] Parallax Rebirth Part 2 #51
  [48/67] Life Blood #52
  [49/67] The New Guardians, Chapter 1 #53
  [50/67] The New Guardians, Chapter 2 #54
  [51/67] The New Guardians, Chapter 3 #55
  [52/67] The New Guardians, Chapter 4 #56
  [53/67] What Happens in Las Vegas Nevada #57
  [54/67] Hope Burns Bright #58
  [55/67] Lorek Tarr Lok #59
  [56/67] Black Sheep #6
  [57/67] Fear Factor #60
  [58/67] Seeing Red #61
  [59/67] The New Guardians, Conclusion #62
  [60/67] War of the Green Lanterns Prologue #63
  [61/67] War of the Green Lanterns, Part One #64
  [62/67] War of the Green Lanterns, Part Four #65
  [63/67] War of the Green Lanterns, Part Seven #66
  [64/67] War of the Green Lanterns, Part Ten #67
  [65/67] A Perfect Life Part 1 #7
  [66/67] A Perfect Life Part 2 #8
  [67/67] Branded #9

=== Processing volume: Green Arrow (DC Comics) ===
  matched volume: Green Arrow | id: 4003 | publisher: DC Comics | issue count: None
  fetched 139 issues
  [1/139] Cast Upon the Waters #0
  [2/139] Hunters Moon #1
  [3/139] Here There Be Dragons 2 #10
  [4/139] The Trap #100
  [5/139] All Down The Years #1000000
  [6/139] Run of the Arrow #101
  [7/139] Jaguar Moon #102
  [8/139] Gods and Tourists #103
  [9/139] Bad Blood #104
  [10/139] Open Season #105
  [11/139] Enter the Roustabout #106
  [12/139] Viva Los Dragons #107
  [13/139] Metropolis Confidential #108
  [14/139] Trouble Town #109
  [15/139] Here There Be Dragons 3 #11
  [16/139] Hard-Traveling Heroes: Next Generation part 2: Desolation Again #110
  [17/139] Hard Traveling Heroes: The Next Generation part 4: Final Appeal #111
  [18/139] The Lotus Seed, Part One: Queen of the Shadows #112
  [19/139] The Lotus Seed, part two: The Sundered Soul #113
  [20/139] The Thousand Year Night #114
  [21/139] Discovering Japan #115
  [22/139] A Gathering of Wolves #116
  [23/139] The Death that Walks #117
  [24/139] Dragon Country #118
  [25/139] Empty Quest #119
  [26/139] Here There Be Dragons 4 #12
  [27/139] Menu for Disaster #120
  [28/139] The Monkey's Fist #121
  [29/139] Dry Bones #122
  [30/139] Immersed #123
  [31/139] Stepfathers and Sons #124
  [32/139] The Fiery Furnace #125
  [33/139] All Colors of Hate #126
  [34/139] Doubleback #127
  [35/139] Deadly Comrades part one: Capital Crimes #128
  [36/139] Deadly Comrades, Part two: Theives' World #129
  [37/139] Moving Target #13
  [38/139] Three of A Kind Part 2: Death at the Top of the World #130
  [39/139] Guns and Butter #131
  [40/139] Like A God, part one #132
  [41/139] Lest the Heavens Fall #133
  [42/139] Brotherhood of the Fist, Part One: The Stalkers #134
  [43/139] Brotherhood of the Fist, Part 5: The Borrowed Life #135
  [44/139] Greener Pastures, part one: In the Garden #136
  [45/139] Full Circle #137
  [46/139] Moving Target #14
  [47/139] Seattle & Die #15
  [48/139] Seattle & Die Part 2 #16
  [49/139] The Horse Man Part 1 #17
  [50/139] The Horseman Part 2 #18
  [51/139] The Trial of Oliver Queen #19
  [52/139] Hunters Moon #2
  [53/139] The Trial of Oliver Queen Part II #20
  [54/139] Blood of the Dragon Part One: Uchiokoshi #21
  [55/139] Blood of the Dragon Part II: Hikiwake #22
  [56/139] Blood of the Dragon Part Three: Kia #23
  [57/139] Blood of the Dragon Part IV Hanare #24
  [58/139] Witch Hunt Part One #25
  [59/139] Witch Hunt Part 2 Ollie of Sherwood #26
  [60/139] Enter... #27
  [61/139] Siege #28
  [62/139] Coyote Tears #29
  [63/139] The Champions #3
  [64/139] Coyote Tears Part II #30
  [65/139] The Canary is a Bird of Prey #31
  [66/139] Part Two The Canary is a Bird of Prey #32
  [67/139] Broken Arrow #33
  [68/139] [Untitled] #34
  [69/139] The Black Arrow Saga Part I #35
  [70/139] The Black Arrow Saga Part 2 #36
  [71/139] The Black Arrow Saga, Part Three Quarry #37
  [72/139] The Black Arrow Saga, Part 4 Hunters and Killers #38
  [73/139] Sunday on the Tarmac with George #39
  [74/139] The Champions #4
  [75/139] Spirit Quest #40
  [76/139] Hooray for Ollie-wood #41
  [77/139] Fall Guy #42
  [78/139] Legends of Stupid Heroes #43
  [79/139] Rock and Runes Part 1 #44
  [80/139] Raising a Rock as... #45
  [81/139] Round the Horn #46
  [82/139] Round the Horn Part 2 #47
  [83/139] Round the Horn Part 3 #48
  [84/139] The Last Lion #49
  [85/139] Gauntlet #5
  [86/139] Home is the Hunter #50
  [87/139] Homecoming #51
  [88/139] Return of the Outlaw Prince #52
  [89/139] Old Friends #53
  [90/139] The List Part Two #54
  [91/139] Justice is Mine #55
  [92/139] Justice is Mine Part 2 #56
  [93/139] ...And Not A Drop to Drink #57
  [94/139] ...And Not A Drop To Drink Part 2 #58
  [95/139] Predator #59
  [96/139] Gauntlet Part 2 #6
  [97/139] Predator Part 2 #60
  [98/139] Signs of the Times #61
  [99/139] Pitchforks & Torches #62
  [100/139] The Hunt for the Red Dragon Part 1 #63
  [101/139] The Hunt for the Red Dragon Part 2 #64
  [102/139] The Hunt for the Red Dragon Part 3 #65
  [103/139] The Hunt for the Red Dragon Part 4 #66
  [104/139] Bum Rap Part 1 #67
  [105/139] Bum Rap Part 2 #68
  [106/139] Reunion Tour Part 1 #69
  [107/139] [Untitled] #7
  [108/139] Reunion Tour Part 2 #70
  [109/139] Wild in the Streets #71
  [110/139] Wild in the Sheets Part Two #72
  [111/139] Trigger Part 1 #73
  [112/139] Trigger Part 2 #74
  [113/139] Auld Acquaintance #75
  [114/139] Killing Camp Part 1 #76
  [115/139] Killing Camp Part 2 #77
  [116/139] Killing Camp Part 3 #78
  [117/139] New Dogs, Old Tricks #79
  [118/139] The Powderhorn Trail #8
  [119/139] New Dogs, Old Tricks Part 2 #80
  [120/139] Home Alki #81
  [121/139] Night of the Bow #82
  [122/139] The Weight #83
  [123/139] Strange Attractions #84
  [124/139] Chaos Theory #85
  [125/139] The Sun Stolen by Midnight #86
  [126/139] The Man That Care Forgot #87
  [127/139] The Hero Descending #88
  [128/139] Forgotten Paths #89
  [129/139] Here There Be Dragons #9
  [130/139] He Who Hesitates #90
  [131/139] Images #91
  [132/139] Final Friends #92
  [133/139] Triple Threat #93
  [134/139] Mall of the Dead #94
  [135/139] The Truth Hurts #95
  [136/139] The Ring and the Arrow #96
  [137/139] Father's Day #97
  [138/139] In Like Flynn #98
  [139/139] In the Lurch #99

=== Processing volume: Aquaman (DC Comics) ===
  matched volume: Aquaman | id: 43022 | publisher: DC Comics | issue count: None
  fetched 55 issues
  [1/55] Underwater #0
  [2/55] The Trench, Part One #1
  [3/55] The Others, Chapter Four #10
  [4/55] The Others, Chapter Five #11
  [5/55] The Others, Chapter Six #12
  [6/55] The Others, Conclusion #13
  [7/55] Throne of Atlantis, Prologue #14
  [8/55] Throne of Atlantis, Chapter Two #15
  [9/55] Throne of Atlantis, Chapter Four #16
  [10/55] Throne of Atlantis, Epilogue #17
  [11/55] Death of a King, Chapter One #18
  [12/55] Death of a King, Chapter Two #19
  [13/55] The Trench, Part Two #2
  [14/55] Skinwalker #20
  [15/55] Death of a King, Chapter Three: Confrontation #21
  [16/55] Death of a King, Chapter Four #22
  [17/55] Death of a King, Chapter Five: Dead End #23
  [18/55] Sea Change #23.1
  [19/55] New Fish #23.2
  [20/55] Death of a King, Chapter Six: Secret of the Seven Seas #24
  [21/55] Death of a King, Chapter Seven: Baptism of Fire #25
  [22/55] Pressure #26
  [23/55] Life & Death #27
  [24/55] Triton #28
  [25/55] Olympian #29
  [26/55] The Trench, Part Three #3
  [27/55] Fallen #30
  [28/55] In the Muck #31
  [29/55] It Lives #32
  [30/55] Meet Your Maker #33
  [31/55] Land and Sea #34
  [32/55] Maelstrom, Part 1: Afterlife #35
  [33/55] Maelstrom, Part 2: Possessed #36
  [34/55] Maelstrom III: The Cunning of Queens #37
  [35/55] Maelstrom IV:  The Final Gate #38
  [36/55] Maelstrom V: Pacifica #39
  [37/55] The Trench, Conclusion #4
  [38/55] Maelstrom VI: The Edge of the World #40
  [39/55] Terra Incognita #41
  [40/55] The Other Atlantis #42
  [41/55] Gospel of Destruction #43
  [42/55] Siren''s Call #44
  [43/55] Alien Discovery #45
  [44/55] Amazon In the Amazon #46
  [45/55] Leagues Below, A League Above #47
  [46/55] Return of the King #48
  [47/55] Rising To The Surface #49
  [48/55] Lost #5
  [49/55] Dead Water #50
  [50/55] Scavenger Hunt #51
  [51/55] Out of Darkness #52
  [52/55] Deserted! #6
  [53/55] The Others, Chapter One #7
  [54/55] The Others, Chapter Two #8
  [55/55] The Others, Chapter Three #9

=== Processing volume: Nightwing (DC Comics) ===
  matched volume: Nightwing | id: 5755 | publisher: DC Comics | issue count: None
  fetched 155 issues
  [1/155] Child of Justice #1
  [2/155] The Breaks #½
  [3/155] The Neighborhood #10
  [4/155] The Ride's Over #100
  [5/155] The Anachronism #1000000
  [6/155] Year One, Chapter One: Only Robins Have Wings #101
  [7/155] Year One, Chapter Two: Friends In High Places #102
  [8/155] Year One, Chapter Three: Deadman Talking #103
  [9/155] Year One, Chapter Four: Night and the City #104
  [10/155] Year One, Chapter Five: Like Killing Two Birds... #105
  [11/155] Year One, Chapter Six: First Flight #106
  [12/155] Criminal #107
  [13/155] Who's Got the Button? #108
  [14/155] Cold Turkey #109
  [15/155] Fear Takes Flight #11
  [16/155] Incorporation #110
  [17/155] Signed, Sophia #111
  [18/155] The Devil You Know #112
  [19/155] The Scorpion and the Frog #113
  [20/155] Cowboys and Indians #114
  [21/155] No-Fly Zone #115
  [22/155] Marathon #116
  [23/155] Fix You #117
  [24/155] Gang's all Here #118
  [25/155] Pleased to Meet You -- Hope you Guess My Name #119
  [26/155] Mutt #12
  [27/155] Yours, Mind, and Ours #120
  [28/155] Sorry I Brought that Up #121
  [29/155] Odd Couples #122
  [30/155] Fire Down Below #123
  [31/155] The Apprentice #124
  [32/155] Targets, Part 1 #125
  [33/155] Targets, Part 2 #126
  [34/155] Targets, Part 3 #127
  [35/155] Targets part 4: Conclusion #128
  [36/155] Bride and Groom Part 1: The Courtship #129
  [37/155] Shadows Over Bludhaven #13
  [38/155] Bride and Groom Part 2: The Proposal #130
  [39/155] Bride and Groom part 3, The Engagement #131
  [40/155] Bride and Groom, Part 4 #132
  [41/155] 321 Days, Part One #133
  [42/155] 321 Days, Part Two: The Best Friend #134
  [43/155] 321 Days, Part Three: The Gang #135
  [44/155] 321 Days, Part Four: The Plan #136
  [45/155] 321 Days, Conclusion: The Assault #137
  [46/155] The Resurrection of Ra's al Ghul, Part 2: The Lesser of Two Evils #138
  [47/155] The Resurrection of Ra's al Ghul, Part 6: Living Proof #139
  [48/155] Dead Meat #14
  [49/155] Freefall: Chapter One #140
  [50/155] Freefall, Chapter Two #141
  [51/155] Freefall, Chapter Three #142
  [52/155] Freefall: Chapter Four #143
  [53/155] Freefall: Chapter Five #144
  [54/155] Freefall, Chapter Six #145
  [55/155] Freefall: Conclusion #146
  [56/155] The Great Leap, Part One #147
  [57/155] The Great Leap, Part Two #148
  [58/155] The Great Leap, Part Three #149
  [59/155] Warriors Two #15
  [60/155] The Great Leap: Conclusion #150
  [61/155] The Great Leap ... And Into the Black - Epilogue #151
  [62/155] Eminence Front #152
  [63/155] Black Dawn; Origins & Omens #153
  [64/155] Wheels #16
  [65/155] The Stalking Skies #17
  [66/155] The Hunting Moon #18
  [67/155] Shudder #19
  [68/155] Gangland Express #2
  [69/155] The Day After Judgement #20
  [70/155] False Starts #21
  [71/155] Hospital Perilous #22
  [72/155] Paper Revelations #23
  [73/155] The Forgotten Dead #24
  [74/155] The Boys #25
  [75/155] Angle of Attack #26
  [76/155] Live Not on Evil #27
  [77/155] Live Not on Evil, Part 2 #28
  [78/155] Back to Back to Back #29
  [79/155] The Freebooters #3
  [80/155] Just Passing Through #30
  [81/155] Bad Night in Bludhaven #31
  [82/155] Double Dare #32
  [83/155] Acts of Violence #33
  [84/155] Sister Act #34
  [85/155] The Belly of the Beast Escape to Blackgate 1 #35
  [86/155] Nothing But Time - Escape to Blackgate, Part Two #36
  [87/155] Escape from Blackgate - Escape to Blackgate, Part Three #37
  [88/155] No Man's Land: Ballistic Romance, Part One - Face to Face #38
  [89/155] Ballistic Romance, Part Two-By Force of Arms #39
  [90/155] Lady be Deadly #4
  [91/155] The Devil Dies at Dawn #40
  [92/155] Hero of the City #41
  [93/155] Tonight's the Nite #42
  [94/155] Improper Angles #43
  [95/155] The Stalkers #44
  [96/155] The Hunt for Oracle Part 1: To The Slaughter #45
  [97/155] The Hunt for Oracle, Part 3: The Dying Hours #46
  [98/155] The Quarry #47
  [99/155] The Sylph, Part 1: Slender Thread #48
  [100/155] The Sylph, Part Two: Dangled #49
  [101/155] Lady's Night #5
  [102/155] Big Guns #50
  [103/155] Tad #51
  [104/155] Modern Romance #52
  [105/155] Officer Down, Part 5: Inculpatory #53
  [106/155] In the Middle of the Cold, Cold Night #54
  [107/155] Love and Death #55
  [108/155] Stalked #56
  [109/155] Yesterday Never Dies #57
  [110/155] A World of Hate #58
  [111/155] Where's Freddy Minh? #59
  [112/155] The Visitor #6
  [113/155] The Threshold #60
  [114/155] Lethal Force #61
  [115/155] Midnight Madness: A Last Laugh Jaunt #62
  [116/155] Red, Fright, and Blue #63
  [117/155] On a Christmas Evening #64
  [118/155] Bustout! - Bruce Wayne: Murderer?, Part Three #65
  [119/155] The Unusual Suspect #66
  [120/155] Madhouse! #67
  [121/155] Time & Motion #68
  [122/155] Ins & Outs #69
  [123/155] Rough Justice #7
  [124/155] Dangled #70
  [125/155] Something About Mary #71
  [126/155] Roman Holiday #72
  [127/155] Cherchez La Femme #73
  [128/155] London Calling #74
  [129/155] Judgment Day #75
  [130/155] Untouchable #76
  [131/155] The Web #77
  [132/155] Supercop #78
  [133/155] No Son of Mine #79
  [134/155] The Bigger They Are #8
  [135/155] Venn Diagram, Part 1: Close Encounters #80
  [136/155] Venn Diagram, Part 2: Friends Under Fire #81
  [137/155] Venn Diagram, Part 3: That and a Buck Fifty #82
  [138/155] Incrimination #83
  [139/155] Did Not Shoot the Deputy, Part 1 #84
  [140/155] Did Not Shoot the Deputy, Part 2 #85
  [141/155] The Calm Before #86
  [142/155] Snowball #87
  [143/155] Flurry #88
  [144/155] Avalanche #89
  [145/155] Die Trying #9
  [146/155] Burned #90
  [147/155] Rekindled #91
  [148/155] Flashpoint #92
  [149/155] Slow Burn #93
  [150/155] Road to Nowhere, Part 1 #94
  [151/155] Road to Nowhere, Part 2 #95
  [152/155] War Games: Act 1, Part 3: A Sort of Homecoming #96
  [153/155] War Games: Act 2, Part 3: Clarification #97
  [154/155] War Games: Act 3, Part 3: Casualty of War #98
  [155/155] Back to Life #99

=== Processing volume: Catwoman (DC Comics) ===
  matched volume: Catwoman | id: 4955 | publisher: DC Comics | issue count: None
  fetched 96 issues
  [1/96] Cat Shadows #0
  [2/96] Life Lines: Chapter One: Rough Diamonds! #1
  [3/96] Falling Star #10
  [4/96] Nine Million Lives #1000000
  [5/96] Tin Men #11
  [6/96] KnightsEnd, Part Six: Fire In The Sky #12
  [7/96] KnightsEnd, Aftermath: Catfish #13
  [8/96] Broken Mirrors #14
  [9/96] Kitty Cornered #15
  [10/96] Raining Cats #16
  [11/96] Thief Of Paris #17
  [12/96] Here Comes The Bride #18
  [13/96] Jungle Cat #19
  [14/96] Life Lines: Chapter Two: Blast From The Past! #2
  [15/96] More Edge, More Heart #20
  [16/96] Box Office Poison #21
  [17/96] Family Ties #22
  [18/96] Family Ties 2: Loyaties Unbound #23
  [19/96] Family Ties Part 3: Vengeance and Vindication #24
  [20/96] The Crooked House #25
  [21/96] Rats: The Secret of the Universe Part 2 #26
  [22/96] Groddspell #27
  [23/96] Larceny Loves Company #28
  [24/96] Thieves #29
  [25/96] Life Lines: Chapter Three: Shadow of the Cat! #3
  [26/96] The Great Plane Robbery #30
  [27/96] Contagion, Part 5: Flesh and Fire #31
  [28/96] Contagion, Part 9: Fever Pitch #32
  [29/96] Devil Does Your Dog Bite #33
  [30/96] The Razor's Edge #34
  [31/96] The Wheel of Plagues #35
  [32/96] The Best of Enemies #36
  [33/96] Fang and Claw #37
  [34/96] Year Two Part 1: Grey in the Dark #38
  [35/96] Year 2 Part 2: Night Moves #39
  [36/96] Life Lines, Chapter Four: Full Circle #4
  [37/96] Year 2 Part 3: Creatures of the Night #40
  [38/96] Stolen Yesterdays #41
  [39/96] She-Cats Part 1: Feline and Female #42
  [40/96] She-Cats Part 2: Red of Fang and Claw #43
  [41/96] She-Cats Part 3: Cat Fights #44
  [42/96] Nine Deaths of the Cat #45
  [43/96] Two Cats in One #46
  [44/96] Two-Face Part 2: Two Ways To Skin A Cat #47
  [45/96] Trapped in the Web of Morella #48
  [46/96] The Great S.P.I.D.E.R. Web Shred #49
  [47/96] Nun Better! #5
  [48/96] Cats in the Night #50
  [49/96] The Huntress: Big Game #51
  [50/96] The Headhunter: Bigger Game #52
  [51/96] Nightcrossed #53
  [52/96] Object Relations #54
  [53/96] Shared Mentality #55
  [54/96] Cataclysm 6: Claustrophobia #56
  [55/96] Cataclysm 15: Reap What You Sow #57
  [56/96] Only Happy When It Rains Part 1: Mad Money #58
  [57/96] Only Happy When It Rains Part 2: Fight of Flight #59
  [58/96] Animal Rites #6
  [59/96] Only Happy When It Rains Part 3: Kittens and Trees #60
  [60/96] Bank On It! #61
  [61/96] Dog New Tricks #62
  [62/96] Hints and Allegations Part 1: Belling the Cat #63
  [63/96] Hints and Allegations Part 2: No Laughing Matter #64
  [64/96] Hints and Allegations Part 3: Menage A Trois #65
  [65/96] I'll Take Manhattan Part 1: The Brooklyn Bridge #66
  [66/96] I'll Take Manhattan Part 2: Bulls and Bears Beware #67
  [67/96] I'll Take Manhattan Part 3: Hot in the City #68
  [68/96] I'll Take Manhattan Part 4: To Catch A Thief #69
  [69/96] Body Chemistry #7
  [70/96] I'll Take Manhattan Part 5: Double or Nothing #70
  [71/96] I'll Take Manhattan Part 6: Requiem for Selina Kyle #71
  [72/96] No Man's Land 1: The Mission #72
  [73/96] No Man's Land: Ms. Direction #73
  [74/96] No Man's Land 3: A Slight Detour #74
  [75/96] No Man's Land 4: The Rules #75
  [76/96] No Man's Land 5: Strange Bedfellows #76
  [77/96] No Man's Land 6: Pay Back #77
  [78/96] Plus Ca Change #78
  [79/96] Meet Jane Doe #79
  [80/96] Zephyr #8
  [81/96] Kitten In A Cage #80
  [82/96] It's a Wonderful Life #81
  [83/96] Cat Outta Hell #82
  [84/96] Scavenger Hunt #83
  [85/96] The Lesser of the Two Evils #84
  [86/96] The Cat Came Back #85
  [87/96] Tears For Fluffy #86
  [88/96] Casa De Mujer-Gato #87
  [89/96] TK #88
  [90/96] ALways Leave 'Em Laughing #89
  [91/96] Happyland #9
  [92/96] Officer Down, Part Four: Smoking Gun #90
  [93/96] The Short Road #91
  [94/96] The End  -- of the Illusion! #92
  [95/96] The End -- of the Charade! #93
  [96/96] The End of Catwoman! #94

=== Processing volume: Birds of Prey (DC Comics) ===
  matched volume: Birds of Prey | id: 6498 | publisher: DC Comics | issue count: None
  fetched 127 issues
  [1/127] Long Time Gone #1
  [2/127] The Wrong Guy #10
  [3/127] Blood and Circuits, Part 1 - A Chance to Do Good #100
  [4/127] Blood and Circuits Part 2 - Broken Wing #101
  [5/127] Blood and Circuits Part 3 - Freedom of Motion #102
  [6/127] Blood and Circuits: Part 4 - Truth or Dare #103
  [7/127] Whitewater, Part One: Crystal Ascension #104
  [8/127] Whitewater Part 2: Permafrost #105
  [9/127] Whitewater Part 3: Storm Front #106
  [10/127] Whitewater Part Three: A Heart Encased in Glass #107
  [11/127] Whitewater Epilogue: Swan Song #108
  [12/127] Stone Cold Knockout #109
  [13/127] State of War #11
  [14/127] The Fan Club #110
  [15/127] Nerds of Prey #111
  [16/127] The Warrior Wake of Zinda Blake #112
  [17/127] The Blackest Sea #113
  [18/127] Shark Attack #114
  [19/127] Underneath The Skin #115
  [20/127] Hidden Treasures #116
  [21/127] New Frontiers #117
  [22/127] Club Kids #118
  [23/127] Welcome to Platinum Flats #119
  [24/127] Hellbound Train #12
  [25/127] Mad Science #120
  [26/127] Bring on the Bad Guys #121
  [27/127] Fear Itself #122
  [28/127] A Woman of Backbone #123
  [29/127] Smile for the Birdie #124
  [30/127] Hard-Traveling Heroines #125
  [31/127] Silicon Avatar #126
  [32/127] The End of the Beginning; Oracle: Origins & Omens #127
  [33/127] Apokolips Express #13
  [34/127] Apokolips Express Part 2 #14
  [35/127] Face Time #15
  [36/127] The Joker's Tale #16
  [37/127] Nuclear Roulette #17
  [38/127] The Hateful #18
  [39/127] Masks #19
  [40/127] One of Those Days #2
  [41/127] The Hunt for Oracle -- Part Two: The Noose! #20
  [42/127] The Hunt for Oracle -- Part Four: The Deep #21
  [43/127] The Hostage Heart -- Part One #22
  [44/127] The Hostage Heart -- Part Two #23
  [45/127] The Hostage Heart -- Part Three #24
  [46/127] Old Habits #25
  [47/127] The Suitor #26
  [48/127] Officer Down -- Part Three: Armed and Dangerous #27
  [49/127] History Lesson -- Part One: Time to Kill #28
  [50/127] History Lesson, Part 2: Valhalla, Baby! #29
  [51/127] Hounded #3
  [52/127] History Lesson -- Part Three: Time and Time and Time Again! #30
  [53/127] The Big Romance #31
  [54/127] The Stray #32
  [55/127] The Courtship #33
  [56/127] Heartbreaker #34
  [57/127] The Shout #35
  [58/127] Canary Caged #36
  [59/127] Red, Black and Blue #37
  [60/127] The Next Little Thing #38
  [61/127] Bruce Wayne: Murderer? Part Five: The Gun #39
  [62/127] The Ravens Strike #4
  [63/127] Bruce Wayne: Murderer -- Part 12: Switchback #40
  [64/127] Bruce Wayne: Fugitive -- Part Two: Felony Matters #41
  [65/127] Karen's Story #42
  [66/127] Blind Spot #43
  [67/127] Deadly Convergence #44
  [68/127] The Killing Ground #45
  [69/127] Cretaceous Picnic #46
  [70/127] The Chaotic Code, Part One: Icarus Rising #47
  [71/127] The Chaotic Code, Part Two: Crash & Burn #48
  [72/127] The Chaotic Code, Part Three: Family Matters #49
  [73/127] Monster #5
  [74/127] Busman's Holiday #50
  [75/127] Let's Get Elemental! #51
  [76/127] Reunions #52
  [77/127] Girls' Night Out #53
  [78/127] Gotham Magic #54
  [79/127] Heroes and Heroes #55
  [80/127] Of Like Minds, Part One #56
  [81/127] Of Like Minds, Part Two #57
  [82/127] Of Like Minds, Part Three #58
  [83/127] Of Like Minds, Part Four- Finale #59
  [84/127] Time's Rainbow #6
  [85/127] Feeding the Game #60
  [86/127] Feeding the Game, Part Two #61
  [87/127] Sensei & Student, Part One #62
  [88/127] Sensei & Student, Part Two: Pride & Poison #63
  [89/127] Sensei & Student, Part Three: Mercy & Murder #64
  [90/127] Sensei & Student, Part Four: Power & Permanence #65
  [91/127] Sensei & Student, Part Five: Murder & Mystery #66
  [92/127] Sensei & Student, Part Six: Faith & Finality #67
  [93/127] One Day, Well-Chosen #68
  [94/127] Between Dark and Dawn, Part One #69
  [95/127] The Villain #7
  [96/127] Between Dark and Dawn, Part Two: Huntress/Prey #70
  [97/127] Between Dark and Dawn, Part Three: Insanity Defense #71
  [98/127] Between Dark and Dawn, Part Four: Material Girl #72
  [99/127] Between Dark and Dawn, Part Five: Blood and Circuits #73
  [100/127] Unraveled #74
  [101/127] Breathless;  There Would Be No Spring; #75
  [102/127] Hero Hunters, Part One: Teenage Wasteland #76
  [103/127] Hero Hunters, Part Two: Harvest #77
  [104/127] Hero Hunters, Part Three: Moondance #78
  [105/127] Hero Hunters, Part Four: She Rides the Eye of a Hurricane #79
  [106/127] On Wings #8
  [107/127] Hero Hunters, Part Five: The Cold Light of Day #80
  [108/127] The Battle Within, Part 1- Undefended Border #81
  [109/127] The Battle Within, Part II: The Long Count #82
  [110/127] The Battle Within, Part III: A Fight by His Trade #83
  [111/127] Knock-Out #84
  [112/127] A New Morning's Resolution #85
  [113/127] A Wakeful Time #86
  [114/127] Perfect Pitch, Part 1 #87
  [115/127] Perfect Pitch, Part 2 #88
  [116/127] Perfect Pitch, Part 3 #89
  [117/127] Girls Rules #9
  [118/127] Perfect Pitch, Part 4 #90
  [119/127] Donor #91
  [120/127] Progeny (Part 1): Inseparable #92
  [121/127] Progeny (Part 2): Gutshot Redemption #93
  [122/127] Progeny, Part 3: Stolen Inferno #94
  [123/127] Progeny, Finale (Part 4): A Cup of Kindness Yet #95
  [124/127] Through the Shards of a Looking Glass #96
  [125/127] The Piper Must Be Paid #97
  [126/127] False Idol #98
  [127/127] Class Dismissed #99

=== Processing volume: Harley Quinn (DC Comics) ===
  matched volume: Harley Quinn | id: 69322 | publisher: DC Comics | issue count: None
  fetched 31 issues
  [1/31] Picky Sicky #0
  [2/31] Hot in the City #1
  [3/31] There Are No Rules! #10
  [4/31] Power Outage #11
  [5/31] Not Kansas #12
  [6/31] Clock Blockers #13
  [7/31] A Day in the Life #14
  [8/31] Demental Overload #15
  [9/31] Be Careful What'cha Wish For... #16
  [10/31] The Gang of Harleys #17
  [11/31] Fish Food #18
  [12/31] Ship of Fools #19
  [13/31] Helter Shelter #2
  [14/31] Harleywood #20
  [15/31] Tug A' War! #21
  [16/31] Sy Borgman and Harley Quinn Must Die!!! #22
  [17/31] Kingpin Queen #23
  [18/31] Can't Fight City Hall... Or Can You? #24
  [19/31] Twenny-Five Big One$. #25
  [20/31] A New Day, A New Fray #26
  [21/31] Tool Boxed In #27
  [22/31] Shriek Now, And Forever Hold Your Piece #28
  [23/31] Destroy All Mobsters! #29
  [24/31] Love Stinks! #3
  [25/31] A Tree Blows Up Brooklyn #30
  [26/31] Very Old Spice #4
  [27/31] The Hunt for Red Octogenarianz #5
  [28/31] Better Nuthead Than Red #6
  [29/31] Nocturnal Omission #7
  [30/31] Pies in the Skies #8
  [31/31] Some Nerd Rage with your Birdcage? #9

=== Processing volume: The Sandman (DC Comics) ===
  matched volume: The Sandman | id: 4207 | publisher: DC Comics | issue count: None
  fetched 75 issues
  [1/75] Sleep of the Just #1
  [2/75] The Doll's House, Part 1: The Doll's House #10
  [3/75] The Doll's House, Part 2: Moving in #11
  [4/75] The Doll's House, Part 3: Playing House #12
  [5/75] The Doll's House, Part 4: Men of Good Fortune #13
  [6/75] The Doll's House, Part 5: Collectors #14
  [7/75] The Doll's House, Part 6: Into the Night #15
  [8/75] The Doll's House, Part 7: Lost Hearts #16
  [9/75] Dream Country: Calliope #17
  [10/75] Dream Country: A Dream of a Thousand Cats #18
  [11/75] Dream Country: A Midsummer Night's Dream #19
  [12/75] Master of Dreams, Part 2: Imperfect Hosts #2
  [13/75] Dream Country: Façade #20
  [14/75] Season of Mists: Prologue #21
  [15/75] Season of Mists: Chapter 1 #22
  [16/75] Season of Mists: Chapter 2 #23
  [17/75] Season of Mists: Chapter 3 #24
  [18/75] Season of Mists: Chapter 4 #25
  [19/75] Season of Mists: Chapter 5 #26
  [20/75] Season of Mists: Chapter 6 #27
  [21/75] Season of Mists: Epilogue #28
  [22/75] Thermidor #29
  [23/75] Master of Dreams, Part 3: Dream a Little Dream of Me #3
  [24/75] August #30
  [25/75] Three Septembers and a January #31
  [26/75] A Game of You, Part 1: Slaughter on Fifth Avenue #32
  [27/75] A Game of You, Part 2: Lullabies of Broadway #33
  [28/75] A Game of You, Part 3: Bad Moon Rising #34
  [29/75] A Game of You, Part 4: Beginning to See the Light #35
  [30/75] A Game of You, Part 5: Over the Sea to Sky #36
  [31/75] A Game of You, Part 6: I Woke Up and One of Us Was Crying #37
  [32/75] The Hunt #38
  [33/75] Soft Places #39
  [34/75] Master of Dreams, Part 4: A Hope in Hell #4
  [35/75] The Parliament of Rooks #40
  [36/75] Brief Lives 1: Blossom for a Lady - Rain in the Doorway - Not Her Sister-Want/Not Want - The View from the Backs of Mirrors - Journal of the Plague Year - The Number You Have Dialed... #41
  [37/75] Brief Lives 2: It Always Rains on the Unloved - Wet Dreams - A Fishing Expedition - She Kisses Wyverns (The Disneyland Analogy) - Dinner Etiquette and Chocolate Lovers - Desire Swears by the First Circle - Things Are Changing - What Can Possibly Go Wrong? #42
  [38/75] Brief Lives 3: The People Who Remember Atlantis - Concerning Mammoths, and Falling Walls - Who Controls Transportation? - Bored, She Makes Little Frogs - Truth or Consequences, and Other Places - Ancestral Voices Prophesying - The Dogs of Art - When I Dre #43
  [39/75] Brief Lives 4: The Other Side of the Sky - A Bear and His Shadow - Departed Secrets - Twinkle's a Nice Word. So's Viridian. - Three Keys - A Treatise on Optics -The Perils of Smoking in Bed? #44
  [40/75] Brief Lives 5: The Things We Do to Be Loved - Her Hands Do Not Go tothe Moon - The Driving Instructor - Tiffany Watches I - White Knights and/or Pond-Scum - Are Dalmations Flowers? - Nancy Displays Her Erudition -Wham Bam Thank You Ma'am - Tiffany Watches #45
  [41/75] Brief Lives 6: Life Isn't Pleasant, Petrified - The Parting of the Ways - The Trouble with Mortals - Dreamings of Meeting or Meetings of Dreaming? - The Trouble with Gods - Mervyn Sets Him Straight - Have You Got Anything with a Happy Ending? - Tempus Fra #46
  [42/75] Brief Lives 7: Cooking Considered as One of the Fine Arts -"My Envelope Isn't Any Good Anymore" - Where All Mazes Meet - The Other Side of the Coin - Life as a Glass of Bitter Wine - Cherries Are Counted, and a Bargain Is Made - An Unlikely Growth #47
  [43/75] Brief Lives 8: Journey's End - Brains, a Heart, a Ride in a Balloon - Dinner - Something New - The Illusion of Permanence - A Wreath of Bright Stars - Echoes of Darkness - Up. Out. #48
  [44/75] Brief Lives 9: Farewells - Answered Prayers - The Flowers of Romance - Journey's End - The Gates of Horn - Things Unlooked for - Brief Lives. #49
  [45/75] Master of Dreams, Part 5: Passengers #5
  [46/75] Ramadan #50
  [47/75] Worlds' End, Part 1: A Tale of Two Cities #51
  [48/75] Worlds' End, Part 2: Cluracan's Tale #52
  [49/75] Worlds' End, Part 3: Hob's Leviathan #53
  [50/75] Worlds' End, Part 4: The Golden Boy #54
  [51/75] Worlds' End, Part 5: Cerements #55
  [52/75] Worlds' End, Part 6 #56
  [53/75] The Kindly Ones, Part 1 #57
  [54/75] The Kindly Ones, Part 2 #58
  [55/75] The Kindly Ones, Part 3 #59
  [56/75] Master of Dreams, Part 6: 24 Hours #6
  [57/75] The Kindly Ones, Part 4 #60
  [58/75] The Kindly Ones, Part 5 #61
  [59/75] The Kindly Ones, Part 6 #62
  [60/75] The Kindly Ones, Part 7 #63
  [61/75] The Kindly Ones, Part 8 #64
  [62/75] The Kindly Ones, Part 9 #65
  [63/75] The Kindly Ones, Part 10 #66
  [64/75] The Kindly Ones, Part 11 #67
  [65/75] The Kindly Ones, Part 12 #68
  [66/75] The Kindly Ones, Part 13 #69
  [67/75] Master of Dreams, Part 7: Sound and Fury #7
  [68/75] The Wake, Chapter 1: Which Occurs in the Wake of What Has Gone Before #70
  [69/75] The Wake, Chapter 2: In Which a Wake is Held #71
  [70/75] The Wake, Chapter 3: In Which We Wake #72
  [71/75] The Wake: An Epilogue - Sunday Mourning #73
  [72/75] Exiles #74
  [73/75] The Tempest #75
  [74/75] Master of Dreams, Part 8: The Sound of Her Wings #8
  [75/75] Master of Dreams, Part 9: Tales in the Sand #9

=== Processing volume: Swamp Thing (DC Comics) ===
  matched volume: Swamp Thing | id: 42599 | publisher: DC Comics | issue count: None
  fetched 42 issues
  [1/42] To Monsters #0
  [2/42] Raise Dem Bones #1
  [3/42] Arcane's Lullaby #10
  [4/42] Family Reunion #11
  [5/42] Rotworld: Prologue, Part Two #12
  [6/42] Rotworld: The Green Kingdom, Part One #13
  [7/42] Rotworld: The Green Kingdom, Part Two #14
  [8/42] Rotworld: The Green Kingdom, Part Three #15
  [9/42] Rotworld: The Green Kingdom, Part Four #16
  [10/42] Rotworld: War of the Rot, Part Two #17
  [11/42] Lay Down Them Bones #18
  [12/42] Urban Jungle #19
  [13/42] When it Comes A'Knockin' #2
  [14/42] This Green Hell #20
  [15/42] The Murder Poet #21
  [16/42] The Whisky Tree, Part 1 of 2 #22
  [17/42] The Whisky Tree, Part 2 of 2 #23
  [18/42] The Patchwork History #23.1
  [19/42] Seeder #24
  [20/42] Two Enter... One Leaves! #25
  [21/42] Victor: Spoiled #26
  [22/42] My Green Heaven #27
  [23/42] Salting the Earth #28
  [24/42] The Gift of the Sureen, Part 1 of 3 #29
  [25/42] Come Hither, Child #3
  [26/42] The Gift of the Sureen, Part 2 of 3 #30
  [27/42] The Gift of the Sureen, Part 3 of 3 #31
  [28/42] Blue/Green #32
  [29/42] The Wolf and the Lady, Part One #33
  [30/42] The Wolf and the Lady, Part Two #34
  [31/42] Configuration #35
  [32/42] Calibration #36
  [33/42] Upgrades #37
  [34/42] Decompilation #38
  [35/42] Failure Modes #39
  [36/42] Desert Five O'Clock #4
  [37/42] Reboot #40
  [38/42] Dead Meat #5
  [39/42] The Black Queen #6
  [40/42] Swamp Thing #7
  [41/42] Eye of the Storm #8
  [42/42] Broken Bones #9

=== Processing volume: Hellblazer (DC Comics) ===
  matched volume: Hellblazer | id: 4008 | publisher: DC Comics | issue count: None
  fetched 300 issues
  [1/300] Hunger #1
  [2/300] Sex and Death #10
  [3/300] Sins of the Father #100
  [4/300] Football: It's A Funny Old Game #101
  [5/300] Difficult Beginnings, Part One: The Single-Sided Coin #102
  [6/300] Difficult Beginnings, Part Two: The Trouble with Worms #103
  [7/300] Difficult Beginnings, Part Three: The Darkening of the Light #104
  [8/300] A Taste of Heaven #105
  [9/300] In the Line of Fire, Part One #106
  [10/300] In the Line of Fire, Part Two: Over My Dead Body #107
  [11/300] Day of Wine and Roses #108
  [12/300] The Wild Hunt #109
  [13/300] Newcastle: A Taste Of Things To Come #11
  [14/300] Last Man Standing, Part 1 - A Different Kind Of Tension #110
  [15/300] Last Man Standing, Part 2 - No More Heroes #111
  [16/300] Last Man Standing, Part 3 - Human Punk #112
  [17/300] Last Man Standing, Part 4 - You're Just A... #113
  [18/300] Last Man Standing, Part 5 - No One Is Innocent #114
  [19/300] In The Red Corner #115
  [20/300] Widdershins, Part 1 #116
  [21/300] Widdershins, Part 2 #117
  [22/300] Life and Death and Taxis #118
  [23/300] Undertow #119
  [24/300] The Devil You Know #12
  [25/300] Desperately Seeking Something #120
  [26/300] Up The Down Staircase, Part 1 #121
  [27/300] Up The Down Staircase, Part 2 #122
  [28/300] Up The Down Staircase, Part 3 #123
  [29/300] Up The Down Staircase, Part 4 #124
  [30/300] Blowing On The Embers #125
  [31/300] Fanning The Flames #126
  [32/300] Burning Down The House #127
  [33/300] Sifting Through The Ashes #128
  [34/300] Son Of Man, Part 1 #129
  [35/300] On The Beach #13
  [36/300] Son Of Man, Part 2 #130
  [37/300] Son Of Man, Part 3 #131
  [38/300] Son Of Man, Part 4 #132
  [39/300] Son Of Man, Part 5 #133
  [40/300] Haunted, Part 1 #134
  [41/300] Haunted, Part 2 #135
  [42/300] Haunted, Part 3 #136
  [43/300] Haunted, Part 4 #137
  [44/300] Haunted, Part 5 #138
  [45/300] Haunted, Part 6 #139
  [46/300] The Fear Machine, Part I: Touching the Earth #14
  [47/300] Locked #140
  [48/300] The Crib #141
  [49/300] Setting Sun ; One Last Love Song #142
  [50/300] Telling Tales #143
  [51/300] Ashes & Honey, Part 1 #144
  [52/300] Ashes & Honey, Part 2 #145
  [53/300] Hard Time, Part 1 #146
  [54/300] Hard Time, Part 2 #147
  [55/300] Hard Time, Part 3 #148
  [56/300] Hard Time, Part 4 #149
  [57/300] The Fear Machine, Part II: The Shepherd's Warning #15
  [58/300] Hard Time, Part 5 #150
  [59/300] Good Intentions, Part 1 #151
  [60/300] Good Intentions, Part 2 #152
  [61/300] Good Intentions, Part 3 #153
  [62/300] Good Intentions, Part 4 #154
  [63/300] Good Intentions, Part 5 #155
  [64/300] Good Intentions, Conclusion #156
  [65/300] ... And Buried? #157
  [66/300] Freezes Over, Part 1 #158
  [67/300] Freezes Over, Part 2 #159
  [68/300] The Fear Machine, Part III: Rough Justice #16
  [69/300] Freezes Over, Part 3 #160
  [70/300] Freezes Over, Part 4 #161
  [71/300] Lapdogs And Englishmen, Part 1 #162
  [72/300] Lapdogs And Englishmen, Part 2 #163
  [73/300] Highwater, Part 1 #164
  [74/300] Highwater, Part 2 #165
  [75/300] Highwater, Part 3 #166
  [76/300] Highwater, Part 4 #167
  [77/300] A Fresh Coat Of Red Paint #168
  [78/300] Chasing Demons #169
  [79/300] The Fear Machine, Part IV: Fellow Travellers #17
  [80/300] Ashes & Dust: In The City Of Angels, Part 1 #170
  [81/300] Ashes & Dust: In The City Of Angels, Part 2 #171
  [82/300] Ashes & Dust: In The City Of Angels, Part 3 #172
  [83/300] Ashes & Dust: In The City Of Angels, Part 4 #173
  [84/300] Ashes & Dust: In The City Of Angels, Part 5 #174
  [85/300] High On Life, Part 1 #175
  [86/300] High On Life, Part 2 #176
  [87/300] Red Sepulchre, Part 1 #177
  [88/300] Red Sepulchre, Part 2 #178
  [89/300] Red Sepulchre, Part 3 #179
  [90/300] The Fear Machine, Part V: Hate Mail & Love Letters #18
  [91/300] Red Sepulchre, Part 4 #180
  [92/300] The Game Of Cat And Mouse #181
  [93/300] Black Flowers, Part 1 #182
  [94/300] Black Flowers, Part 2 #183
  [95/300] Third Worlds, Part 1 - The Wild Card #184
  [96/300] Third Worlds, Part 2 - Ordeal #185
  [97/300] Third Worlds, Part 3 - The Pit #186
  [98/300] Bred In The Bone, Part 1 #187
  [99/300] Bred In The Bone, Part 2 #188
  [100/300] Staring At The Wall, Part 1 #189
  [101/300] The Fear Machine, Part VI: The Broken Man #19
  [102/300] Staring At The Wall, Part 2 #190
  [103/300] Staring At The Wall, Part 3 #191
  [104/300] Staring At The Wall, Part 4 #192
  [105/300] Staring At The Wall, Part 5 #193
  [106/300] Ward 24 #194
  [107/300] Out Of Season, Part 1 #195
  [108/300] Out Of Season, Part 2 #196
  [109/300] Stations Of The Cross, Part 1 #197
  [110/300] Stations of the Cross, Part Two of Three #198
  [111/300] Stations Of The Cross, Part 3 #199
  [112/300] A Feast of Friends #2
  [113/300] The Fear Machine, Part VII: Betrayal #20
  [114/300] Happy Families #200
  [115/300] Event Horizon #201
  [116/300] Reasons To Be Cheerful, Part  1 #202
  [117/300] Reasons To Be Cheerful, Part  2 #203
  [118/300] Reasons To Be Cheerful, Part 3 #204
  [119/300] Reasons To Be Cheerful, Part 4 #205
  [120/300] Cross Purpose #206
  [121/300] Down In The Ground Where The Dead Men Go, Part 1 #207
  [122/300] Down In The Ground Where The Dead Men Go, Part 2 #208
  [123/300] Down In The Ground Where The Dead Men Go, Part 3 #209
  [124/300] The Fear Machine, Part VIII: The God of All Gods #21
  [125/300] Down In The Ground Where The Dead Men Go, Part 4 #210
  [126/300] Down In The Ground Where The Dead Men Go, Part 5 #211
  [127/300] Down In The Ground Where The Dead Men Go, Conclusion #212
  [128/300] The Gift #213
  [129/300] R.S.V.P. (Part 1) #214
  [130/300] R.S.V.P. (Part 2) #215
  [131/300] Empathy Is The Enemy (Part 1) #216
  [132/300] Empathy Is The Enemy (Part 2) #217
  [133/300] Empathy Is The Enemy (Part 3) #218
  [134/300] Empathy Is The Enemy (Part 4) #219
  [135/300] The Fear Machine, Part IX: Balance #22
  [136/300] Empathy Is The Enemy (Part 5) #220
  [137/300] Empathy Is The Enemy (Part 6) #221
  [138/300] Empathy Is The Enemy (Part 7) #222
  [139/300] The Season Of The Zealot #223
  [140/300] The Red Right Hand (Part 1) #224
  [141/300] The Red Right Hand (Part 2) #225
  [142/300] The Red Right Hand (Part 3) #226
  [143/300] The Red Right Hand (Part 4) #227
  [144/300] The Red Right Hand (Part 5) #228
  [145/300] With A Little Help For My Friend #229
  [146/300] Larger Than Life #23
  [147/300] In At The Deep End (Part 1) #230
  [148/300] In At The Deep End (Part 2) #231
  [149/300] Wheels Of Chance, Systems Of Control (Part 1) #232
  [150/300] Wheels Of Chance, Systems Of Control, Part 2 #233
  [151/300] Joyride (Part 1) #234
  [152/300] Joyride (Part 2) #235
  [153/300] Joyride (Part 3) #236
  [154/300] Joyride (Part 4) #237
  [155/300] The Smoke #238
  [156/300] The Passage #239
  [157/300] The Family Man #24
  [158/300] The Laughing Magician  (Part 1) #240
  [159/300] The Laughing Magician  (Part 2) #241
  [160/300] The Laughing Magician (Part 3) #242
  [161/300] The Mortification Of The Flesh, Part 1 #243
  [162/300] The Mortification Of The Flesh, Part 2 #244
  [163/300] Newcastle Calling, Part 1 #245
  [164/300] Newcastle Calling, Part 2 #246
  [165/300] The Roots Of Coincidence, Part 1 #247
  [166/300] The Roots Of Coincidence, Part 2 #248
  [167/300] The Roots Of Coincidence, Part 3 #249
  [168/300] Early Warning #25
  [169/300] Holiday Special #250
  [170/300] Scab, Part One (of Three): Secrets and Lies #251
  [171/300] Scab, Part Two (of Three): Under the Skin #252
  [172/300] Scab, Part Three (of Three): Infectious #253
  [173/300] Regeneration, Part One (of Two): Plague Doctor #254
  [174/300] Regeneration, Part Two (of Two): Unquiet Spirit #255
  [175/300] Hooked, Part One of Three: There's Something About Phoebe #256
  [176/300] Hooked, Part Two of Three: Temptation #257
  [177/300] Hooked, Part Three of Three: Epiphany #258
  [178/300] The Cottage #259
  [179/300] How I Learned To Love The Bomb #26
  [180/300] The Long Crap Friday #260
  [181/300] India, Part One: White Man's Burden #261
  [182/300] India, Part Two: Untouchable #262
  [183/300] India, Part Three: No Dancing, No Singing. #263
  [184/300] India, Part Four: Kali Yuga - The Night of the Demon #264
  [185/300] No Future, Part One: Return of the Evil Ones #265
  [186/300] No Future, Part Two: Where There is Discord #266
  [187/300] Sectioned, Part One: The Catatonic Ward #267
  [188/300] Sectioned, Part Two: Apotemnophilia #268
  [189/300] Sectioned, Part Three: The Kiss #269
  [190/300] Hold Me #27
  [191/300] Sectioned, Part Four: Psychotic Love #270
  [192/300] Bloody Carnations, Part One: Oh Lucky Man #271
  [193/300] Bloody Carnations, Part Two: Life on Venus and Mars #272
  [194/300] Bloody Carnations, Part Three: Squaring the Circle #273
  [195/300] Bloody Carnations, Part Four: The Cold Heart #274
  [196/300] Bloody Carnations, Part Five: Confetti and Brimstone #275
  [197/300] High-Frequency Man #276
  [198/300] Phantom Pains, Part One: John Thumb #277
  [199/300] Phantom Pains, Part Two: Lady Lazarus #278
  [200/300] Phantom Pains, Part Three: Dead Man's Thumb #279
  [201/300] Thicker Than Water #28
  [202/300] Phantom Pains, Part Four: Gemma's Story #280
  [203/300] Phantom Pains, Part Five: Choke #281
  [204/300] Inside #282
  [205/300] The Devil's Trench Coat - Part One: The Stench That Lingers #283
  [206/300] The Devil's Trenchcoat, Part Two: Sick Horror #284
  [207/300] The Devil's Trenchcoat, Part Three: The Burning Man #285
  [208/300] The Devil's Trenchcoat, Part Four: Let's All Go to Hell #286
  [209/300] Another Season in Hell, Part One: The Devil's Wager #287
  [210/300] Another Season in Hell, Part Two: The Lower Depths #288
  [211/300] Another Season in Hell, Part Three: The Unquiet Grave #289
  [212/300] Sick at Heart #29
  [213/300] Another Season in Hell, Part Four: Back to Earth #290
  [214/300] Another Season in Hell, Epilogue: Dark Magic #291
  [215/300] The House of Wolves #292
  [216/300] The Curse of the Constantines, Part One: The Stolen Child #293
  [217/300] The Curse of the Constantines, Part Two: The Writing on the Wall #294
  [218/300] The Curse of the Constantines, Part Three: The Hungry Grass #295
  [219/300] The Curse of the Constantines, Part Four: A Good Man #296
  [220/300] The Curse of the Constantines, Part Five: The Two Deaths of Eva Brady #297
  [221/300] Death and Cigarettes, Part One: The Fates #298
  [222/300] Death and Cigarettes, Part Two: Post Mortem #299
  [223/300] Going For It #3
  [224/300] Fatality #30
  [225/300] Death and Cigarettes, Finale: Ash #300
  [226/300] Mourning of the Magician #31
  [227/300] New Tricks #32
  [228/300] Sundays Are Different #33
  [229/300] The Bogeyman #34
  [230/300] Dead-Boy's Heart #35
  [231/300] The Undiscover'd Country... #36
  [232/300] Man's Work #37
  [233/300] Boy's Games #38
  [234/300] The Hanged Man #39
  [235/300] Waiting for the Man #4
  [236/300] The Magus #40
  [237/300] The Beginning of the End, Dangerous Habits - Part One #41
  [238/300] A Drop of the Hard Stuff #42
  [239/300] Friends in High Places, Dangerous Habits - Part Three #43
  [240/300] My Way., Dangerous Habits - Part Four #44
  [241/300] The Sting, Dangerous Habits - Part Five #45
  [242/300] Falling into Hell, Dangerous Habits - Epilogue #46
  [243/300] The Pub Where I Was Born #47
  [244/300] Love Kills #48
  [245/300] Lord of the Dance #49
  [246/300] When Johnny Comes Marching Home #5
  [247/300] Remarkable Lives #50
  [248/300] Counting to Ten #51
  [249/300] Royal Blood, Part One: The Players #52
  [250/300] Royal Blood, Part Two: Revelations #53
  [251/300] Royal Blood, Part Three: The Good Old Days #54
  [252/300] Royal Blood, Part Four: Dog Eat Dog #55
  [253/300] This is the Diary of Danny Drake #56
  [254/300] Mortal Clay #57
  [255/300] Body and Soul #58
  [256/300] Guys and Dolls, Part One: Fallen Women #59
  [257/300] Extreme Prejudice #6
  [258/300] Guys and Dolls, Part Two: Nativity Infernal #60
  [259/300] She's Buying A Stairway to Heaven #61
  [260/300] End of the Line #62
  [261/300] Forty #63
  [262/300] Fear and Loathing, Part One: For God and Country #64
  [263/300] Fear and Loathing, Part Two: London Kills Me #65
  [264/300] Fear and Loathing, Part Three: Down to Earth #66
  [265/300] End of the Line #67
  [266/300] Down All the Days #68
  [267/300] Rough Trade #69
  [268/300] Ghosts in the Machine #7
  [269/300] Heartland #70
  [270/300] Finest Hour #71
  [271/300] Damnation's Flame, Part One: Brave New World #72
  [272/300] Damnation's Flame, Part Two: Broadway the Hard Way #73
  [273/300] Damnation's Flame, Part Three: Trail of Tears #74
  [274/300] Damnation's Flame, Part Four: Hail to the Chief; Act of Union #75
  [275/300] Confessions of An Irish Rebel #76
  [276/300] And the Crowd Goes Wild #77
  [277/300] Rake at the Gates of Hell, Part One #78
  [278/300] Rake At the Gates of Hell, Part Two #79
  [279/300] Intensive Care #8
  [280/300] Rake at the Gates of Hell, Part Three #80
  [281/300] Rake at the Gates of Hell, Part Four #81
  [282/300] Rake At the Gates of Hell, Part Five #82
  [283/300] The End of Rake At the Gates of Hell #83
  [284/300] In Another Part of Hell #84
  [285/300] Warped Notions, Part One: The Delicate Power of Terror #85
  [286/300] Warped Notions, Part Two: The Everything Virus #86
  [287/300] Warped Notions, Part Three: The Shout #87
  [288/300] Warped Notions, Part Four: Mountain of Madness #88
  [289/300] Dreamtime #89
  [290/300] Shot to Hell #9
  [291/300] Dangerous Ground #90
  [292/300] Riding the Green Lanes #91
  [293/300] Critical Mass, Part 1: Bait #92
  [294/300] Critical Mass, Part 2: Troubled Waters #93
  [295/300] Critical Mass, Part 3: The Devil and The Deep Blue Sea #94
  [296/300] Critical Mass, Part 4: Coming Up for Air #95
  [297/300] Critical Mass, Part 5: Hook, Line and Sinker #96
  [298/300] The Nature of the Beast #97
  [299/300] Walking the Dog #98
  [300/300] Punkin' Up the Great Outdoors #99

=== Processing volume: Preacher (DC Comics) ===
  matched volume: Preacher | id: 5516 | publisher: DC Comics | issue count: None
  fetched 66 issues
  [1/66] The Time of the Preacher #1
  [2/66] How I Learned To Love The Lord #10
  [3/66] Pardners #11
  [4/66] Until The End Of The World #12
  [5/66] Came A Pale Rider (Hunters Part 1) #13
  [6/66] Boys Will Be Boys (Hunters Part 2) #14
  [7/66] Crashing The Party (Hunters Part 3) #15
  [8/66] Judgment Night (Hunters Part 4) #16
  [9/66] Miracle Man (Hunters Epilogue) #17
  [10/66] Texas and the Spaceman #18
  [11/66] Of Things To Come (Crusaders Part 1) #19
  [12/66] And Hell Followed with Him #2
  [13/66] Too Much Gun (Crusaders Part 2) #20
  [14/66] Stormbringers (Crusaders Part 3) #21
  [15/66] Iron In The Blood (Crusaders Part 4) #22
  [16/66] Revelations (Crusaders Part 5) #23
  [17/66] And Justice For All (Crusaders Part 6) #24
  [18/66] Cry Blood, Cry Erin #25
  [19/66] To the Streets of Manhattan I Wandered Away #26
  [20/66] Gunchicks #27
  [21/66] Rumors Of War #28
  [22/66] Old Familiar Faces #29
  [23/66] And The Horse You Rode In On #3
  [24/66] Good Times Rolling #30
  [25/66] Underworld #31
  [26/66] Snakes In The Grass #32
  [27/66] Price of Night #33
  [28/66] Once Upon A Time (War in the Sun Part 1) #34
  [29/66] You And Me Against The World (War in the Sun Part 2) #35
  [30/66] Come And Get It (War in the Sun Part 3) #36
  [31/66] The Shatterer of Worlds (War in the Sun Part 4) #37
  [32/66] Badlands #38
  [33/66] For All Mankind #39
  [34/66] Standing Tall #4
  [35/66] Arsefaced World #40
  [36/66] The Man From God Knows Where #41
  [37/66] The Meatman Cometh #42
  [38/66] Christina's World #43
  [39/66] Custer's Law #44
  [40/66] Southern Cross #45
  [41/66] White Mischief #46
  [42/66] Jesse Get Your Gun #47
  [43/66] Good Night and God Bless #48
  [44/66] First Contact #49
  [45/66] Say A Prayer For Seven Bullets (Naked City Part 1) #5
  [46/66] The Land of Bad Things #50
  [47/66] Freedom's Just Another Word for Nothing Left to Lose #51
  [48/66] Even Hitgirls Get the Blues #52
  [49/66] Too Dumb for New York City and Too Ugly for L.A. #53
  [50/66] I Built My Dreams Around You #54
  [51/66] Harbinger #55
  [52/66] Smile Like the Gates of Hell #56
  [53/66] Of the Irish in America #57
  [54/66] Dot the I's and Cross the T's #58
  [55/66] Texas, By God #59
  [56/66] New York's Finest (Naked City Part 2) #6
  [57/66] The Thunder of His Guns #60
  [58/66] The Wonder of You #61
  [59/66] And Every Dog His Day #62
  [60/66] Jesse's Girl #63
  [61/66] If I Knew the Way I'd Go Back Home #64
  [62/66] Shoot Straight You Bastards #65
  [63/66] A Hell of a Vision #66
  [64/66] N.Y.P.D. Blue (Naked City Part 3) #7
  [65/66] All In the Family #8
  [66/66] When The Story Began #9

=== Processing volume: Y: The Last Man (DC Comics) ===
  matched volume: Y: The Last Man | id: 9419 | publisher: DC Comics | issue count: None
  fetched 60 issues
  [1/60] Unmanned #1
  [2/60] Cycles: Conclusion #10
  [3/60] One Small Step: Chapter One #11
  [4/60] One Small Step: Chapter Two #12
  [5/60] One Small Step: Chapter Three #13
  [6/60] One Small Step: Chapter Four #14
  [7/60] One Small Step: Conclusion #15
  [8/60] Comedy & Tragedy Act One (of Two) #16
  [9/60] Comedy & Tragedy Act Two (of Two) #17
  [10/60] Safeword: Part One #18
  [11/60] Safeword: Part Two #19
  [12/60] Unmanned, Chapter Two #2
  [13/60] Safeword: Conclusion #20
  [14/60] Widow's Pass: Part One of Three #21
  [15/60] Widow's Pass: Part Two of Three #22
  [16/60] Widow's Pass: Conclusion #23
  [17/60] Tongues of Flame, Part One of Two #24
  [18/60] Tongues of Flame: Part Two of Two #25
  [19/60] Hero's Journey #26
  [20/60] Ring of Truth #27
  [21/60] Ring of Truth: Chapter Two #28
  [22/60] Ring of Truth: Chapter Three #29
  [23/60] Unmanned Chapter Three #3
  [24/60] Ring of Truth: Chapter Four #30
  [25/60] Ring of Truth: Conclusion #31
  [26/60] Girl on Girl #32
  [27/60] Girl on Girl: Chapter Two #33
  [28/60] Girl on Girl: Chapter Three #34
  [29/60] Girl on Girl: Conclusion #35
  [30/60] Boy Loses Girl #36
  [31/60] Paper Dolls #37
  [32/60] Paper Dolls: Chapter Two #38
  [33/60] Paper Dolls: Conclusion #39
  [34/60] Unmanned Chapter Four #4
  [35/60] The Hour of our Death #40
  [36/60] Buttons #41
  [37/60] 1,000 Typewriters #42
  [38/60] Kimono Dragons #43
  [39/60] Kimono Dragons: Chapter Two #44
  [40/60] Kimono Dragons: Chapter Three #45
  [41/60] Kimono Dragons: Conclusion #46
  [42/60] The Tin Man #47
  [43/60] Gehenna #48
  [44/60] Motherland #49
  [45/60] Unmanned Conclusion #5
  [46/60] Motherland: Part Two #50
  [47/60] Motherland, Chapter Three #51
  [48/60] Motherland: Conclusion #52
  [49/60] The Obituarist #53
  [50/60] Tragicomic #54
  [51/60] Whys and Wherefores: Chapter One #55
  [52/60] Whys and Wherefores: Chapter Two #56
  [53/60] Whys and Wherefores: Chapter Three #57
  [54/60] Whys and Wherefores, Chapter Four #58
  [55/60] Whys and Wherefores: Conclusion #59
  [56/60] Cycles: Chapter One #6
  [57/60] Alas #60
  [58/60] Cycles: Chapter Two #7
  [59/60] Cycles: Chapter Three #8
  [60/60] Cycles: Chapter Four #9

=== Processing volume: Fables (DC Comics) ===
  matched volume: Fables | id: 9723 | publisher: DC Comics | issue count: None
  fetched 161 issues
  [1/161] Chapter One: Old Tales Revisited #1
  [2/161] Twilight of the Dogs: Part Five of Animal Farm #10
  [3/161] Single Combat #100
  [4/161] The Ascent #101
  [5/161] The Next Big Plan: Chapter One of Super Team #102
  [6/161] Selection Day: Chapter Two of Super Team #103
  [7/161] F-Men!: Chapter Three of Super Team #104
  [8/161] The Wind that Shakes the Worlds: Chapter Four of Super-Team #105
  [9/161] Downfall: Chapter Five of Super-Team #106
  [10/161] Waking Beauty #107
  [11/161] Hall of the Mountain King, Chapter One of Inherit the Wind #108
  [12/161] Cardinal Virtues: Chapter Two of Inherit the Wind #109
  [13/161] Bag O' Bones #11
  [14/161] Allies: Chapter Three of Inherit the Wind #110
  [15/161] Windswept: Chapter Four of Inherit the Wind #111
  [16/161] All In A Single Night #112
  [17/161] In Those Days #113
  [18/161] Toy Boat: Chapter One of Cubs in Toyland; A Revolution in Oz - Chapter 1: The Treasure House #114
  [19/161] Teddy Bear: Chapter Two of Cubs in Toyland, A Revolution in Oz, Chapter Two: The Big Plan #115
  [20/161] Cubs in Toyland, Part 3: Clockwork Tiger, A Revolution in Oz, Chapter Three: At The End Of His Rope #116
  [21/161] Cubs in Toyland Chapter 4: Action Figures, A Revolution in Oz, Chapter Four: General Orders #117
  [22/161] Cubs in Toyland, Part 5: Broken Kite, A Revolution in Oz, Chapter Five: Bounty on the Mutiny #118
  [23/161] Cubs in Toyland, Part 6: Wooden Toys, A Revolution in Oz Chapter Six: The Lollipop Killed #119
  [24/161] A Sharp Operation: Part One of a Two-Part Caper #12
  [25/161] Cubs in Toyland, Part 7: Beach Toys, A Revolution in Oz Chapter Seven: A Single Loose Rock #120
  [26/161] Toy Repair: Chapter 8 of Cubs in Toyland, A Revolution in Oz Chapter Eight: Flight Without Wings #121
  [27/161] The Destiny Game, Part One, A Revolution in Oz Chapter Nine: All The Marbles #122
  [28/161] The Destiny Game Part Two of Two, A Revolution in Oz Chapter Ten: Enough Rope #123
  [29/161] A Revolution in Oz, Chapter Eleven: Emperor Bufkin #124
  [30/161] Riding in Cars With Gods: Chapter One of Snow White #125
  [31/161] Fabletown by the Book: Chapter Two of Snow White #126
  [32/161] The Shipping News: Chapter Three of Snow White #127
  [33/161] Through A Glass Darkly: Chapter Four of Snow White #128
  [34/161] Snow Falling On Glass: Chapter Five of Snow White #129
  [35/161] Dirty Business: Part Two of a Two-Part Caper #13
  [36/161] Junebug #130
  [37/161] A Heart Remote and Unyielding: Part One of Camelot #131
  [38/161] Bird Calls: Part Two of Camelot #132
  [39/161] Straight Through the Heart: Part Three of Camelot #133
  [40/161] Deeper Into the Woods: A Camelot Interlude #134
  [41/161] Assemble: Part Four of Camelot #135
  [42/161] A Day at the Lake: Part Five of Camelot #136
  [43/161] An Early Winter: Part Six of Camelot #137
  [44/161] Root & Branch #138
  [45/161] The Boys in the Band Part 1 of 2 #139
  [46/161] The Mouse Police Never Sleep: Storybook Love Part One #14
  [47/161] The Boys in the Band Part 2 of 2 #140
  [48/161] Remembrance Day: Chapter One of Happily Ever After #141
  [49/161] Who's Afraid of the Big Bad Wolf? Chapter Two of Happily Ever After #142
  [50/161] A Ring of Glass and Shadow or: The Last Weyland Smith Story: Chapter Three of Happily Ever After #143
  [51/161] Bigby Wolf and the Blustery Day: Chapter Four of Happily Ever After #144
  [52/161] The Last Cinderella Story Part One; Reprise: Chapter Five of Happily Ever After #145
  [53/161] The Thomas Wolfe Syndrome: Chapter Six of Happily Ever After; The Last Story of Prince Charming #146
  [54/161] The Peaceable Kingdom: Chapter Seven of Happily Ever After; The Last Beauty and the Beast Story #147
  [55/161] Tontine: Chapter Eight of Happily Ever After; The Very Last Jack of Fables Story of All Time #148
  [56/161] Generations: Chapter Nine of Happily Ever After; The Last Story of Briar Rose #149
  [57/161] Into the Woods: Storybook Love Part Two #15
  [58/161] The Black Forest Chapter One: Greenjack #151
  [59/161] The Black Forest Chapter Two: Pandemonium #152
  [60/161] The Black Forest Chapter Three: Big Adventure #153
  [61/161] The Black Forest Chapter Four: Trouble #154
  [62/161] The Black Forest Chapter Five: Unboxing Day #155
  [63/161] The Black Forest Chapter Six: The Tinker Bell Dilemma #156
  [64/161] The Black Forest Chapter Seven:  Summer Winds; The Black Forest Chapter Eight: Golden Days #157
  [65/161] The Black Forest Chapter Eight: Villainy #158
  [66/161] The Black Forest Chapter Nine: The Man/Woman/Beast Who Would be King #159
  [67/161] Duel: Storybook Love Part Three #16
  [68/161] The Black Forest Chapter Ten: Tremble #160
  [69/161] The Black Forest Chapter Eleven: The Fight in the Dog #161
  [70/161] The Black Forest Chapter Twelve: Rightful Prey #162
  [71/161] Road-Runner and Coyote Ugly: Storybook Love Part Four #17
  [72/161] Barleycorn Brides #18
  [73/161] Out of the Woods: Chapter One - March of the Wooden Soldiers #19
  [74/161] Chapter Two: The (Un)Usual Suspects #2
  [75/161] Red, White and Blue: Chapter Two - March of the Wooden Soldiers #20
  [76/161] Stop Me If You've Heard This One, But a Man Walks Into a Bar...: Chapter Three - March of the Wooden Soldiers #21
  [77/161] Cinderella Libertine #22
  [78/161] Our Second Amendment Issue: Chapter Four - March of the Wooden Soldiers #23
  [79/161] The Letter: Chapter Five of March of the Wooden Soldiers #24
  [80/161] Our Right to Assemble Issue: Chapter Six - March of the Wooden Soldiers #25
  [81/161] The Battle of Fabletown: Chapter Seven - March of the Wooden Soldiers #26
  [82/161] In Like A Lion - Out on the Lam: Chapter Eight - March of the Wooden Soldiers #27
  [83/161] Dog Company: War Stories, Part One #28
  [84/161] Frankenstein Versus the Wolf Man: War Stories, Part Two #29
  [85/161] Chapter Three: Blood Tells #3
  [86/161] The Cruel, Hot Summer #30
  [87/161] The Long, Hard Fall #31
  [88/161] The Dark, Killing Winter #32
  [89/161] Until the Spring #33
  [90/161] Jack Be Nimble: Part One of Two #34
  [91/161] Jack Be Nimble: Part Two of Two #35
  [92/161] Death & Taxes: Chapter One of Homelands #36
  [93/161] The Saint George Syndrome: Chapter Two of Homelands #37
  [94/161] Petition Day: Chapter Three of Homelands #38
  [95/161] Meanwhile #39
  [96/161] Chapter Four: Remembrance Day #4
  [97/161] He's Only a Bird in a Gilded Cage: Chapter Four of Homelands #40
  [98/161] Pax Imperium: Chapter Five of Homelands #41
  [99/161] Arabian Nights (and Days), Chapter One: Broken English #42
  [100/161] Arabian Nights (and Days), Chapter Two: D'jinn & Tonic With a Twist #43
  [101/161] Arabian Nights (and Days), Chapter Three: Back to Baghdad #44
  [102/161] Arabian Nights (and Days), Chapter Four: Act Of War #45
  [103/161] The Ballad of Rodney and June (part 1 of 2) #46
  [104/161] The Ballad of Rodney and June (Part 2 of 2) #47
  [105/161] Wolves, Part 1 #48
  [106/161] Wolves, Part 2 of 2 #49
  [107/161] Chapter Five: The Famous Parlor Room Scene (Sans Parlor) #5
  [108/161] Happily Ever After #50
  [109/161] Big and Small #51
  [110/161] Some Ideas Toward the Prospect of a Final Solution for Fabletown: Part One of Sons of the Empire; Hair #52
  [111/161] Sons of the Empire, Part Two: The Four Plagues; Porky Pine Pie #53
  [112/161] Sons of the Empire, Part Three: The Burning Times; A Thorn In Their Side? #54
  [113/161] Over There: Part Four of Sons of Empire; The Road to Paradise #55
  [114/161] Jiminy Christmas #56
  [115/161] A Man's Home is His Castle, Part One of Father and Son #57
  [116/161] Big Scary Monsters, Part Two of Father and Son #58
  [117/161] Burning Questions #59
  [118/161] Road Trip: Part One of Animal Farm #6
  [119/161] The Good Prince, Chapter One: Flycatcher #60
  [120/161] The Good Prince, Chapter Two: Forsworn #61
  [121/161] The Good Prince, Chapter Three: Knighthood #62
  [122/161] The Good Prince, Chapter Four: Home #63
  [123/161] The Birthday Secret #64
  [124/161] The Good Prince, Chapter Five: Duel #65
  [125/161] The Good Prince, Chapter Six: Envoy #66
  [126/161] The Good Prince, Chapter Seven: Haven #67
  [127/161] The Good Prince, Chapter Eight: Kingdom #68
  [128/161] The Good Prince, Chapter Nine, Conclusion: Eternal #69
  [129/161] The Guns of Fabletown: Part Two of Animal Farm #7
  [130/161] Kingdom Come #70
  [131/161] Skulduggery, Part One of Two #71
  [132/161] Skulduggery, Part 2 of 2 #72
  [133/161] War and Pieces, Chapter One: Voyage of The Sky Treader #73
  [134/161] War and Pieces, Chapter Two: A Very One-Sided War #74
  [135/161] War & Pieces, Part Three: The Fire Ship; Chapter Four: Fort Bravo!; Epilogue: Amnesty #75
  [136/161] Around the Town #76
  [137/161] Life in a Headless Empire - Chapter One of The Dark Ages #77
  [138/161] Boxes: Chapter Two Of The Dark Ages #78
  [139/161] Fabletown Unbound: Chapter Three Of The Dark Ages #79
  [140/161] The Pirates of Upstate New York: Part Three of Animal Farm #8
  [141/161] The Darkest Hour: Chapter Four Of The Dark Ages; Mowgli For Dinner, Part Four Of Five #80
  [142/161] The Blue Horizon: Chapter Five of the Dark Ages #81
  [143/161] Waiting for the Blues (An Epilogue of Sorts for The Dark Ages); Home From The Jungle, Part Five Of Five #82
  [144/161] The Great Fables Crossover, Part 1 of 9: The Call #83
  [145/161] The Great Fables Crossover, Part 4 of 9: Jack's Back #84
  [146/161] The Great Fables Crossover, Part 7 of 9: A Pair of Jacks #85
  [147/161] Boxing Days #86
  [148/161] Bufkin: Chapter One of Witches #87
  [149/161] Totenkinder: Chapter Two of Witches #88
  [150/161] Baba Yaga: Chapter Three of Witches #89
  [151/161] Warlord of the Flies: Part Four of Animal Farm #9
  [152/161] Ozma: Chapter Four of Witches #90
  [153/161] Geppetto: Chapter Five of Witches #91
  [154/161] Out to the Ball Game, Part 1 of 2 #92
  [155/161] The Little Murder, Part 2 of 2 #93
  [156/161] The Barbara Allen Incident, Chapter One of Rose Red #94
  [157/161] Snow White & Rose Red, Chapter Two of Rose Red #95
  [158/161] Snow White and the Seven Dwarfs, Chapter Three of Rose Red #96
  [159/161] Dark Age Party Girl, Chapter Four of Rose Red #97
  [160/161] Red Dawn, Chapter Five of Rose Red #98
  [161/161] Dark City #99

=== Processing volume: Transmetropolitan (DC Comics) ===
  matched volume: Transmetropolitan | id: 5989 | publisher: DC Comics | issue count: None
  fetched 60 issues
  [1/60] The Summer of the Year #1
  [2/60] Freeze Me with Your Kiss, Part I of III #10
  [3/60] Freeze Me with Your Kiss, Part II of III #11
  [4/60] Freeze Me with Your Kiss, Part III of III #12
  [5/60] Year of the Bastard #13
  [6/60] Year of the Bastard 2: Badmouth #14
  [7/60] Year of the Bastard 3: Smile #15
  [8/60] Year of the Bastard 4: Hate #16
  [9/60] Year of the Bastard 5: Love #17
  [10/60] Year of the Bastard 6: Bastard #18
  [11/60] The New Scum 1: New Home #19
  [12/60] Down the Dip #2
  [13/60] The New Scum 2: New City #20
  [14/60] The New Scum 3: New President #21
  [15/60] The New Scum 4: New Streets #22
  [16/60] The New Scum 5: New Boss #23
  [17/60] The New Scum 6: New Scum #24
  [18/60] Here To Go #25
  [19/60] 21 Days in the City #26
  [20/60] Monstering! #27
  [21/60] Lonely City, One of Three #28
  [22/60] Lonely City, Two of Three #29
  [23/60] Up On the Roof #3
  [24/60] Lonely City, Three of Three #30
  [25/60] Nobody Loves Me #31
  [26/60] The Walk #32
  [27/60] Dancing in The Here and Now #33
  [28/60] Gouge Away: Part One of Three #34
  [29/60] Gouge Away Part Two of Three #35
  [30/60] Gouge Away Part Three of Three #36
  [31/60] Back To Basics: One of Three #37
  [32/60] Back To Basics: Two of Three #38
  [33/60] Back To Basics: Three of Three #39
  [34/60] On the Stump #4
  [35/60] Business #40
  [36/60] There Is A Reason #41
  [37/60] Spider's Trash #42
  [38/60] Dirge: One of Three #43
  [39/60] Dirge: Two of Three #44
  [40/60] Dirge: Three of Three #45
  [41/60] What I Know #46
  [42/60] Wants His Face on the Dollar Bill #47
  [43/60] Running Out #48
  [44/60] Here Comes the Sun #49
  [45/60] What Spider Watches on TV #5
  [46/60] Happy Talk #50
  [47/60] Two-Fisted Editor #51
  [48/60] The Cure: One of Three #52
  [49/60] The Cure: Two of Three #53
  [50/60] The Cure: Three of Three #54
  [51/60] Headlong: One of Three #55
  [52/60] Headlong: Two of Three #56
  [53/60] Headlong: Three of Three #57
  [54/60] Straight to Hell #58
  [55/60] The Long Day Closes #59
  [56/60] God Riding Shotgun #6
  [57/60] One More Time #60
  [58/60] Boyfriend is a Virus #7
  [59/60] Another Cold Morning #8
  [60/60] Wild in the Country #9

=== Processing volume: Spawn (Image) ===
  matched volume: Spawn | id: 4937 | publisher: Image | issue count: None
  fetched 374 issues
  [1/374] Questions Pt.1 #1
  [2/374] Crossing Over #10
  [3/374] Milestone #100
  [4/374] Aftermath #101
  [5/374] Cautionary Tales - Part I: The Speed of Night #102
  [6/374] Cautionary Tales - Part II #103
  [7/374] Cautionary Tales - Part III #104
  [8/374] Retribution Overdrive, Part 1 #105
  [9/374] Retribution Overdrive - Part II #106
  [10/374] The Kingdom, Part I #107
  [11/374] The Kingdom, Part II #108
  [12/374] The Kingdom, Part III #109
  [13/374] Home Story #11
  [14/374] The Kingdom, Part IV #110
  [15/374] The Kingdom Part V #111
  [16/374] The Kingdom, Part VI #112
  [17/374] The Kingdom, Part VII #113
  [18/374] The Bridge - Part I #114
  [19/374] The Bridge - Part II #115
  [20/374] Consequences #116
  [21/374] A Season in Hell - Part I #117
  [22/374] A Season in Hell - Part II #118
  [23/374] A Season in Hell - Part III #119
  [24/374] Flashback Pt.1 #12
  [25/374] A Season in Hell - Part IV #120
  [26/374] Salvation Road - Part I #121
  [27/374] Salvation Road - Part II #122
  [28/374] Salvation Road - Part III #123
  [29/374] Salvation Road - Part IV #124
  [30/374] Wake Up Dreaming - Part I #125
  [31/374] Wake Up Dreaming - Part II #126
  [32/374] Wake Up Dreaming - Part III #127
  [33/374] Wake Up Dreaming - Part IV #128
  [34/374] Wake Up Dreaming - Part V #129
  [35/374] Flashback Pt.2 #13
  [36/374] Seven and a Half Ghosts - Part I #130
  [37/374] Seven and a Half Ghosts - Part II #131
  [38/374] Pratfall #132
  [39/374] The Gentleman Caller #133
  [40/374] A Thousand Clowns, Part One #134
  [41/374] A Thousand Clowns, Part Two #135
  [42/374] A Thousand Clowns, Part Three #136
  [43/374] A Thousand Clowns, Part Four #137
  [44/374] A Thousand Clowns, Part Five #138
  [45/374] Hellbound - Part I #139
  [46/374] Myths Pt.1 #14
  [47/374] Hellbound - Part II #140
  [48/374] Hellbound - Part III #141
  [49/374] Devil To Pay - Part 1 #142
  [50/374] Devil To Pay - Part 2 #143
  [51/374] Devil To Pay - Part 3 #144
  [52/374] Destination: Anywhere - Part 1 #145
  [53/374] Destination Anywhere, Part 2 #146
  [54/374] Howl #147
  [55/374] Random Patterns - Part I #148
  [56/374] Random Patterns, Part 2 #149
  [57/374] Myths Pt.2 #15
  [58/374] Prologue #150
  [59/374] The Promise #151
  [60/374] Tear His Soul Apart #152
  [61/374] Issue 153 #153
  [62/374] Issue 154 #154
  [63/374] Issue 155 #155
  [64/374] Issue 156 #156
  [65/374] Issue 157 #157
  [66/374] Issue 158 #158
  [67/374] Issue 159 #159
  [68/374] Reflections Pt. 1 #16
  [69/374] Issue 160 #160
  [70/374] Issue 161 #161
  [71/374] Issue 162 #162
  [72/374] Reconstruction #163
  [73/374] Home Coming #164
  [74/374] Mandarin Spawn #165
  [75/374] The Voice-Hearers - Part 1: Skin Deep #166
  [76/374] The Voice-Hearers - Part 2: The Peanut Butter Lady #167
  [77/374] The Voice-Hearers - Part 3: Laughter In The Dark #168
  [78/374] Voodoo Child #169
  [79/374] Reflections Pt. 2 #17
  [80/374] A Tale of Three Brothers, Part 1: Hellhouse #170
  [81/374] A Tale of Three Brothers, Part 2: Rememberance #171
  [82/374] A Tale of Three Brothers, Part 3: Sins Past #172
  [83/374] A Tale of Three Brothers, Part 4: Secrets and Lies #173
  [84/374] Gunslinger Spawn: Part 1 #174
  [85/374] Gunslinger Spawn: Part 2 #175
  [86/374] The Monster in the Bubble, Part I #176
  [87/374] The Monster in the Bubble, Part II #177
  [88/374] Dead Man Walking #178
  [89/374] War Spawn #179
  [90/374] Reflections Pt. 3 #18
  [91/374] Issue 180 #180
  [92/374] The Best of Times #181
  [93/374] Bad Blood #182
  [94/374] Transformations #183
  [95/374] The End #184
  [96/374] Endgame, Part 1 #185
  [97/374] Endgame, Part 2 #186
  [98/374] Endgame, Part Three #187
  [99/374] Endgame, Part 4 #188
  [100/374] Endgame, Part 5 #189
  [101/374] Showtime Pt. 1 #19
  [102/374] Endgame, Part 6 #190
  [103/374] Endgame, Part 7 #191
  [104/374] Endgame, Part 8 #192
  [105/374] Endgame, Part 9 #193
  [106/374] Endgame, Part 10 #194
  [107/374] Endgame, Part 11; Image United Prelude, Part 4 #195
  [108/374] Endgame Conclusion #196
  [109/374] [Untitled] #197
  [110/374] Issue 198 #198
  [111/374] Issue 199 #199
  [112/374] Questions Pt.2 #2
  [113/374] Showtime Pt. 2 #20
  [114/374] Untitled (200th Anniversary Special) #200
  [115/374] Vampire #201
  [116/374] Issue 202 #202
  [117/374] Issue 203 #203
  [118/374] Issue 204 #204
  [119/374] Issue 205 #205
  [120/374] Issue 206 #206
  [121/374] Q&A - Part 1: Spawn vs. Twitch #207
  [122/374] Q&A - Part 2 #208
  [123/374] Q&A - Part 3 #209
  [124/374] The Hunt Pt. 1 #21
  [125/374] Q&A - Part 4 #210
  [126/374] Violation Of Trust, Part One #211
  [127/374] Violation of Trust, Part 2 of 2 #212
  [128/374] The Gathering Storm, Part 1 (of 6) #213
  [129/374] The Gathering Storm, Part 2 (of 6) #214
  [130/374] The Gathering Storm, Part 3 (of 6) #215
  [131/374] The Gathering Storm, Part 4 (of 6) #216
  [132/374] The Gathering Storm, Part 5 (of 6) #217
  [133/374] The Gathering Storm, Part 6 (of 6) #218
  [134/374] Eye of the Storm Pt. 1 #219
  [135/374] The Hunt Pt. 2 #22
  [136/374] Origin of the Species, Part 1: 20th Anniversary Issue #220
  [137/374] Origin of the Species, Part 2 #221
  [138/374] Origin of the Species, Part 3 #222
  [139/374] Origin of the Species, Part 4 #223
  [140/374] Origin of the Species, Part Five #224
  [141/374] De-Programmed Part One #225
  [142/374] De-Programmed, Part Two #226
  [143/374] De-Programmed Part Three: The Life and Death of Jason Wynn Conclusion #227
  [144/374] Collateral Damage #228
  [145/374] Complex Messiah  Part 1 #229
  [146/374] The Hunt Pt. 3 #23
  [147/374] Complex Messiah, Part Two #230
  [148/374] Celebrity Savior Part Three #231
  [149/374] Celebrity Savior, Part Four #232
  [150/374] Celebrity Savior, Part 5; Spawn Costume Origin, Part 1 #233
  [151/374] Celebrity Savior, Part 6; Spawn Costume Origin, Part 2 #234
  [152/374] Spawn Costume Origin, Part 3: Bluddlines #235
  [153/374] Spawn Costume Origin, Part 4: Consequences #236
  [154/374] Issue 237 #237
  [155/374] Issue 238 #238
  [156/374] Issue 239 #239
  [157/374] The Hunt Pt. 4 #24
  [158/374] Issue 240 #240
  [159/374] Issue 241 #241
  [160/374] Issue 242 #242
  [161/374] Issue 243 #243
  [162/374] Issue 244 #244
  [163/374] Issue 245 #245
  [164/374] Issue 246 #246
  [165/374] Issue 247 #247
  [166/374] Issue 248 #248
  [167/374] Issue 249 #249
  [168/374] Tremors #25
  [169/374] Issue 250 #250
  [170/374] Issue 251 #251
  [171/374] Issue 252 #252
  [172/374] Issue 253 #253
  [173/374] Issue 254 #254
  [174/374] Issue 255 #255
  [175/374] Issue 256 #256
  [176/374] Issue 257 #257
  [177/374] Issue 258 #258
  [178/374] The Satan Saga Wars Part 1 of 4 #259
  [179/374] The Dark #26
  [180/374] The Satan Saga Wars Part 2 of 4 #260
  [181/374] The Satan Saga Wars Part 3 of 4 #261
  [182/374] The Satan Saga Wars Part 4 of 4 #262
  [183/374] Issue 263 #263
  [184/374] Issue 264 #264
  [185/374] Issue 265 #265
  [186/374] Issue 266 #266
  [187/374] Issue 267 #267
  [188/374] Issue 268 #268
  [189/374] Issue 269 #269
  [190/374] Cursed #27
  [191/374] Issue 270 #270
  [192/374] Issue 271 #271
  [193/374] Issue 272 #272
  [194/374] Issue 273 #273
  [195/374] Issue 274 #274
  [196/374] Issue 275 #275
  [197/374] Dark Horror Part One #276
  [198/374] Dark Horror Part Two #277
  [199/374] Dark Horror Part Three #278
  [200/374] Dark Horror Part Four #279
  [201/374] Protector #28
  [202/374] Dark Horror Part Five #280
  [203/374] Dark Horror Part Six #281
  [204/374] Dark Horror Conclusion #282
  [205/374] Issue 283 #283
  [206/374] Issue 284 #284
  [207/374] Issue 285 #285
  [208/374] Issue 286 #286
  [209/374] Issue 287 #287
  [210/374] Issue 288 #288
  [211/374] Issue 289 #289
  [212/374] Father #29
  [213/374] Issue 290 #290
  [214/374] Issue 291 #291
  [215/374] Issue 292 #292
  [216/374] Issue 293 #293
  [217/374] Issue 294 #294
  [218/374] Issue 295 #295
  [219/374] History of Spawn Part 1 #296
  [220/374] History of Spawn Part 2 #297
  [221/374] Issue 298 #298
  [222/374] Issue 299 #299
  [223/374] Questions Pt.3 #3
  [224/374] The Clan #30
  [225/374] Issue 300 #300
  [226/374] The Record #301
  [227/374] Hell Hunt Part 1; Night Terror #302
  [228/374] Hell Hunt Part 2; Night Terror #303
  [229/374] Hell Hunt Part 3 #304
  [230/374] Hell Hunt Part 4 #305
  [231/374] Prophecy of Death Part 1 #306
  [232/374] Prophecy of Death Part 2 #307
  [233/374] Consequence of Sin Part 1 #308
  [234/374] Consequence of Sin Part 2 #309
  [235/374] The Homecoming #31
  [236/374] Issue 310 #310
  [237/374] Cult of Omega Part 1 #311
  [238/374] Cult of Omega Part 2 #312
  [239/374] Cult of Omega Part 3 #313
  [240/374] Chain Gang, Part One #314
  [241/374] Chain Gang, Part Two #315
  [242/374] Chain Gang, Part Three #316
  [243/374] Chain Gang, Part Four #317
  [244/374] Issue 318 #318
  [245/374] Issue 319 #319
  [246/374] Appearances #32
  [247/374] Issue 320 #320
  [248/374] Issue 321 #321
  [249/374] Issue 322 #322
  [250/374] Issue 323 #323
  [251/374] Issue 324 #324
  [252/374] Issue 325 #325
  [253/374] Issue 326 #326
  [254/374] Issue 327 #327
  [255/374] Issue 328 #328
  [256/374] Issue 329 #329
  [257/374] Shadows #33
  [258/374] Issue 330 #330
  [259/374] Issue 331 #331
  [260/374] Issue 332 #332
  [261/374] Issue 333 #333
  [262/374] Issue 334 #334
  [263/374] Issue 335 #335
  [264/374] Issue 336 #336
  [265/374] Issue 337 #337
  [266/374] Issue 338 #338
  [267/374] Issue 339 #339
  [268/374] Ripples #34
  [269/374] Issue 340 #340
  [270/374] Issue 341 #341
  [271/374] Issue 342 #342
  [272/374] Issue 343 #343
  [273/374] Issue 344 #344
  [274/374] Issue 345 #345
  [275/374] Issue 346 #346
  [276/374] Issue 347 #347
  [277/374] Issue 348 #348
  [278/374] Issue 349 #349
  [279/374] Set Up, Part 1 #35
  [280/374] Issue 350 #350
  [281/374] Issue 351 #351
  [282/374] Issue 352 #352
  [283/374] Issue 353 #353
  [284/374] Issue 354 #354
  [285/374] Issue 355 #355
  [286/374] Issue 356 #356
  [287/374] Issue 357 #357
  [288/374] Issue 358 #358
  [289/374] Issue 359 #359
  [290/374] Set Up, Part 2 #36
  [291/374] Issue 360 #360
  [292/374] Issue 361 #361
  [293/374] Issue 362 #362
  [294/374] Issue 363 #363
  [295/374] Issue 364 #364
  [296/374] Issue 365 #365
  [297/374] Issue 366 #366
  [298/374] Issue 367 #367
  [299/374] Issue 368 #368
  [300/374] Issue 369 #369
  [301/374] The Freak #37
  [302/374] Issue 370 #370
  [303/374] Issue 371 #371
  [304/374] Issue 372 #372
  [305/374] Issue 373 #373
  [306/374] Issue 374 #374
  [307/374] Mindgames #38
  [308/374] Noel #39
  [309/374] Questions Pt.4 #4
  [310/374] Fugitives 1 #40
  [311/374] Fugitives 2 #41
  [312/374] Fanboy #42
  [313/374] Evil #43
  [314/374] Avenger #44
  [315/374] Warriors #45
  [316/374] Revenge #46
  [317/374] Twisted #47
  [318/374] The System #48
  [319/374] Helter Skelter #49
  [320/374] Justice #5
  [321/374] Choices #50
  [322/374] Freefall #51
  [323/374] Messiah #52
  [324/374] The Reckoning #53
  [325/374] Reconciliation #54
  [326/374] Sabotage #55
  [327/374] Kahn #56
  [328/374] The Beast #57
  [329/374] Orphans #58
  [330/374] Vanished #59
  [331/374] Payback, Part 1 #6
  [332/374] Dwarfed #60
  [333/374] Sanctuary #61
  [334/374] Return #62
  [335/374] Identity #63
  [336/374] Checkmate #64
  [337/374] The Past #65
  [338/374] Demons #66
  [339/374] Homeland #67
  [340/374] Intersection #68
  [341/374] Freaky #69
  [342/374] Payback, Part 2 #7
  [343/374] Darkness #70
  [344/374] Apparitions #71
  [345/374] Bloodless #72
  [346/374] The Heap #73
  [347/374] The Void #74
  [348/374] Sacred Ground #75
  [349/374] Farewell Dance #76
  [350/374] Relics #77
  [351/374] Bloodstains #78
  [352/374] Exterminator #79
  [353/374] In Heaven (Everything is Fine) #8
  [354/374] The Cleansing #80
  [355/374] Devil Inside, Part 1 #81
  [356/374] Devil Inside II #82
  [357/374] The Conqueror #83
  [358/374] The Waiting #84
  [359/374] Endgame #85
  [360/374] Abdication #86
  [361/374] Folklore #87
  [362/374] Seasons of Change #88
  [363/374] The Devil You Know #89
  [364/374] Angela #9
  [365/374] Three Uses of the Knife #90
  [366/374] Black Cat Bones I #91
  [367/374] Black Cat Bones II #92
  [368/374] The Devil's Banquet #93
  [369/374] The Children's Hour #94
  [370/374] Cracks in the Foundation #95
  [371/374] Rules of Engagement #96
  [372/374] Heaven's Folly #97
  [373/374] The Trouble With Angels #98
  [374/374] The Edge of Darkness #99

=== Processing volume: Savage Dragon (Image) ===
  matched volume: Savage Dragon | id: 5170 | publisher: Image | issue count: None
  fetched 282 issues
  [1/282] The Way It Was #0
  [2/282] The Savage Dragon! #1
  [3/282] Issue ½ #½
  [4/282] Issue 10 #10
  [5/282] The Choice; The End; The Power of Mighty Man; Breaking Point; A Turn For The Worse; Losing Control; Possessed; Invasion; Love Story; Martians Attack; Life's End #100
  [6/282] Problem Child #101
  [7/282] Child Warfare; Suffer The Children #102
  [8/282] If This Be Doomsday #103
  [9/282] A New Beginning #104
  [10/282] Candyman!; Those Who would Destroy Us #105
  [11/282] Christmas Stalking #106
  [12/282] The New Kids on the Block #107
  [13/282] The Flying Shoes Incident #108
  [14/282] When Falls The Hero; The Balance of Power #109
  [15/282] Issue 11 #11
  [16/282] Danger In Dimension-X! ; With Great Power... #110
  [17/282] Lo, There Shall Come ...An Ending!" ; Sewing The Seeds of Doubt #111
  [18/282] Up From The Depths; Give And Take #112
  [19/282] The Vicious Circle Rising! ; The Never Ending War Against Evil-- Begins! #113
  [20/282] Mission: Kill the Savage Dragon! ; War And Peace #114
  [21/282] Final Battle! ; Prisoners of War; Dragon Slayer #115
  [22/282] Power Outage; Judge And Jury #116
  [23/282] Broken Hearts, Broken Dreams; Victory--And Death #117
  [24/282] Arachnophobia; Casualties of War #118
  [25/282] Bushwhacked!; When Titans Clash #119
  [26/282] Issue 12 #12
  [27/282] The Vote Is In! #120
  [28/282] The Long Journey Home #121
  [29/282] Attack From Iraq #122
  [30/282] The Doomed Patrol; Chicken #123
  [31/282] Dread Knight Returns; The Reckoning #124
  [32/282] Things Get Worse; The Wish; Power Shortage; A Very Glum X-Mas; The Fly; A Wish Granted #125
  [33/282] Mr. Glum Takes Over The World; Battle #126
  [34/282] Glum World II #127
  [35/282] Wanted #128
  [36/282] Defensless #129
  [37/282] The Hunger; Identity Crisis #130
  [38/282] Siege #131
  [39/282] Battle Girl / Rock House Diner: Homecoming / Prelude #132
  [40/282] The Land Down Under #133
  [41/282] Bombed #134
  [42/282] Battle In Seattle #135
  [43/282] Prism Attacks!; Finding Nirvana #136
  [44/282] Gotterdammerung #137
  [45/282] Have You Seen Me? #138
  [46/282] Death Knell #139
  [47/282] Issue 13A #13A
  [48/282] Issue 13B #13B
  [49/282] Possession: Part 1 #14
  [50/282] United We Stand #140
  [51/282] The Victims #141
  [52/282] Hunted #142
  [53/282] The Answer #143
  [54/282] One Day At A Time #144
  [55/282] Force Of One #145
  [56/282] Ladykiller #146
  [57/282] Virus #147
  [58/282] Daredevil #148
  [59/282] Dart Attack; The Watchers Of The Pirate Gorge(Part 2); #149
  [60/282] Possession: Part 2 #15
  [61/282] Overlord; End Of The Game; The Mission; Power Struggle #150
  [62/282] Shark Attack #151
  [63/282] Picking Up The Pieces #152
  [64/282] Reunion; Image United Prelude, Part 1 #153
  [65/282] Transformations #154
  [66/282] Dragon War, Part One - Preparations for War #155
  [67/282] Dragon War, Part Two - Holocaust In The Hearth of Chicago #156
  [68/282] Dragon War, Part Three - Turning Point #157
  [69/282] Dragon War, Part Four - The Edge #158
  [70/282] Dragon War, Part Five - Hunt The Dragon #159
  [71/282] Possession: Part 3 #16
  [72/282] Dragon War, Part Six - Battlefront #160
  [73/282] Dragon Wars: Aftermatch; The Stinker #161
  [74/282] Motor City Mayhem #162
  [75/282] Emperor Dragon, Part One: Thor; Faster, Baby! Yeah Yeah! #163
  [76/282] Emperor Dragon, Part Two: First Strike; Inside #164
  [77/282] Emperor Dragon, Part Three #165
  [78/282] Emperor Dragon, Part Four: Holocaust #166
  [79/282] Emperor Dragon, Part Five: The Way It Ends #167
  [80/282] Emperor Dragon, Part Eight: This Ravaged World #168
  [81/282] Emperor Dragon, Aftermath: Starting Over #169
  [82/282] Issue 17 #17
  [83/282] Turning Point #170
  [84/282] Falling Down #171
  [85/282] Last Dance #172
  [86/282] The Visitors #173
  [87/282] The Return of Rex Dexter #174
  [88/282] The Awakening #175
  [89/282] Confrontation #176
  [90/282] When The Monster Wakes #177
  [91/282] Invasion #178
  [92/282] Invasion #179
  [93/282] Issue 18 #18
  [94/282] The Way It Must Be / Annihilation #180
  [95/282] Lo, There Shall Come... An Ending! #181
  [96/282] Overlord Triumphant! #182
  [97/282] Special 20th Anniversary Issue! #183
  [98/282] The Trial of Savage Dragon  #184
  [99/282] The Verdict  #185
  [100/282] The Long Goodbye #186
  [101/282] The Vicious Circle Rising #187
  [102/282] The Claw #188
  [103/282] The Cage #189
  [104/282] Issue 19 #19
  [105/282] Issue 190 #190
  [106/282] Jailbreak! #191
  [107/282] The Last Walk #192
  [108/282] A New Beginning! #193
  [109/282] Savage Dragon: The Next Generation! #194
  [110/282] Issue 195 #195
  [111/282] Issue 196 #196
  [112/282] Issue 197 #197
  [113/282] Weight of the World #198
  [114/282] Issue 199 #199
  [115/282] Fire Fight; The Outpost #2
  [116/282] Issue 20 #20
  [117/282] Issue 200 #200
  [118/282] Issue 201 #201
  [119/282] Issue 202 #202
  [120/282] Issue 203 #203
  [121/282] Issue 204 #204
  [122/282] Issue 205 #205
  [123/282] Graduating Clash #206
  [124/282] Issue 207 #207
  [125/282] In Final Battle #208
  [126/282] Issue 209 #209
  [127/282] Issue 21 #21
  [128/282] Issue 210 #210
  [129/282] Issue 211 #211
  [130/282] Issue 212 #212
  [131/282] The Next Generation #213
  [132/282] Issue 214 #214
  [133/282] Issue 215 #215
  [134/282] Issue 216 #216
  [135/282] Issue 217 #217
  [136/282] Issue 218 #218
  [137/282] Issue 219 #219
  [138/282] Issue 22 #22
  [139/282] Issue 220 #220
  [140/282] Issue 221 #221
  [141/282] Inferno #222
  [142/282] The Merging of Multiple Earths Part One #223
  [143/282] The Merging of Multiple Earths Part Two #224
  [144/282] The Merging of Multiple Earths Conclusion #225
  [145/282] Issue 226 #226
  [146/282] Issue 227 #227
  [147/282] Oh! Canada! Part Two #228
  [148/282] Issue 229 #229
  [149/282] Issue 23 #23
  [150/282] Issue 230 #230
  [151/282] The Savage Sex Dolls; Aquaria in Mer-Made In America Part III #231
  [152/282] Enter: The Wraith #232
  [153/282] Grim Reality! #233
  [154/282] Issue 234 #234
  [155/282] Issue 235 #235
  [156/282] Kids' Day Out! #236
  [157/282] Beware the Scourge! #237
  [158/282] Out For Blood! #238
  [159/282] The Deadly Demonoids, Part One (of Two) #239
  [160/282] Issue 24 #24
  [161/282] The Deadly Demonoids, Part Two (of Two): A City Under Siege! #240
  [162/282] Issue 241 #241
  [163/282] The Ant and the God! #242
  [164/282] Amy Dragon Fights Alone! #243
  [165/282] Face-To-Face With Powerhouse! #244
  [166/282] The Chained Man! #245
  [167/282] The Scourge Strikes!; G-Man Webcomics #246
  [168/282] Modern Warfare #247
  [169/282] The Gathering Storm! #248
  [170/282] The Shit Hits the Fan!; Mighty Man and the Voice from Valhalla #249
  [171/282] Issue 25 #25
  [172/282] Family Matters #250
  [173/282] Family Reunion!; Etherian: Ethereal Warriors Part 1 #251
  [174/282] Sunday Funnies; Ethrian Ethereal Warriors Part 2 #252
  [175/282] Wake Up Screaming!; Vicious Circle Rising!; Vanguard: Ethereal Warriors Part 3 #253
  [176/282] Vicious Circle Triumphant; Vanguard: Ethereal Warriors Part 4  #254
  [177/282] The Empty Grave!; Vanguard: Ethereal Warriors Part 5 #255
  [178/282] Jaws of Death!; Vanguard: Ethereal Warriors Part 6 #256
  [179/282] The Dragon and the Thunder God!: Ethereal Warriors Part 7 #257
  [180/282] A Walk On the Wild Side; Wake Up Screaming! #258
  [181/282] Welcome To North Force!; Bride of Wax Part 1 #259
  [182/282] Issue 26 #26
  [183/282] Torment!; Bride of Wax Part 2 #260
  [184/282] Into The Hornet’s Nest! #261
  [185/282] Scorched Earth! #262
  [186/282] Shark Attack! #263
  [187/282] The Story of Paul! #264
  [188/282] Samurai Strikes!; The Kid and the Dragon! #265
  [189/282] The Next Chapter #266
  [190/282] We Are Gathered Here Today; Hearts of Stone; Gentrify #267
  [191/282] Schoolgirl CRUSH!; Frankenstein Force #268
  [192/282] S.O.S. West! #269
  [193/282] Issue 27 #27
  [194/282] Chasing The Tiger! #270
  [195/282] While A Universe Trembles!; Whatever Happened To Greta Gearbox? #271
  [196/282] Where Stalk The Night-Dwellers!; Pitching Paranoia! #272
  [197/282] Bloodbath!; Glummy Frank #273
  [198/282] The Return of Mr. Glum! #274
  [199/282] Prisoner of the Reds!; Succession; In the Beginning...! #275
  [200/282] Amy Dragon unleashed!; Extreme make-over!, part one #276
  [201/282] Jackson Dragon Unleashed! #277
  [202/282] Issue 278 #278
  [203/282] Issue 279 #279
  [204/282] Issue 28 #28
  [205/282] Issue 29 #29
  [206/282] Issue 3 #3
  [207/282] Issue 30 #30
  [208/282] God Vs. The Devil #31
  [209/282] Issue 32 #32
  [210/282] Issue 33 #33
  [211/282] Issue 34 #34
  [212/282] Issue 35 #35
  [213/282] Issue 36 #36
  [214/282] Issue 37 #37
  [215/282] Issue 38 #38
  [216/282] Issue 39 #39
  [217/282] Issue 4 #4
  [218/282] Issue 40 #40
  [219/282] Issue 41 #41
  [220/282] Issue 42 #42
  [221/282] Issue 43 #43
  [222/282] Issue 44 #44
  [223/282] Issue 45 #45
  [224/282] Issue 46 #46
  [225/282] Issue 47 #47
  [226/282] Issue 48 #48
  [227/282] Issue 49 #49
  [228/282] Issue 5 #5
  [229/282] Critter Crime Wave; Wicked Worm's Circus of Evil; Basic Training; Mighty Man Battles The Conqueror Worm #50
  [230/282] Issue 51 #51
  [231/282] Issue 52 #52
  [232/282] Issue 53 #53
  [233/282] Issue 54 #54
  [234/282] Issue 55 #55
  [235/282] Issue 56 #56
  [236/282] Issue 57 #57
  [237/282] Issue 58 #58
  [238/282] Issue 59 #59
  [239/282] Issue 6 #6
  [240/282] Issue 60 #60
  [241/282] Issue 61 #61
  [242/282] Issue 62 #62
  [243/282] Issue 63 #63
  [244/282] Issue 64 #64
  [245/282] Issue 65 #65
  [246/282] Issue 66 #66
  [247/282] Superpatriot Vs. Darklord Round 1 #67
  [248/282] Issue 68 #68
  [249/282] Issue 69 #69
  [250/282] Issue 7 #7
  [251/282] Issue 70 #70
  [252/282] Issue 71 #71
  [253/282] Issue 72 #72
  [254/282] Issue 73 #73
  [255/282] Issue 74 #74
  [256/282] O' Deadly Darklord; Yucky Food #75
  [257/282] This Savage World! #76
  [258/282] Something Wild! #77
  [259/282] Mind-Slaves of the Brainchild! #78
  [260/282] Attack of the 60-Foot Woman! #79
  [261/282] Issue 8 #8
  [262/282] The Lurkers Beneath Lake Fear! #80
  [263/282] The Land Down Under! #81
  [264/282] The Bug Riders! #82
  [265/282] The Arena of Death! #83
  [266/282] Breakout From Command "D"! #84
  [267/282] Peril In Pittsburgh! #85
  [268/282] The World's Mightiest Man #86
  [269/282] Havoc In The Hidden City #87
  [270/282] To Challenge The Gods! #88
  [271/282] Panic In Detroit #89
  [272/282] Issue 9 #9
  [273/282] Homecoming #90
  [274/282] Rapture #91
  [275/282] Bring On The Bad Guys #92
  [276/282] America's Fighting Force #93
  [277/282] Kingdom Khan #94
  [278/282] End Game #95
  [279/282] Escape From The Void; The Killing Machine; The Creator #96
  [280/282] She-Dragon #97
  [281/282] Home #98
  [282/282] Savage Battle #99

=== Processing volume: The Walking Dead (Image) ===
  matched volume: The Walking Dead | id: 18166 | publisher: Image | issue count: None
  fetched 193 issues
  [1/193] Days Gone Bye, Pt. 1 #1
  [2/193] Miles Behind Us, Pt. 4 #10
  [3/193] Something To Fear, Pt. 4 #100
  [4/193] Something To Fear, Pt. 5 #101
  [5/193] Something To Fear, Pt. 6 #102
  [6/193] Abandon All Hope, Pt. 1 #103
  [7/193] Abandon All Hope, Pt. 2 #104
  [8/193] Abandon All Hope, Pt. 3 #105
  [9/193] Abandon All Hope, Pt. 4 #106
  [10/193] Abandon All Hope, Pt. 5 #107
  [11/193] Abandon All Hope, Pt. 6 #108
  [12/193] March To War, Pt. 1 #109
  [13/193] Miles Behind Us, Pt. 5 #11
  [14/193] March To War, Pt. 2 #110
  [15/193] March To War, Pt. 3 #111
  [16/193] March To War, Pt. 4 #112
  [17/193] March To War, Pt. 5 #113
  [18/193] March To War, Pt. 6 #114
  [19/193] All Out War Chapter 1 of 12 #115
  [20/193] All Out War Chapter 2 of 12 #116
  [21/193] All Out War Chapter 3 of 12 #117
  [22/193] All Out War Chapter 4 of 12 #118
  [23/193] All Out War Chapter 5 of 12 #119
  [24/193] Miles Behind Us, Pt. 6 #12
  [25/193] All Out War Chapter 6 of 12 #120
  [26/193] All Out War Chapter 7 of 12 #121
  [27/193] All Out War Chapter 8 of 12 #122
  [28/193] All Out War Chapter 9 of 12 #123
  [29/193] All Out War Chapter 10 of 12 #124
  [30/193] All Out War Chapter 11 of 12 #125
  [31/193] All Out War Chapter 12 of 12 #126
  [32/193] A New Beginning #127
  [33/193] After All This Time, She Should Be More Prepared #128
  [34/193] Even Now, They Still Find New Ways to Dispose of the Dead #129
  [35/193] Safety Behind Bars, Pt. 1 #13
  [36/193] There Were Whispers And I Was Afraid #130
  [37/193] A Journey Begins #131
  [38/193] Happiness #132
  [39/193] Impending Doom #133
  [40/193] From Whispers To Screams #134
  [41/193] Face To Face #135
  [42/193] Found #136
  [43/193] A Future Uncertain. #137
  [44/193] Confrontation #138
  [45/193] From the Edge of the World #139
  [46/193] Safety Behind Bars, Pt. 2 #14
  [47/193] Life and Death #140
  [48/193] Opportunity #141
  [49/193] A Gathering #142
  [50/193] A Union #143
  [51/193] ... #144
  [52/193] Blood for Blood #145
  [53/193] A Breaking Point Reached #146
  [54/193] Out In The Open #147
  [55/193] No Turning Back #148
  [56/193] The Devil On Your Shoulder #149
  [57/193] Safety Behind Bars, Pt. 3 #15
  [58/193] Betrayed #150
  [59/193] Call to Arms #151
  [60/193] United In Fear #152
  [61/193] Heavy Hangs the Head #153
  [62/193] Led To Slaughter #154
  [63/193] Tip of the Spear #155
  [64/193] Queen and King #156
  [65/193] The Whisperer War Part 1 of 6 #157
  [66/193] The Whisperer War Part 2 of 6 #158
  [67/193] The Whisperer War Part 3 of 6 #159
  [68/193] Safety Behind Bars, Pt. 4 #16
  [69/193] The Whisperer War Part 4 of 6 #160
  [70/193] The Whisperer War Part 5 of 6 #161
  [71/193] The Whisperer War Part 6 of 6 #162
  [72/193] Conquered #163
  [73/193] A Fallen House #164
  [74/193] Opportunity #165
  [75/193] No Surrender #166
  [76/193] A Certain Doom #167
  [77/193] The Road's End #168
  [78/193] Lines We Cross #169
  [79/193] Safety Behind Bars, Pt. 5 #17
  [80/193] On the Road #170
  [81/193] Fear the Princess #171
  [82/193] Hilltop Reborn #172
  [83/193] Final Fight #173
  [84/193] A Solitary Life #174
  [85/193] New World Order Part One #175
  [86/193] New World Order Part Two #176
  [87/193] New World Order Part Three #177
  [88/193] New World Order Part Four #178
  [89/193] New World Order Part Five #179
  [90/193] Safety Behind Bars, Pt. 6 #18
  [91/193] New World Order Part 6 of 6 #180
  [92/193] Together Strong #181
  [93/193] The Commonwealth Grows #182
  [94/193] And Michonne WIthout Her Sword #183
  [95/193] Eugene Tinkers #184
  [96/193] On Guard #185
  [97/193] The Powder Keg #186
  [98/193] The Road Back #187
  [99/193] Falling Into Place #188
  [100/193] Lines Are Drawn #189
  [101/193] The Heart's Desire, Pt. 1 #19
  [102/193] Storm the Gates #190
  [103/193] The Last Stand #191
  [104/193] Aftermath #192
  [105/193] The Farm House #193
  [106/193] Days Gone Bye, Pt. 2 #2
  [107/193] The Heart's Desire, Pt. 2 #20
  [108/193] The Heart's Desire, Pt. 3 #21
  [109/193] The Heart's Desire, Pt. 4 #22
  [110/193] The Heart's Desire, Pt. 5 #23
  [111/193] The Heart's Desire, Pt. 6 #24
  [112/193] The Best Defense, Pt. 1 #25
  [113/193] The Best Defense, Pt. 2 #26
  [114/193] The Best Defense, Pt. 3 #27
  [115/193] The Best Defense, Pt. 4 #28
  [116/193] The Best Defense, Pt. 5 #29
  [117/193] Days Gone Bye, Pt. 3 #3
  [118/193] The Best Defense, Pt. 6 #30
  [119/193] This Sorrowful Life, Pt. 1 #31
  [120/193] This Sorrowful Life, Pt. 2 #32
  [121/193] This Sorrowful Life, Pt. 3 #33
  [122/193] This Sorrowful Life, Pt. 4 #34
  [123/193] This Sorrowful Life, Pt. 5 #35
  [124/193] This Sorrowful Life, Pt. 6 #36
  [125/193] The Calm Before, Pt. 1 #37
  [126/193] The Calm Before, Pt. 2 #38
  [127/193] The Calm Before, Pt. 3 #39
  [128/193] Days Gone Bye, Pt. 4 #4
  [129/193] The Calm Before, Pt. 4 #40
  [130/193] The Calm Before, Pt. 5 #41
  [131/193] The Calm Before, Pt. 6 #42
  [132/193] Made To Suffer, Pt. 1 #43
  [133/193] Made To Suffer, Pt. 2 #44
  [134/193] Made To Suffer, Pt. 3 #45
  [135/193] Made To Suffer, Pt. 4 #46
  [136/193] Made To Suffer, Pt. 5 #47
  [137/193] Made To Suffer, Pt. 6 #48
  [138/193] Here We Remain, Pt. 1 #49
  [139/193] Days Gone Bye, Pt. 5 #5
  [140/193] Here We Remain, Pt. 2 #50
  [141/193] Here We Remain, Pt. 3 #51
  [142/193] Here We Remain, Pt. 4 #52
  [143/193] Here We Remain, Pt. 5 #53
  [144/193] Here We Remain, Pt. 6 #54
  [145/193] What We Become, Pt. 1 #55
  [146/193] What We Become, Pt. 2 #56
  [147/193] What We Become, Pt. 3 #57
  [148/193] What We Become, Pt. 4 #58
  [149/193] What We Become, Pt. 5 #59
  [150/193] Days Gone Bye, Pt. 6 #6
  [151/193] What We Become, Pt. 6 #60
  [152/193] Fear The Hunters #61
  [153/193] Fear The Hunters, Pt. 1 #62
  [154/193] Fear The Hunters, Pt. 2 #63
  [155/193] Fear The Hunters, Pt. 3 #64
  [156/193] Fear The Hunters, Pt. 4 #65
  [157/193] Fear The Hunters, Pt. 5 #66
  [158/193] Life Among Them, Pt. 1 #67
  [159/193] Life Among Them, Pt. 2 #68
  [160/193] Life Among Them, Pt. 3 #69
  [161/193] Miles Behind Us, Pt. 1 #7
  [162/193] Life Among Them, Pt. 4 #70
  [163/193] Life Among Them, Pt. 5 #71
  [164/193] Life Among Them, Pt. 6 #72
  [165/193] Too Far Gone, Pt. 1 #73
  [166/193] Too Far Gone, Pt. 2 #74
  [167/193] Too Far Gone, Pt. 3 #75
  [168/193] Too Far Gone, Pt. 4 #76
  [169/193] Too Far Gone, Pt. 5 #77
  [170/193] Too Far Gone, Pt. 6 #78
  [171/193] No Way Out #79
  [172/193] Miles Behind Us, Pt. 2 #8
  [173/193] No Way Out, Pt. 1 #80
  [174/193] No Way Out, Pt. 2 #81
  [175/193] No Way Out, Pt. 3 #82
  [176/193] No Way Out, Pt. 4 #83
  [177/193] No Way Out, Pt. 5 #84
  [178/193] We Find Ourselves, Pt. 1 #85
  [179/193] We Find Ourselves, Pt. 2 #86
  [180/193] We Find Ourselves, Pt. 3 #87
  [181/193] We Find Ourselves, Pt. 4 #88
  [182/193] We Find Ourselves, Pt. 5 #89
  [183/193] Miles Behind Us, Pt. 3 #9
  [184/193] We Find Ourselves, Pt. 6 #90
  [185/193] A Larger World #91
  [186/193] A Larger World #92
  [187/193] A Larger World, Pt. 1 #93
  [188/193] A Larger World, Pt. 2 #94
  [189/193] A Larger World, Pt. 3 #95
  [190/193] A Larger World, Conclusion #96
  [191/193] Something To Fear, Pt. 1 #97
  [192/193] Something To Fear, Pt. 2 #98
  [193/193] Something To Fear, Pt. 3 #99

=== Processing volume: Invincible (Image) ===
  matched volume: Invincible | id: 17993 | publisher: Image | issue count: None
  fetched 145 issues
  [1/145] Issue 0 #0
  [2/145] Issue 1 #1
  [3/145] Perfect Strangers, Part 2 #10
  [4/145] The Death of Everyone, Part Three of Three #100
  [5/145] Issue 101 #101
  [6/145] Issue 102 #102
  [7/145] Issue 103 #103
  [8/145] Issue 104 #104
  [9/145] Issue 105 #105
  [10/145] Issue 106 #106
  [11/145] Issue 107 #107
  [12/145] Issue 108 #108
  [13/145] Issue 109 #109
  [14/145] Perfect Strangers, Part 3 #11
  [15/145] Issue 110 #110
  [16/145] Issue 111 #111
  [17/145] Issue 112 #112
  [18/145] Issue 113 #113
  [19/145] Issue 114 #114
  [20/145] Issue 115 #115
  [21/145] Issue 116 #116
  [22/145] Issue 117 #117
  [23/145] Issue 118 #118
  [24/145] Issue 119 #119
  [25/145] Perfect Strangers, Part 4 #12
  [26/145] Issue 120 #120
  [27/145] Issue 121 #121
  [28/145] Issue 122 #122
  [29/145] Issue 123 #123
  [30/145] Reboot? Part One of Three #124
  [31/145] Reboot? Part Two of Three #125
  [32/145] Reboot? Part Three of Three #126
  [33/145] Issue 127 #127
  [34/145] Issue 128 #128
  [35/145] Issue 129 #129
  [36/145] Perfect Strangers (Epilogue) #13
  [37/145] Issue 130 #130
  [38/145] Issue 131 #131
  [39/145] Issue 132 #132
  [40/145] The End of All Things Part One #133
  [41/145] The End of All Things Part Two #134
  [42/145] The End of All Things Part Three #135
  [43/145] The End of All Things Part Four #136
  [44/145] The End of All Things Part Five #137
  [45/145] The End of All Things Part Six #138
  [46/145] The End of All Things Part Seven #139
  [47/145] Issue 14 #14
  [48/145] The End of All Things Part Eight #140
  [49/145] The End of All Things Part Nine #141
  [50/145] The End of All Things Part Ten; Robot War! #142
  [51/145] The End of All Things Part Eleven #143
  [52/145] The End of All Things Part Twelve #144
  [53/145] Issue 15 #15
  [54/145] Issue 16 #16
  [55/145] Issue 17 #17
  [56/145] Issue 18 #18
  [57/145] Issue 19 #19
  [58/145] Issue 2 #2
  [59/145] Issue 20 #20
  [60/145] Issue 21 #21
  [61/145] Issue 22 #22
  [62/145] Issue 23 #23
  [63/145] Issue 24 #24
  [64/145] Issue 25 #25
  [65/145] Issue 26 #26
  [66/145] Issue 27 #27
  [67/145] Issue 28 #28
  [68/145] Issue 29 #29
  [69/145] Issue 3 #3
  [70/145] Issue 30 #30
  [71/145] Issue 31 #31
  [72/145] Issue 32 #32
  [73/145] Issue 33 #33
  [74/145] Issue 34 #34
  [75/145] Issue 35 #35
  [76/145] Issue 36 #36
  [77/145] Issue 37 #37
  [78/145] Issue 38 #38
  [79/145] Issue 39 #39
  [80/145] Issue 4 #4
  [81/145] Issue 40 #40
  [82/145] Issue 41 #41
  [83/145] Issue 42 #42
  [84/145] Issue 43 #43
  [85/145] Issue 44 #44
  [86/145] Issue 45 #45
  [87/145] Issue 46 #46
  [88/145] Issue 47 #47
  [89/145] Issue 48 #48
  [90/145] Issue 49 #49
  [91/145] Issue 5 #5
  [92/145] Issue 50 #50
  [93/145] Issue 51 #51
  [94/145] Mark! Get Down Here, Now! #52
  [95/145] Wow, Just...Wow #53
  [96/145] Issue 54 #54
  [97/145] Lock Down, But Not Out #55
  [98/145] Issue 56 #56
  [99/145] Invincible vs. The Astounding Wolf-Man, Part 1 #57
  [100/145] Young Love... #58
  [101/145] Meet Powerplex #59
  [102/145] Issue 6 #6
  [103/145] The Invincible War #60
  [104/145] Conquest Part One #61
  [105/145] Conquest Part Two #62
  [106/145] Conquest Part Three #63
  [107/145] Conquest: Conclusion #64
  [108/145] Conquest: Epilogue #65
  [109/145] Preparations For War! Part 1 #66
  [110/145] Preparations For War! Part 2; Image United Prelude, Part 3 #67
  [111/145] Issue 68 #68
  [112/145] Issue 69 #69
  [113/145] Issue 7 #7
  [114/145] OVERWHELMED! #70
  [115/145] The Viltrumite War: Part 1 #71
  [116/145] The Viltrumite War: Part 2 #72
  [117/145] The Viltrumite War: Part 3 #73
  [118/145] The Viltrumite War: Part 4 #74
  [119/145] The Viltrumite War: Part 5 #75
  [120/145] The Viltrumite War: Part 6 #76
  [121/145] The Viltrumite War: Part 7 #77
  [122/145] The Viltrumite War: Part 8 #78
  [123/145] Issue 79 #79
  [124/145] Issue 8 #8
  [125/145] Issue 80 #80
  [126/145] Issue 81 #81
  [127/145] Issue 82 #82
  [128/145] Issue 83 #83
  [129/145] Issue 84 #84
  [130/145] Issue 85 #85
  [131/145] Issue 86 #86
  [132/145] Issue 87 #87
  [133/145] Issue 88 #88
  [134/145] Issue 89 #89
  [135/145] Perfect Strangers, Part 1 #9
  [136/145] Issue 90 #90
  [137/145] Issue 91 #91
  [138/145] Issue 92 #92
  [139/145] Issue 93 #93
  [140/145] Issue 94 #94
  [141/145] Issue 95 #95
  [142/145] Issue 96 #96
  [143/145] Issue 97 #97
  [144/145] The Death of Everyone, Part One #98
  [145/145] The Death of Everyone, Part Two #99

=== Processing volume: Saga (Image) ===
  matched volume: Saga | id: 46568 | publisher: Image | issue count: None
  fetched 72 issues
  [1/72] Chapter One #1
  [2/72] Chapter Ten #10
  [3/72] Chapter Eleven #11
  [4/72] Chapter Twelve #12
  [5/72] Chapter Thirteen #13
  [6/72] Chapter Fourteen #14
  [7/72] Chapter Fifteen #15
  [8/72] Chapter Sixteen #16
  [9/72] Chapter Seventeen #17
  [10/72] Chapter Eighteen #18
  [11/72] Chapter Nineteen #19
  [12/72] Chapter Two #2
  [13/72] Chapter Twenty #20
  [14/72] Chapter Twenty-One #21
  [15/72] Chapter Twenty-Two #22
  [16/72] Chapter Twenty-Three #23
  [17/72] Chapter Twenty-Four #24
  [18/72] Chapter Twenty-Five #25
  [19/72] Chapter Twenty-Six #26
  [20/72] Chapter Twenty-Seven #27
  [21/72] Chapter Twenty-Eight #28
  [22/72] Chapter Twenty-Nine #29
  [23/72] Chapter Three #3
  [24/72] Chapter Thirty #30
  [25/72] Chapter Thirty-One #31
  [26/72] Chapter Thirty-Two #32
  [27/72] Chapter Thirty-Three #33
  [28/72] Chapter Thirty-Four #34
  [29/72] Chapter Thirty-Five #35
  [30/72] Chapter Thirty-Six #36
  [31/72] The War For Phang Part One #37
  [32/72] The War For Phang Part Two #38
  [33/72] The War For Phang Part Three #39
  [34/72] Chapter Four #4
  [35/72] The War For Phang Part Four #40
  [36/72] The War For Phang Part Five #41
  [37/72] The War For Phang Conclusion #42
  [38/72] Chapter Forty-Three #43
  [39/72] Chapter Forty-Four #44
  [40/72] Chapter Forty-Five #45
  [41/72] Chapter Forty-Six #46
  [42/72] Chapter Forty-Seven #47
  [43/72] Chapter Forty-Eight #48
  [44/72] Chapter Forty-Nine #49
  [45/72] Chapter Five #5
  [46/72] Chapter Fifty #50
  [47/72] Chapter Fifty-One #51
  [48/72] Chapter Fifty-Two #52
  [49/72] Chapter Fifty-Three #53
  [50/72] Chapter Fifty-Four #54
  [51/72] Chapter Fifty-Five #55
  [52/72] Chapter Fifty-Six #56
  [53/72] Chapter Fifty-Seven #57
  [54/72] Chapter Fifty-Eight #58
  [55/72] Chapter Fifty-Nine #59
  [56/72] Chapter Six #6
  [57/72] Chapter Sixty #60
  [58/72] Chapter Sixty-One #61
  [59/72] Chapter Sixty-Two #62
  [60/72] Chapter Sixty-Three #63
  [61/72] Chapter Sixty-Four #64
  [62/72] Chapter Sixty-Five #65
  [63/72] Chapter Sixty-Six #66
  [64/72] Chapter Sixty-Seven #67
  [65/72] Chapter Sixty-Eight #68
  [66/72] Chapter Sixty-Nine #69
  [67/72] Chapter Seven #7
  [68/72] Chapter Seventy #70
  [69/72] Chapter Seventy-One #71
  [70/72] Chapter Seventy-Two #72
  [71/72] Chapter Eight #8
  [72/72] Chapter Nine #9

=== Processing volume: Witchblade (Image) ===
  matched volume: Witchblade | id: 7300 | publisher: Image | issue count: None
  fetched 187 issues
  [1/187] Issue 1 #1
  [2/187] Issue ½ #½
  [3/187] Witchblade & the Darkness #10
  [4/187] Gods and Monsters #100
  [5/187] Death and Birth #101
  [6/187] The Eternal Dance #102
  [7/187] Transference #103
  [8/187] New Life #104
  [9/187] Divine Intervention #105
  [10/187] Raising the Dead Part 1 #106
  [11/187] Raising the Dead Part 2 #107
  [12/187] One Good Turn, Part 1; New Arrival #108
  [13/187] One Good Turn, Part 2; New Arrival, Part 2 #109
  [14/187] Issue 11 #11
  [15/187] Temptation #110
  [16/187] Flights of Angels #111
  [17/187] Shadows and Lights #112
  [18/187] Life in Boxes #113
  [19/187] The Residents #114
  [20/187] Divided #115
  [21/187] Advent, Part 1 of 3 #116
  [22/187] Advent, Part 2 of 3 #117
  [23/187] Advent, Part 3 of 3 #118
  [24/187] Aphrodite #119
  [25/187] Issue 12 #12
  [26/187] Girls Night Out #120
  [27/187] Crown Heights: Part 1 of 3 #121
  [28/187] Crown Heights: Part 2 of 3 #122
  [29/187] Crown Heights, Part 3 of 3 #123
  [30/187] Crown Heights: Epilogue #124
  [31/187] War of the Witchblades, Part 1; Augery #125
  [32/187] War of the Witchblades, Part 2 #126
  [33/187] War of the Witchblades, Part 3 #127
  [34/187] War of the Witchblades, Part 4 #128
  [35/187] War of the Witchblades, Part 5 #129
  [36/187] Issue 13 #13
  [37/187] War of the Witchblades, Part 6 #130
  [38/187] Just Like Starting Over; Image United Prelude, Part 2 #131
  [39/187] The Bridge, Part 1 #132
  [40/187] The Bridge, Part 2 #133
  [41/187] Almost Human, Part 1 #134
  [42/187] Almost Human, Part 2 #135
  [43/187] Almost Human, Part 3 #136
  [44/187] The Demon Within #137
  [45/187] Faerie Tale #138
  [46/187] Remembrance #139
  [47/187] Issue 14 #14
  [48/187] Paper Monsters, Part 1 #140
  [49/187] Paper Monsters, Part 2 #141
  [50/187] Upstate, Part 1 #142
  [51/187] Upstate, Part Two #143
  [52/187] Origin Secret; Secret Origin #144
  [53/187] Perspectives #145
  [54/187] Tiamat, Part 1 of 4 #146
  [55/187] Tiamat, Part 2 of 4 #147
  [56/187] Tiamat, Part 3 of 4 #148
  [57/187] Tiamat, Part 4 of 4 #149
  [58/187] Issue 15 #15
  [59/187] Resigned #150
  [60/187] Unbalanced Pieces #151
  [61/187] Unbalanced Pieces, Part 2 #152
  [62/187] Unbalanced Pieces, Part 3 #153
  [63/187] Unbalanced Pieces, Part 4 #154
  [64/187] Unbalanced Pieces, Conclusion #155
  [65/187] The Space Between Us #156
  [66/187] Portals, Part One #157
  [67/187] PORTALS, Conclusion #158
  [68/187] Saviors, Part 1 #159
  [69/187] Issue 16 #16
  [70/187] Saviors, Part 2 #160
  [71/187] Apparitions #161
  [72/187] Black Cat #162
  [73/187] Black Market, Black Magic #163
  [74/187] Progeny, Part 2 #164
  [75/187] Walkabout #165
  [76/187] Skeletons #166
  [77/187] Absolute Corruption, Part One #167
  [78/187] Absolute Corruption, Part Two #168
  [79/187] Absolute Corruption, Conclusion #169
  [80/187] Issue 17 #17
  [81/187] Borne Again, Part One #170
  [82/187] Borne Again, Part Two #171
  [83/187] Borne Again, Part Three #172
  [84/187] Borne Again, Part Four #173
  [85/187] Borne Again Part Five #174
  [86/187] Into The Fire; Temple Of Shadows; 4 For 5 #175
  [87/187] Fun Time! #176
  [88/187] Darkness On the Edge of Town Part One #177
  [89/187] Darkness On the Edge of Town Part Two #178
  [90/187] Pale Moonlight #179
  [91/187] Family Ties Part 1 #18
    image upload failed: Storage upload failed: 502 <html>
<head><title>502 Bad Gateway</title></head>
<body>
<center><h1>502 Bad Gateway</h1></center>
</body>
</html>

  [92/187] Darkness Falls: The Death of Jackie Estacado Part 1; Adelphia #180
  [93/187] Darkness Falls: The Death of Jackie Estacado Part 2 #181
  [94/187] Power Broker Part 1; One Man #182
  [95/187] Power Broker Part 2; Some Day One Day #183
  [96/187] Power Broker Part 3; Chicago Blues #184
  [97/187] Chapter One; Chapter Two #185
  [98/187] Family Ties, Part 4 #19
  [99/187] Issue 2 #2
  [100/187] Issue 20 #20
  [101/187] Issue 21 #21
  [102/187] Issue 22 #22
  [103/187] Issue 23 #23
  [104/187] Issue 24 #24
  [105/187] Issue 25 #25
  [106/187] Issue 26 #26
  [107/187] Issue 27 #27
  [108/187] Issue 28 #28
  [109/187] Issue 29 #29
  [110/187] Issue 3 #3
  [111/187] Issue 30 #30
  [112/187] Issue 31 #31
  [113/187] Issue 32 #32
  [114/187] Issue 33 #33
  [115/187] Issue 34 #34
  [116/187] Issue 35 #35
  [117/187] Witchblade/the Darkness, Part 1 #36
  [118/187] Issue 37 #37
  [119/187] Issue 38 #38
  [120/187] Issue 39 #39
  [121/187] Issue 4 #4
  [122/187] Issue 40 #40
  [123/187] Issue 41 #41
  [124/187] A Cold Day in Hell #42
  [125/187] Single Bullet Theory #43
  [126/187] Bang #44
  [127/187] Firing Line #45
  [128/187] Issue 46 #46
  [129/187] Issue 47 #47
  [130/187] Issue 48 #48
  [131/187] Issue 49 #49
  [132/187] Issue 5 #5
  [133/187] Issue 50 #50
  [134/187] Issue 500 #500
  [135/187] Issue 51 #51
  [136/187] Issue 52 #52
  [137/187] Issue 53 #53
  [138/187] Issue 54 #54
  [139/187] Issue 55 #55
  [140/187] Issue 56 #56
  [141/187] Issue 57 #57
  [142/187] Endgame Prelude #58
  [143/187] A Prelude to Endgame #59
  [144/187] Issue 6 #6
  [145/187] Endgame, Part 2 #60
  [146/187] Epologue to Endgame #61
  [147/187] Issue 62 #62
  [148/187] Issue 63 #63
  [149/187] Issue 64 #64
  [150/187] Issue 65 #65
  [151/187] Issue 66 #66
  [152/187] Issue 67 #67
  [153/187] Road Trip Part 1 #68
  [154/187] Road Trip Part 2 #69
  [155/187] Issue 7 #7
  [156/187] Death Pool Part 1 #70
  [157/187] Death Pool Part 2 #71
  [158/187] Death Pool Part 3 #72
  [159/187] Death Pool Part 4 #73
  [160/187] Death Pool Part 5 #74
  [161/187] Death Pool Finale #75
  [162/187] Strength and Weakness Part 1 #76
  [163/187] Strength and Weakness Part 2 #77
  [164/187] Signs and Portents Part 1 #78
  [165/187] Signs and Portents Part 2 #79
  [166/187] Issue 8 #8
  [167/187] Witch Hunt, Part 1 #80
  [168/187] Witch Hunt, Part 2 #81
  [169/187] Witch Hunt, Part 3 #82
  [170/187] Witch Hunt, Part 4 #83
  [171/187] Witch Hunt, Part 5 #84
  [172/187] Witch Hunt, Part 6 #85
  [173/187] Warrior Spirit #86
  [174/187] Heart of the City #87
  [175/187] Partners #88
  [176/187] Fugitive, Part 1 #89
  [177/187] Issue 9 #9
  [178/187] Fugitive, Part 2 #90
  [179/187] Fugitive, Part 3 #91
  [180/187] 10th Anniversary Edition #92
  [181/187] Reflections #93
  [182/187] Artifacts, Part 1 #94
  [183/187] Artifacts, Part 2 #95
  [184/187] True Confessions #96
  [185/187] Old Habits, Part 1 #97
  [186/187] Old Habits, Part 2 #98
  [187/187] In the Darkness...Something Stirs #99

=== Processing volume: The Darkness (Image) ===
  matched volume: The Darkness | id: 5868 | publisher: Image | issue count: None
  fetched 41 issues
  [1/41] Coming of Age #1
  [2/41] The Darkness 1/2 #½
  [3/41] Family Ties, Part 3 #10
  [4/41] Hearts of Darkness, Part One #11
  [5/41] Hearts of Darkness, Part 2 #12
  [6/41] Hearts of Darkness, Part 3 #13
  [7/41] Hearts of Darkness, Part 4 #14
  [8/41] Spear of Destiny, Part 1 #15
  [9/41] Spear of Destiny, Part 2 #16
  [10/41] Spear of Destiny, Part 3 #17
  [11/41] Spear of Destiny, Part 4 #18
  [12/41] Issue 19 #19
  [13/41] Underworld #2
  [14/41] Issue 20 #20
  [15/41] Wyrmwood, Part 1 #21
  [16/41] Wyrmwood, Part 2 #22
  [17/41] Issue 23 #23
  [18/41] Issue 24 #24
  [19/41] Issue 25 #25
  [20/41] Issue 26 #26
  [21/41] Issue 27 #27
  [22/41] Witchblade/The Darkness, Part 4 #28
  [23/41] High Noon, Part 1 #29
  [24/41] Almost an Angel #3
  [25/41] High Noon, Part 2 #30
  [26/41] High Noon, Part 3 #31
  [27/41] Dark Days Ahead #32
  [28/41] Issue 33 #33
  [29/41] Ripclaw (Part One) #34
  [30/41] Ripclaw (Part Two) #35
  [31/41] Ripclaw (Part Three) #36
  [32/41] Ripclaw (Part Four) #37
  [33/41] Ripclaw (Part Five) #38
  [34/41] Issue 39 #39
  [35/41] Brought to Light #4
  [36/41] Issue 40 #40
  [37/41] Apocalypse Shortly #5
  [38/41] End of an Era #6
  [39/41] Playing God #7
  [40/41] Issue 8 #8
  [41/41] Family Ties, Part 2 #9

=== Processing volume: WildC.A.T.s (Image) ===
  matched volume: WildC.A.T.s | id: 153236 | publisher: DC Comics | issue count: None
  fetched 2 issues
  [1/2] Vol. 1: Better Living Through Violence #1
  [2/2] Vol. 2: Bloodshed for a Better Tomorrow #2

=== Processing volume: Gen 13 (Image) ===
  matched volume: Gen 13 | id: 18921 | publisher: Image | issue count: None
  fetched 6 issues
  [1/6] Issue 0 #0
  [2/6] Issue 1 #1
  [3/6] Issue 2 #2
  [4/6] Payback! #3
  [5/6] Free For All! #4
  [6/6] Issue 5 #5

=== Processing volume: Chew (Image) ===
  matched volume: Chew | id: 26611 | publisher: Image | issue count: None
  fetched 60 issues
  [1/60] Taster's Choice, Part 1 of 5 #1
  [2/60] International Flavor, Part 5 #10
  [3/60] Just Desserts, Part 1 of 5 #11
  [4/60] Just Desserts, Part 2 of 5 #12
  [5/60] Just Desserts, Part 3 of 5 #13
  [6/60] Just Desserts, Part 4 of 5 #14
  [7/60] Just Desserts, Part 5 of 5 #15
  [8/60] Flambé, Part 1 of 5 #16
  [9/60] Flambé, Part 2 of 5 #17
  [10/60] Flambé, Part 3 of 5 #18
  [11/60] Flambé, Part 4 of 5 #19
  [12/60] Taster's Choice, Part 2 of 5 #2
  [13/60] Flambé, Part 5 of 5 #20
  [14/60] Major League Chew, Part 1 of 5 #21
  [15/60] Major League Chew, Part 2 of 5 #22
  [16/60] Major League Chew, Part 3 of 5 #23
  [17/60] Major League Chew, Part 4 of 5 #24
  [18/60] Major League Chew, Part 5 of 5 #25
  [19/60] Space Cakes, Part 1 of 5 #26
  [20/60] Space Cakes, Part 2 of 5 #27
  [21/60] Space Cakes, Part 3 of 5 #28
  [22/60] Space Cakes, Part 4 of 5 #29
  [23/60] Taster's Choice, Part 3 of 5 #3
  [24/60] Space Cakes, Conclusion #30
  [25/60] Bad Apples, Part 1 of 5 #31
  [26/60] Bad Apples, Part 2 of 5 #32
  [27/60] Bad Apples, Part 3 of 5 #33
  [28/60] Bad Apples, Part 4 of 5 #34
  [29/60] Bad Apples, Part 5 of 5 #35
  [30/60] Family Recipes, Part 1 of 5; Space Cakes, Part 4 1/2 of 5 #36
  [31/60] Family Recipes, Part 2 of 5 #37
  [32/60] Family Recipes, Part 3 of 5 #38
  [33/60] Family Recipes, Part 4 of 5 #39
  [34/60] Taster's Choice, Part 4 of 5 #4
  [35/60] Family Recipes, Part 5 of 5 #40
  [36/60] Chicken Tenders, Part 1 of 5 #41
  [37/60] Chicken Tenders, Part 2 of 5 #42
  [38/60] Chicken Tenders, Part 3 of 5 #43
  [39/60] Chicken Tenders, Part 4 of 5 #44
  [40/60] Chicken Tenders, Part 5 of 5 #45
  [41/60] Blood Puddin', Part 1 of 5 #46
  [42/60] Blood Puddin', Part 2 of 5 #47
  [43/60] Blood Puddin', Part 3 of 5 #48
  [44/60] Blood Puddin', Part 4 of 5 #49
  [45/60] Taster's Choice, Part. 5 of 5 #5
  [46/60] Blood Puddin', Part 5 of 5 #50
  [47/60] The Last Suppers, Part 1 of 5 #51
  [48/60] The Last Suppers, Part 2 of 5 #52
  [49/60] The Last Suppers, Part 3 of 5 #53
  [50/60] The Last Suppers, Part 4 of 5 #54
  [51/60] The Last Suppers, Part 5 of 5 #55
  [52/60] Sour Grapes Part 1 of 5 #56
  [53/60] Sour Grapes Part 2 of 5 #57
  [54/60] Sour Grapes Part 3 of 5 #58
  [55/60] Sour Grapes Part 4 of 5 #59
  [56/60] International Flavor, Part 1 #6
  [57/60] Sour Grapes Part 5 of 5 #60
  [58/60] International Flavor, Part 2 #7
  [59/60] International Flavor, Part 3 #8
  [60/60] International Flavor, Part 4 #9

=== Processing volume: East of West (Image) ===
  matched volume: East of West | id: 59366 | publisher: Image | issue count: None
  fetched 45 issues
  [1/45] One: Out of the Wasteland #1
  [2/45] Ten: A Sea of Bones #10
  [3/45] Eleven: The Wall Beckons #11
  [4/45] Twelve: Worship God War #12
  [5/45] Thirteen: Dead Lands Comin' #13
  [6/45] Fourteen: A World Full of Angry Children #14
  [7/45] Fifteen: Awake Babylon #15
  [8/45] Sixteen: Let It Burn #16
  [9/45] Seventeen: This Sacred Meal #17
  [10/45] Eighteen: Yours and Yours Alone #18
  [11/45] This is Why We Kill #19
  [12/45] Two: Above All, Few Are Chosen #2
  [13/45] This Tangled Web #20
  [14/45] This Great City #21
  [15/45] A Moment of Silence #22
  [16/45] A Son of the Kingdom #23
  [17/45] The Legion Brings Word #24
  [18/45] Twenty Five: Cast Out All Unbelievers #25
  [19/45] Summon All Chosen #26
  [20/45] A Final Word #27
  [21/45] The Fall of the White Tower #28
  [22/45] Prodigal #29
  [23/45] Three: The House of Mao #3
  [24/45] The Machine City Must Fall #30
  [25/45] Watch Us As We Rob Them Blind #31
  [26/45] The Man Makes a Move #32
  [27/45] The Kingdom Endures #33
  [28/45] Lessons at the Knee #34
  [29/45] Things Fathers Do With Thier Sons #35
  [30/45] This Is Real Revolution #36
  [31/45] Alignment of the Stars #37
  [32/45] It’s Time to Start Paying in Blood #38
  [33/45] The Three Are One #39
  [34/45] Four: Last Deals of Dead Men #4
  [35/45] I Will See You Again, At the End of the World #40
  [36/45] To The Victor, Goes Everything #41
  [37/45] Into The Valley #42
  [38/45] This Is War #43
  [39/45] One Eye, One Winner #44
  [40/45] Apocalypse #45
  [41/45] Five: The Message #5
  [42/45] Six: To Do Justly, and to Love Mercy #6
  [43/45] Seven: The Pilgrimage #7
  [44/45] Eight: The Street is Burning #8
  [45/45] Nine: A Kingdom of Riches #9

=== Processing volume: Paper Girls (Image) ===
  matched volume: Paper Girls | id: 85128 | publisher: Image | issue count: None
  fetched 30 issues
  [1/30] Issue 1 #1
  [2/30] Issue 10 #10
  [3/30] Issue 11 #11
  [4/30] Issue 12 #12
  [5/30] Issue 13 #13
  [6/30] Issue 14 #14
  [7/30] Issue 15 #15
  [8/30] Issue 16 #16
  [9/30] Issue 17 #17
  [10/30] Issue 18 #18
  [11/30] Issue 19 #19
  [12/30] Issue 2 #2
  [13/30] Issue 20 #20
  [14/30] Issue 21 #21
  [15/30] Issue 22 #22
  [16/30] Issue 23 #23
  [17/30] Issue 24 #24
  [18/30] Issue 25 #25
  [19/30] Issue 26 #26
  [20/30] Issue 27 #27
  [21/30] Issue 28 #28
  [22/30] Issue 29 #29
  [23/30] Issue 3 #3
  [24/30] Issue 30 #30
  [25/30] Issue 4 #4
  [26/30] Issue 5 #5
  [27/30] Issue 6 #6
  [28/30] Issue 7 #7
  [29/30] Issue 8 #8
  [30/30] Issue 9 #9

=== Processing volume: Monstress (Image) ===
  matched volume: Monstress | id: 85776 | publisher: Image | issue count: None
  fetched 61 issues
  [1/61] Issue 1 #1
  [2/61] Issue 10 #10
  [3/61] Issue 11 #11
  [4/61] Issue 12 #12
  [5/61] Issue 13 #13
  [6/61] Issue 14 #14
  [7/61] Issue 15 #15
  [8/61] Issue 16 #16
  [9/61] Issue 17 #17
  [10/61] Issue 18 #18
  [11/61] Issue 19 #19
  [12/61] Issue 2 #2
  [13/61] Issue 20 #20
  [14/61] Issue 21 #21
  [15/61] Issue 22 #22
  [16/61] Issue 23 #23
  [17/61] Issue 24 #24
  [18/61] Issue 25 #25
  [19/61] Issue 26 #26
  [20/61] Issue 27 #27
  [21/61] Issue 28 #28
  [22/61] Issue 29 #29
  [23/61] Issue 3 #3
  [24/61] Issue 30 #30
  [25/61] Issue 31 #31
  [26/61] Issue 32 #32
  [27/61] Issue 33 #33
  [28/61] Issue 34 #34
  [29/61] Issue 35 #35
  [30/61] Issue 36 #36
  [31/61] Issue 37 #37
  [32/61] Issue 38 #38
  [33/61] Issue 39 #39
  [34/61] Issue 4 #4
  [35/61] Issue 40 #40
  [36/61] Issue 41 #41
  [37/61] Issue 42 #42
  [38/61] Issue 43 #43
  [39/61] Issue 44 #44
  [40/61] Issue 45 #45
  [41/61] Issue 46 #46
  [42/61] Issue 47 #47
  [43/61] Issue 48 #48
  [44/61] Issue 49 #49
  [45/61] Issue 5 #5
  [46/61] Issue 50 #50
  [47/61] Issue 51 #51
  [48/61] Issue 52 #52
  [49/61] Issue 53 #53
  [50/61] Issue 54 #54
  [51/61] Issue 55 #55
  [52/61] Issue 56 #56
  [53/61] Issue 57 #57
  [54/61] Issue 58 #58
  [55/61] Issue 59 #59
  [56/61] Issue 6 #6
  [57/61] Issue 60 #60
  [58/61] Issue 61 #61
  [59/61] Issue 7 #7
  [60/61] Issue 8 #8
  [61/61] Issue 9 #9

=== Processing volume: Something is Killing the Children (BOOM! Studios) ===
  matched volume: Something is Killing the Children | id: 121102 | publisher: Boom! Studios | issue count: None
  fetched 47 issues
  [1/47] Before Archer's Peak #0
  [2/47] The Angel of Archer's Peak Part One #1
  [3/47] The House of Slaughter Part Five #10
  [4/47] A Game of Nowhere Part One #11
  [5/47] A Game of Nowhere Part Two #12
  [6/47] A Game of Nowhere Part Three #13
  [7/47] A Game of Nowhere Part Four #14
  [8/47] A Game of Nowhere Part Five #15
  [9/47] Me and My Monster, Part One #16
  [10/47] Me and My Monster, Part Two #17
  [11/47] Me and My Monster, Part Three #18
  [12/47] Me and My Monster, Part Four #19
  [13/47] The Angel of Archer's Peak Part Two #2
  [14/47] Me and My Monster, Part Five #20
  [15/47] The Road to Tribulation, Part One #21
  [16/47] The Road to Tribulation, Part Two #22
  [17/47] The Road to Tribulation, Part Three #23
  [18/47] The Road To Tribulation, Part Four #24
  [19/47] The Road to Tribulation, Part Five #25
  [20/47] The Girl and the Hurricane, Part One #26
  [21/47] The Girl and the Hurricane, Part Two #27
  [22/47] The Girl and the Hurricane, Part Three #28
  [23/47] The Girl and the Hurricane, Part Four #29
  [24/47] The Angel of Archer's Peak Part Three #3
  [25/47] The Girl and the Hurricane, Part Five #30
  [26/47] Showdown at the East Creek Corral, Part One #31
  [27/47] Showdown at the Easy Creek Corral, Part Two #32
  [28/47] Showdown at the Easy Creek Corral, Part Three #33
  [29/47] Showdown at the Easy Creek Corral, Part Four #34
  [30/47] Showdown at the Easy Creek Corral, Part Five #35
  [31/47] Road Stories, Part One #36
  [32/47] 	 Road Stories, Part Two #37
  [33/47] Road Stories, Part Three #38
  [34/47] Road Stories, Part Four #39
  [35/47] The Angel of Archer's Peak Part Four #4
  [36/47] Road Stories, Part Five #40
  [37/47] All Her Monsters, Part One #41
  [38/47] All Her Monsters, Part Two #42
  [39/47] All Her Monsters Part Three #43
  [40/47] All Her Monsters, Part Four #44
  [41/47] All Her Monsters, Part Five #45
  [42/47] All Her Monsters, Part Six #46
  [43/47] The Angel of Archer's Peak Part Five #5
  [44/47] The House of Slaughter Part One #6
  [45/47] The House of Slaughter Part Two #7
  [46/47] The House of Slaughter Part Three #8
  [47/47] The House of Slaughter Part Four #9

=== Processing volume: Hellboy (Dark Horse Comics) ===
  matched volume: Hellboy | id: 137011 | publisher: Delcourt | issue count: None
  fetched 18 issues
  [1/18] Les Germes de la Destruction #1
  [2/18] La Grande battue #10
  [3/18] L'Homme tordu #11
  [4/18] La Fiancée de l'enfer #12
  [5/18] L'Ultime Tempête #13
  [6/18] Masques & monstres #14
  [7/18] Hellboy au Mexique #15
  [8/18] Le Cirque de minuit #16
  [9/18]  Les os des géants #17
  [10/18] Issue 18 #18
  [11/18] Au nom du Diable #2
  [12/18] Le Cercueil enchaîné #3
  [13/18] La Main droite de la mort #4
  [14/18] La Diable dans la Boite #5
  [15/18] Le Ver Conquerant #6
  [16/18] Le Troisieme Souhait #7
  [17/18] Trolls et Sorcieres #8
  [18/18] L'appel des Tenebres #9

=== Processing volume: Sin City (Dark Horse Comics) ===
  matched volume: Sin City | id: 98116 | publisher: Carlsen Verlag | issue count: None
  fetched 7 issues
  [1/7] Engelsduft #1
  [2/7] Die Stunde des Wolfes #2
  [3/7] Eine Frau, für die man tötet #3
  [4/7] Die Rechnung kommt am Schluss #4
  [5/7] Big Fat Kill #5
  [6/7] Der Weg zur Hölle - Teil 1 #6
  [7/7] Der Weg zur Hölle - Teil 2 #7

=== Processing volume: Usagi Yojimbo (Dark Horse Comics) ===
  matched volume: Usagi Yojimbo | id: 5845 | publisher: Dark Horse Comics | issue count: None
  fetched 165 issues
  [1/165] Noodles, Part 1 #1
  [2/165] Return To Adachi Plain #10
  [3/165] Why a Rabbit? #100
  [4/165] Fever Dream #101
  [5/165] The Killer #102
  [6/165] The Darkness and the Soul Part One #103
  [7/165] The Darkness and the Soul Part Two #104
  [8/165] Sparrows Chapter One #105
  [9/165] Sparrows Chapter Two #106
  [10/165] Sparrows, Chapter Three #107
  [11/165] Sparrows Chapter Four #108
  [12/165] Sparrows Chapter Five #109
  [13/165] The Lord Of Owls #11
  [14/165] Kitsune Gari #110
  [15/165] Sakura Part One #111
  [16/165] Sakura, Part Two #112
  [17/165] Snitch #113
  [18/165] The Beggar #114
  [19/165] The Fortress #115
  [20/165] The Outlaw #116
  [21/165] Traitors Of The Earth Part One #117
  [22/165] Traitors Of The Earth , Part Two #118
  [23/165] Traitors of the Earth, Part Three #119
  [24/165] The Obakéneko of the Geishu Cla #12
  [25/165] What the Little Thief Heard #120
  [26/165] The Hidden Fortress #121
  [27/165] A Place To Stay #122
  [28/165] The Death of Lord Hikiji #123
  [29/165] A Town Called Hell! Part 1 #124
  [30/165] A Town Called Hell! Part 2 #125
  [31/165] Nukekubi #126
  [32/165] The Sword of Narukami #127
  [33/165] Teru Teru Bozu #128
  [34/165] Encounter at Blood Tree Pass #129
  [35/165] Grasscutter, Prologue #13
  [36/165] Return to Hell Part One #130
  [37/165] Return To Hell: Part 2 #131
  [38/165] Taiko Part One #132
  [39/165] Taiko Part Two #133
  [40/165] Toad Oil #134
  [41/165] The Return of the Lord of Owls #135
  [42/165] Those Who Tread on the Scorpion's Tail Part One #136
  [43/165] Those Who Tread on the Scorpion's Tail, Part 2 #137
  [44/165] Those Who Tread on the Scorpion's Tail, Part Three #138
  [45/165] Murder at the Inn, Part One #139
  [46/165] Grasscutter, Prologue 4: Dan-no-ura #14
  [47/165] Murder at the Inn, Part Two #140
  [48/165] Two Hundred Jizo #141
  [49/165] Ice Runners #142
  [50/165] Shoyu, Part 1 #143
  [51/165] Shoyu, Part Two #144
  [52/165] The Thief and the Kunoichi, Part 1 #145
  [53/165] The Thief and the Kunoichi, Part 2 #146
  [54/165] The Thief and the Kunoichi, Part 3 #147
  [55/165] The One-Armed Swordsman #148
  [56/165] The Distant Mountain #149
  [57/165] Grasscutter, Chapter 1: Jei #15
  [58/165] Death of a Tea Master #150
  [59/165] The Bride #151
  [60/165] The River Rising #152
  series failed: 'charmap' codec can't encode character '\u1fe1' in position 13: character maps to <undefined>

=== Processing volume: B.P.R.D. (Dark Horse Comics) ===
  matched volume: B.P.R.D. | id: 136599 | publisher: Magic Press | issue count: None
  fetched 6 issues
  [1/6] Terra Cava e Altre Storie #1
  [2/6] Lo Spirito di Venezia e Altre Storie #2
  [3/6] Una Piaga di Rane #3
  [4/6] i MORTI #4
  [5/6] La Fiamma Nera #5
  [6/6] La Macchina Universale #6

=== Processing volume: X-O Manowar (Valiant) ===
  matched volume: X-O Manowar | id: 100101 | publisher: DMG/Valiant Entertainment | issue count: None
  fetched 26 issues
  [1/26] Soldier Part One #1
  [2/26] Hunters #10
  [3/26] Visigoth Part One #11
  [4/26] Visigoth Part Two #12
  [5/26] Visigoth Part Three #13
  [6/26] The Return #14
  [7/26] Barbarians Part One #15
  [8/26] Barbarians Part Two #16
  [9/26] Barbarians Part Three #17
  [10/26] Barbarians Part Four #18
  [11/26] Agent Part One #19
  [12/26] Soldier Part Two #2
  [13/26] Agent Part Two #20
  [14/26] Agent Part Three #21
  [15/26] Agent Part Four #22
  [16/26] Hero Part One #23
  [17/26] Hero Part Two #24
  [18/26] Hero Part Three #25
  [19/26] Hero Conclusion #26
  [20/26] Soldier Part Three #3
  [21/26] General Part One #4
  [22/26] General Part Two #5
  [23/26] General Part Three #6
  [24/26] Emperor Part One #7
  [25/26] Emperor Part Two #8
  [26/26] Emperor Part Three #9

=== Processing volume: Bloodshot (Valiant) ===
  matched volume: Bloodshot | id: 11899 | publisher: Valiant/Acclaim | issue count: None
  fetched 16 issues
  [1/16] Behold, A Pale Horseman #1
  [2/16] Dreamland #10
  [3/16] Apocalypse Now And Then #11
  [4/16] The Quick And The Dead #12
  [5/16] Unanticipated Psychotronic Singularities And Fragmentation Of The Explicate Order Within A Severely Distorted Finited N-Dimensional Manifold #13
  [6/16] Uncorrected Proof #14
  [7/16] Final Jeopardy #15
  [8/16] Epilogue #16
  [9/16] Dead Man Walking #2
  [10/16] Some Assembly Required #3
  [11/16] The postmodern Prometheus #4
  [12/16] Panopticon #5
  [13/16] The Society Of The Mind #6
  [14/16] Hot Metal, Part 1 #7
  [15/16] Hot Metal, Part 2 #8
  [16/16] The Smoking Gun #9

=== Processing volume: Harbinger (Valiant) ===
  matched volume: Harbinger | id: 49539 | publisher: DMG/Valiant Entertainment | issue count: None
  fetched 26 issues
  [1/26] The Omega Age #0
  [2/26] Omega Rising: Part 1 #1
  [3/26] Renegades: Part 5 #10
  [4/26] Harbinger Wars: Harbinger Part One #11
  [5/26] Harbinger Wars: Harbinger Part Two; Generation Zero #12
  [6/26] Harbinger Wars: Harbinger Part Three #13
  [7/26] Harbinger Wars: Harbinger Part Four #14
  [8/26] Perfect Day Chapter 1 #15
  [9/26] Perfect Day Chapter 2 #16
  [10/26] Issue 17 #17
  [11/26] Issue 18 #18
  [12/26] Issue 19 #19
  [13/26] Omega Rising: Part 2 #2
  [14/26] Resistance Part One #20
  [15/26] Resistance Part Two #21
  [16/26] Death of A Renegade Part One #22
  [17/26] Death of A Renegade Part Two #23
  [18/26] Death of A Renegade Part Three: Wake #24
  [19/26] Into Memory #25
  [20/26] Omega Rising: Part 3 #3
  [21/26] Omega Rising: Part 4 #4
  [22/26] Omega Rising: Conclusion #5
  [23/26] Renegades: Part 1 #6
  [24/26] Renegades: Part 2 #7
  [25/26] Renegades: Part 3 #8
  [26/26] Renegades: Part 4 #9

=== Processing volume: Teenage Mutant Ninja Turtles (IDW Publishing) ===
  matched volume: Teenage Mutant Ninja Turtles | id: 42285 | publisher: IDW Publishing | issue count: None
  fetched 150 issues
  [1/150] Issue 1 #1
  [2/150] Issue 10 #10
  [3/150] City at War, The End #100
  [4/150] Issue 101 #101
  [5/150] Issue 102 #102
  [6/150] Issue 103 #103
  [7/150] Issue 104 #104
  [8/150] Issue 105 #105
  [9/150] Issue 106 #106
  [10/150] Issue 107 #107
  [11/150] Issue 108 #108
  [12/150] Issue 109 #109
  [13/150] Issue 11 #11
  [14/150] Issue 110 #110
  [15/150] Issue 111 #111
  [16/150] Issue 112 #112
  [17/150] Time After Time, Part 1 #113
  [18/150] Time After Time, Part 2 #114
  [19/150] Time After Time, Part 3 #115
  [20/150] Time After Time, Part 4 #116
  [21/150] Time After Time, Part 5 #117
  [22/150] Issue 118 #118
  [23/150] Issue 119 #119
  [24/150] Issue 12 #12
  [25/150] Issue 120 #120
  [26/150] Issue 121 #121
  [27/150] Issue 122 #122
  [28/150] Issue 123 #123
  [29/150] Issue 124 #124
  [30/150] Issue 125 #125
  [31/150] Issue 126 #126
  [32/150] Issue 127 #127
  [33/150] Issue 128 #128
  [34/150] Issue 129 #129
  [35/150] Issue 13 #13
  [36/150] Issue 130 #130
  [37/150] Issue 131 #131
  [38/150] Issue 132 #132
  [39/150] Issue 133 #133
  [40/150] Issue 134 #134
  [41/150] Issue 135 #135
  [42/150] Issue 136 #136
  [43/150] Issue 137 #137
  [44/150] Issue 138 #138
  [45/150] Issue 139 #139
  [46/150] Issue 14 #14
  [47/150] Damage Done, Part 1 #140
  [48/150] Damage Done, Part 2 #141
  [49/150] Damage Done, Part 3 #142
  [50/150] Damage Done, Part 4 #143
  [51/150] Issue 144 #144
  [52/150] Issue 145 #145
  [53/150] Issue 146 #146
  [54/150] Issue 147 #147
  [55/150] Issue 148 #148
  [56/150] Issue 149 #149
  [57/150] Issue 15 #15
  [58/150] Issue 150 #150
  [59/150] Issue 16 #16
  [60/150] Issue 17 #17
  [61/150] Issue 18 #18
  [62/150] Issue 19 #19
  [63/150] Issue 2 #2
  [64/150] Issue 20 #20
  [65/150] Issue 21 #21
  [66/150] City Fall Part One #22
  [67/150] City Fall Part Two #23
  [68/150] City Fall Part Three #24
  [69/150] City Fall Part Four #25
  [70/150] City Fall Part Five #26
  [71/150] City Fall Part Six #27
  [72/150] City Fall Part Seven #28
  [73/150] Northampton Part 1 #29
  [74/150] Issue 3 #3
  [75/150] Northampton Part 2 #30
  [76/150] Northampton Part 3 #31
  [77/150] Northampton Part 4 #32
  [78/150] Issue 33 #33
  [79/150] Issue 34 #34
  [80/150] Issue 35 #35
  [81/150] Issue 36 #36
  [82/150] Issue 37 #37
  [83/150] Issue 38 #38
  [84/150] Issue 39 #39
  [85/150] Issue 4 #4
  [86/150] Issue 40 #40
  [87/150] Attack On Technodrome Part One #41
  [88/150] Attack On Technodrome Part Two #42
  [89/150] Attack On Technodrome Part Three #43
  [90/150] Attack On Technodrome Part Four #44
  [91/150] Issue 45 #45
  [92/150] Issue 46 #46
  [93/150] Issue 47 #47
  [94/150] Issue 48 #48
  [95/150] Issue 49 #49
  [96/150] Issue 5 #5
  [97/150] Issue 50 #50
  [98/150] Issue 51 #51
  [99/150] Issue 52 #52
  [100/150] Issue 53 #53
  [101/150] Issue 54 #54
  [102/150] Issue 55 #55
  [103/150] Leatherhead Part 1 #56
  [104/150] Leatherhead Part 2 #57
  [105/150] Leatherhead Part 3 #58
  [106/150] Issue 59 #59
  [107/150] Issue 6 #6
  [108/150] Issue 60 #60
  [109/150] Chasing Phantoms Part 1 #61
  [110/150] Chasing Phantoms Part 2 #62
  [111/150] Chasing Phantoms Part 3 #63
  [112/150] Chasing Phantoms Part 4 #64
  [113/150] Issue 65 #65
  [114/150] Issue 66 #66
  [115/150] Desperate Measures Part 1 #67
  [116/150] Desperate Measures Part 2 #68
  [117/150] Desperate Measures Part 3 #69
  [118/150] Issue 7 #7
  [119/150] Desperate Measures Part 4 #70
  [120/150] Pantheon Family Reunion Part 1 of 2 #71
  [121/150] Pantheon Family Reunion Part 2 of 2 #72
  [122/150] The Trial of Krang, Part One #73
  [123/150] The Trial of Krang, Part Two #74
  [124/150] The Trial of Krang, Part Three #75
  [125/150] Invasion of the Triceratons Part One #76
  [126/150] Invasion of the Triceratons Part Two #77
  [127/150] Invasion of the Triceratons Part Three #78
  [128/150] Invasion of the Triceratons Part Four #79
  [129/150] Issue 8 #8
  [130/150] Invasion of the Triceratons Part Five #80
  [131/150] Kingdom of the Rats Part 1 #81
  [132/150] Kingdom of the Rats Part 2 #82
  [133/150] Kingdom of the Rats Part 3 #83
  [134/150] Kingdom of the Rats Part 4 #84
  [135/150] Issue 85 #85
  [136/150] Battle Lines, Part 1 #86
  [137/150] Battle Lines, Part 2 #87
  [138/150] Battle Lines, Part 3 #88
  [139/150] Issue 89 #89
  [140/150] Issue 9 #9
  [141/150] Issue 90 #90
  [142/150] Issue 91 #91
  [143/150] Issue 92 #92
  [144/150] City at War, Part 1 #93
  [145/150] City at War, Part 2 #94
  [146/150] City at War, Part 3 #95
  [147/150] City at War, Part 4 #96
  [148/150] City at War, Part 5 #97
  [149/150] City at War, Part 6 #98
  [150/150] City at War, Part 7 #99

=== Processing volume: The Transformers (IDW Publishing) ===
  matched volume: The Transformers | id: 29903 | publisher: IDW Publishing | issue count: None
  fetched 31 issues
  [1/31] ...For All Mankind #1
  [2/31] International Incident, Part 2: Ranks of Bronze #10
  [3/31] International Incident, Part 3: Hawk Among The Sparrows #11
  [4/31] International Incident, Part 4: All My Sins Remembered #12
  [5/31] Heart Like A Wheel #13
  [6/31] Revenge of the Decepticons Part 1: The Demolished Man #14
  [7/31] Revenge of the Decepticons Part 2: Altered Carbon #15
  [8/31] Revenge of the Decepticons Part 3: Woken Furies #16
  [9/31] Revenge of the Decepticons Part 4: Burning Chrome #17
  [10/31] Revenge of the Decepticons Part 5: Enemy Mine #18
  [11/31] Space Opera Part 1: The Stars My Destination #19
  [12/31] Things Fall Apart Chapter 1: New Arrivals, Old Encounters #2
  [13/31] Space Opera Act 2: Out of the Silent Planet #20
  [14/31] Space Opera - Final Tableaux: Orphans Of The Helix #21
  [15/31] Chaos Theory, Part 1 #22
  [16/31] Chaos Theory Part 2 #23
  [17/31] Chaos, Part One: Lamentations #24
  [18/31] Police Action, Part 1 #25
  [19/31] Chaos, Part Two: Numbers #26
  [20/31] Police Action Part 2: Only Forward #27
  [21/31] Chaos, Part Three: Kings #28
  [22/31] Police Action Part 3: A Second Chance at Eden #29
  [23/31] Things Fall Apart Chapter 2: A Rude Awakening #3
  [24/31] Chaos, Part 4: Genesis #30
  [25/31] Pax Cybertronia #31
  [26/31] Things Fall Apart Chapter 3: Seasons In Flight #4
  [27/31] Things Fall Apart Chapter 4: Enemies of the System #5
  [28/31] Things Fall Apart Chapter 5: Earthworks #6
  [29/31] All His Engines #7
  [30/31] Scrapper #8
  [31/31] International Incident Part 1: The Land Ironclads #9

Done. Upserted 15356 issue rows total.
CSV written to comicvine_api_output\issues_uploaded.csv
